# Blender 4.5.3 LTS
# www.blender.org
mtllib kitchenV2_model.mtl
o wall_window_closed.007
v 3.000000 2.000000 11.150000
v 3.000000 2.100000 11.050000
v 3.000000 1.900000 11.050000
v 3.000000 2.000000 11.336388
v 3.000000 2.100000 11.436405
v 3.000000 1.900000 11.436370
v 4.000000 2.000000 11.150000
v 4.000000 2.100000 11.049999
v 4.000000 1.900000 11.049999
v 4.000000 2.000000 11.450000
v 4.000000 1.900000 11.550000
v 4.000000 2.100000 11.550000
v 3.000000 2.000000 11.263612
v 3.000000 1.900000 11.163629
v 3.000000 2.100000 11.163593
v 3.000000 2.000000 11.450000
v 3.000000 1.900000 11.550000
v 3.000000 2.100000 11.550000
v 14.455538 2.000000 11.499999
v 14.505537 2.100000 11.549999
v 14.505537 1.900000 11.549999
v 13.500000 2.000000 11.150000
v 13.500000 2.100000 11.050000
v 13.500000 1.900000 11.050000
v 13.500000 2.000000 11.450000
v 13.500000 1.900000 11.550000
v 13.500000 2.100000 11.550000
v 14.055537 2.000000 11.100000
v 14.005537 1.900000 11.050000
v 14.005537 2.100000 11.050000
v 4.000000 1.000000 11.050000
v 4.000000 1.000000 11.550000
v 13.500000 1.000000 11.050000
v 13.500000 1.000000 11.550000
v 3.000000 1.000000 11.163788
v 14.005537 1.000000 11.050000
v 3.001761 1.000000 11.550000
v 14.505537 1.000000 11.549999
v 3.000000 1.000000 11.049999
v 3.000000 1.000000 11.436212
v 13.500000 1.000000 11.450000
v 4.000000 1.000000 11.450000
v 13.500000 3.000000 11.450000
v 4.000000 3.000000 11.450000
v 13.300000 1.200000 11.450000
v 4.200000 1.200000 11.450000
v 13.300000 2.800000 11.450000
v 4.200000 2.800000 11.450000
v 13.500000 1.000000 11.150000
v 4.000000 1.000000 11.150000
v 13.500000 3.000000 11.150000
v 4.000000 3.000000 11.150000
v 13.300000 1.200000 11.150000
v 4.200000 1.200000 11.150000
v 13.300000 2.800000 11.150000
v 4.200000 2.800000 11.150000
v 4.000000 3.000000 11.049999
v 4.000000 3.000000 11.549999
v 13.500000 3.000000 11.049999
v 13.500000 3.000000 11.549999
v 14.505537 3.000000 11.549999
v 3.000000 3.000000 11.163435
v 3.000000 3.000000 11.049999
v 14.005537 3.000000 11.050000
v 3.000000 3.000000 11.436564
v 3.000000 3.000000 11.549999
v 4.000000 4.500000 11.549999
v 4.000000 -0.500000 11.050000
v 4.000000 4.500000 11.049999
v 4.000000 -0.500000 11.550000
v 13.500000 4.500000 11.549999
v 13.500000 4.500000 11.049999
v 13.500000 -0.500000 11.550000
v 13.500000 -0.500000 11.050000
v 3.000000 4.400000 11.163275
v 3.000000 4.500000 11.049999
v 3.000000 -0.500000 11.050000
v 3.000000 -0.400000 11.163276
v 14.005537 4.500000 11.050000
v 14.005537 -0.500000 11.050000
v 14.505537 4.500000 11.549999
v 14.505537 -0.500000 11.550000
v 3.000000 4.500000 11.549999
v 3.000000 4.400000 11.436724
v 3.000000 -0.400000 11.436724
v 3.000000 -0.496667 11.552241
v 4.200000 1.200000 11.350000
v 4.200000 1.200000 11.250000
v 4.200000 2.800000 11.250000
v 4.200000 2.800000 11.349999
v 13.300000 2.800000 11.250000
v 13.300000 2.800000 11.349999
v 13.300000 1.200000 11.250000
v 13.300000 1.200000 11.350000
v 2.000000 3.000000 11.049999
v 2.000000 3.000000 11.549999
v 3.000000 3.000000 11.436564
v 3.000000 3.000000 11.163436
v 2.000000 2.000000 11.150000
v 2.000000 2.000000 11.450000
v 2.000000 2.100000 11.050000
v 2.000000 1.900000 11.050000
v 2.000000 2.100000 11.550000
v 2.000000 4.500000 11.549999
v 2.000000 4.500000 11.049999
v 2.000000 1.900000 11.550000
v 2.000000 -0.500000 11.550000
v 2.000000 -0.500000 11.050000
v 3.000000 1.900000 11.436193
v 3.000000 1.900000 11.163808
v 3.000000 2.000000 11.264870
v 3.000000 2.000000 11.335131
v 3.000000 2.100000 11.436193
v 3.000000 2.100000 11.163808
v 3.000000 4.400000 11.163276
v 3.000000 -0.400000 11.163277
v 3.000000 4.400000 11.436724
v 2.000000 -0.500000 11.150001
v 2.000000 -0.500000 11.450000
v 0.000000 4.500000 11.049999
v 0.000000 4.500000 11.549999
v 2.000000 3.000000 11.150000
v 2.000000 3.000000 11.450000
v 0.000000 3.000000 11.549999
v 0.000000 3.000000 11.049999
v 1.800000 -0.500000 11.150001
v 1.800000 -0.500000 11.450000
v 0.000000 2.800000 11.450000
v 0.000000 2.800000 11.150000
v 1.800000 2.800000 11.150000
v 1.800000 2.800000 11.450000
v 0.000000 3.000000 11.450000
v 0.000000 3.000000 11.150000
v 14.505537 3.000000 11.549999
v -3.000000 2.000000 11.150000
v -3.000000 2.100000 11.050000
v -3.000000 1.900000 11.050000
v -3.000000 2.000000 11.336388
v -3.000000 2.100000 11.436405
v -3.000000 1.900000 11.436370
v -4.000000 2.000000 11.150000
v -4.000000 2.100000 11.049999
v -4.000000 1.900000 11.049999
v -4.000000 2.000000 11.450000
v -4.000000 1.900000 11.550000
v -4.000000 2.100000 11.550000
v -3.000000 2.000000 11.263612
v -3.000000 1.900000 11.163629
v -3.000000 2.100000 11.163593
v -3.000000 2.000000 11.450000
v -3.000000 1.900000 11.550000
v -3.000000 2.100000 11.550000
v -14.450001 2.000000 11.499999
v -14.500000 2.100000 11.549999
v -14.500000 1.900000 11.549999
v -13.500000 2.000000 11.150000
v -13.500000 2.100000 11.050000
v -13.500000 1.900000 11.050000
v -13.500000 2.000000 11.450000
v -13.500000 1.900000 11.550000
v -13.500000 2.100000 11.550000
v -14.050000 2.000000 11.100000
v -14.000000 1.900000 11.050000
v -14.000000 2.100000 11.050000
v -4.000000 1.000000 11.050000
v -4.000000 1.000000 11.550000
v -13.500000 1.000000 11.050000
v -13.500000 1.000000 11.550000
v -3.000000 1.000000 11.163788
v -14.000000 1.000000 11.050000
v -3.001761 1.000000 11.550000
v -14.500000 1.000000 11.549999
v -3.000000 1.000000 11.049999
v -3.000000 1.000000 11.436212
v -13.500000 1.000000 11.450000
v -4.000000 1.000000 11.450000
v -13.500000 3.000000 11.450000
v -4.000000 3.000000 11.450000
v -13.300000 1.200000 11.450000
v -4.200000 1.200000 11.450000
v -13.300000 2.800000 11.450000
v -4.200000 2.800000 11.450000
v -13.500000 1.000000 11.150000
v -4.000000 1.000000 11.150000
v -13.500000 3.000000 11.150000
v -4.000000 3.000000 11.150000
v -13.300000 1.200000 11.150000
v -4.200000 1.200000 11.150000
v -13.300000 2.800000 11.150000
v -4.200000 2.800000 11.150000
v -4.000000 3.000000 11.049999
v -4.000000 3.000000 11.549999
v -13.500000 3.000000 11.049999
v -13.500000 3.000000 11.549999
v -14.500000 3.000000 11.549999
v -3.000000 3.000000 11.163435
v -3.000000 3.000000 11.049999
v -14.000000 3.000000 11.050000
v -3.000000 3.000000 11.436564
v -3.000000 3.000000 11.549999
v -4.000000 4.500000 11.549999
v -4.000000 -0.500000 11.050000
v -4.000000 4.500000 11.049999
v -4.000000 -0.500000 11.550000
v -13.500000 4.500000 11.549999
v -13.500000 4.500000 11.049999
v -13.500000 -0.500000 11.550000
v -13.500000 -0.500000 11.050000
v -3.000000 4.400000 11.163275
v -3.000000 4.500000 11.049999
v -3.000000 -0.500000 11.050000
v -3.000000 -0.400000 11.163276
v -14.000000 4.500000 11.050000
v -14.000000 -0.500000 11.050000
v -14.500000 4.500000 11.549999
v -14.500000 -0.500000 11.550000
v -3.000000 4.500000 11.549999
v -3.000000 4.400000 11.436724
v -3.000000 -0.400000 11.436724
v -3.000000 -0.496667 11.552241
v -4.200000 1.200000 11.350000
v -4.200000 1.200000 11.250000
v -4.200000 2.800000 11.250000
v -4.200000 2.800000 11.349999
v -13.300000 2.800000 11.250000
v -13.300000 2.800000 11.349999
v -13.300000 1.200000 11.250000
v -13.300000 1.200000 11.350000
v -2.000000 3.000000 11.049999
v -2.000000 3.000000 11.549999
v -3.000000 3.000000 11.436564
v -3.000000 3.000000 11.163436
v -2.000000 2.000000 11.150000
v -2.000000 2.000000 11.450000
v -2.000000 2.100000 11.050000
v -2.000000 1.900000 11.050000
v -2.000000 2.100000 11.550000
v -2.000000 4.500000 11.549999
v -2.000000 4.500000 11.049999
v -2.000000 1.900000 11.550000
v -2.000000 -0.500000 11.550000
v -2.000000 -0.500000 11.050000
v -3.000000 1.900000 11.436193
v -3.000000 1.900000 11.163808
v -3.000000 2.000000 11.264870
v -3.000000 2.000000 11.335131
v -3.000000 2.100000 11.436193
v -3.000000 2.100000 11.163808
v -3.000000 4.400000 11.163276
v -3.000000 -0.400000 11.163277
v -3.000000 4.400000 11.436724
v -2.000000 -0.500000 11.150001
v -2.000000 -0.500000 11.450000
v -2.000000 3.000000 11.150000
v -2.000000 3.000000 11.450000
v -1.800000 -0.500000 11.150001
v -1.800000 -0.500000 11.450000
v -1.800000 2.800000 11.150000
v -1.800000 2.800000 11.450000
v -14.500000 3.000000 11.549999
v 3.995914 5.379447 11.549999
v 3.995914 5.379447 11.049999
v 13.482894 4.882256 11.549999
v 13.482894 4.882256 11.049999
v 2.992050 5.331920 11.163275
v 2.997284 5.431783 11.049999
v 13.987745 4.856088 11.050000
v 14.487061 4.829920 11.549999
v 2.997284 5.431783 11.549999
v 2.992051 5.331920 11.436724
v 1.998655 5.484119 11.549999
v 1.998654 5.484119 11.049999
v 2.992050 5.331920 11.163276
v 2.992051 5.331920 11.436724
v 0.001396 5.588791 11.049999
v 0.001396 5.588791 11.549999
v -3.993122 5.798135 11.549999
v -3.993122 5.798135 11.049999
v -13.480103 6.295327 11.549999
v -13.480103 6.295327 11.049999
v -2.999726 5.645936 11.163275
v -2.994492 5.745799 11.049999
v -13.979418 6.321495 11.050000
v -14.478733 6.347662 11.549999
v -2.994493 5.745799 11.549999
v -2.999726 5.645936 11.436724
v -1.995864 5.693463 11.549999
v -1.995863 5.693463 11.049999
v -2.999726 5.645936 11.163276
v -2.999726 5.645936 11.436724
v 8.030000 0.000000 -9.029998
v 8.030000 0.030000 -8.999999
v 8.000000 0.030000 -9.029998
v 8.030000 0.770000 -8.999999
v 8.000000 0.770000 -9.029998
v 8.030000 -0.000000 -10.969998
v 8.000000 0.030000 -10.969998
v 8.030000 0.030000 -10.999999
v 8.030000 0.770000 -10.999999
v 8.000000 0.770000 -10.969998
v 9.969999 0.000000 -9.029998
v 10.000000 0.030000 -9.029998
v 9.969999 0.030000 -8.999999
v 9.969999 0.770000 -8.999999
v 10.000000 0.770000 -9.029998
v 9.969999 -0.000000 -10.969998
v 9.969999 0.030000 -10.999999
v 10.000000 0.030000 -10.969998
v 9.969999 0.800000 -10.969998
v 10.000000 0.770000 -10.969998
v 9.969999 0.770000 -10.999999
v 8.030000 0.800000 -9.029998
v 8.030000 0.830000 -8.999999
v 8.000000 0.830000 -9.029998
v 8.030000 1.000000 -8.999999
v 8.030000 1.030000 -9.029998
v 8.000000 1.000000 -9.029998
v 8.030000 0.800000 -10.969998
v 8.000000 0.830000 -10.969998
v 8.030000 0.830000 -10.999999
v 8.030000 1.030000 -10.969998
v 8.030000 1.000000 -10.999999
v 8.000000 1.000000 -10.969998
v 9.969999 0.800000 -9.029998
v 10.000000 0.830000 -9.029998
v 9.969999 0.830000 -8.999999
v 9.969999 1.030000 -9.029998
v 9.969999 1.000000 -8.999999
v 10.000000 1.000000 -9.029998
v 9.969999 0.830000 -10.999999
v 10.000000 0.830000 -10.969998
v 9.969999 1.030000 -10.969998
v 10.000000 1.000000 -10.969998
v 9.969999 1.000000 -10.999999
v 8.849999 0.180000 -10.999999
v 8.879999 0.150000 -10.999999
v 9.849999 0.620000 -10.999999
v 9.820000 0.650000 -10.999999
v 9.820000 0.620000 -11.030000
v 9.849999 0.180000 -10.999999
v 9.820000 0.180000 -11.030000
v 9.820000 0.150000 -10.999999
v 8.879999 0.180000 -11.029998
v 8.879999 0.650000 -10.999999
v 8.879999 0.620000 -11.029998
v 8.849999 0.620000 -10.999999
v 8.150000 0.180000 -10.999999
v 8.179999 0.150000 -10.999999
v 8.749999 0.620000 -10.999999
v 8.719999 0.650000 -10.999999
v 8.719999 0.620000 -11.030000
v 8.749999 0.180000 -10.999999
v 8.719999 0.180000 -11.030000
v 8.719999 0.150000 -10.999999
v 8.179999 0.180000 -11.029998
v 8.179999 0.650000 -10.999999
v 8.179999 0.620000 -11.029998
v 8.150000 0.620000 -10.999999
v 8.000000 0.197261 -9.739507
v 8.000000 0.602739 -9.739507
v 8.000000 0.602739 -10.639396
v 8.000000 0.197261 -10.639396
v 9.997972 0.602739 -10.639396
v 9.968574 0.573340 -10.609996
v 9.968574 0.226660 -10.609996
v 9.997972 0.197261 -10.639396
v 9.968574 0.226660 -9.768907
v 9.997972 0.197261 -9.739507
v 9.997972 0.602739 -9.739507
v 9.968574 0.573340 -9.768907
v 8.031425 0.573340 -9.768907
v 8.031425 0.226660 -9.768907
v 8.031425 0.226660 -10.609996
v 8.031425 0.573340 -10.609996
v 9.150000 0.080000 -8.999999
v 9.120000 0.050000 -8.999999
v 8.049999 0.320000 -8.999999
v 8.080000 0.350000 -8.999999
v 8.080000 0.320000 -8.969998
v 8.049999 0.080000 -8.999999
v 8.080000 0.080000 -8.969998
v 8.080000 0.050000 -8.999999
v 9.120000 0.080000 -8.969998
v 9.120000 0.350000 -8.999999
v 9.120000 0.320000 -8.969998
v 9.150000 0.320000 -8.999999
v 9.950000 0.587929 -8.843167
v 9.920000 0.559739 -8.832908
v 8.049999 0.907425 -8.959455
v 8.080000 0.935616 -8.969714
v 8.080000 0.917686 -8.931264
v 8.049999 0.587929 -8.843167
v 8.080000 0.598190 -8.814977
v 8.080000 0.559739 -8.832908
v 9.920000 0.598190 -8.814977
v 9.920000 0.935616 -8.969714
v 9.920000 0.917686 -8.931264
v 9.950000 0.907425 -8.959455
v 9.934999 0.505430 -9.025975
v 8.065000 0.853116 -9.152524
v 8.065000 0.505430 -9.025975
v 9.934999 0.853116 -9.152524
v 9.847281 0.819857 -8.899133
v 9.848349 0.704788 -8.857251
v 9.762516 0.622712 -8.827376
v 9.640062 0.621708 -8.827012
v 9.552719 0.702364 -8.856368
v 9.551650 0.817433 -8.898250
v 9.637483 0.899509 -8.928123
v 9.759936 0.900513 -8.928489
v 9.802444 0.829335 -8.817449
v 9.847281 0.840378 -8.842752
v 9.803188 0.749296 -8.788316
v 9.848349 0.725309 -8.800868
v 9.743484 0.692205 -8.767537
v 9.762516 0.643233 -8.770995
v 9.658309 0.691507 -8.767282
v 9.640062 0.642229 -8.770631
v 9.597554 0.747609 -8.787702
v 9.552719 0.722885 -8.799987
v 9.596811 0.827649 -8.816834
v 9.551650 0.837954 -8.841868
v 9.656514 0.884739 -8.837613
v 9.637483 0.920030 -8.871741
v 9.741691 0.885438 -8.837867
v 9.759936 0.921035 -8.872108
v 9.700000 0.771371 -8.849559
v 8.747848 0.842247 -8.916444
v 8.815496 0.778677 -8.893306
v 8.815496 0.688776 -8.860585
v 8.747848 0.625206 -8.837447
v 8.652176 0.625206 -8.837447
v 8.584527 0.688776 -8.860585
v 8.584527 0.778677 -8.893306
v 8.652176 0.842247 -8.916444
v 8.741375 0.854926 -8.835925
v 8.747848 0.862768 -8.860063
v 8.799871 0.799957 -8.815917
v 8.815496 0.799199 -8.836925
v 8.799871 0.722219 -8.787623
v 8.815496 0.709297 -8.804204
v 8.741375 0.667251 -8.767617
v 8.747848 0.645728 -8.781066
v 8.658648 0.667251 -8.767617
v 8.652177 0.645728 -8.781066
v 8.600152 0.722219 -8.787623
v 8.584527 0.709297 -8.804204
v 8.600152 0.799957 -8.815917
v 8.584527 0.799199 -8.836925
v 8.658648 0.854926 -8.835925
v 8.652176 0.862768 -8.860063
v 8.724354 0.840094 -8.790225
v 8.675671 0.840094 -8.790225
v 8.675671 0.707987 -8.742143
v 8.724354 0.707987 -8.742143
v 9.147841 0.842247 -8.916444
v 9.215490 0.778677 -8.893306
v 9.215490 0.688776 -8.860585
v 9.147841 0.625206 -8.837447
v 9.052171 0.625206 -8.837447
v 8.984521 0.688776 -8.860585
v 8.984521 0.778677 -8.893306
v 9.052171 0.842247 -8.916444
v 9.141369 0.854926 -8.835925
v 9.147841 0.862768 -8.860063
v 9.199865 0.799957 -8.815917
v 9.215490 0.799199 -8.836925
v 9.199865 0.722219 -8.787623
v 9.215490 0.709297 -8.804204
v 9.141369 0.667251 -8.767617
v 9.147841 0.645728 -8.781066
v 9.058642 0.667251 -8.767617
v 9.052171 0.645728 -8.781066
v 9.000146 0.722219 -8.787623
v 8.984521 0.709297 -8.804204
v 9.000146 0.799957 -8.815917
v 8.984521 0.799199 -8.836925
v 9.058642 0.854926 -8.835925
v 9.052171 0.862768 -8.860063
v 9.124348 0.840094 -8.790225
v 9.075665 0.840094 -8.790225
v 9.075665 0.707987 -8.742143
v 9.124348 0.707987 -8.742143
v 8.347838 0.842247 -8.916444
v 8.415487 0.778677 -8.893306
v 8.415487 0.688776 -8.860585
v 8.347838 0.625206 -8.837447
v 8.252167 0.625206 -8.837447
v 8.184518 0.688776 -8.860585
v 8.184518 0.778677 -8.893306
v 8.252167 0.842247 -8.916444
v 8.341366 0.854926 -8.835925
v 8.347838 0.862768 -8.860063
v 8.399862 0.799957 -8.815917
v 8.415487 0.799199 -8.836925
v 8.399862 0.722219 -8.787623
v 8.415487 0.709297 -8.804204
v 8.341366 0.667251 -8.767617
v 8.347838 0.645728 -8.781066
v 8.258639 0.667251 -8.767617
v 8.252167 0.645728 -8.781066
v 8.200143 0.722219 -8.787623
v 8.184518 0.709297 -8.804204
v 8.200143 0.799957 -8.815917
v 8.184518 0.799199 -8.836925
v 8.258639 0.854926 -8.835925
v 8.252167 0.862768 -8.860063
v 8.324345 0.840094 -8.790225
v 8.275661 0.840094 -8.790225
v 8.275661 0.707987 -8.742143
v 8.324345 0.707987 -8.742143
v 9.780789 0.803596 -8.861289
v 9.781376 0.740476 -8.838315
v 9.734293 0.695453 -8.821927
v 9.667122 0.694903 -8.821727
v 9.619209 0.739146 -8.837831
v 9.618624 0.802266 -8.860805
v 9.665707 0.847289 -8.877191
v 9.732878 0.847840 -8.877391
v 8.127000 0.930000 -9.126998
v 8.127000 0.930000 -10.872998
v 9.872999 0.930000 -9.126998
v 9.872999 0.930000 -10.872998
v 9.393785 1.090000 -9.510795
v 9.298326 1.090000 -9.606254
v 9.489244 1.090000 -9.606254
v 9.393785 1.090000 -9.701713
v 9.298326 1.157499 -9.606254
v 9.393785 1.157499 -9.701713
v 9.393785 1.167499 -9.510795
v 9.346054 1.200000 -9.558524
v 9.441514 1.200000 -9.653983
v 9.489244 1.167499 -9.606254
v 9.131882 1.200000 -9.813878
v 9.186229 1.200000 -9.868226
v 9.131882 1.164999 -9.813878
v 9.186229 1.164999 -9.868226
v 9.489215 1.077499 -10.393800
v 9.393755 1.077499 -10.298341
v 9.393755 1.077499 -10.489259
v 9.298295 1.077499 -10.393800
v 9.393755 1.157499 -10.298341
v 9.298295 1.157499 -10.393800
v 9.489215 1.167499 -10.393800
v 9.441483 1.200000 -10.346070
v 9.346025 1.200000 -10.441529
v 9.393755 1.167499 -10.489259
v 9.186161 1.200000 -10.131896
v 9.131812 1.200000 -10.186244
v 9.186161 1.164999 -10.131896
v 9.131812 1.164999 -10.186244
v 8.606203 1.077499 -10.489213
v 8.701662 1.077499 -10.393752
v 8.510745 1.077499 -10.393752
v 8.606203 1.077499 -10.298293
v 8.701662 1.157499 -10.393752
v 8.606203 1.157499 -10.298293
v 8.606203 1.167499 -10.489213
v 8.653934 1.200000 -10.441482
v 8.558474 1.200000 -10.346023
v 8.510745 1.167499 -10.393752
v 8.868132 1.200000 -10.186133
v 8.813785 1.200000 -10.131785
v 8.868132 1.164999 -10.186133
v 8.813785 1.164999 -10.131785
v 8.510774 1.090000 -9.606206
v 8.606233 1.090000 -9.701665
v 8.606233 1.090000 -9.510747
v 8.701693 1.090000 -9.606206
v 8.606233 1.157499 -9.701665
v 8.701693 1.157499 -9.606206
v 8.510774 1.167499 -9.606206
v 8.558504 1.200000 -9.653935
v 8.653964 1.200000 -9.558476
v 8.606233 1.167499 -9.510747
v 8.813852 1.200000 -9.868115
v 8.868202 1.200000 -9.813766
v 8.813852 1.164999 -9.868115
v 8.868202 1.164999 -9.813766
v 8.792654 1.139999 -10.055560
v 8.497954 1.090000 -10.134524
v 8.792654 1.139999 -9.944448
v 8.497954 1.090000 -9.865481
v 8.848209 1.139999 -9.848220
v 8.632474 1.090000 -9.632485
v 8.944436 1.139999 -9.792663
v 8.865472 1.090000 -9.497964
v 9.055550 1.139999 -9.792663
v 9.134514 1.090000 -9.497964
v 9.151776 1.139999 -9.848220
v 9.367512 1.090000 -9.632485
v 9.207334 1.139999 -9.944448
v 9.502033 1.090000 -9.865481
v 9.207334 1.139999 -10.055560
v 9.502033 1.090000 -10.134524
v 9.151776 1.139999 -10.151788
v 9.367512 1.089999 -10.367522
v 9.055550 1.139999 -10.207343
v 9.134516 1.089999 -10.502044
v 8.944436 1.139999 -10.207343
v 8.865472 1.089999 -10.502044
v 8.848209 1.139999 -10.151788
v 8.632474 1.089999 -10.367522
v 8.877701 1.139999 -10.456403
v 8.665885 1.139999 -10.334111
v 9.122285 1.139999 -10.456403
v 9.334103 1.139999 -10.334111
v 9.456393 1.139999 -10.122294
v 9.456393 1.139999 -9.877711
v 9.334101 1.139999 -9.665895
v 9.122285 1.140000 -9.543603
v 8.877701 1.140000 -9.543603
v 8.665885 1.139999 -9.665895
v 8.543592 1.139999 -9.877711
v 8.543592 1.139999 -10.122294
v 8.999994 1.173999 -10.000003
v 8.999994 1.174000 -10.084689
v 8.926653 1.174000 -10.042346
v 9.073335 1.174000 -10.042346
v 9.073335 1.174000 -9.957660
v 8.999994 1.174000 -9.915317
v 8.926653 1.174000 -9.957660
v 8.127000 1.075000 -9.126998
v 8.151999 1.100000 -9.151999
v 8.151999 1.100000 -10.847999
v 8.127000 1.075000 -10.872998
v 9.848000 1.100000 -10.847999
v 9.872999 1.075000 -10.872998
v 9.848000 1.100000 -9.151999
v 9.872999 1.075000 -9.126998
v 9.624402 1.090000 -9.932458
v 9.489402 1.090000 -9.932458
v 9.624401 1.090000 -10.067458
v 9.489402 1.090000 -10.067458
v 9.489402 1.157499 -9.932458
v 9.489402 1.157499 -10.067458
v 9.624402 1.167499 -9.932458
v 9.556901 1.200000 -9.932458
v 9.556901 1.200000 -10.067458
v 9.624401 1.167499 -10.067458
v 9.323690 1.207688 -9.944724
v 9.323690 1.207688 -10.055348
v 9.323690 1.157311 -9.944724
v 9.323690 1.157311 -10.055348
v 9.067501 1.077499 -10.624316
v 9.067500 1.077499 -10.489316
v 8.932501 1.077499 -10.624316
v 8.932500 1.077499 -10.489316
v 9.067500 1.157499 -10.489316
v 8.932500 1.157499 -10.489316
v 9.067501 1.167499 -10.624316
v 9.067500 1.200000 -10.556817
v 8.932501 1.200000 -10.556817
v 8.932501 1.167499 -10.624316
v 9.055274 1.207688 -10.323625
v 8.944648 1.207688 -10.323625
v 9.055274 1.157311 -10.323625
v 8.944648 1.157311 -10.323625
v 8.375650 1.077499 -10.067401
v 8.510651 1.077499 -10.067401
v 8.375651 1.077499 -9.932401
v 8.510651 1.077499 -9.932401
v 8.510651 1.157499 -10.067401
v 8.510651 1.157499 -9.932401
v 8.375650 1.167499 -10.067401
v 8.443151 1.200000 -10.067401
v 8.443151 1.200000 -9.932401
v 8.375651 1.167499 -9.932401
v 8.676403 1.207688 -10.055156
v 8.676404 1.207688 -9.944531
v 8.676403 1.157311 -10.055156
v 8.676404 1.157311 -9.944531
v 8.932551 1.090000 -9.375543
v 8.932551 1.090000 -9.510543
v 9.067552 1.090000 -9.375543
v 9.067552 1.090000 -9.510543
v 8.932551 1.157499 -9.510543
v 9.067552 1.157499 -9.510543
v 8.932551 1.167499 -9.375543
v 8.932552 1.200000 -9.443042
v 9.067553 1.200000 -9.443042
v 9.067552 1.167499 -9.375543
v 8.944821 1.207688 -9.676253
v 9.055447 1.207688 -9.676255
v 8.944821 1.157311 -9.676253
v 9.055447 1.157311 -9.676255
v 9.587193 1.097408 -9.274337
v 9.634195 1.116657 -9.299998
v 9.587193 1.097408 -9.325662
v 9.812775 1.097408 -9.274337
v 9.765773 1.116657 -9.299998
v 9.812775 1.097408 -9.325662
v 9.587193 1.097408 -9.354337
v 9.634195 1.116657 -9.379998
v 9.587193 1.097408 -9.405662
v 9.812775 1.097408 -9.354337
v 9.765773 1.116657 -9.379998
v 9.812775 1.097408 -9.405662
v 9.587193 1.097408 -9.194337
v 9.634195 1.116657 -9.219998
v 9.587193 1.097408 -9.245662
v 9.812775 1.097408 -9.194337
v 9.765773 1.116657 -9.219998
v 9.812775 1.097408 -9.245662
v 8.187194 1.097408 -9.274337
v 8.234196 1.116657 -9.299998
v 8.187194 1.097408 -9.325662
v 8.412775 1.097408 -9.274337
v 8.365773 1.116657 -9.299998
v 8.412775 1.097408 -9.325662
v 8.187194 1.097408 -9.354337
v 8.234196 1.116657 -9.379998
v 8.187194 1.097408 -9.405662
v 8.412775 1.097408 -9.354337
v 8.365773 1.116657 -9.379998
v 8.412775 1.097408 -9.405662
v 8.187194 1.097408 -9.194337
v 8.234196 1.116657 -9.219998
v 8.187194 1.097408 -9.245662
v 8.412775 1.097408 -9.194337
v 8.365773 1.116657 -9.219998
v 8.412775 1.097408 -9.245662
v 6.030000 0.000000 -9.029998
v 6.030000 0.030000 -8.999999
v 6.000000 0.030000 -9.029998
v 6.030000 0.770000 -8.999999
v 6.000000 0.770000 -9.029998
v 6.030000 -0.000000 -10.969998
v 6.000000 0.030000 -10.969998
v 6.030000 0.030000 -10.999999
v 6.030000 0.770000 -10.999999
v 6.000000 0.770000 -10.969998
v 7.970000 0.000000 -9.029998
v 8.000000 0.030000 -9.029998
v 7.970000 0.030000 -8.999999
v 7.970000 0.770000 -8.999999
v 8.000000 0.770000 -9.029998
v 7.970000 -0.000000 -10.969998
v 7.970000 0.030000 -10.999999
v 8.000000 0.030000 -10.969998
v 7.970000 0.800000 -10.969998
v 8.000000 0.770000 -10.969998
v 7.970000 0.770000 -10.999999
v 6.030000 0.800000 -9.029998
v 6.030000 0.830000 -8.999999
v 6.000000 0.830000 -9.029998
v 6.030000 1.000000 -8.999999
v 6.030000 1.030000 -9.029998
v 6.000000 1.000000 -9.029998
v 6.030000 0.800000 -10.969998
v 6.000000 0.830000 -10.969998
v 6.030000 0.830000 -10.999999
v 6.030000 1.030000 -10.969998
v 6.030000 1.000000 -10.999999
v 6.000000 1.000000 -10.969998
v 7.970000 0.800000 -9.029998
v 8.000000 0.830000 -9.029998
v 7.970000 0.830000 -8.999999
v 7.970000 1.030000 -9.029998
v 7.970000 1.000000 -8.999999
v 8.000000 1.000000 -9.029998
v 7.970000 0.830000 -10.999999
v 8.000000 0.830000 -10.969998
v 7.970000 1.030000 -10.969998
v 8.000000 1.000000 -10.969998
v 7.970000 1.000000 -10.999999
v 6.849999 0.180000 -10.999999
v 6.879999 0.150000 -10.999999
v 7.849999 0.620000 -10.999999
v 7.819999 0.650000 -10.999999
v 7.819999 0.620000 -11.030000
v 7.849999 0.180000 -10.999999
v 7.819999 0.180000 -11.030000
v 7.819999 0.150000 -10.999999
v 6.879999 0.180000 -11.029998
v 6.879999 0.650000 -10.999999
v 6.879999 0.620000 -11.029998
v 6.849999 0.620000 -10.999999
v 6.149999 0.180000 -10.999999
v 6.179999 0.150000 -10.999999
v 6.749999 0.620000 -10.999999
v 6.719999 0.650000 -10.999999
v 6.719999 0.620000 -11.030000
v 6.749999 0.180000 -10.999999
v 6.719999 0.180000 -11.030000
v 6.719999 0.150000 -10.999999
v 6.179999 0.180000 -11.029998
v 6.179999 0.650000 -10.999999
v 6.179999 0.620000 -11.029998
v 6.149999 0.620000 -10.999999
v 6.000000 0.197261 -9.739507
v 6.000000 0.602739 -9.739507
v 6.000000 0.602739 -10.639396
v 6.000000 0.197261 -10.639396
v 7.997973 0.602739 -10.639396
v 7.968573 0.573340 -10.609996
v 7.968573 0.226660 -10.609996
v 7.997973 0.197261 -10.639396
v 7.968573 0.226660 -9.768907
v 7.997973 0.197261 -9.739507
v 7.997973 0.602739 -9.739507
v 7.968573 0.573340 -9.768907
v 6.031426 0.573340 -9.768907
v 6.031426 0.226660 -9.768907
v 6.031426 0.226660 -10.609996
v 6.031426 0.573340 -10.609996
v 7.150000 0.080000 -8.999999
v 7.119999 0.050000 -8.999999
v 6.050000 0.320000 -8.999999
v 6.079999 0.350000 -8.999999
v 6.079999 0.320000 -8.969998
v 6.050000 0.080000 -8.999999
v 6.079999 0.080000 -8.969998
v 6.079999 0.050000 -8.999999
v 7.119999 0.080000 -8.969998
v 7.119999 0.350000 -8.999999
v 7.119999 0.320000 -8.969998
v 7.150000 0.320000 -8.999999
v 7.950000 0.587929 -8.843167
v 7.920000 0.559739 -8.832908
v 6.050000 0.907425 -8.959455
v 6.079999 0.935616 -8.969714
v 6.079999 0.917686 -8.931264
v 6.050000 0.587929 -8.843167
v 6.079999 0.598190 -8.814977
v 6.079999 0.559739 -8.832908
v 7.920000 0.598190 -8.814977
v 7.920000 0.935616 -8.969714
v 7.920000 0.917686 -8.931264
v 7.950000 0.907425 -8.959455
v 7.934999 0.505430 -9.025975
v 6.065000 0.853116 -9.152524
v 6.065000 0.505430 -9.025975
v 7.934999 0.853116 -9.152524
v 7.847281 0.819857 -8.899133
v 7.848349 0.704788 -8.857251
v 7.762516 0.622712 -8.827376
v 7.640062 0.621708 -8.827012
v 7.552719 0.702364 -8.856368
v 7.551650 0.817433 -8.898250
v 7.637483 0.899509 -8.928123
v 7.759936 0.900513 -8.928489
v 7.802444 0.829335 -8.817449
v 7.847281 0.840378 -8.842752
v 7.803188 0.749296 -8.788316
v 7.848349 0.725309 -8.800868
v 7.743485 0.692205 -8.767537
v 7.762516 0.643233 -8.770995
v 7.658309 0.691507 -8.767282
v 7.640062 0.642229 -8.770631
v 7.597554 0.747609 -8.787702
v 7.552719 0.722885 -8.799987
v 7.596811 0.827649 -8.816834
v 7.551650 0.837954 -8.841868
v 7.656514 0.884739 -8.837613
v 7.637483 0.920030 -8.871741
v 7.741691 0.885438 -8.837867
v 7.759936 0.921035 -8.872108
v 7.699999 0.771371 -8.849559
v 6.747847 0.842247 -8.916444
v 6.815497 0.778677 -8.893306
v 6.815497 0.688776 -8.860585
v 6.747847 0.625206 -8.837447
v 6.652176 0.625206 -8.837447
v 6.584527 0.688776 -8.860585
v 6.584527 0.778677 -8.893306
v 6.652176 0.842247 -8.916444
v 6.741375 0.854926 -8.835925
v 6.747847 0.862768 -8.860063
v 6.799872 0.799957 -8.815917
v 6.815497 0.799199 -8.836925
v 6.799872 0.722219 -8.787623
v 6.815497 0.709297 -8.804204
v 6.741375 0.667251 -8.767617
v 6.747847 0.645728 -8.781066
v 6.658648 0.667251 -8.767617
v 6.652176 0.645728 -8.781066
v 6.600152 0.722219 -8.787623
v 6.584527 0.709297 -8.804204
v 6.600152 0.799957 -8.815917
v 6.584527 0.799199 -8.836925
v 6.658648 0.854926 -8.835925
v 6.652176 0.862768 -8.860063
v 6.724353 0.840094 -8.790225
v 6.675670 0.840094 -8.790225
v 6.675670 0.707987 -8.742143
v 6.724353 0.707987 -8.742143
v 7.147841 0.842247 -8.916444
v 7.215491 0.778677 -8.893306
v 7.215491 0.688776 -8.860585
v 7.147841 0.625206 -8.837447
v 7.052170 0.625206 -8.837447
v 6.984521 0.688776 -8.860585
v 6.984521 0.778677 -8.893306
v 7.052170 0.842247 -8.916444
v 7.141369 0.854926 -8.835925
v 7.147841 0.862768 -8.860063
v 7.199866 0.799957 -8.815917
v 7.215491 0.799199 -8.836925
v 7.199866 0.722219 -8.787623
v 7.215491 0.709297 -8.804204
v 7.141369 0.667251 -8.767617
v 7.147841 0.645728 -8.781066
v 7.058642 0.667251 -8.767617
v 7.052170 0.645728 -8.781066
v 7.000146 0.722219 -8.787623
v 6.984521 0.709297 -8.804204
v 7.000146 0.799957 -8.815917
v 6.984521 0.799199 -8.836925
v 7.058642 0.854926 -8.835925
v 7.052170 0.862768 -8.860063
v 7.124347 0.840094 -8.790225
v 7.075664 0.840094 -8.790225
v 7.075664 0.707987 -8.742143
v 7.124347 0.707987 -8.742143
v 6.347838 0.842247 -8.916444
v 6.415488 0.778677 -8.893306
v 6.415488 0.688776 -8.860585
v 6.347838 0.625206 -8.837447
v 6.252167 0.625206 -8.837447
v 6.184518 0.688776 -8.860585
v 6.184518 0.778677 -8.893306
v 6.252167 0.842247 -8.916444
v 6.341366 0.854926 -8.835925
v 6.347838 0.862768 -8.860063
v 6.399863 0.799957 -8.815917
v 6.415488 0.799199 -8.836925
v 6.399863 0.722219 -8.787623
v 6.415488 0.709297 -8.804204
v 6.341366 0.667251 -8.767617
v 6.347838 0.645728 -8.781066
v 6.258639 0.667251 -8.767617
v 6.252167 0.645728 -8.781066
v 6.200143 0.722219 -8.787623
v 6.184518 0.709297 -8.804204
v 6.200143 0.799957 -8.815917
v 6.184518 0.799199 -8.836925
v 6.258639 0.854926 -8.835925
v 6.252167 0.862768 -8.860063
v 6.324344 0.840094 -8.790225
v 6.275661 0.840094 -8.790225
v 6.275661 0.707987 -8.742143
v 6.324344 0.707987 -8.742143
v 7.780789 0.803596 -8.861289
v 7.781376 0.740476 -8.838315
v 7.734293 0.695453 -8.821927
v 7.667121 0.694903 -8.821727
v 7.619210 0.739146 -8.837831
v 7.618623 0.802266 -8.860805
v 7.665706 0.847289 -8.877191
v 7.732878 0.847840 -8.877391
v 6.126999 0.930000 -9.126998
v 6.126999 0.930000 -10.872998
v 7.873000 0.930000 -9.126998
v 7.873000 0.930000 -10.872998
v 7.393785 1.090000 -9.510795
v 7.298325 1.090000 -9.606254
v 7.489243 1.090000 -9.606254
v 7.393785 1.090000 -9.701713
v 7.298325 1.157499 -9.606254
v 7.393785 1.157499 -9.701713
v 7.393785 1.167499 -9.510795
v 7.346054 1.200000 -9.558524
v 7.441514 1.200000 -9.653983
v 7.489243 1.167499 -9.606254
v 7.131882 1.200000 -9.813878
v 7.186229 1.200000 -9.868226
v 7.131882 1.164999 -9.813878
v 7.186229 1.164999 -9.868226
v 7.489214 1.077499 -10.393800
v 7.393754 1.077499 -10.298341
v 7.393754 1.077499 -10.489259
v 7.298295 1.077499 -10.393800
v 7.393754 1.157499 -10.298341
v 7.298295 1.157499 -10.393800
v 7.489214 1.167499 -10.393800
v 7.441483 1.200000 -10.346070
v 7.346025 1.200000 -10.441529
v 7.393754 1.167499 -10.489259
v 7.186161 1.200000 -10.131896
v 7.131812 1.200000 -10.186244
v 7.186161 1.164999 -10.131896
v 7.131812 1.164999 -10.186244
v 6.606203 1.077499 -10.489213
v 6.701663 1.077499 -10.393752
v 6.510745 1.077499 -10.393752
v 6.606203 1.077499 -10.298293
v 6.701663 1.157499 -10.393752
v 6.606203 1.157499 -10.298293
v 6.606203 1.167499 -10.489213
v 6.653934 1.200000 -10.441482
v 6.558474 1.200000 -10.346023
v 6.510745 1.167499 -10.393752
v 6.868132 1.200000 -10.186133
v 6.813784 1.200000 -10.131785
v 6.868132 1.164999 -10.186133
v 6.813784 1.164999 -10.131785
v 6.510773 1.090000 -9.606206
v 6.606233 1.090000 -9.701665
v 6.606233 1.090000 -9.510747
v 6.701693 1.090000 -9.606206
v 6.606233 1.157499 -9.701665
v 6.701693 1.157499 -9.606206
v 6.510773 1.167499 -9.606206
v 6.558504 1.200000 -9.653935
v 6.653964 1.200000 -9.558476
v 6.606233 1.167499 -9.510747
v 6.813853 1.200000 -9.868115
v 6.868202 1.200000 -9.813766
v 6.813853 1.164999 -9.868115
v 6.868202 1.164999 -9.813766
v 6.792654 1.139999 -10.055560
v 6.497954 1.090000 -10.134524
v 6.792654 1.139999 -9.944448
v 6.497954 1.090000 -9.865481
v 6.848209 1.139999 -9.848220
v 6.632474 1.090000 -9.632485
v 6.944437 1.139999 -9.792663
v 6.865472 1.090000 -9.497964
v 7.055550 1.139999 -9.792663
v 7.134514 1.090000 -9.497964
v 7.151776 1.139999 -9.848220
v 7.367512 1.090000 -9.632485
v 7.207334 1.139999 -9.944448
v 7.502034 1.090000 -9.865481
v 7.207334 1.139999 -10.055560
v 7.502034 1.090000 -10.134524
v 7.151776 1.139999 -10.151788
v 7.367512 1.089999 -10.367522
v 7.055550 1.139999 -10.207343
v 7.134516 1.089999 -10.502044
v 6.944437 1.139999 -10.207343
v 6.865472 1.089999 -10.502044
v 6.848209 1.139999 -10.151788
v 6.632474 1.089999 -10.367522
v 6.877701 1.139999 -10.456403
v 6.665885 1.139999 -10.334111
v 7.122285 1.139999 -10.456403
v 7.334102 1.139999 -10.334111
v 7.456393 1.139999 -10.122294
v 7.456393 1.139999 -9.877711
v 7.334101 1.139999 -9.665895
v 7.122285 1.140000 -9.543603
v 6.877701 1.140000 -9.543603
v 6.665885 1.139999 -9.665895
v 6.543593 1.139999 -9.877711
v 6.543593 1.139999 -10.122294
v 6.999994 1.173999 -10.000003
v 6.999994 1.174000 -10.084689
v 6.926653 1.174000 -10.042346
v 7.073334 1.174000 -10.042346
v 7.073334 1.174000 -9.957660
v 6.999994 1.174000 -9.915317
v 6.926653 1.174000 -9.957660
v 6.126999 1.075000 -9.126998
v 6.151999 1.100000 -9.151999
v 6.151999 1.100000 -10.847999
v 6.126999 1.075000 -10.872998
v 7.848000 1.100000 -10.847999
v 7.873000 1.075000 -10.872998
v 7.848000 1.100000 -9.151999
v 7.873000 1.075000 -9.126998
v 7.624402 1.090000 -9.932458
v 7.489401 1.090000 -9.932458
v 7.624401 1.090000 -10.067458
v 7.489402 1.090000 -10.067458
v 7.489401 1.157499 -9.932458
v 7.489402 1.157499 -10.067458
v 7.624402 1.167499 -9.932458
v 7.556901 1.200000 -9.932458
v 7.556901 1.200000 -10.067458
v 7.624401 1.167499 -10.067458
v 7.323691 1.207688 -9.944724
v 7.323690 1.207688 -10.055348
v 7.323691 1.157311 -9.944724
v 7.323690 1.157311 -10.055348
v 7.067501 1.077499 -10.624316
v 7.067501 1.077499 -10.489316
v 6.932500 1.077499 -10.624316
v 6.932500 1.077499 -10.489316
v 7.067501 1.157499 -10.489316
v 6.932500 1.157499 -10.489316
v 7.067501 1.167499 -10.624316
v 7.067500 1.200000 -10.556817
v 6.932501 1.200000 -10.556817
v 6.932500 1.167499 -10.624316
v 7.055274 1.207688 -10.323625
v 6.944648 1.207688 -10.323625
v 7.055274 1.157311 -10.323625
v 6.944648 1.157311 -10.323625
v 6.375650 1.077499 -10.067401
v 6.510651 1.077499 -10.067401
v 6.375651 1.077499 -9.932401
v 6.510651 1.077499 -9.932401
v 6.510651 1.157499 -10.067401
v 6.510651 1.157499 -9.932401
v 6.375650 1.167499 -10.067401
v 6.443151 1.200000 -10.067401
v 6.443151 1.200000 -9.932401
v 6.375651 1.167499 -9.932401
v 6.676403 1.207688 -10.055156
v 6.676404 1.207688 -9.944531
v 6.676403 1.157311 -10.055156
v 6.676404 1.157311 -9.944531
v 6.932551 1.090000 -9.375543
v 6.932552 1.090000 -9.510543
v 7.067552 1.090000 -9.375543
v 7.067552 1.090000 -9.510543
v 6.932552 1.157499 -9.510543
v 7.067552 1.157499 -9.510543
v 6.932551 1.167499 -9.375543
v 6.932552 1.200000 -9.443042
v 7.067553 1.200000 -9.443042
v 7.067552 1.167499 -9.375543
v 6.944821 1.207688 -9.676253
v 7.055446 1.207688 -9.676255
v 6.944821 1.157311 -9.676253
v 7.055446 1.157311 -9.676255
v 7.587194 1.097408 -9.274337
v 7.634196 1.116657 -9.299998
v 7.587194 1.097408 -9.325662
v 7.812775 1.097408 -9.274337
v 7.765773 1.116657 -9.299998
v 7.812775 1.097408 -9.325662
v 7.587194 1.097408 -9.354337
v 7.634196 1.116657 -9.379998
v 7.587194 1.097408 -9.405662
v 7.812775 1.097408 -9.354337
v 7.765773 1.116657 -9.379998
v 7.812775 1.097408 -9.405662
v 7.587194 1.097408 -9.194337
v 7.634196 1.116657 -9.219998
v 7.587194 1.097408 -9.245662
v 7.812775 1.097408 -9.194337
v 7.765773 1.116657 -9.219998
v 7.812775 1.097408 -9.245662
v 6.187194 1.097408 -9.274337
v 6.234196 1.116657 -9.299998
v 6.187194 1.097408 -9.325662
v 6.412775 1.097408 -9.274337
v 6.365773 1.116657 -9.299998
v 6.412775 1.097408 -9.325662
v 6.187194 1.097408 -9.354337
v 6.234196 1.116657 -9.379998
v 6.187194 1.097408 -9.405662
v 6.412775 1.097408 -9.354337
v 6.365773 1.116657 -9.379998
v 6.412775 1.097408 -9.405662
v 6.187194 1.097408 -9.194337
v 6.234196 1.116657 -9.219998
v 6.187194 1.097408 -9.245662
v 6.412775 1.097408 -9.194337
v 6.365773 1.116657 -9.219998
v 6.412775 1.097408 -9.245662
v -7.970001 0.000000 -9.029998
v -7.970001 0.030000 -8.999999
v -8.000000 0.030000 -9.029998
v -7.970001 0.770000 -8.999999
v -8.000000 0.770000 -9.029998
v -7.970001 -0.000000 -10.969998
v -8.000000 0.030000 -10.969998
v -7.970001 0.030000 -10.999999
v -7.970001 0.770000 -10.999999
v -8.000000 0.770000 -10.969998
v -6.030001 0.000000 -9.029998
v -6.000000 0.030000 -9.029998
v -6.030001 0.030000 -8.999999
v -6.030001 0.770000 -8.999999
v -6.000000 0.770000 -9.029998
v -6.030001 -0.000000 -10.969998
v -6.030001 0.030000 -10.999999
v -6.000000 0.030000 -10.969998
v -6.030001 0.800000 -10.969998
v -6.000000 0.770000 -10.969998
v -6.030001 0.770000 -10.999999
v -7.970001 0.800000 -9.029998
v -7.970001 0.830000 -8.999999
v -8.000000 0.830000 -9.029998
v -7.970001 1.000000 -8.999999
v -7.970001 1.030000 -9.029998
v -8.000000 1.000000 -9.029998
v -7.970001 0.800000 -10.969998
v -8.000000 0.830000 -10.969998
v -7.970001 0.830000 -10.999999
v -7.970001 1.030000 -10.969998
v -7.970001 1.000000 -10.999999
v -8.000000 1.000000 -10.969998
v -6.030001 0.800000 -9.029998
v -6.000000 0.830000 -9.029998
v -6.030001 0.830000 -8.999999
v -6.030001 1.030000 -9.029998
v -6.030001 1.000000 -8.999999
v -6.000000 1.000000 -9.029998
v -6.030001 0.830000 -10.999999
v -6.000000 0.830000 -10.969998
v -6.030001 1.030000 -10.969998
v -6.000000 1.000000 -10.969998
v -6.030001 1.000000 -10.999999
v -7.150001 0.180000 -10.999999
v -7.120001 0.150000 -10.999999
v -6.150001 0.620000 -10.999999
v -6.180001 0.650000 -10.999999
v -6.180001 0.620000 -11.030000
v -6.150001 0.180000 -10.999999
v -6.180001 0.180000 -11.030000
v -6.180001 0.150000 -10.999999
v -7.120001 0.180000 -11.029998
v -7.120001 0.650000 -10.999999
v -7.120001 0.620000 -11.029998
v -7.150001 0.620000 -10.999999
v -7.850001 0.180000 -10.999999
v -7.820001 0.150000 -10.999999
v -7.250001 0.620000 -10.999999
v -7.280001 0.650000 -10.999999
v -7.280001 0.620000 -11.030000
v -7.250001 0.180000 -10.999999
v -7.280001 0.180000 -11.030000
v -7.280001 0.150000 -10.999999
v -7.820001 0.180000 -11.029998
v -7.820001 0.650000 -10.999999
v -7.820001 0.620000 -11.029998
v -7.850001 0.620000 -10.999999
v -8.000000 0.197261 -9.739507
v -8.000000 0.602739 -9.739507
v -8.000000 0.602739 -10.639396
v -8.000000 0.197261 -10.639396
v -6.002027 0.602739 -10.639396
v -6.031427 0.573340 -10.609996
v -6.031427 0.226660 -10.609996
v -6.002027 0.197261 -10.639396
v -6.031427 0.226660 -9.768907
v -6.002027 0.197261 -9.739507
v -6.002027 0.602739 -9.739507
v -6.031427 0.573340 -9.768907
v -7.968574 0.573340 -9.768907
v -7.968574 0.226660 -9.768907
v -7.968574 0.226660 -10.609996
v -7.968574 0.573340 -10.609996
v -6.850000 0.080000 -8.999999
v -6.880000 0.050000 -8.999999
v -7.950000 0.320000 -8.999999
v -7.920001 0.350000 -8.999999
v -7.920001 0.320000 -8.969998
v -7.950000 0.080000 -8.999999
v -7.920001 0.080000 -8.969998
v -7.920001 0.050000 -8.999999
v -6.880000 0.080000 -8.969998
v -6.880000 0.350000 -8.999999
v -6.880000 0.320000 -8.969998
v -6.850000 0.320000 -8.999999
v -6.050000 0.587929 -8.843167
v -6.080000 0.559739 -8.832908
v -7.950000 0.907425 -8.959455
v -7.920001 0.935616 -8.969714
v -7.920001 0.917686 -8.931264
v -7.950000 0.587929 -8.843167
v -7.920001 0.598190 -8.814977
v -7.920001 0.559739 -8.832908
v -6.080000 0.598190 -8.814977
v -6.080000 0.935616 -8.969714
v -6.080000 0.917686 -8.931264
v -6.050000 0.907425 -8.959455
v -6.065001 0.505430 -9.025975
v -7.935000 0.853116 -9.152524
v -7.935000 0.505430 -9.025975
v -6.065001 0.853116 -9.152524
v -6.152719 0.819857 -8.899133
v -6.151651 0.704788 -8.857251
v -6.237484 0.622712 -8.827376
v -6.359938 0.621708 -8.827012
v -6.447281 0.702364 -8.856368
v -6.448350 0.817433 -8.898250
v -6.362517 0.899509 -8.928123
v -6.240064 0.900513 -8.928489
v -6.197556 0.829335 -8.817449
v -6.152719 0.840378 -8.842752
v -6.196812 0.749296 -8.788316
v -6.151651 0.725309 -8.800868
v -6.256515 0.692205 -8.767537
v -6.237484 0.643233 -8.770995
v -6.341691 0.691507 -8.767282
v -6.359938 0.642229 -8.770631
v -6.402446 0.747609 -8.787702
v -6.447281 0.722885 -8.799987
v -6.403189 0.827649 -8.816834
v -6.448350 0.837954 -8.841868
v -6.343486 0.884739 -8.837613
v -6.362517 0.920030 -8.871741
v -6.258309 0.885438 -8.837867
v -6.240064 0.921035 -8.872108
v -6.300001 0.771371 -8.849559
v -7.252153 0.842247 -8.916444
v -7.184503 0.778677 -8.893306
v -7.184503 0.688776 -8.860585
v -7.252153 0.625206 -8.837447
v -7.347824 0.625206 -8.837447
v -7.415473 0.688776 -8.860585
v -7.415473 0.778677 -8.893306
v -7.347824 0.842247 -8.916444
v -7.258625 0.854926 -8.835925
v -7.252153 0.862768 -8.860063
v -7.200128 0.799957 -8.815917
v -7.184503 0.799199 -8.836925
v -7.200128 0.722219 -8.787623
v -7.184503 0.709297 -8.804204
v -7.258625 0.667251 -8.767617
v -7.252153 0.645728 -8.781066
v -7.341352 0.667251 -8.767617
v -7.347824 0.645728 -8.781066
v -7.399848 0.722219 -8.787623
v -7.415473 0.709297 -8.804204
v -7.399848 0.799957 -8.815917
v -7.415473 0.799199 -8.836925
v -7.341352 0.854926 -8.835925
v -7.347824 0.862768 -8.860063
v -7.275647 0.840094 -8.790225
v -7.324330 0.840094 -8.790225
v -7.324330 0.707987 -8.742143
v -7.275647 0.707987 -8.742143
v -6.852159 0.842247 -8.916444
v -6.784510 0.778677 -8.893306
v -6.784510 0.688776 -8.860585
v -6.852159 0.625206 -8.837447
v -6.947830 0.625206 -8.837447
v -7.015479 0.688776 -8.860585
v -7.015479 0.778677 -8.893306
v -6.947830 0.842247 -8.916444
v -6.858631 0.854926 -8.835925
v -6.852159 0.862768 -8.860063
v -6.800135 0.799957 -8.815917
v -6.784510 0.799199 -8.836925
v -6.800135 0.722219 -8.787623
v -6.784510 0.709297 -8.804204
v -6.858631 0.667251 -8.767617
v -6.852159 0.645728 -8.781066
v -6.941358 0.667251 -8.767617
v -6.947830 0.645728 -8.781066
v -6.999854 0.722219 -8.787623
v -7.015479 0.709297 -8.804204
v -6.999854 0.799957 -8.815917
v -7.015479 0.799199 -8.836925
v -6.941358 0.854926 -8.835925
v -6.947830 0.862768 -8.860063
v -6.875653 0.840094 -8.790225
v -6.924336 0.840094 -8.790225
v -6.924336 0.707987 -8.742143
v -6.875653 0.707987 -8.742143
v -7.652162 0.842247 -8.916444
v -7.584512 0.778677 -8.893306
v -7.584512 0.688776 -8.860585
v -7.652162 0.625206 -8.837447
v -7.747833 0.625206 -8.837447
v -7.815482 0.688776 -8.860585
v -7.815482 0.778677 -8.893306
v -7.747833 0.842247 -8.916444
v -7.658634 0.854926 -8.835925
v -7.652162 0.862768 -8.860063
v -7.600137 0.799957 -8.815917
v -7.584512 0.799199 -8.836925
v -7.600137 0.722219 -8.787623
v -7.584512 0.709297 -8.804204
v -7.658634 0.667251 -8.767617
v -7.652162 0.645728 -8.781066
v -7.741361 0.667251 -8.767617
v -7.747833 0.645728 -8.781066
v -7.799857 0.722219 -8.787623
v -7.815482 0.709297 -8.804204
v -7.799857 0.799957 -8.815917
v -7.815482 0.799199 -8.836925
v -7.741361 0.854926 -8.835925
v -7.747833 0.862768 -8.860063
v -7.675656 0.840094 -8.790225
v -7.724339 0.840094 -8.790225
v -7.724339 0.707987 -8.742143
v -7.675656 0.707987 -8.742143
v -6.219211 0.803596 -8.861289
v -6.218624 0.740476 -8.838315
v -6.265707 0.695453 -8.821927
v -6.332879 0.694903 -8.821727
v -6.380791 0.739146 -8.837831
v -6.381377 0.802266 -8.860805
v -6.334294 0.847289 -8.877191
v -6.267122 0.847840 -8.877391
v -7.873001 0.930000 -9.126998
v -7.873001 0.930000 -10.872998
v -6.127000 0.930000 -9.126998
v -6.127000 0.930000 -10.872998
v -6.606215 1.090000 -9.510795
v -6.701675 1.090000 -9.606254
v -6.510757 1.090000 -9.606254
v -6.606215 1.090000 -9.701713
v -6.701675 1.157499 -9.606254
v -6.606215 1.157499 -9.701713
v -6.606215 1.167499 -9.510795
v -6.653946 1.200000 -9.558524
v -6.558486 1.200000 -9.653983
v -6.510757 1.167499 -9.606254
v -6.868118 1.200000 -9.813878
v -6.813771 1.200000 -9.868226
v -6.868118 1.164999 -9.813878
v -6.813771 1.164999 -9.868226
v -6.510786 1.077499 -10.393800
v -6.606246 1.077499 -10.298341
v -6.606246 1.077499 -10.489259
v -6.701705 1.077499 -10.393800
v -6.606246 1.157499 -10.298341
v -6.701705 1.157499 -10.393800
v -6.510786 1.167499 -10.393800
v -6.558517 1.200000 -10.346070
v -6.653975 1.200000 -10.441529
v -6.606246 1.167499 -10.489259
v -6.813839 1.200000 -10.131896
v -6.868188 1.200000 -10.186244
v -6.813839 1.164999 -10.131896
v -6.868188 1.164999 -10.186244
v -7.393797 1.077499 -10.489213
v -7.298337 1.077499 -10.393752
v -7.489255 1.077499 -10.393752
v -7.393797 1.077499 -10.298293
v -7.298337 1.157499 -10.393752
v -7.393797 1.157499 -10.298293
v -7.393797 1.167499 -10.489213
v -7.346066 1.200000 -10.441482
v -7.441526 1.200000 -10.346023
v -7.489255 1.167499 -10.393752
v -7.131868 1.200000 -10.186133
v -7.186216 1.200000 -10.131785
v -7.131868 1.164999 -10.186133
v -7.186216 1.164999 -10.131785
v -7.489227 1.090000 -9.606206
v -7.393767 1.090000 -9.701665
v -7.393767 1.090000 -9.510747
v -7.298307 1.090000 -9.606206
v -7.393767 1.157499 -9.701665
v -7.298307 1.157499 -9.606206
v -7.489227 1.167499 -9.606206
v -7.441496 1.200000 -9.653935
v -7.346036 1.200000 -9.558476
v -7.393767 1.167499 -9.510747
v -7.186147 1.200000 -9.868115
v -7.131798 1.200000 -9.813766
v -7.186147 1.164999 -9.868115
v -7.131798 1.164999 -9.813766
v -7.207346 1.139999 -10.055560
v -7.502046 1.090000 -10.134524
v -7.207346 1.139999 -9.944448
v -7.502046 1.090000 -9.865481
v -7.151791 1.139999 -9.848220
v -7.367526 1.090000 -9.632485
v -7.055563 1.139999 -9.792663
v -7.134528 1.090000 -9.497964
v -6.944450 1.139999 -9.792663
v -6.865486 1.090000 -9.497964
v -6.848224 1.139999 -9.848220
v -6.632488 1.090000 -9.632485
v -6.792666 1.139999 -9.944448
v -6.497966 1.090000 -9.865481
v -6.792666 1.139999 -10.055560
v -6.497966 1.090000 -10.134524
v -6.848224 1.139999 -10.151788
v -6.632488 1.089999 -10.367522
v -6.944450 1.139999 -10.207343
v -6.865484 1.089999 -10.502044
v -7.055563 1.139999 -10.207343
v -7.134528 1.089999 -10.502044
v -7.151791 1.139999 -10.151788
v -7.367526 1.089999 -10.367522
v -7.122299 1.139999 -10.456403
v -7.334115 1.139999 -10.334111
v -6.877715 1.139999 -10.456403
v -6.665898 1.139999 -10.334111
v -6.543607 1.139999 -10.122294
v -6.543607 1.139999 -9.877711
v -6.665899 1.139999 -9.665895
v -6.877715 1.140000 -9.543603
v -7.122299 1.140000 -9.543603
v -7.334115 1.139999 -9.665895
v -7.456407 1.139999 -9.877711
v -7.456407 1.139999 -10.122294
v -7.000006 1.173999 -10.000003
v -7.000006 1.174000 -10.084689
v -7.073347 1.174000 -10.042346
v -6.926666 1.174000 -10.042346
v -6.926666 1.174000 -9.957660
v -7.000006 1.174000 -9.915317
v -7.073347 1.174000 -9.957660
v -7.873001 1.075000 -9.126998
v -7.848001 1.100000 -9.151999
v -7.848001 1.100000 -10.847999
v -7.873001 1.075000 -10.872998
v -6.152000 1.100000 -10.847999
v -6.127000 1.075000 -10.872998
v -6.152000 1.100000 -9.151999
v -6.127000 1.075000 -9.126998
v -6.375598 1.090000 -9.932458
v -6.510599 1.090000 -9.932458
v -6.375599 1.090000 -10.067458
v -6.510598 1.090000 -10.067458
v -6.510599 1.157499 -9.932458
v -6.510598 1.157499 -10.067458
v -6.375598 1.167499 -9.932458
v -6.443099 1.200000 -9.932458
v -6.443099 1.200000 -10.067458
v -6.375599 1.167499 -10.067458
v -6.676310 1.207688 -9.944724
v -6.676310 1.207688 -10.055348
v -6.676310 1.157311 -9.944724
v -6.676310 1.157311 -10.055348
v -6.932499 1.077499 -10.624316
v -6.932500 1.077499 -10.489316
v -7.067500 1.077499 -10.624316
v -7.067500 1.077499 -10.489316
v -6.932500 1.157499 -10.489316
v -7.067500 1.157499 -10.489316
v -6.932499 1.167499 -10.624316
v -6.932500 1.200000 -10.556817
v -7.067499 1.200000 -10.556817
v -7.067500 1.167499 -10.624316
v -6.944726 1.207688 -10.323625
v -7.055352 1.207688 -10.323625
v -6.944726 1.157311 -10.323625
v -7.055352 1.157311 -10.323625
v -7.624350 1.077499 -10.067401
v -7.489349 1.077499 -10.067401
v -7.624349 1.077499 -9.932401
v -7.489349 1.077499 -9.932401
v -7.489349 1.157499 -10.067401
v -7.489349 1.157499 -9.932401
v -7.624350 1.167499 -10.067401
v -7.556849 1.200000 -10.067401
v -7.556849 1.200000 -9.932401
v -7.624349 1.167499 -9.932401
v -7.323597 1.207688 -10.055156
v -7.323596 1.207688 -9.944531
v -7.323597 1.157311 -10.055156
v -7.323596 1.157311 -9.944531
v -7.067449 1.090000 -9.375543
v -7.067448 1.090000 -9.510543
v -6.932448 1.090000 -9.375543
v -6.932448 1.090000 -9.510543
v -7.067448 1.157499 -9.510543
v -6.932448 1.157499 -9.510543
v -7.067449 1.167499 -9.375543
v -7.067448 1.200000 -9.443042
v -6.932447 1.200000 -9.443042
v -6.932448 1.167499 -9.375543
v -7.055179 1.207688 -9.676253
v -6.944554 1.207688 -9.676255
v -7.055179 1.157311 -9.676253
v -6.944554 1.157311 -9.676255
v -6.412807 1.097408 -9.274337
v -6.365805 1.116657 -9.299998
v -6.412807 1.097408 -9.325662
v -6.187225 1.097408 -9.274337
v -6.234227 1.116657 -9.299998
v -6.187225 1.097408 -9.325662
v -6.412807 1.097408 -9.354337
v -6.365805 1.116657 -9.379998
v -6.412807 1.097408 -9.405662
v -6.187225 1.097408 -9.354337
v -6.234227 1.116657 -9.379998
v -6.187225 1.097408 -9.405662
v -6.412807 1.097408 -9.194337
v -6.365805 1.116657 -9.219998
v -6.412807 1.097408 -9.245662
v -6.187225 1.097408 -9.194337
v -6.234227 1.116657 -9.219998
v -6.187225 1.097408 -9.245662
v -7.812806 1.097408 -9.274337
v -7.765804 1.116657 -9.299998
v -7.812806 1.097408 -9.325662
v -7.587225 1.097408 -9.274337
v -7.634227 1.116657 -9.299998
v -7.587225 1.097408 -9.325662
v -7.812806 1.097408 -9.354337
v -7.765804 1.116657 -9.379998
v -7.812806 1.097408 -9.405662
v -7.587225 1.097408 -9.354337
v -7.634227 1.116657 -9.379998
v -7.587225 1.097408 -9.405662
v -7.812806 1.097408 -9.194337
v -7.765804 1.116657 -9.219998
v -7.812806 1.097408 -9.245662
v -7.587225 1.097408 -9.194337
v -7.634227 1.116657 -9.219998
v -7.587225 1.097408 -9.245662
v -9.970001 0.000000 -9.029998
v -9.970001 0.030000 -8.999999
v -10.000000 0.030000 -9.029998
v -9.970001 0.770000 -8.999999
v -10.000000 0.770000 -9.029998
v -9.970001 -0.000000 -10.969998
v -10.000000 0.030000 -10.969998
v -9.970001 0.030000 -10.999999
v -9.970001 0.770000 -10.999999
v -10.000000 0.770000 -10.969998
v -8.030001 0.000000 -9.029998
v -8.000000 0.030000 -9.029998
v -8.030001 0.030000 -8.999999
v -8.030001 0.770000 -8.999999
v -8.000000 0.770000 -9.029998
v -8.030001 -0.000000 -10.969998
v -8.030001 0.030000 -10.999999
v -8.000000 0.030000 -10.969998
v -8.030001 0.800000 -10.969998
v -8.000000 0.770000 -10.969998
v -8.030001 0.770000 -10.999999
v -9.970001 0.800000 -9.029998
v -9.970001 0.830000 -8.999999
v -10.000000 0.830000 -9.029998
v -9.970001 1.000000 -8.999999
v -9.970001 1.030000 -9.029998
v -10.000000 1.000000 -9.029998
v -9.970001 0.800000 -10.969998
v -10.000000 0.830000 -10.969998
v -9.970001 0.830000 -10.999999
v -9.970001 1.030000 -10.969998
v -9.970001 1.000000 -10.999999
v -10.000000 1.000000 -10.969998
v -8.030001 0.800000 -9.029998
v -8.000000 0.830000 -9.029998
v -8.030001 0.830000 -8.999999
v -8.030001 1.030000 -9.029998
v -8.030001 1.000000 -8.999999
v -8.000000 1.000000 -9.029998
v -8.030001 0.830000 -10.999999
v -8.000000 0.830000 -10.969998
v -8.030001 1.030000 -10.969998
v -8.000000 1.000000 -10.969998
v -8.030001 1.000000 -10.999999
v -9.150001 0.180000 -10.999999
v -9.120001 0.150000 -10.999999
v -8.150001 0.620000 -10.999999
v -8.180000 0.650000 -10.999999
v -8.180000 0.620000 -11.030000
v -8.150001 0.180000 -10.999999
v -8.180000 0.180000 -11.030000
v -8.180000 0.150000 -10.999999
v -9.120001 0.180000 -11.029998
v -9.120001 0.650000 -10.999999
v -9.120001 0.620000 -11.029998
v -9.150001 0.620000 -10.999999
v -9.850000 0.180000 -10.999999
v -9.820001 0.150000 -10.999999
v -9.250001 0.620000 -10.999999
v -9.280001 0.650000 -10.999999
v -9.280001 0.620000 -11.030000
v -9.250001 0.180000 -10.999999
v -9.280001 0.180000 -11.030000
v -9.280001 0.150000 -10.999999
v -9.820002 0.180000 -11.029998
v -9.820001 0.650000 -10.999999
v -9.820002 0.620000 -11.029998
v -9.850000 0.620000 -10.999999
v -10.000000 0.197261 -9.739507
v -10.000000 0.602739 -9.739507
v -10.000000 0.602739 -10.639396
v -10.000000 0.197261 -10.639396
v -8.002028 0.602739 -10.639396
v -8.031427 0.573340 -10.609996
v -8.031427 0.226660 -10.609996
v -8.002028 0.197261 -10.639396
v -8.031427 0.226660 -9.768907
v -8.002028 0.197261 -9.739507
v -8.002028 0.602739 -9.739507
v -8.031427 0.573340 -9.768907
v -9.968575 0.573340 -9.768907
v -9.968575 0.226660 -9.768907
v -9.968575 0.226660 -10.609996
v -9.968575 0.573340 -10.609996
v -8.850000 0.080000 -8.999999
v -8.880000 0.050000 -8.999999
v -9.950001 0.320000 -8.999999
v -9.920000 0.350000 -8.999999
v -9.920000 0.320000 -8.969998
v -9.950001 0.080000 -8.999999
v -9.920000 0.080000 -8.969998
v -9.920000 0.050000 -8.999999
v -8.880000 0.080000 -8.969998
v -8.880000 0.350000 -8.999999
v -8.880000 0.320000 -8.969998
v -8.850000 0.320000 -8.999999
v -8.050000 0.587929 -8.843167
v -8.080000 0.559739 -8.832908
v -9.950001 0.907425 -8.959455
v -9.920000 0.935616 -8.969714
v -9.920000 0.917686 -8.931264
v -9.950001 0.587929 -8.843167
v -9.920000 0.598190 -8.814977
v -9.920000 0.559739 -8.832908
v -8.080000 0.598190 -8.814977
v -8.080000 0.935616 -8.969714
v -8.080000 0.917686 -8.931264
v -8.050000 0.907425 -8.959455
v -8.065001 0.505430 -9.025975
v -9.935000 0.853116 -9.152524
v -9.935000 0.505430 -9.025975
v -8.065001 0.853116 -9.152524
v -8.152719 0.819857 -8.899133
v -8.151651 0.704788 -8.857251
v -8.237484 0.622712 -8.827376
v -8.359938 0.621708 -8.827012
v -8.447281 0.702364 -8.856368
v -8.448350 0.817433 -8.898250
v -8.362517 0.899509 -8.928123
v -8.240064 0.900513 -8.928489
v -8.197556 0.829335 -8.817449
v -8.152719 0.840378 -8.842752
v -8.196812 0.749296 -8.788316
v -8.151651 0.725309 -8.800868
v -8.256516 0.692205 -8.767537
v -8.237484 0.643233 -8.770995
v -8.341692 0.691507 -8.767282
v -8.359938 0.642229 -8.770631
v -8.402446 0.747609 -8.787702
v -8.447281 0.722885 -8.799987
v -8.403189 0.827649 -8.816834
v -8.448350 0.837954 -8.841868
v -8.343486 0.884739 -8.837613
v -8.362517 0.920030 -8.871741
v -8.258309 0.885438 -8.837867
v -8.240064 0.921035 -8.872108
v -8.300001 0.771371 -8.849559
v -9.252153 0.842247 -8.916444
v -9.184504 0.778677 -8.893306
v -9.184504 0.688776 -8.860585
v -9.252153 0.625206 -8.837447
v -9.347824 0.625206 -8.837447
v -9.415473 0.688776 -8.860585
v -9.415473 0.778677 -8.893306
v -9.347824 0.842247 -8.916444
v -9.258625 0.854926 -8.835925
v -9.252153 0.862768 -8.860063
v -9.200129 0.799957 -8.815917
v -9.184504 0.799199 -8.836925
v -9.200129 0.722219 -8.787623
v -9.184504 0.709297 -8.804204
v -9.258625 0.667251 -8.767617
v -9.252153 0.645728 -8.781066
v -9.341352 0.667251 -8.767617
v -9.347824 0.645728 -8.781066
v -9.399848 0.722219 -8.787623
v -9.415473 0.709297 -8.804204
v -9.399848 0.799957 -8.815917
v -9.415473 0.799199 -8.836925
v -9.341352 0.854926 -8.835925
v -9.347824 0.862768 -8.860063
v -9.275646 0.840094 -8.790225
v -9.324329 0.840094 -8.790225
v -9.324329 0.707987 -8.742143
v -9.275646 0.707987 -8.742143
v -8.852159 0.842247 -8.916444
v -8.784510 0.778677 -8.893306
v -8.784510 0.688776 -8.860585
v -8.852159 0.625206 -8.837447
v -8.947830 0.625206 -8.837447
v -9.015479 0.688776 -8.860585
v -9.015479 0.778677 -8.893306
v -8.947830 0.842247 -8.916444
v -8.858631 0.854926 -8.835925
v -8.852159 0.862768 -8.860063
v -8.800135 0.799957 -8.815917
v -8.784510 0.799199 -8.836925
v -8.800135 0.722219 -8.787623
v -8.784510 0.709297 -8.804204
v -8.858631 0.667251 -8.767617
v -8.852159 0.645728 -8.781066
v -8.941358 0.667251 -8.767617
v -8.947830 0.645728 -8.781066
v -8.999854 0.722219 -8.787623
v -9.015479 0.709297 -8.804204
v -8.999854 0.799957 -8.815917
v -9.015479 0.799199 -8.836925
v -8.941358 0.854926 -8.835925
v -8.947830 0.862768 -8.860063
v -8.875652 0.840094 -8.790225
v -8.924335 0.840094 -8.790225
v -8.924335 0.707987 -8.742143
v -8.875652 0.707987 -8.742143
v -9.652163 0.842247 -8.916444
v -9.584513 0.778677 -8.893306
v -9.584513 0.688776 -8.860585
v -9.652163 0.625206 -8.837447
v -9.747833 0.625206 -8.837447
v -9.815482 0.688776 -8.860585
v -9.815482 0.778677 -8.893306
v -9.747833 0.842247 -8.916444
v -9.658634 0.854926 -8.835925
v -9.652163 0.862768 -8.860063
v -9.600138 0.799957 -8.815917
v -9.584513 0.799199 -8.836925
v -9.600138 0.722219 -8.787623
v -9.584513 0.709297 -8.804204
v -9.658634 0.667251 -8.767617
v -9.652163 0.645728 -8.781066
v -9.741361 0.667251 -8.767617
v -9.747833 0.645728 -8.781066
v -9.799857 0.722219 -8.787623
v -9.815482 0.709297 -8.804204
v -9.799857 0.799957 -8.815917
v -9.815482 0.799199 -8.836925
v -9.741361 0.854926 -8.835925
v -9.747833 0.862768 -8.860063
v -9.675655 0.840094 -8.790225
v -9.724339 0.840094 -8.790225
v -9.724339 0.707987 -8.742143
v -9.675655 0.707987 -8.742143
v -8.219211 0.803596 -8.861289
v -8.218624 0.740476 -8.838315
v -8.265707 0.695453 -8.821927
v -8.332878 0.694903 -8.821727
v -8.380791 0.739146 -8.837831
v -8.381376 0.802266 -8.860805
v -8.334293 0.847289 -8.877191
v -8.267122 0.847840 -8.877391
v -9.873001 0.930000 -9.126998
v -9.873001 0.930000 -10.872998
v -8.127001 0.930000 -9.126998
v -8.127001 0.930000 -10.872998
v -8.606215 1.090000 -9.510795
v -8.701675 1.090000 -9.606254
v -8.510757 1.090000 -9.606254
v -8.606215 1.090000 -9.701713
v -8.701675 1.157499 -9.606254
v -8.606215 1.157499 -9.701713
v -8.606215 1.167499 -9.510795
v -8.653946 1.200000 -9.558524
v -8.558486 1.200000 -9.653983
v -8.510757 1.167499 -9.606254
v -8.868118 1.200000 -9.813878
v -8.813771 1.200000 -9.868226
v -8.868118 1.164999 -9.813878
v -8.813771 1.164999 -9.868226
v -8.510786 1.077499 -10.393800
v -8.606245 1.077499 -10.298341
v -8.606245 1.077499 -10.489259
v -8.701705 1.077499 -10.393800
v -8.606245 1.157499 -10.298341
v -8.701705 1.157499 -10.393800
v -8.510786 1.167499 -10.393800
v -8.558517 1.200000 -10.346070
v -8.653975 1.200000 -10.441529
v -8.606245 1.167499 -10.489259
v -8.813839 1.200000 -10.131896
v -8.868189 1.200000 -10.186244
v -8.813839 1.164999 -10.131896
v -8.868189 1.164999 -10.186244
v -9.393797 1.077499 -10.489213
v -9.298338 1.077499 -10.393752
v -9.489256 1.077499 -10.393752
v -9.393797 1.077499 -10.298293
v -9.298338 1.157499 -10.393752
v -9.393797 1.157499 -10.298293
v -9.393797 1.167499 -10.489213
v -9.346066 1.200000 -10.441482
v -9.441526 1.200000 -10.346023
v -9.489256 1.167499 -10.393752
v -9.131868 1.200000 -10.186133
v -9.186216 1.200000 -10.131785
v -9.131868 1.164999 -10.186133
v -9.186216 1.164999 -10.131785
v -9.489227 1.090000 -9.606206
v -9.393766 1.090000 -9.701665
v -9.393766 1.090000 -9.510747
v -9.298307 1.090000 -9.606206
v -9.393766 1.157499 -9.701665
v -9.298307 1.157499 -9.606206
v -9.489227 1.167499 -9.606206
v -9.441496 1.200000 -9.653935
v -9.346037 1.200000 -9.558476
v -9.393766 1.167499 -9.510747
v -9.186148 1.200000 -9.868115
v -9.131798 1.200000 -9.813766
v -9.186148 1.164999 -9.868115
v -9.131798 1.164999 -9.813766
v -9.207346 1.139999 -10.055560
v -9.502047 1.090000 -10.134524
v -9.207346 1.139999 -9.944448
v -9.502047 1.090000 -9.865481
v -9.151791 1.139999 -9.848220
v -9.367526 1.090000 -9.632485
v -9.055563 1.139999 -9.792663
v -9.134527 1.090000 -9.497964
v -8.944450 1.139999 -9.792663
v -8.865486 1.090000 -9.497964
v -8.848224 1.139999 -9.848220
v -8.632488 1.090000 -9.632485
v -8.792665 1.139999 -9.944448
v -8.497967 1.090000 -9.865481
v -8.792665 1.139999 -10.055560
v -8.497967 1.090000 -10.134524
v -8.848224 1.139999 -10.151788
v -8.632488 1.089999 -10.367522
v -8.944450 1.139999 -10.207343
v -8.865484 1.089999 -10.502044
v -9.055563 1.139999 -10.207343
v -9.134527 1.089999 -10.502044
v -9.151791 1.139999 -10.151788
v -9.367526 1.089999 -10.367522
v -9.122299 1.139999 -10.456403
v -9.334114 1.139999 -10.334111
v -8.877715 1.139999 -10.456403
v -8.665897 1.139999 -10.334111
v -8.543607 1.139999 -10.122294
v -8.543607 1.139999 -9.877711
v -8.665899 1.139999 -9.665895
v -8.877715 1.140000 -9.543603
v -9.122299 1.140000 -9.543603
v -9.334114 1.139999 -9.665895
v -9.456408 1.139999 -9.877711
v -9.456408 1.139999 -10.122294
v -9.000006 1.173999 -10.000003
v -9.000006 1.174000 -10.084689
v -9.073347 1.174000 -10.042346
v -8.926666 1.174000 -10.042346
v -8.926666 1.174000 -9.957660
v -9.000006 1.174000 -9.915317
v -9.073347 1.174000 -9.957660
v -9.873001 1.075000 -9.126998
v -9.848001 1.100000 -9.151999
v -9.848001 1.100000 -10.847999
v -9.873001 1.075000 -10.872998
v -8.152000 1.100000 -10.847999
v -8.127001 1.075000 -10.872998
v -8.152000 1.100000 -9.151999
v -8.127001 1.075000 -9.126998
v -8.375599 1.090000 -9.932458
v -8.510599 1.090000 -9.932458
v -8.375599 1.090000 -10.067458
v -8.510598 1.090000 -10.067458
v -8.510599 1.157499 -9.932458
v -8.510598 1.157499 -10.067458
v -8.375599 1.167499 -9.932458
v -8.443099 1.200000 -9.932458
v -8.443099 1.200000 -10.067458
v -8.375599 1.167499 -10.067458
v -8.676310 1.207688 -9.944724
v -8.676310 1.207688 -10.055348
v -8.676310 1.157311 -9.944724
v -8.676310 1.157311 -10.055348
v -8.932499 1.077499 -10.624316
v -8.932500 1.077499 -10.489316
v -9.067499 1.077499 -10.624316
v -9.067499 1.077499 -10.489316
v -8.932500 1.157499 -10.489316
v -9.067499 1.157499 -10.489316
v -8.932499 1.167499 -10.624316
v -8.932500 1.200000 -10.556817
v -9.067499 1.200000 -10.556817
v -9.067499 1.167499 -10.624316
v -8.944727 1.207688 -10.323625
v -9.055351 1.207688 -10.323625
v -8.944727 1.157311 -10.323625
v -9.055351 1.157311 -10.323625
v -9.624350 1.077499 -10.067401
v -9.489349 1.077499 -10.067401
v -9.624349 1.077499 -9.932401
v -9.489349 1.077499 -9.932401
v -9.489349 1.157499 -10.067401
v -9.489349 1.157499 -9.932401
v -9.624350 1.167499 -10.067401
v -9.556849 1.200000 -10.067401
v -9.556849 1.200000 -9.932401
v -9.624349 1.167499 -9.932401
v -9.323597 1.207688 -10.055156
v -9.323596 1.207688 -9.944531
v -9.323597 1.157311 -10.055156
v -9.323596 1.157311 -9.944531
v -9.067449 1.090000 -9.375543
v -9.067448 1.090000 -9.510543
v -8.932448 1.090000 -9.375543
v -8.932448 1.090000 -9.510543
v -9.067448 1.157499 -9.510543
v -8.932448 1.157499 -9.510543
v -9.067449 1.167499 -9.375543
v -9.067448 1.200000 -9.443042
v -8.932447 1.200000 -9.443042
v -8.932448 1.167499 -9.375543
v -9.055180 1.207688 -9.676253
v -8.944553 1.207688 -9.676255
v -9.055180 1.157311 -9.676253
v -8.944553 1.157311 -9.676255
v -8.412807 1.097408 -9.274337
v -8.365805 1.116657 -9.299998
v -8.412807 1.097408 -9.325662
v -8.187225 1.097408 -9.274337
v -8.234227 1.116657 -9.299998
v -8.187225 1.097408 -9.325662
v -8.412807 1.097408 -9.354337
v -8.365805 1.116657 -9.379998
v -8.412807 1.097408 -9.405662
v -8.187225 1.097408 -9.354337
v -8.234227 1.116657 -9.379998
v -8.187225 1.097408 -9.405662
v -8.412807 1.097408 -9.194337
v -8.365805 1.116657 -9.219998
v -8.412807 1.097408 -9.245662
v -8.187225 1.097408 -9.194337
v -8.234227 1.116657 -9.219998
v -8.187225 1.097408 -9.245662
v -9.812806 1.097408 -9.274337
v -9.765804 1.116657 -9.299998
v -9.812806 1.097408 -9.325662
v -9.587225 1.097408 -9.274337
v -9.634228 1.116657 -9.299998
v -9.587225 1.097408 -9.325662
v -9.812806 1.097408 -9.354337
v -9.765804 1.116657 -9.379998
v -9.812806 1.097408 -9.405662
v -9.587225 1.097408 -9.354337
v -9.634228 1.116657 -9.379998
v -9.587225 1.097408 -9.405662
v -9.812806 1.097408 -9.194337
v -9.765804 1.116657 -9.219998
v -9.812806 1.097408 -9.245662
v -9.587225 1.097408 -9.194337
v -9.634228 1.116657 -9.219998
v -9.587225 1.097408 -9.245662
v 12.200000 0.000000 -2.998238
v 12.200000 0.800000 -2.998238
v 14.000000 -0.000000 -2.998238
v 14.000000 0.800000 -2.998238
v 12.200000 0.000000 -0.998238
v 12.200000 0.800000 -0.998238
v 14.000000 -0.000000 -0.998238
v 14.000000 0.800000 -0.998238
v 12.050000 1.000000 -2.998238
v 14.000000 1.000000 -2.998238
v 14.000000 1.000000 -0.998238
v 12.050000 1.000000 -0.998238
v 12.000000 0.950000 -0.998238
v 12.000000 0.950000 -2.998238
v 12.000000 0.850000 -0.998238
v 12.050000 0.800000 -0.998238
v 12.050000 0.800000 -2.998238
v 12.000000 0.850000 -2.998238
v 12.090000 0.100000 -2.858237
v 12.050000 0.140000 -2.858237
v 12.090000 0.140000 -2.898237
v 12.050000 0.360000 -2.858237
v 12.090000 0.400000 -2.858237
v 12.090000 0.360000 -2.898237
v 12.250000 0.100000 -2.858237
v 12.250000 0.140000 -2.898237
v 12.250000 0.360000 -2.898237
v 12.250000 0.400000 -2.858237
v 12.090000 0.100000 -1.138238
v 12.090000 0.140000 -1.098237
v 12.050000 0.140000 -1.138238
v 12.090000 0.400000 -1.138238
v 12.050000 0.360000 -1.138238
v 12.090000 0.360000 -1.098237
v 12.250000 0.140000 -1.098237
v 12.250000 0.100000 -1.138238
v 12.250000 0.400000 -1.138238
v 12.250000 0.360000 -1.098237
v 12.050000 0.440000 -2.858237
v 12.090000 0.440000 -2.898237
v 12.050000 0.660000 -2.858237
v 12.090000 0.700000 -2.858237
v 12.090000 0.660000 -2.898237
v 12.250000 0.440000 -2.898237
v 12.250000 0.660000 -2.898237
v 12.250000 0.700000 -2.858237
v 12.090000 0.440000 -1.098237
v 12.050000 0.440000 -1.138238
v 12.090000 0.700000 -1.138237
v 12.050000 0.660000 -1.138237
v 12.090000 0.660000 -1.098237
v 12.250000 0.440000 -1.098237
v 12.250000 0.700000 -1.138237
v 12.250000 0.660000 -1.098237
v 11.958097 0.550000 -1.998238
v 12.013205 0.603978 -2.052215
v 12.013205 0.550001 -2.074573
v 12.013205 0.496024 -2.052215
v 12.013205 0.473666 -1.998238
v 12.013205 0.496024 -1.944260
v 12.013205 0.550001 -1.921902
v 12.013205 0.603978 -1.944260
v 12.013205 0.626336 -1.998238
v 11.975914 0.591759 -2.039996
v 12.050494 0.591759 -2.039996
v 11.975914 0.550000 -2.057293
v 12.050494 0.550000 -2.057293
v 11.975914 0.508241 -2.039996
v 12.050494 0.508241 -2.039996
v 11.975914 0.490944 -1.998238
v 12.050494 0.490944 -1.998238
v 11.975914 0.508241 -1.956479
v 12.050494 0.508241 -1.956479
v 11.975914 0.550000 -1.939182
v 12.050494 0.550000 -1.939182
v 11.975914 0.591759 -1.956479
v 12.050494 0.591758 -1.956479
v 11.975914 0.609056 -1.998238
v 12.050494 0.609056 -1.998238
v 11.958097 0.250000 -1.998238
v 12.013205 0.303978 -2.052215
v 12.013205 0.250001 -2.074573
v 12.013205 0.196024 -2.052215
v 12.013205 0.173666 -1.998238
v 12.013205 0.196024 -1.944260
v 12.013205 0.250001 -1.921902
v 12.013205 0.303978 -1.944260
v 12.013205 0.326336 -1.998238
v 11.975914 0.291759 -2.039996
v 12.050494 0.291759 -2.039996
v 11.975914 0.250000 -2.057294
v 12.050494 0.250000 -2.057294
v 11.975914 0.208241 -2.039996
v 12.050494 0.208241 -2.039996
v 11.975914 0.190944 -1.998238
v 12.050494 0.190944 -1.998238
v 11.975914 0.208241 -1.956479
v 12.050494 0.208241 -1.956479
v 11.975914 0.250000 -1.939182
v 12.050494 0.250000 -1.939182
v 11.975914 0.291759 -1.956479
v 12.050494 0.291759 -1.956479
v 11.975914 0.309056 -1.998238
v 12.050494 0.309056 -1.998238
v -12.200000 0.000000 -0.998245
v -12.200000 0.800000 -0.998245
v -14.000000 -0.000000 -0.998245
v -14.000000 0.800000 -0.998245
v -12.200000 0.000000 -2.998245
v -12.200000 0.800000 -2.998245
v -14.000000 -0.000000 -2.998245
v -14.000000 0.800000 -2.998245
v -12.050000 1.000000 -0.998245
v -14.000000 1.000000 -0.998245
v -14.000000 1.000000 -2.998245
v -12.050000 1.000000 -2.998245
v -12.000000 0.950000 -2.998245
v -12.000000 0.950000 -0.998245
v -12.000000 0.850000 -2.998245
v -12.050000 0.800000 -2.998245
v -12.050000 0.800000 -0.998245
v -12.000000 0.850000 -0.998245
v -12.090000 0.100000 -1.138246
v -12.050000 0.140000 -1.138246
v -12.090000 0.140000 -1.098246
v -12.050000 0.360000 -1.138246
v -12.090000 0.400000 -1.138246
v -12.090000 0.360000 -1.098246
v -12.250000 0.100000 -1.138246
v -12.250000 0.140000 -1.098246
v -12.250000 0.360000 -1.098246
v -12.250000 0.400000 -1.138246
v -12.090000 0.100000 -2.858245
v -12.090000 0.140000 -2.898246
v -12.050000 0.140000 -2.858245
v -12.090000 0.400000 -2.858245
v -12.050000 0.360000 -2.858245
v -12.090000 0.360000 -2.898246
v -12.250000 0.140000 -2.898246
v -12.250000 0.100000 -2.858245
v -12.250000 0.400000 -2.858245
v -12.250000 0.360000 -2.898246
v -12.050000 0.440000 -1.138246
v -12.090000 0.440000 -1.098246
v -12.050000 0.660000 -1.138246
v -12.090000 0.700000 -1.138246
v -12.090000 0.660000 -1.098246
v -12.250000 0.440000 -1.098246
v -12.250000 0.660000 -1.098246
v -12.250000 0.700000 -1.138246
v -12.090000 0.440000 -2.898246
v -12.050000 0.440000 -2.858245
v -12.090000 0.700000 -2.858245
v -12.050000 0.660000 -2.858245
v -12.090000 0.660000 -2.898246
v -12.250000 0.440000 -2.898246
v -12.250000 0.700000 -2.858245
v -12.250000 0.660000 -2.898246
v -11.958097 0.550000 -1.998245
v -12.013205 0.603978 -1.944268
v -12.013205 0.550001 -1.921910
v -12.013205 0.496024 -1.944268
v -12.013205 0.473666 -1.998245
v -12.013205 0.496024 -2.052222
v -12.013205 0.550001 -2.074581
v -12.013205 0.603978 -2.052222
v -12.013205 0.626336 -1.998245
v -11.975914 0.591759 -1.956487
v -12.050494 0.591758 -1.956487
v -11.975914 0.550000 -1.939189
v -12.050494 0.550000 -1.939189
v -11.975914 0.508241 -1.956487
v -12.050494 0.508241 -1.956487
v -11.975914 0.490944 -1.998245
v -12.050494 0.490944 -1.998245
v -11.975914 0.508241 -2.040004
v -12.050494 0.508241 -2.040004
v -11.975914 0.550000 -2.057301
v -12.050494 0.550000 -2.057301
v -11.975914 0.591759 -2.040004
v -12.050494 0.591759 -2.040004
v -11.975914 0.609056 -1.998245
v -12.050494 0.609056 -1.998245
v -11.958097 0.250000 -1.998245
v -12.013205 0.303978 -1.944268
v -12.013205 0.250001 -1.921910
v -12.013205 0.196024 -1.944268
v -12.013205 0.173666 -1.998245
v -12.013205 0.196024 -2.052222
v -12.013205 0.250001 -2.074581
v -12.013205 0.303978 -2.052222
v -12.013205 0.326336 -1.998245
v -11.975914 0.291759 -1.956487
v -12.050494 0.291759 -1.956487
v -11.975914 0.250000 -1.939189
v -12.050494 0.250000 -1.939189
v -11.975914 0.208241 -1.956487
v -12.050494 0.208241 -1.956487
v -11.975914 0.190944 -1.998245
v -12.050494 0.190944 -1.998245
v -11.975914 0.208241 -2.040004
v -12.050494 0.208241 -2.040004
v -11.975914 0.250000 -2.057301
v -12.050494 0.250000 -2.057301
v -11.975914 0.291759 -2.040004
v -12.050494 0.291759 -2.040004
v -11.975914 0.309056 -1.998245
v -12.050494 0.309056 -1.998245
v 0.000000 0.000000 -9.198245
v 0.000000 0.800000 -9.198245
v 0.000000 -0.000000 -10.998244
v 0.000000 0.800000 -10.998244
v 2.000000 0.000000 -9.198245
v 2.000000 0.800000 -9.198245
v 2.000000 -0.000000 -10.998244
v 2.000000 0.800000 -10.998244
v 0.000000 1.000000 -9.048244
v 0.000000 1.000000 -10.998244
v 2.000000 1.000000 -10.998244
v 2.000000 1.000000 -9.048244
v 2.000000 0.950000 -8.998244
v 0.000000 0.950000 -8.998244
v 2.000000 0.850000 -8.998244
v 2.000000 0.800000 -9.048244
v 0.000000 0.800000 -9.048244
v 0.000000 0.850000 -8.998244
v 0.140000 0.100000 -9.088244
v 0.140000 0.140000 -9.048244
v 0.100000 0.140000 -9.088244
v 0.140000 0.360000 -9.048244
v 0.140000 0.400000 -9.088244
v 0.100000 0.360000 -9.088244
v 0.140000 0.100000 -9.248244
v 0.100000 0.140000 -9.248244
v 0.100000 0.360000 -9.248244
v 0.140000 0.400000 -9.248244
v 1.860000 0.100000 -9.088244
v 1.900000 0.140000 -9.088244
v 1.860000 0.140000 -9.048244
v 1.860000 0.400000 -9.088244
v 1.860000 0.360000 -9.048244
v 1.900000 0.360000 -9.088244
v 1.900000 0.140000 -9.248244
v 1.860000 0.100000 -9.248244
v 1.860000 0.400000 -9.248244
v 1.900000 0.360000 -9.248244
v 0.140000 0.440000 -9.048244
v 0.100000 0.440000 -9.088244
v 0.140000 0.660000 -9.048244
v 0.140000 0.700000 -9.088244
v 0.100000 0.660000 -9.088244
v 0.100000 0.440000 -9.248244
v 0.100000 0.660000 -9.248244
v 0.140000 0.700000 -9.248244
v 1.900000 0.440000 -9.088244
v 1.860000 0.440000 -9.048244
v 1.860000 0.700000 -9.088244
v 1.860000 0.660000 -9.048244
v 1.900000 0.660000 -9.088244
v 1.900000 0.440000 -9.248244
v 1.860000 0.700000 -9.248244
v 1.900000 0.660000 -9.248244
v 1.000000 0.550000 -8.956342
v 0.946023 0.603978 -9.011449
v 0.923665 0.550001 -9.011449
v 0.946023 0.496024 -9.011449
v 1.000000 0.473666 -9.011449
v 1.053977 0.496024 -9.011449
v 1.076336 0.550001 -9.011449
v 1.053977 0.603978 -9.011449
v 1.000000 0.626336 -9.011449
v 0.958241 0.591759 -8.974158
v 0.958241 0.591758 -9.048739
v 0.940944 0.550000 -8.974158
v 0.940944 0.550000 -9.048739
v 0.958241 0.508241 -8.974158
v 0.958241 0.508241 -9.048739
v 1.000000 0.490944 -8.974158
v 1.000000 0.490944 -9.048739
v 1.041759 0.508241 -8.974158
v 1.041759 0.508241 -9.048739
v 1.059056 0.550000 -8.974158
v 1.059056 0.550000 -9.048739
v 1.041759 0.591759 -8.974158
v 1.041759 0.591758 -9.048739
v 1.000000 0.609056 -8.974158
v 1.000000 0.609056 -9.048739
v 1.000000 0.250000 -8.956342
v 0.946023 0.303978 -9.011449
v 0.923665 0.250001 -9.011449
v 0.946023 0.196024 -9.011449
v 1.000000 0.173666 -9.011449
v 1.053977 0.196024 -9.011449
v 1.076336 0.250001 -9.011449
v 1.053977 0.303978 -9.011449
v 1.000000 0.326336 -9.011449
v 0.958241 0.291759 -8.974158
v 0.958241 0.291759 -9.048739
v 0.940944 0.250000 -8.974158
v 0.940944 0.250000 -9.048739
v 0.958241 0.208241 -8.974158
v 0.958241 0.208241 -9.048739
v 1.000000 0.190944 -8.974158
v 1.000000 0.190944 -9.048739
v 1.041759 0.208241 -8.974158
v 1.041759 0.208241 -9.048739
v 1.059056 0.250000 -8.974158
v 1.059056 0.250000 -9.048739
v 1.041759 0.291759 -8.974158
v 1.041759 0.291759 -9.048739
v 1.000000 0.309056 -8.974158
v 1.000000 0.309056 -9.048739
v -2.000000 0.000000 -9.198245
v -2.000000 0.800000 -9.198245
v -2.000000 -0.000000 -10.998244
v -2.000000 0.800000 -10.998244
v 0.000000 0.000000 -9.198245
v 0.000000 0.800000 -9.198245
v 0.000000 -0.000000 -10.998244
v 0.000000 0.800000 -10.998244
v -2.000000 1.000000 -9.048244
v -2.000000 1.000000 -10.998244
v 0.000000 1.000000 -10.998244
v 0.000000 1.000000 -9.048244
v 0.000000 0.950000 -8.998244
v -2.000000 0.950000 -8.998244
v 0.000000 0.850000 -8.998244
v 0.000000 0.800000 -9.048244
v -2.000000 0.800000 -9.048244
v -2.000000 0.850000 -8.998244
v -1.860000 0.100000 -9.088244
v -1.860000 0.140000 -9.048244
v -1.900000 0.140000 -9.088244
v -1.860000 0.360000 -9.048244
v -1.860000 0.400000 -9.088244
v -1.900000 0.360000 -9.088244
v -1.860000 0.100000 -9.248244
v -1.900000 0.140000 -9.248244
v -1.900000 0.360000 -9.248244
v -1.860000 0.400000 -9.248244
v -0.140000 0.100000 -9.088244
v -0.100000 0.140000 -9.088244
v -0.140000 0.140000 -9.048244
v -0.140000 0.400000 -9.088244
v -0.140000 0.360000 -9.048244
v -0.100000 0.360000 -9.088244
v -0.100000 0.140000 -9.248244
v -0.140000 0.100000 -9.248244
v -0.140000 0.400000 -9.248244
v -0.100000 0.360000 -9.248244
v -1.860000 0.440000 -9.048244
v -1.900000 0.440000 -9.088244
v -1.860000 0.660000 -9.048244
v -1.860000 0.700000 -9.088244
v -1.900000 0.660000 -9.088244
v -1.900000 0.440000 -9.248244
v -1.900000 0.660000 -9.248244
v -1.860000 0.700000 -9.248244
v -0.100000 0.440000 -9.088244
v -0.140000 0.440000 -9.048244
v -0.140000 0.700000 -9.088244
v -0.140000 0.660000 -9.048244
v -0.100000 0.660000 -9.088244
v -0.100000 0.440000 -9.248244
v -0.140000 0.700000 -9.248244
v -0.100000 0.660000 -9.248244
v -1.000000 0.550000 -8.956342
v -1.053977 0.603978 -9.011449
v -1.076335 0.550001 -9.011449
v -1.053977 0.496024 -9.011449
v -1.000000 0.473666 -9.011449
v -0.946023 0.496024 -9.011449
v -0.923664 0.550001 -9.011449
v -0.946023 0.603978 -9.011449
v -1.000000 0.626336 -9.011449
v -1.041759 0.591759 -8.974158
v -1.041759 0.591758 -9.048739
v -1.059056 0.550000 -8.974158
v -1.059056 0.550000 -9.048739
v -1.041759 0.508241 -8.974158
v -1.041759 0.508241 -9.048739
v -1.000000 0.490944 -8.974158
v -1.000000 0.490944 -9.048739
v -0.958242 0.508241 -8.974158
v -0.958242 0.508241 -9.048739
v -0.940944 0.550000 -8.974158
v -0.940944 0.550000 -9.048739
v -0.958242 0.591759 -8.974158
v -0.958242 0.591758 -9.048739
v -1.000000 0.609056 -8.974158
v -1.000000 0.609056 -9.048739
v -1.000000 0.250000 -8.956342
v -1.053977 0.303978 -9.011449
v -1.076335 0.250001 -9.011449
v -1.053977 0.196024 -9.011449
v -1.000000 0.173666 -9.011449
v -0.946023 0.196024 -9.011449
v -0.923664 0.250001 -9.011449
v -0.946023 0.303978 -9.011449
v -1.000000 0.326336 -9.011449
v -1.041759 0.291759 -8.974158
v -1.041759 0.291759 -9.048739
v -1.059056 0.250000 -8.974158
v -1.059056 0.250000 -9.048739
v -1.041759 0.208241 -8.974158
v -1.041759 0.208241 -9.048739
v -1.000000 0.190944 -8.974158
v -1.000000 0.190944 -9.048739
v -0.958242 0.208241 -8.974158
v -0.958242 0.208241 -9.048739
v -0.940944 0.250000 -8.974158
v -0.940944 0.250000 -9.048739
v -0.958242 0.291759 -8.974158
v -0.958242 0.291759 -9.048739
v -1.000000 0.309056 -8.974158
v -1.000000 0.309056 -9.048739
v -12.000000 0.000000 -9.198245
v -12.000000 0.800000 -9.198245
v -12.000000 -0.000000 -10.998244
v -12.000000 0.800000 -10.998244
v -10.000000 0.000000 -9.198245
v -10.000000 0.800000 -9.198245
v -10.000000 -0.000000 -10.998244
v -10.000000 0.800000 -10.998244
v -12.000000 1.000000 -9.048244
v -12.000000 1.000000 -10.998244
v -10.000000 1.000000 -10.998244
v -10.000000 1.000000 -9.048244
v -10.000000 0.950000 -8.998244
v -12.000000 0.950000 -8.998244
v -10.000000 0.850000 -8.998244
v -10.000000 0.800000 -9.048244
v -12.000000 0.800000 -9.048244
v -12.000000 0.850000 -8.998244
v -11.860000 0.100000 -9.088244
v -11.860000 0.140000 -9.048244
v -11.900000 0.140000 -9.088244
v -11.860000 0.360000 -9.048244
v -11.860000 0.400000 -9.088244
v -11.900000 0.360000 -9.088244
v -11.860000 0.100000 -9.248244
v -11.900000 0.140000 -9.248244
v -11.900000 0.360000 -9.248244
v -11.860000 0.400000 -9.248244
v -10.140000 0.100000 -9.088244
v -10.099999 0.140000 -9.088244
v -10.140000 0.140000 -9.048244
v -10.140000 0.400000 -9.088244
v -10.140000 0.360000 -9.048244
v -10.099999 0.360000 -9.088244
v -10.099999 0.140000 -9.248244
v -10.140000 0.100000 -9.248244
v -10.140000 0.400000 -9.248244
v -10.099999 0.360000 -9.248244
v -11.860000 0.440000 -9.048244
v -11.900000 0.440000 -9.088244
v -11.860000 0.660000 -9.048244
v -11.860000 0.700000 -9.088244
v -11.900000 0.660000 -9.088244
v -11.900000 0.440000 -9.248244
v -11.900000 0.660000 -9.248244
v -11.860000 0.700000 -9.248244
v -10.099999 0.440000 -9.088244
v -10.140000 0.440000 -9.048244
v -10.140000 0.700000 -9.088244
v -10.140000 0.660000 -9.048244
v -10.099999 0.660000 -9.088244
v -10.099999 0.440000 -9.248244
v -10.140000 0.700000 -9.248244
v -10.099999 0.660000 -9.248244
v -11.000000 0.550000 -8.956342
v -11.053977 0.603978 -9.011449
v -11.076335 0.550001 -9.011449
v -11.053977 0.496024 -9.011449
v -11.000000 0.473666 -9.011449
v -10.946023 0.496024 -9.011449
v -10.923664 0.550001 -9.011449
v -10.946023 0.603978 -9.011449
v -11.000000 0.626336 -9.011449
v -11.041759 0.591759 -8.974158
v -11.041759 0.591758 -9.048739
v -11.059056 0.550000 -8.974158
v -11.059056 0.550000 -9.048739
v -11.041759 0.508241 -8.974158
v -11.041759 0.508241 -9.048739
v -11.000000 0.490944 -8.974158
v -11.000000 0.490944 -9.048739
v -10.958241 0.508241 -8.974158
v -10.958241 0.508241 -9.048739
v -10.940945 0.550000 -8.974158
v -10.940945 0.550000 -9.048739
v -10.958241 0.591759 -8.974158
v -10.958241 0.591758 -9.048739
v -11.000000 0.609056 -8.974158
v -11.000000 0.609056 -9.048739
v -11.000000 0.250000 -8.956342
v -11.053977 0.303978 -9.011449
v -11.076335 0.250001 -9.011449
v -11.053977 0.196024 -9.011449
v -11.000000 0.173666 -9.011449
v -10.946023 0.196024 -9.011449
v -10.923664 0.250001 -9.011449
v -10.946023 0.303978 -9.011449
v -11.000000 0.326336 -9.011449
v -11.041759 0.291759 -8.974158
v -11.041759 0.291759 -9.048739
v -11.059056 0.250000 -8.974158
v -11.059056 0.250000 -9.048739
v -11.041759 0.208241 -8.974158
v -11.041759 0.208241 -9.048739
v -11.000000 0.190944 -8.974158
v -11.000000 0.190944 -9.048739
v -10.958241 0.208241 -8.974158
v -10.958241 0.208241 -9.048739
v -10.940945 0.250000 -8.974158
v -10.940945 0.250000 -9.048739
v -10.958241 0.291759 -8.974158
v -10.958241 0.291759 -9.048739
v -11.000000 0.309056 -8.974158
v -11.000000 0.309056 -9.048739
v 10.000000 0.000000 -9.198245
v 10.000000 0.800000 -9.198245
v 10.000000 -0.000000 -10.998244
v 10.000000 0.800000 -10.998244
v 12.000000 0.000000 -9.198245
v 12.000000 0.800000 -9.198245
v 12.000000 -0.000000 -10.998244
v 12.000000 0.800000 -10.998244
v 10.000000 1.000000 -9.048244
v 10.000000 1.000000 -10.998244
v 12.000000 1.000000 -10.998244
v 12.000000 1.000000 -9.048244
v 12.000000 0.950000 -8.998244
v 10.000000 0.950000 -8.998244
v 12.000000 0.850000 -8.998244
v 12.000000 0.800000 -9.048244
v 10.000000 0.800000 -9.048244
v 10.000000 0.850000 -8.998244
v 10.140000 0.100000 -9.088244
v 10.140000 0.140000 -9.048244
v 10.100000 0.140000 -9.088244
v 10.140000 0.360000 -9.048244
v 10.140000 0.400000 -9.088244
v 10.100000 0.360000 -9.088244
v 10.140000 0.100000 -9.248244
v 10.100000 0.140000 -9.248244
v 10.100000 0.360000 -9.248244
v 10.140000 0.400000 -9.248244
v 11.860000 0.100000 -9.088244
v 11.900001 0.140000 -9.088244
v 11.860000 0.140000 -9.048244
v 11.860000 0.400000 -9.088244
v 11.860000 0.360000 -9.048244
v 11.900001 0.360000 -9.088244
v 11.900001 0.140000 -9.248244
v 11.860000 0.100000 -9.248244
v 11.860000 0.400000 -9.248244
v 11.900001 0.360000 -9.248244
v 10.140000 0.440000 -9.048244
v 10.100000 0.440000 -9.088244
v 10.140000 0.660000 -9.048244
v 10.140000 0.700000 -9.088244
v 10.100000 0.660000 -9.088244
v 10.100000 0.440000 -9.248244
v 10.100000 0.660000 -9.248244
v 10.140000 0.700000 -9.248244
v 11.900001 0.440000 -9.088244
v 11.860000 0.440000 -9.048244
v 11.860000 0.700000 -9.088244
v 11.860000 0.660000 -9.048244
v 11.900001 0.660000 -9.088244
v 11.900001 0.440000 -9.248244
v 11.860000 0.700000 -9.248244
v 11.900001 0.660000 -9.248244
v 11.000000 0.550000 -8.956342
v 10.946023 0.603978 -9.011449
v 10.923665 0.550001 -9.011449
v 10.946023 0.496024 -9.011449
v 11.000000 0.473666 -9.011449
v 11.053977 0.496024 -9.011449
v 11.076336 0.550001 -9.011449
v 11.053977 0.603978 -9.011449
v 11.000000 0.626336 -9.011449
v 10.958241 0.591759 -8.974158
v 10.958241 0.591758 -9.048739
v 10.940944 0.550000 -8.974158
v 10.940944 0.550000 -9.048739
v 10.958241 0.508241 -8.974158
v 10.958241 0.508241 -9.048739
v 11.000000 0.490944 -8.974158
v 11.000000 0.490944 -9.048739
v 11.041759 0.508241 -8.974158
v 11.041759 0.508241 -9.048739
v 11.059055 0.550000 -8.974158
v 11.059055 0.550000 -9.048739
v 11.041759 0.591759 -8.974158
v 11.041759 0.591758 -9.048739
v 11.000000 0.609056 -8.974158
v 11.000000 0.609056 -9.048739
v 11.000000 0.250000 -8.956342
v 10.946023 0.303978 -9.011449
v 10.923665 0.250001 -9.011449
v 10.946023 0.196024 -9.011449
v 11.000000 0.173666 -9.011449
v 11.053977 0.196024 -9.011449
v 11.076336 0.250001 -9.011449
v 11.053977 0.303978 -9.011449
v 11.000000 0.326336 -9.011449
v 10.958241 0.291759 -8.974158
v 10.958241 0.291759 -9.048739
v 10.940944 0.250000 -8.974158
v 10.940944 0.250000 -9.048739
v 10.958241 0.208241 -8.974158
v 10.958241 0.208241 -9.048739
v 11.000000 0.190944 -8.974158
v 11.000000 0.190944 -9.048739
v 11.041759 0.208241 -8.974158
v 11.041759 0.208241 -9.048739
v 11.059055 0.250000 -8.974158
v 11.059055 0.250000 -9.048739
v 11.041759 0.291759 -8.974158
v 11.041759 0.291759 -9.048739
v 11.000000 0.309056 -8.974158
v 11.000000 0.309056 -9.048739
v 12.200000 0.000000 -6.998237
v 12.200000 0.800000 -6.998237
v 14.000000 -0.000000 -6.998237
v 14.000000 0.800000 -6.998237
v 12.200000 0.000000 -4.998237
v 12.200000 0.800000 -4.998237
v 14.000000 -0.000000 -4.998237
v 14.000000 0.800000 -4.998237
v 12.050000 1.000000 -6.998237
v 14.000000 1.000000 -6.998237
v 14.000000 1.000000 -4.998237
v 12.050000 1.000000 -4.998237
v 12.000000 0.950000 -4.998237
v 12.000000 0.950000 -6.998237
v 12.000000 0.850000 -4.998237
v 12.050000 0.800000 -4.998237
v 12.050000 0.800000 -6.998237
v 12.000000 0.850000 -6.998237
v 12.090000 0.100000 -6.858237
v 12.050000 0.140000 -6.858237
v 12.090000 0.140000 -6.898236
v 12.050000 0.360000 -6.858237
v 12.090000 0.400000 -6.858237
v 12.090000 0.360000 -6.898236
v 12.250000 0.100000 -6.858237
v 12.250000 0.140000 -6.898236
v 12.250000 0.360000 -6.898236
v 12.250000 0.400000 -6.858237
v 12.090000 0.100000 -5.138236
v 12.090000 0.140000 -5.098237
v 12.050000 0.140000 -5.138236
v 12.090000 0.400000 -5.138236
v 12.050000 0.360000 -5.138236
v 12.090000 0.360000 -5.098237
v 12.250000 0.140000 -5.098237
v 12.250000 0.100000 -5.138236
v 12.250000 0.400000 -5.138236
v 12.250000 0.360000 -5.098237
v 12.050000 0.440000 -6.858237
v 12.090000 0.440000 -6.898236
v 12.050000 0.660000 -6.858237
v 12.090000 0.700000 -6.858237
v 12.090000 0.660000 -6.898236
v 12.250000 0.440000 -6.898236
v 12.250000 0.660000 -6.898236
v 12.250000 0.700000 -6.858237
v 12.090000 0.440000 -5.098237
v 12.050000 0.440000 -5.138236
v 12.090000 0.700000 -5.138236
v 12.050000 0.660000 -5.138236
v 12.090000 0.660000 -5.098237
v 12.250000 0.440000 -5.098237
v 12.250000 0.700000 -5.138236
v 12.250000 0.660000 -5.098237
v 11.958097 0.550000 -5.998237
v 12.013205 0.603978 -6.052213
v 12.013205 0.550001 -6.074571
v 12.013205 0.496024 -6.052213
v 12.013205 0.473666 -5.998237
v 12.013205 0.496024 -5.944259
v 12.013205 0.550001 -5.921901
v 12.013205 0.603978 -5.944259
v 12.013205 0.626336 -5.998237
v 11.975914 0.591759 -6.039996
v 12.050494 0.591759 -6.039996
v 11.975914 0.550000 -6.057292
v 12.050494 0.550000 -6.057292
v 11.975914 0.508241 -6.039996
v 12.050494 0.508241 -6.039996
v 11.975914 0.490944 -5.998237
v 12.050494 0.490944 -5.998237
v 11.975914 0.508241 -5.956477
v 12.050494 0.508241 -5.956477
v 11.975914 0.550000 -5.939181
v 12.050494 0.550000 -5.939181
v 11.975914 0.591759 -5.956477
v 12.050494 0.591758 -5.956477
v 11.975914 0.609056 -5.998237
v 12.050494 0.609056 -5.998237
v 11.958097 0.250000 -5.998237
v 12.013205 0.303978 -6.052213
v 12.013205 0.250001 -6.074571
v 12.013205 0.196024 -6.052213
v 12.013205 0.173666 -5.998237
v 12.013205 0.196024 -5.944259
v 12.013205 0.250001 -5.921901
v 12.013205 0.303978 -5.944259
v 12.013205 0.326336 -5.998237
v 11.975914 0.291759 -6.039996
v 12.050494 0.291759 -6.039996
v 11.975914 0.250000 -6.057292
v 12.050494 0.250000 -6.057292
v 11.975914 0.208241 -6.039996
v 12.050494 0.208241 -6.039996
v 11.975914 0.190944 -5.998237
v 12.050494 0.190944 -5.998237
v 11.975914 0.208241 -5.956479
v 12.050494 0.208241 -5.956479
v 11.975914 0.250000 -5.939181
v 12.050494 0.250000 -5.939181
v 11.975914 0.291759 -5.956477
v 12.050494 0.291759 -5.956477
v 11.975914 0.309056 -5.998237
v 12.050494 0.309056 -5.998237
v 12.200000 0.000000 -8.998237
v 12.200000 0.800000 -8.998237
v 14.000000 -0.000000 -8.998237
v 14.000000 0.800000 -8.998237
v 12.200000 0.000000 -6.998237
v 12.200000 0.800000 -6.998237
v 14.000000 -0.000000 -6.998237
v 14.000000 0.800000 -6.998237
v 12.050000 1.000000 -8.998237
v 14.000000 1.000000 -8.998237
v 14.000000 1.000000 -6.998237
v 12.050000 1.000000 -6.998237
v 12.000000 0.950000 -6.998237
v 12.000000 0.950000 -8.998237
v 12.000000 0.850000 -6.998237
v 12.050000 0.800000 -6.998237
v 12.050000 0.800000 -8.998237
v 12.000000 0.850000 -8.998237
v 12.090000 0.100000 -8.858237
v 12.050000 0.140000 -8.858237
v 12.090000 0.140000 -8.898236
v 12.050000 0.360000 -8.858237
v 12.090000 0.400000 -8.858237
v 12.090000 0.360000 -8.898236
v 12.250000 0.100000 -8.858237
v 12.250000 0.140000 -8.898236
v 12.250000 0.360000 -8.898236
v 12.250000 0.400000 -8.858237
v 12.090000 0.100000 -7.138236
v 12.090000 0.140000 -7.098237
v 12.050000 0.140000 -7.138236
v 12.090000 0.400000 -7.138236
v 12.050000 0.360000 -7.138236
v 12.090000 0.360000 -7.098237
v 12.250000 0.140000 -7.098237
v 12.250000 0.100000 -7.138236
v 12.250000 0.400000 -7.138236
v 12.250000 0.360000 -7.098237
v 12.050000 0.440000 -8.858237
v 12.090000 0.440000 -8.898236
v 12.050000 0.660000 -8.858237
v 12.090000 0.700000 -8.858237
v 12.090000 0.660000 -8.898236
v 12.250000 0.440000 -8.898236
v 12.250000 0.660000 -8.898236
v 12.250000 0.700000 -8.858237
v 12.090000 0.440000 -7.098237
v 12.050000 0.440000 -7.138236
v 12.090000 0.700000 -7.138236
v 12.050000 0.660000 -7.138236
v 12.090000 0.660000 -7.098237
v 12.250000 0.440000 -7.098237
v 12.250000 0.700000 -7.138236
v 12.250000 0.660000 -7.098237
v 11.958097 0.550000 -7.998237
v 12.013205 0.603978 -8.052213
v 12.013205 0.550001 -8.074571
v 12.013205 0.496024 -8.052213
v 12.013205 0.473666 -7.998237
v 12.013205 0.496024 -7.944259
v 12.013205 0.550001 -7.921901
v 12.013205 0.603978 -7.944259
v 12.013205 0.626336 -7.998237
v 11.975914 0.591759 -8.039996
v 12.050494 0.591759 -8.039996
v 11.975914 0.550000 -8.057292
v 12.050494 0.550000 -8.057292
v 11.975914 0.508241 -8.039996
v 12.050494 0.508241 -8.039996
v 11.975914 0.490944 -7.998237
v 12.050494 0.490944 -7.998237
v 11.975914 0.508241 -7.956477
v 12.050494 0.508241 -7.956477
v 11.975914 0.550000 -7.939181
v 12.050494 0.550000 -7.939181
v 11.975914 0.591759 -7.956477
v 12.050494 0.591758 -7.956477
v 11.975914 0.609056 -7.998237
v 12.050494 0.609056 -7.998237
v 11.958097 0.250000 -7.998237
v 12.013205 0.303978 -8.052213
v 12.013205 0.250001 -8.074571
v 12.013205 0.196024 -8.052213
v 12.013205 0.173666 -7.998237
v 12.013205 0.196024 -7.944259
v 12.013205 0.250001 -7.921901
v 12.013205 0.303978 -7.944259
v 12.013205 0.326336 -7.998237
v 11.975914 0.291759 -8.039996
v 12.050494 0.291758 -8.039996
v 11.975914 0.250000 -8.057292
v 12.050494 0.250000 -8.057292
v 11.975914 0.208241 -8.039996
v 12.050494 0.208241 -8.039996
v 11.975914 0.190944 -7.998237
v 12.050494 0.190944 -7.998237
v 11.975914 0.208241 -7.956479
v 12.050494 0.208241 -7.956479
v 11.975914 0.250000 -7.939181
v 12.050494 0.250000 -7.939181
v 11.975914 0.291759 -7.956477
v 12.050494 0.291759 -7.956477
v 11.975914 0.309056 -7.998237
v 12.050494 0.309056 -7.998237
v 12.200000 0.000000 3.001762
v 12.200000 0.800000 3.001762
v 14.000000 -0.000000 3.001762
v 14.000000 0.800000 3.001762
v 12.200000 0.000000 5.001762
v 12.200000 0.800000 5.001762
v 14.000000 -0.000000 5.001762
v 14.000000 0.800000 5.001762
v 12.050000 1.000000 3.001762
v 14.000000 1.000000 3.001762
v 14.000000 1.000000 5.001762
v 12.050000 1.000000 5.001762
v 12.000000 0.950000 5.001762
v 12.000000 0.950000 3.001762
v 12.000000 0.850000 5.001762
v 12.050000 0.800000 5.001762
v 12.050000 0.800000 3.001762
v 12.000000 0.850000 3.001762
v 12.090000 0.100000 3.141763
v 12.050000 0.140000 3.141763
v 12.090000 0.140000 3.101763
v 12.050000 0.360000 3.141763
v 12.090000 0.400000 3.141763
v 12.090000 0.360000 3.101763
v 12.250000 0.100000 3.141763
v 12.250000 0.140000 3.101763
v 12.250000 0.360000 3.101763
v 12.250000 0.400000 3.141763
v 12.090000 0.100000 4.861763
v 12.090000 0.140000 4.901762
v 12.050000 0.140000 4.861763
v 12.090000 0.400000 4.861763
v 12.050000 0.360000 4.861763
v 12.090000 0.360000 4.901762
v 12.250000 0.140000 4.901762
v 12.250000 0.100000 4.861763
v 12.250000 0.400000 4.861763
v 12.250000 0.360000 4.901762
v 12.050000 0.440000 3.141763
v 12.090000 0.440000 3.101763
v 12.050000 0.660000 3.141763
v 12.090000 0.700000 3.141763
v 12.090000 0.660000 3.101763
v 12.250000 0.440000 3.101763
v 12.250000 0.660000 3.101763
v 12.250000 0.700000 3.141763
v 12.090000 0.440000 4.901762
v 12.050000 0.440000 4.861763
v 12.090000 0.700000 4.861763
v 12.050000 0.660000 4.861763
v 12.090000 0.660000 4.901762
v 12.250000 0.440000 4.901762
v 12.250000 0.700000 4.861763
v 12.250000 0.660000 4.901762
v 11.958097 0.550000 4.001762
v 12.013205 0.603978 3.947786
v 12.013205 0.550001 3.925428
v 12.013205 0.496024 3.947786
v 12.013205 0.473666 4.001763
v 12.013205 0.496024 4.055740
v 12.013205 0.550001 4.078098
v 12.013205 0.603978 4.055740
v 12.013205 0.626336 4.001763
v 11.975914 0.591759 3.960004
v 12.050494 0.591759 3.960004
v 11.975914 0.550000 3.942707
v 12.050494 0.550000 3.942707
v 11.975914 0.508241 3.960004
v 12.050494 0.508241 3.960004
v 11.975914 0.490944 4.001762
v 12.050494 0.490944 4.001762
v 11.975914 0.508241 4.043521
v 12.050494 0.508241 4.043521
v 11.975914 0.550000 4.060818
v 12.050494 0.550000 4.060818
v 11.975914 0.591759 4.043521
v 12.050494 0.591758 4.043521
v 11.975914 0.609056 4.001762
v 12.050494 0.609056 4.001762
v 11.958097 0.250000 4.001762
v 12.013205 0.303978 3.947786
v 12.013205 0.250001 3.925428
v 12.013205 0.196024 3.947786
v 12.013205 0.173666 4.001763
v 12.013205 0.196024 4.055740
v 12.013205 0.250001 4.078098
v 12.013205 0.303978 4.055740
v 12.013205 0.326336 4.001763
v 11.975914 0.291759 3.960004
v 12.050494 0.291759 3.960004
v 11.975914 0.250000 3.942707
v 12.050494 0.250000 3.942707
v 11.975914 0.208241 3.960003
v 12.050494 0.208241 3.960003
v 11.975914 0.190944 4.001762
v 12.050494 0.190944 4.001762
v 11.975914 0.208241 4.043521
v 12.050494 0.208241 4.043521
v 11.975914 0.250000 4.060818
v 12.050494 0.250000 4.060818
v 11.975914 0.291759 4.043521
v 12.050494 0.291759 4.043521
v 11.975914 0.309056 4.001762
v 12.050494 0.309056 4.001762
v 12.200000 0.000000 1.001762
v 12.200000 0.800000 1.001762
v 14.000000 -0.000000 1.001762
v 14.000000 0.800000 1.001762
v 12.200000 0.000000 3.001762
v 12.200000 0.800000 3.001762
v 14.000000 -0.000000 3.001762
v 14.000000 0.800000 3.001762
v 12.050000 1.000000 1.001762
v 14.000000 1.000000 1.001762
v 14.000000 1.000000 3.001762
v 12.050000 1.000000 3.001762
v 12.000000 0.950000 3.001762
v 12.000000 0.950000 1.001762
v 12.000000 0.850000 3.001762
v 12.050000 0.800000 3.001762
v 12.050000 0.800000 1.001762
v 12.000000 0.850000 1.001762
v 12.090000 0.100000 1.141763
v 12.050000 0.140000 1.141763
v 12.090000 0.140000 1.101763
v 12.050000 0.360000 1.141763
v 12.090000 0.400000 1.141763
v 12.090000 0.360000 1.101763
v 12.250000 0.100000 1.141763
v 12.250000 0.140000 1.101763
v 12.250000 0.360000 1.101763
v 12.250000 0.400000 1.141763
v 12.090000 0.100000 2.861762
v 12.090000 0.140000 2.901763
v 12.050000 0.140000 2.861762
v 12.090000 0.400000 2.861762
v 12.050000 0.360000 2.861762
v 12.090000 0.360000 2.901763
v 12.250000 0.140000 2.901763
v 12.250000 0.100000 2.861762
v 12.250000 0.400000 2.861762
v 12.250000 0.360000 2.901763
v 12.050000 0.440000 1.141763
v 12.090000 0.440000 1.101763
v 12.050000 0.660000 1.141763
v 12.090000 0.700000 1.141763
v 12.090000 0.660000 1.101763
v 12.250000 0.440000 1.101763
v 12.250000 0.660000 1.101763
v 12.250000 0.700000 1.141763
v 12.090000 0.440000 2.901763
v 12.050000 0.440000 2.861762
v 12.090000 0.700000 2.861763
v 12.050000 0.660000 2.861763
v 12.090000 0.660000 2.901763
v 12.250000 0.440000 2.901763
v 12.250000 0.700000 2.861763
v 12.250000 0.660000 2.901763
v 11.958097 0.550000 2.001762
v 12.013205 0.603978 1.947785
v 12.013205 0.550001 1.925427
v 12.013205 0.496024 1.947785
v 12.013205 0.473666 2.001762
v 12.013205 0.496024 2.055740
v 12.013205 0.550001 2.078098
v 12.013205 0.603978 2.055740
v 12.013205 0.626336 2.001762
v 11.975914 0.591758 1.960004
v 12.050494 0.591758 1.960004
v 11.975914 0.550000 1.942707
v 12.050494 0.550000 1.942707
v 11.975914 0.508241 1.960004
v 12.050494 0.508241 1.960004
v 11.975914 0.490944 2.001762
v 12.050494 0.490944 2.001762
v 11.975914 0.508241 2.043521
v 12.050494 0.508241 2.043521
v 11.975914 0.550000 2.060818
v 12.050494 0.550000 2.060818
v 11.975914 0.591759 2.043521
v 12.050494 0.591758 2.043521
v 11.975914 0.609056 2.001762
v 12.050494 0.609056 2.001762
v 11.958097 0.250000 2.001762
v 12.013205 0.303978 1.947785
v 12.013205 0.250001 1.925427
v 12.013205 0.196024 1.947785
v 12.013205 0.173666 2.001762
v 12.013205 0.196024 2.055740
v 12.013205 0.250001 2.078098
v 12.013205 0.303978 2.055740
v 12.013205 0.326336 2.001762
v 11.975914 0.291759 1.960004
v 12.050494 0.291759 1.960004
v 11.975914 0.250000 1.942706
v 12.050494 0.250000 1.942706
v 11.975914 0.208241 1.960004
v 12.050494 0.208241 1.960004
v 11.975914 0.190944 2.001762
v 12.050494 0.190944 2.001762
v 11.975914 0.208241 2.043521
v 12.050494 0.208241 2.043521
v 11.975914 0.250000 2.060818
v 12.050494 0.250000 2.060818
v 11.975914 0.291759 2.043521
v 12.050494 0.291759 2.043521
v 11.975914 0.309056 2.001762
v 12.050494 0.309056 2.001762
v 12.200000 0.000000 -0.998238
v 12.200000 0.800000 -0.998238
v 14.000000 -0.000000 -0.998238
v 14.000000 0.800000 -0.998238
v 12.200000 0.000000 1.001762
v 12.200000 0.800000 1.001762
v 14.000000 -0.000000 1.001762
v 14.000000 0.800000 1.001762
v 12.050000 1.000000 -0.998238
v 14.000000 1.000000 -0.998238
v 14.000000 1.000000 1.001762
v 12.050000 1.000000 1.001762
v 12.000000 0.950000 1.001762
v 12.000000 0.950000 -0.998238
v 12.000000 0.850000 1.001762
v 12.050000 0.800000 1.001762
v 12.050000 0.800000 -0.998238
v 12.000000 0.850000 -0.998238
v 12.090000 0.100000 -0.858237
v 12.050000 0.140000 -0.858237
v 12.090000 0.140000 -0.898237
v 12.050000 0.360000 -0.858237
v 12.090000 0.400000 -0.858237
v 12.090000 0.360000 -0.898237
v 12.250000 0.100000 -0.858237
v 12.250000 0.140000 -0.898237
v 12.250000 0.360000 -0.898237
v 12.250000 0.400000 -0.858237
v 12.090000 0.100000 0.861762
v 12.090000 0.140000 0.901763
v 12.050000 0.140000 0.861762
v 12.090000 0.400000 0.861762
v 12.050000 0.360000 0.861762
v 12.090000 0.360000 0.901763
v 12.250000 0.140000 0.901763
v 12.250000 0.100000 0.861762
v 12.250000 0.400000 0.861762
v 12.250000 0.360000 0.901763
v 12.050000 0.440000 -0.858237
v 12.090000 0.440000 -0.898237
v 12.050000 0.660000 -0.858237
v 12.090000 0.700000 -0.858237
v 12.090000 0.660000 -0.898237
v 12.250000 0.440000 -0.898237
v 12.250000 0.660000 -0.898237
v 12.250000 0.700000 -0.858237
v 12.090000 0.440000 0.901763
v 12.050000 0.440000 0.861762
v 12.090000 0.700000 0.861763
v 12.050000 0.660000 0.861763
v 12.090000 0.660000 0.901763
v 12.250000 0.440000 0.901763
v 12.250000 0.700000 0.861763
v 12.250000 0.660000 0.901763
v 11.958097 0.550000 0.001762
v 12.013205 0.603978 -0.052215
v 12.013205 0.550001 -0.074573
v 12.013205 0.496024 -0.052215
v 12.013205 0.473666 0.001762
v 12.013205 0.496024 0.055740
v 12.013205 0.550001 0.078098
v 12.013205 0.603978 0.055740
v 12.013205 0.626336 0.001762
v 11.975914 0.591759 -0.039996
v 12.050494 0.591759 -0.039996
v 11.975914 0.550000 -0.057293
v 12.050494 0.550000 -0.057293
v 11.975914 0.508241 -0.039996
v 12.050494 0.508241 -0.039996
v 11.975914 0.490944 0.001762
v 12.050494 0.490944 0.001762
v 11.975914 0.508241 0.043521
v 12.050494 0.508241 0.043521
v 11.975914 0.550000 0.060818
v 12.050494 0.550000 0.060818
v 11.975914 0.591759 0.043521
v 12.050494 0.591758 0.043521
v 11.975914 0.609056 0.001762
v 12.050494 0.609056 0.001762
v 11.958097 0.250000 0.001762
v 12.013205 0.303978 -0.052215
v 12.013205 0.250001 -0.074573
v 12.013205 0.196024 -0.052215
v 12.013205 0.173666 0.001762
v 12.013205 0.196024 0.055740
v 12.013205 0.250001 0.078098
v 12.013205 0.303978 0.055740
v 12.013205 0.326336 0.001762
v 11.975914 0.291759 -0.039996
v 12.050494 0.291759 -0.039996
v 11.975914 0.250000 -0.057294
v 12.050494 0.250000 -0.057294
v 11.975914 0.208241 -0.039996
v 12.050494 0.208241 -0.039996
v 11.975914 0.190944 0.001762
v 12.050494 0.190944 0.001762
v 11.975914 0.208241 0.043521
v 12.050494 0.208241 0.043521
v 11.975914 0.250000 0.060818
v 12.050494 0.250000 0.060818
v 11.975914 0.291759 0.043521
v 12.050494 0.291759 0.043521
v 11.975914 0.309056 0.001762
v 12.050494 0.309056 0.001762
v 12.200000 0.000000 -4.998237
v 12.200000 0.800000 -4.998237
v 14.000000 -0.000000 -4.998237
v 14.000000 0.800000 -4.998237
v 12.200000 0.000000 -2.998238
v 12.200000 0.800000 -2.998238
v 14.000000 -0.000000 -2.998238
v 14.000000 0.800000 -2.998238
v 12.050000 1.000000 -4.998237
v 14.000000 1.000000 -4.998237
v 14.000000 1.000000 -2.998238
v 12.050000 1.000000 -2.998238
v 12.000000 0.950000 -2.998238
v 12.000000 0.950000 -4.998237
v 12.000000 0.850000 -2.998238
v 12.050000 0.800000 -2.998238
v 12.050000 0.800000 -4.998237
v 12.000000 0.850000 -4.998237
v 12.090000 0.100000 -4.858237
v 12.050000 0.140000 -4.858237
v 12.090000 0.140000 -4.898238
v 12.050000 0.360000 -4.858237
v 12.090000 0.400000 -4.858237
v 12.090000 0.360000 -4.898238
v 12.250000 0.100000 -4.858237
v 12.250000 0.140000 -4.898238
v 12.250000 0.360000 -4.898238
v 12.250000 0.400000 -4.858237
v 12.090000 0.100000 -3.138238
v 12.090000 0.140000 -3.098237
v 12.050000 0.140000 -3.138238
v 12.090000 0.400000 -3.138238
v 12.050000 0.360000 -3.138238
v 12.090000 0.360000 -3.098237
v 12.250000 0.140000 -3.098237
v 12.250000 0.100000 -3.138238
v 12.250000 0.400000 -3.138238
v 12.250000 0.360000 -3.098237
v 12.050000 0.440000 -4.858237
v 12.090000 0.440000 -4.898238
v 12.050000 0.660000 -4.858237
v 12.090000 0.700000 -4.858237
v 12.090000 0.660000 -4.898238
v 12.250000 0.440000 -4.898238
v 12.250000 0.660000 -4.898238
v 12.250000 0.700000 -4.858237
v 12.090000 0.440000 -3.098237
v 12.050000 0.440000 -3.138238
v 12.090000 0.700000 -3.138237
v 12.050000 0.660000 -3.138237
v 12.090000 0.660000 -3.098237
v 12.250000 0.440000 -3.098237
v 12.250000 0.700000 -3.138237
v 12.250000 0.660000 -3.098237
v 11.958097 0.550000 -3.998238
v 12.013205 0.603978 -4.052215
v 12.013205 0.550001 -4.074573
v 12.013205 0.496024 -4.052215
v 12.013205 0.473666 -3.998238
v 12.013205 0.496024 -3.944260
v 12.013205 0.550001 -3.921902
v 12.013205 0.603978 -3.944260
v 12.013205 0.626336 -3.998238
v 11.975914 0.591759 -4.039996
v 12.050494 0.591759 -4.039996
v 11.975914 0.550000 -4.057293
v 12.050494 0.550000 -4.057293
v 11.975914 0.508241 -4.039996
v 12.050494 0.508241 -4.039996
v 11.975914 0.490944 -3.998238
v 12.050494 0.490944 -3.998238
v 11.975914 0.508241 -3.956479
v 12.050494 0.508241 -3.956479
v 11.975914 0.550000 -3.939182
v 12.050494 0.550000 -3.939182
v 11.975914 0.591759 -3.956479
v 12.050494 0.591758 -3.956479
v 11.975914 0.609056 -3.998238
v 12.050494 0.609056 -3.998238
v 11.958097 0.250000 -3.998238
v 12.013205 0.303978 -4.052215
v 12.013205 0.250001 -4.074573
v 12.013205 0.196024 -4.052215
v 12.013205 0.173666 -3.998238
v 12.013205 0.196024 -3.944260
v 12.013205 0.250001 -3.921902
v 12.013205 0.303978 -3.944260
v 12.013205 0.326336 -3.998238
v 11.975914 0.291759 -4.039996
v 12.050494 0.291759 -4.039996
v 11.975914 0.250000 -4.057294
v 12.050494 0.250000 -4.057294
v 11.975914 0.208241 -4.039996
v 12.050494 0.208241 -4.039996
v 11.975914 0.190944 -3.998238
v 12.050494 0.190944 -3.998238
v 11.975914 0.208241 -3.956479
v 12.050494 0.208241 -3.956479
v 11.975914 0.250000 -3.939182
v 12.050494 0.250000 -3.939182
v 11.975914 0.291759 -3.956479
v 12.050494 0.291759 -3.956479
v 11.975914 0.309056 -3.998238
v 12.050494 0.309056 -3.998238
v -12.200000 0.000000 3.001755
v -12.200000 0.800000 3.001755
v -14.000000 -0.000000 3.001755
v -14.000000 0.800000 3.001755
v -12.200000 0.000000 1.001755
v -12.200000 0.800000 1.001755
v -14.000000 -0.000000 1.001755
v -14.000000 0.800000 1.001755
v -12.050000 1.000000 3.001755
v -14.000000 1.000000 3.001755
v -14.000000 1.000000 1.001755
v -12.050000 1.000000 1.001755
v -12.000000 0.950000 1.001755
v -12.000000 0.950000 3.001755
v -12.000000 0.850000 1.001755
v -12.050000 0.800000 1.001755
v -12.050000 0.800000 3.001755
v -12.000000 0.850000 3.001755
v -12.090000 0.100000 2.861754
v -12.050000 0.140000 2.861754
v -12.090000 0.140000 2.901754
v -12.050000 0.360000 2.861754
v -12.090000 0.400000 2.861754
v -12.090000 0.360000 2.901754
v -12.250000 0.100000 2.861754
v -12.250000 0.140000 2.901754
v -12.250000 0.360000 2.901754
v -12.250000 0.400000 2.861754
v -12.090000 0.100000 1.141755
v -12.090000 0.140000 1.101754
v -12.050000 0.140000 1.141755
v -12.090000 0.400000 1.141755
v -12.050000 0.360000 1.141755
v -12.090000 0.360000 1.101754
v -12.250000 0.140000 1.101754
v -12.250000 0.100000 1.141755
v -12.250000 0.400000 1.141755
v -12.250000 0.360000 1.101754
v -12.050000 0.440000 2.861754
v -12.090000 0.440000 2.901754
v -12.050000 0.660000 2.861754
v -12.090000 0.700000 2.861754
v -12.090000 0.660000 2.901754
v -12.250000 0.440000 2.901754
v -12.250000 0.660000 2.901754
v -12.250000 0.700000 2.861754
v -12.090000 0.440000 1.101754
v -12.050000 0.440000 1.141755
v -12.090000 0.700000 1.141755
v -12.050000 0.660000 1.141755
v -12.090000 0.660000 1.101754
v -12.250000 0.440000 1.101754
v -12.250000 0.700000 1.141755
v -12.250000 0.660000 1.101754
v -11.958097 0.550000 2.001755
v -12.013205 0.603978 2.055732
v -12.013205 0.550001 2.078090
v -12.013205 0.496024 2.055732
v -12.013205 0.473666 2.001755
v -12.013205 0.496024 1.947778
v -12.013205 0.550001 1.925419
v -12.013205 0.603978 1.947778
v -12.013205 0.626336 2.001755
v -11.975914 0.591759 2.043513
v -12.050494 0.591758 2.043513
v -11.975914 0.550000 2.060811
v -12.050494 0.550000 2.060811
v -11.975914 0.508241 2.043513
v -12.050494 0.508241 2.043513
v -11.975914 0.490944 2.001755
v -12.050494 0.490944 2.001755
v -11.975914 0.508241 1.959996
v -12.050494 0.508241 1.959996
v -11.975914 0.550000 1.942699
v -12.050494 0.550000 1.942699
v -11.975914 0.591758 1.959996
v -12.050494 0.591758 1.959996
v -11.975914 0.609056 2.001755
v -12.050494 0.609056 2.001755
v -11.958097 0.250000 2.001755
v -12.013205 0.303978 2.055732
v -12.013205 0.250001 2.078090
v -12.013205 0.196024 2.055732
v -12.013205 0.173666 2.001755
v -12.013205 0.196024 1.947778
v -12.013205 0.250001 1.925419
v -12.013205 0.303978 1.947778
v -12.013205 0.326336 2.001755
v -11.975914 0.291759 2.043513
v -12.050494 0.291759 2.043513
v -11.975914 0.250000 2.060811
v -12.050494 0.250000 2.060811
v -11.975914 0.208241 2.043513
v -12.050494 0.208241 2.043513
v -11.975914 0.190944 2.001755
v -12.050494 0.190944 2.001755
v -11.975914 0.208241 1.959996
v -12.050494 0.208241 1.959996
v -11.975914 0.250000 1.942699
v -12.050494 0.250000 1.942699
v -11.975914 0.291759 1.959996
v -12.050494 0.291759 1.959996
v -11.975914 0.309056 2.001755
v -12.050494 0.309056 2.001755
v -12.200000 0.000000 5.001755
v -12.200000 0.800000 5.001755
v -14.000000 -0.000000 5.001755
v -14.000000 0.800000 5.001755
v -12.200000 0.000000 3.001755
v -12.200000 0.800000 3.001755
v -14.000000 -0.000000 3.001755
v -14.000000 0.800000 3.001755
v -12.050000 1.000000 5.001755
v -14.000000 1.000000 5.001755
v -14.000000 1.000000 3.001755
v -12.050000 1.000000 3.001755
v -12.000000 0.950000 3.001755
v -12.000000 0.950000 5.001755
v -12.000000 0.850000 3.001755
v -12.050000 0.800000 3.001755
v -12.050000 0.800000 5.001755
v -12.000000 0.850000 5.001755
v -12.090000 0.100000 4.861755
v -12.050000 0.140000 4.861755
v -12.090000 0.140000 4.901755
v -12.050000 0.360000 4.861755
v -12.090000 0.400000 4.861755
v -12.090000 0.360000 4.901755
v -12.250000 0.100000 4.861755
v -12.250000 0.140000 4.901755
v -12.250000 0.360000 4.901755
v -12.250000 0.400000 4.861755
v -12.090000 0.100000 3.141755
v -12.090000 0.140000 3.101754
v -12.050000 0.140000 3.141755
v -12.090000 0.400000 3.141755
v -12.050000 0.360000 3.141755
v -12.090000 0.360000 3.101754
v -12.250000 0.140000 3.101754
v -12.250000 0.100000 3.141755
v -12.250000 0.400000 3.141755
v -12.250000 0.360000 3.101754
v -12.050000 0.440000 4.861755
v -12.090000 0.440000 4.901755
v -12.050000 0.660000 4.861755
v -12.090000 0.700000 4.861755
v -12.090000 0.660000 4.901755
v -12.250000 0.440000 4.901755
v -12.250000 0.660000 4.901755
v -12.250000 0.700000 4.861755
v -12.090000 0.440000 3.101754
v -12.050000 0.440000 3.141755
v -12.090000 0.700000 3.141755
v -12.050000 0.660000 3.141755
v -12.090000 0.660000 3.101754
v -12.250000 0.440000 3.101754
v -12.250000 0.700000 3.141755
v -12.250000 0.660000 3.101754
v -11.958097 0.550000 4.001755
v -12.013205 0.603978 4.055732
v -12.013205 0.550001 4.078090
v -12.013205 0.496024 4.055731
v -12.013205 0.473666 4.001754
v -12.013205 0.496024 3.947777
v -12.013205 0.550001 3.925419
v -12.013205 0.603978 3.947777
v -12.013205 0.626336 4.001754
v -11.975914 0.591759 4.043514
v -12.050494 0.591758 4.043514
v -11.975914 0.550000 4.060811
v -12.050494 0.550000 4.060811
v -11.975914 0.508241 4.043514
v -12.050494 0.508241 4.043514
v -11.975914 0.490944 4.001755
v -12.050494 0.490944 4.001755
v -11.975914 0.508241 3.959996
v -12.050494 0.508241 3.959996
v -11.975914 0.550000 3.942699
v -12.050494 0.550000 3.942699
v -11.975914 0.591759 3.959996
v -12.050494 0.591759 3.959996
v -11.975914 0.609056 4.001755
v -12.050494 0.609056 4.001755
v -11.958097 0.250000 4.001755
v -12.013205 0.303978 4.055731
v -12.013205 0.250001 4.078090
v -12.013205 0.196024 4.055731
v -12.013205 0.173666 4.001754
v -12.013205 0.196024 3.947777
v -12.013205 0.250001 3.925419
v -12.013205 0.303978 3.947777
v -12.013205 0.326336 4.001754
v -11.975914 0.291759 4.043514
v -12.050494 0.291759 4.043514
v -11.975914 0.250000 4.060811
v -12.050494 0.250000 4.060811
v -11.975914 0.208241 4.043514
v -12.050494 0.208241 4.043514
v -11.975914 0.190944 4.001755
v -12.050494 0.190944 4.001755
v -11.975914 0.208241 3.959996
v -12.050494 0.208241 3.959996
v -11.975914 0.250000 3.942699
v -12.050494 0.250000 3.942699
v -11.975914 0.291759 3.959996
v -12.050494 0.291759 3.959996
v -11.975914 0.309056 4.001755
v -12.050494 0.309056 4.001755
v -12.200000 0.000000 -6.998244
v -12.200000 0.800000 -6.998244
v -14.000000 -0.000000 -6.998244
v -14.000000 0.800000 -6.998244
v -12.200000 0.000000 -8.998244
v -12.200000 0.800000 -8.998244
v -14.000000 -0.000000 -8.998244
v -14.000000 0.800000 -8.998244
v -12.050000 1.000000 -6.998244
v -14.000000 1.000000 -6.998244
v -14.000000 1.000000 -8.998244
v -12.050000 1.000000 -8.998244
v -12.000000 0.950000 -8.998244
v -12.000000 0.950000 -6.998244
v -12.000000 0.850000 -8.998244
v -12.050000 0.800000 -8.998244
v -12.050000 0.800000 -6.998244
v -12.000000 0.850000 -6.998244
v -12.090000 0.100000 -7.138244
v -12.050000 0.140000 -7.138244
v -12.090000 0.140000 -7.098245
v -12.050000 0.360000 -7.138244
v -12.090000 0.400000 -7.138244
v -12.090000 0.360000 -7.098245
v -12.250000 0.100000 -7.138244
v -12.250000 0.140000 -7.098245
v -12.250000 0.360000 -7.098245
v -12.250000 0.400000 -7.138244
v -12.090000 0.100000 -8.858245
v -12.090000 0.140000 -8.898244
v -12.050000 0.140000 -8.858245
v -12.090000 0.400000 -8.858245
v -12.050000 0.360000 -8.858245
v -12.090000 0.360000 -8.898244
v -12.250000 0.140000 -8.898244
v -12.250000 0.100000 -8.858245
v -12.250000 0.400000 -8.858245
v -12.250000 0.360000 -8.898244
v -12.050000 0.440000 -7.138244
v -12.090000 0.440000 -7.098245
v -12.050000 0.660000 -7.138244
v -12.090000 0.700000 -7.138244
v -12.090000 0.660000 -7.098245
v -12.250000 0.440000 -7.098245
v -12.250000 0.660000 -7.098245
v -12.250000 0.700000 -7.138244
v -12.090000 0.440000 -8.898244
v -12.050000 0.440000 -8.858245
v -12.090000 0.700000 -8.858245
v -12.050000 0.660000 -8.858245
v -12.090000 0.660000 -8.898244
v -12.250000 0.440000 -8.898244
v -12.250000 0.700000 -8.858245
v -12.250000 0.660000 -8.898244
v -11.958097 0.550000 -7.998244
v -12.013205 0.603978 -7.944268
v -12.013205 0.550001 -7.921910
v -12.013205 0.496024 -7.944268
v -12.013205 0.473666 -7.998244
v -12.013205 0.496024 -8.052222
v -12.013205 0.550001 -8.074580
v -12.013205 0.603978 -8.052222
v -12.013205 0.626336 -7.998244
v -11.975914 0.591759 -7.956485
v -12.050494 0.591758 -7.956485
v -11.975914 0.550000 -7.939189
v -12.050494 0.550000 -7.939189
v -11.975914 0.508241 -7.956485
v -12.050494 0.508241 -7.956485
v -11.975914 0.490944 -7.998244
v -12.050494 0.490944 -7.998244
v -11.975914 0.508241 -8.040002
v -12.050494 0.508241 -8.040002
v -11.975914 0.550000 -8.057300
v -12.050494 0.550000 -8.057300
v -11.975914 0.591759 -8.040002
v -12.050494 0.591759 -8.040002
v -11.975914 0.609056 -7.998244
v -12.050494 0.609056 -7.998244
v -11.958097 0.250000 -7.998244
v -12.013205 0.303978 -7.944268
v -12.013205 0.250001 -7.921910
v -12.013205 0.196024 -7.944268
v -12.013205 0.173666 -7.998244
v -12.013205 0.196024 -8.052222
v -12.013205 0.250001 -8.074580
v -12.013205 0.303978 -8.052222
v -12.013205 0.326336 -7.998244
v -11.975914 0.291759 -7.956485
v -12.050494 0.291759 -7.956485
v -11.975914 0.250000 -7.939189
v -12.050494 0.250000 -7.939189
v -11.975914 0.208241 -7.956485
v -12.050494 0.208241 -7.956485
v -11.975914 0.190944 -7.998244
v -12.050494 0.190944 -7.998244
v -11.975914 0.208241 -8.040002
v -12.050494 0.208241 -8.040002
v -11.975914 0.250000 -8.057300
v -12.050494 0.250000 -8.057300
v -11.975914 0.291759 -8.040002
v -12.050494 0.291758 -8.040002
v -11.975914 0.309056 -7.998244
v -12.050494 0.309056 -7.998244
v -12.200000 0.000000 -4.998244
v -12.200000 0.800000 -4.998244
v -14.000000 -0.000000 -4.998244
v -14.000000 0.800000 -4.998244
v -12.200000 0.000000 -6.998244
v -12.200000 0.800000 -6.998244
v -14.000000 -0.000000 -6.998244
v -14.000000 0.800000 -6.998244
v -12.050000 1.000000 -4.998244
v -14.000000 1.000000 -4.998244
v -14.000000 1.000000 -6.998244
v -12.050000 1.000000 -6.998244
v -12.000000 0.950000 -6.998244
v -12.000000 0.950000 -4.998244
v -12.000000 0.850000 -6.998244
v -12.050000 0.800000 -6.998244
v -12.050000 0.800000 -4.998244
v -12.000000 0.850000 -4.998244
v -12.090000 0.100000 -5.138244
v -12.050000 0.140000 -5.138244
v -12.090000 0.140000 -5.098245
v -12.050000 0.360000 -5.138244
v -12.090000 0.400000 -5.138244
v -12.090000 0.360000 -5.098245
v -12.250000 0.100000 -5.138244
v -12.250000 0.140000 -5.098245
v -12.250000 0.360000 -5.098245
v -12.250000 0.400000 -5.138244
v -12.090000 0.100000 -6.858245
v -12.090000 0.140000 -6.898244
v -12.050000 0.140000 -6.858245
v -12.090000 0.400000 -6.858245
v -12.050000 0.360000 -6.858245
v -12.090000 0.360000 -6.898244
v -12.250000 0.140000 -6.898244
v -12.250000 0.100000 -6.858245
v -12.250000 0.400000 -6.858245
v -12.250000 0.360000 -6.898244
v -12.050000 0.440000 -5.138244
v -12.090000 0.440000 -5.098245
v -12.050000 0.660000 -5.138244
v -12.090000 0.700000 -5.138244
v -12.090000 0.660000 -5.098245
v -12.250000 0.440000 -5.098245
v -12.250000 0.660000 -5.098245
v -12.250000 0.700000 -5.138244
v -12.090000 0.440000 -6.898244
v -12.050000 0.440000 -6.858245
v -12.090000 0.700000 -6.858245
v -12.050000 0.660000 -6.858245
v -12.090000 0.660000 -6.898244
v -12.250000 0.440000 -6.898244
v -12.250000 0.700000 -6.858245
v -12.250000 0.660000 -6.898244
v -11.958097 0.550000 -5.998244
v -12.013205 0.603978 -5.944268
v -12.013205 0.550001 -5.921910
v -12.013205 0.496024 -5.944268
v -12.013205 0.473666 -5.998244
v -12.013205 0.496024 -6.052222
v -12.013205 0.550001 -6.074580
v -12.013205 0.603978 -6.052222
v -12.013205 0.626336 -5.998244
v -11.975914 0.591759 -5.956485
v -12.050494 0.591758 -5.956485
v -11.975914 0.550000 -5.939189
v -12.050494 0.550000 -5.939189
v -11.975914 0.508241 -5.956485
v -12.050494 0.508241 -5.956485
v -11.975914 0.490944 -5.998244
v -12.050494 0.490944 -5.998244
v -11.975914 0.508241 -6.040002
v -12.050494 0.508241 -6.040002
v -11.975914 0.550000 -6.057300
v -12.050494 0.550000 -6.057300
v -11.975914 0.591759 -6.040002
v -12.050494 0.591759 -6.040002
v -11.975914 0.609056 -5.998244
v -12.050494 0.609056 -5.998244
v -11.958097 0.250000 -5.998244
v -12.013205 0.303978 -5.944268
v -12.013205 0.250001 -5.921910
v -12.013205 0.196024 -5.944268
v -12.013205 0.173666 -5.998244
v -12.013205 0.196024 -6.052222
v -12.013205 0.250001 -6.074580
v -12.013205 0.303978 -6.052222
v -12.013205 0.326336 -5.998244
v -11.975914 0.291759 -5.956485
v -12.050494 0.291759 -5.956485
v -11.975914 0.250000 -5.939189
v -12.050494 0.250000 -5.939189
v -11.975914 0.208241 -5.956485
v -12.050494 0.208241 -5.956485
v -11.975914 0.190944 -5.998244
v -12.050494 0.190944 -5.998244
v -11.975914 0.208241 -6.040002
v -12.050494 0.208241 -6.040002
v -11.975914 0.250000 -6.057300
v -12.050494 0.250000 -6.057300
v -11.975914 0.291759 -6.040002
v -12.050494 0.291759 -6.040002
v -11.975914 0.309056 -5.998244
v -12.050494 0.309056 -5.998244
v -12.200000 0.000000 -2.998245
v -12.200000 0.800000 -2.998245
v -14.000000 -0.000000 -2.998245
v -14.000000 0.800000 -2.998245
v -12.200000 0.000000 -4.998244
v -12.200000 0.800000 -4.998244
v -14.000000 -0.000000 -4.998244
v -14.000000 0.800000 -4.998244
v -12.050000 1.000000 -2.998245
v -14.000000 1.000000 -2.998245
v -14.000000 1.000000 -4.998244
v -12.050000 1.000000 -4.998244
v -12.000000 0.950000 -4.998244
v -12.000000 0.950000 -2.998245
v -12.000000 0.850000 -4.998244
v -12.050000 0.800000 -4.998244
v -12.050000 0.800000 -2.998245
v -12.000000 0.850000 -2.998245
v -12.090000 0.100000 -3.138246
v -12.050000 0.140000 -3.138246
v -12.090000 0.140000 -3.098246
v -12.050000 0.360000 -3.138246
v -12.090000 0.400000 -3.138246
v -12.090000 0.360000 -3.098246
v -12.250000 0.100000 -3.138246
v -12.250000 0.140000 -3.098246
v -12.250000 0.360000 -3.098246
v -12.250000 0.400000 -3.138246
v -12.090000 0.100000 -4.858245
v -12.090000 0.140000 -4.898246
v -12.050000 0.140000 -4.858245
v -12.090000 0.400000 -4.858245
v -12.050000 0.360000 -4.858245
v -12.090000 0.360000 -4.898246
v -12.250000 0.140000 -4.898246
v -12.250000 0.100000 -4.858245
v -12.250000 0.400000 -4.858245
v -12.250000 0.360000 -4.898246
v -12.050000 0.440000 -3.138246
v -12.090000 0.440000 -3.098246
v -12.050000 0.660000 -3.138246
v -12.090000 0.700000 -3.138246
v -12.090000 0.660000 -3.098246
v -12.250000 0.440000 -3.098246
v -12.250000 0.660000 -3.098246
v -12.250000 0.700000 -3.138246
v -12.090000 0.440000 -4.898246
v -12.050000 0.440000 -4.858245
v -12.090000 0.700000 -4.858245
v -12.050000 0.660000 -4.858245
v -12.090000 0.660000 -4.898246
v -12.250000 0.440000 -4.898246
v -12.250000 0.700000 -4.858245
v -12.250000 0.660000 -4.898246
v -11.958097 0.550000 -3.998245
v -12.013205 0.603978 -3.944268
v -12.013205 0.550001 -3.921910
v -12.013205 0.496024 -3.944268
v -12.013205 0.473666 -3.998245
v -12.013205 0.496024 -4.052222
v -12.013205 0.550001 -4.074581
v -12.013205 0.603978 -4.052222
v -12.013205 0.626336 -3.998245
v -11.975914 0.591759 -3.956487
v -12.050494 0.591758 -3.956487
v -11.975914 0.550000 -3.939189
v -12.050494 0.550000 -3.939189
v -11.975914 0.508241 -3.956487
v -12.050494 0.508241 -3.956487
v -11.975914 0.490944 -3.998245
v -12.050494 0.490944 -3.998245
v -11.975914 0.508241 -4.040004
v -12.050494 0.508241 -4.040004
v -11.975914 0.550000 -4.057301
v -12.050494 0.550000 -4.057301
v -11.975914 0.591759 -4.040004
v -12.050494 0.591759 -4.040004
v -11.975914 0.609056 -3.998245
v -12.050494 0.609056 -3.998245
v -11.958097 0.250000 -3.998245
v -12.013205 0.303978 -3.944268
v -12.013205 0.250001 -3.921910
v -12.013205 0.196024 -3.944268
v -12.013205 0.173666 -3.998245
v -12.013205 0.196024 -4.052222
v -12.013205 0.250001 -4.074581
v -12.013205 0.303978 -4.052222
v -12.013205 0.326336 -3.998245
v -11.975914 0.291759 -3.956487
v -12.050494 0.291759 -3.956487
v -11.975914 0.250000 -3.939189
v -12.050494 0.250000 -3.939189
v -11.975914 0.208241 -3.956487
v -12.050494 0.208241 -3.956487
v -11.975914 0.190944 -3.998245
v -12.050494 0.190944 -3.998245
v -11.975914 0.208241 -4.040004
v -12.050494 0.208241 -4.040004
v -11.975914 0.250000 -4.057301
v -12.050494 0.250000 -4.057301
v -11.975914 0.291759 -4.040004
v -12.050494 0.291759 -4.040004
v -11.975914 0.309056 -3.998245
v -12.050494 0.309056 -3.998245
v -12.200000 0.000000 1.001755
v -12.200000 0.800000 1.001755
v -14.000000 -0.000000 1.001755
v -14.000000 0.800000 1.001755
v -12.200000 0.000000 -0.998245
v -12.200000 0.800000 -0.998245
v -14.000000 -0.000000 -0.998245
v -14.000000 0.800000 -0.998245
v -12.050000 1.000000 1.001755
v -14.000000 1.000000 1.001755
v -14.000000 1.000000 -0.998245
v -12.050000 1.000000 -0.998245
v -12.000000 0.950000 -0.998245
v -12.000000 0.950000 1.001755
v -12.000000 0.850000 -0.998245
v -12.050000 0.800000 -0.998245
v -12.050000 0.800000 1.001755
v -12.000000 0.850000 1.001755
v -12.090000 0.100000 0.861754
v -12.050000 0.140000 0.861754
v -12.090000 0.140000 0.901754
v -12.050000 0.360000 0.861754
v -12.090000 0.400000 0.861754
v -12.090000 0.360000 0.901754
v -12.250000 0.100000 0.861754
v -12.250000 0.140000 0.901754
v -12.250000 0.360000 0.901754
v -12.250000 0.400000 0.861754
v -12.090000 0.100000 -0.858245
v -12.090000 0.140000 -0.898246
v -12.050000 0.140000 -0.858245
v -12.090000 0.400000 -0.858245
v -12.050000 0.360000 -0.858245
v -12.090000 0.360000 -0.898246
v -12.250000 0.140000 -0.898246
v -12.250000 0.100000 -0.858245
v -12.250000 0.400000 -0.858245
v -12.250000 0.360000 -0.898246
v -12.050000 0.440000 0.861754
v -12.090000 0.440000 0.901754
v -12.050000 0.660000 0.861754
v -12.090000 0.700000 0.861754
v -12.090000 0.660000 0.901754
v -12.250000 0.440000 0.901754
v -12.250000 0.660000 0.901754
v -12.250000 0.700000 0.861754
v -12.090000 0.440000 -0.898246
v -12.050000 0.440000 -0.858245
v -12.090000 0.700000 -0.858245
v -12.050000 0.660000 -0.858245
v -12.090000 0.660000 -0.898246
v -12.250000 0.440000 -0.898246
v -12.250000 0.700000 -0.858245
v -12.250000 0.660000 -0.898246
v -11.958097 0.550000 0.001755
v -12.013205 0.603978 0.055732
v -12.013205 0.550001 0.078090
v -12.013205 0.496024 0.055732
v -12.013205 0.473666 0.001755
v -12.013205 0.496024 -0.052222
v -12.013205 0.550001 -0.074581
v -12.013205 0.603978 -0.052222
v -12.013205 0.626336 0.001755
v -11.975914 0.591759 0.043513
v -12.050494 0.591758 0.043513
v -11.975914 0.550000 0.060811
v -12.050494 0.550000 0.060811
v -11.975914 0.508241 0.043513
v -12.050494 0.508241 0.043513
v -11.975914 0.490944 0.001755
v -12.050494 0.490944 0.001755
v -11.975914 0.508241 -0.040004
v -12.050494 0.508241 -0.040004
v -11.975914 0.550000 -0.057301
v -12.050494 0.550000 -0.057301
v -11.975914 0.591759 -0.040004
v -12.050494 0.591759 -0.040004
v -11.975914 0.609056 0.001755
v -12.050494 0.609056 0.001755
v -11.958097 0.250000 0.001755
v -12.013205 0.303978 0.055732
v -12.013205 0.250001 0.078090
v -12.013205 0.196024 0.055732
v -12.013205 0.173666 0.001755
v -12.013205 0.196024 -0.052222
v -12.013205 0.250001 -0.074581
v -12.013205 0.303978 -0.052222
v -12.013205 0.326336 0.001755
v -11.975914 0.291759 0.043513
v -12.050494 0.291759 0.043513
v -11.975914 0.250000 0.060811
v -12.050494 0.250000 0.060811
v -11.975914 0.208241 0.043513
v -12.050494 0.208241 0.043513
v -11.975914 0.190944 0.001755
v -12.050494 0.190944 0.001755
v -11.975914 0.208241 -0.040004
v -12.050494 0.208241 -0.040004
v -11.975914 0.250000 -0.057301
v -12.050494 0.250000 -0.057301
v -11.975914 0.291759 -0.040004
v -12.050494 0.291759 -0.040004
v -11.975914 0.309056 0.001755
v -12.050494 0.309056 0.001755
v 4.000000 0.000000 -9.198245
v 4.000000 0.800000 -9.198245
v 4.000000 -0.000000 -10.998244
v 4.000000 0.800000 -10.998244
v 6.000000 0.000000 -9.198245
v 6.000000 0.800000 -9.198245
v 6.000000 -0.000000 -10.998244
v 6.000000 0.800000 -10.998244
v 4.000000 1.000000 -9.048244
v 4.000000 1.000000 -10.998244
v 6.000000 1.000000 -10.998244
v 6.000000 1.000000 -9.048244
v 6.000000 0.950000 -8.998244
v 4.000000 0.950000 -8.998244
v 6.000000 0.850000 -8.998244
v 6.000000 0.800000 -9.048244
v 4.000000 0.800000 -9.048244
v 4.000000 0.850000 -8.998244
v 4.140000 0.100000 -9.088244
v 4.140000 0.140000 -9.048244
v 4.100000 0.140000 -9.088244
v 4.140000 0.360000 -9.048244
v 4.140000 0.400000 -9.088244
v 4.100000 0.360000 -9.088244
v 4.140000 0.100000 -9.248244
v 4.100000 0.140000 -9.248244
v 4.100000 0.360000 -9.248244
v 4.140000 0.400000 -9.248244
v 5.860000 0.100000 -9.088244
v 5.900000 0.140000 -9.088244
v 5.860000 0.140000 -9.048244
v 5.860000 0.400000 -9.088244
v 5.860000 0.360000 -9.048244
v 5.900000 0.360000 -9.088244
v 5.900000 0.140000 -9.248244
v 5.860000 0.100000 -9.248244
v 5.860000 0.400000 -9.248244
v 5.900000 0.360000 -9.248244
v 4.140000 0.440000 -9.048244
v 4.100000 0.440000 -9.088244
v 4.140000 0.660000 -9.048244
v 4.140000 0.700000 -9.088244
v 4.100000 0.660000 -9.088244
v 4.100000 0.440000 -9.248244
v 4.100000 0.660000 -9.248244
v 4.140000 0.700000 -9.248244
v 5.900000 0.440000 -9.088244
v 5.860000 0.440000 -9.048244
v 5.860000 0.700000 -9.088244
v 5.860000 0.660000 -9.048244
v 5.900000 0.660000 -9.088244
v 5.900000 0.440000 -9.248244
v 5.860000 0.700000 -9.248244
v 5.900000 0.660000 -9.248244
v 5.000000 0.550000 -8.956342
v 4.946023 0.603978 -9.011449
v 4.923665 0.550001 -9.011449
v 4.946023 0.496024 -9.011449
v 5.000000 0.473666 -9.011449
v 5.053977 0.496024 -9.011449
v 5.076335 0.550001 -9.011449
v 5.053977 0.603978 -9.011449
v 5.000000 0.626336 -9.011449
v 4.958241 0.591759 -8.974158
v 4.958241 0.591758 -9.048739
v 4.940944 0.550000 -8.974158
v 4.940944 0.550000 -9.048739
v 4.958241 0.508241 -8.974158
v 4.958241 0.508241 -9.048739
v 5.000000 0.490944 -8.974158
v 5.000000 0.490944 -9.048739
v 5.041759 0.508241 -8.974158
v 5.041759 0.508241 -9.048739
v 5.059055 0.550000 -8.974158
v 5.059055 0.550000 -9.048739
v 5.041759 0.591759 -8.974158
v 5.041759 0.591758 -9.048739
v 5.000000 0.609056 -8.974158
v 5.000000 0.609056 -9.048739
v 5.000000 0.250000 -8.956342
v 4.946023 0.303978 -9.011449
v 4.923665 0.250001 -9.011449
v 4.946023 0.196024 -9.011449
v 5.000000 0.173666 -9.011449
v 5.053977 0.196024 -9.011449
v 5.076335 0.250001 -9.011449
v 5.053977 0.303978 -9.011449
v 5.000000 0.326336 -9.011449
v 4.958241 0.291759 -8.974158
v 4.958241 0.291759 -9.048739
v 4.940944 0.250000 -8.974158
v 4.940944 0.250000 -9.048739
v 4.958241 0.208241 -8.974158
v 4.958241 0.208241 -9.048739
v 5.000000 0.190944 -8.974158
v 5.000000 0.190944 -9.048739
v 5.041759 0.208241 -8.974158
v 5.041759 0.208241 -9.048739
v 5.059055 0.250000 -8.974158
v 5.059055 0.250000 -9.048739
v 5.041759 0.291759 -8.974158
v 5.041759 0.291759 -9.048739
v 5.000000 0.309056 -8.974158
v 5.000000 0.309056 -9.048739
v 2.000000 0.000000 -9.198245
v 2.000000 0.800000 -9.198245
v 2.000000 -0.000000 -10.998244
v 2.000000 0.800000 -10.998244
v 4.000000 0.000000 -9.198245
v 4.000000 0.800000 -9.198245
v 4.000000 -0.000000 -10.998244
v 4.000000 0.800000 -10.998244
v 2.000000 1.000000 -9.048244
v 2.000000 1.000000 -10.998244
v 4.000000 1.000000 -10.998244
v 4.000000 1.000000 -9.048244
v 4.000000 0.950000 -8.998244
v 2.000000 0.950000 -8.998244
v 4.000000 0.850000 -8.998244
v 4.000000 0.800000 -9.048244
v 2.000000 0.800000 -9.048244
v 2.000000 0.850000 -8.998244
v 2.140000 0.100000 -9.088244
v 2.140000 0.140000 -9.048244
v 2.100000 0.140000 -9.088244
v 2.140000 0.360000 -9.048244
v 2.140000 0.400000 -9.088244
v 2.100000 0.360000 -9.088244
v 2.140000 0.100000 -9.248244
v 2.100000 0.140000 -9.248244
v 2.100000 0.360000 -9.248244
v 2.140000 0.400000 -9.248244
v 3.860000 0.100000 -9.088244
v 3.900000 0.140000 -9.088244
v 3.860000 0.140000 -9.048244
v 3.860000 0.400000 -9.088244
v 3.860000 0.360000 -9.048244
v 3.900000 0.360000 -9.088244
v 3.900000 0.140000 -9.248244
v 3.860000 0.100000 -9.248244
v 3.860000 0.400000 -9.248244
v 3.900000 0.360000 -9.248244
v 2.140000 0.440000 -9.048244
v 2.100000 0.440000 -9.088244
v 2.140000 0.660000 -9.048244
v 2.140000 0.700000 -9.088244
v 2.100000 0.660000 -9.088244
v 2.100000 0.440000 -9.248244
v 2.100000 0.660000 -9.248244
v 2.140000 0.700000 -9.248244
v 3.900000 0.440000 -9.088244
v 3.860000 0.440000 -9.048244
v 3.860000 0.700000 -9.088244
v 3.860000 0.660000 -9.048244
v 3.900000 0.660000 -9.088244
v 3.900000 0.440000 -9.248244
v 3.860000 0.700000 -9.248244
v 3.900000 0.660000 -9.248244
v 3.000000 0.550000 -8.956342
v 2.946023 0.603978 -9.011449
v 2.923665 0.550001 -9.011449
v 2.946023 0.496024 -9.011449
v 3.000000 0.473666 -9.011449
v 3.053977 0.496024 -9.011449
v 3.076335 0.550001 -9.011449
v 3.053977 0.603978 -9.011449
v 3.000000 0.626336 -9.011449
v 2.958241 0.591759 -8.974158
v 2.958241 0.591758 -9.048739
v 2.940944 0.550000 -8.974158
v 2.940944 0.550000 -9.048739
v 2.958241 0.508241 -8.974158
v 2.958241 0.508241 -9.048739
v 3.000000 0.490944 -8.974158
v 3.000000 0.490944 -9.048739
v 3.041759 0.508241 -8.974158
v 3.041759 0.508241 -9.048739
v 3.059056 0.550000 -8.974158
v 3.059056 0.550000 -9.048739
v 3.041759 0.591759 -8.974158
v 3.041759 0.591758 -9.048739
v 3.000000 0.609056 -8.974158
v 3.000000 0.609056 -9.048739
v 3.000000 0.250000 -8.956342
v 2.946023 0.303978 -9.011449
v 2.923665 0.250001 -9.011449
v 2.946023 0.196024 -9.011449
v 3.000000 0.173666 -9.011449
v 3.053977 0.196024 -9.011449
v 3.076335 0.250001 -9.011449
v 3.053977 0.303978 -9.011449
v 3.000000 0.326336 -9.011449
v 2.958241 0.291759 -8.974158
v 2.958241 0.291759 -9.048739
v 2.940944 0.250000 -8.974158
v 2.940944 0.250000 -9.048739
v 2.958241 0.208241 -8.974158
v 2.958241 0.208241 -9.048739
v 3.000000 0.190944 -8.974158
v 3.000000 0.190944 -9.048739
v 3.041759 0.208241 -8.974158
v 3.041759 0.208241 -9.048739
v 3.059056 0.250000 -8.974158
v 3.059056 0.250000 -9.048739
v 3.041759 0.291759 -8.974158
v 3.041759 0.291759 -9.048739
v 3.000000 0.309056 -8.974158
v 3.000000 0.309056 -9.048739
v -4.000000 0.000000 -9.198245
v -4.000000 0.800000 -9.198245
v -4.000000 -0.000000 -10.998244
v -4.000000 0.800000 -10.998244
v -2.000000 0.000000 -9.198245
v -2.000000 0.800000 -9.198245
v -2.000000 -0.000000 -10.998244
v -2.000000 0.800000 -10.998244
v -4.000000 1.000000 -9.048244
v -4.000000 1.000000 -10.998244
v -2.000000 1.000000 -10.998244
v -2.000000 1.000000 -9.048244
v -2.000000 0.950000 -8.998244
v -4.000000 0.950000 -8.998244
v -2.000000 0.850000 -8.998244
v -2.000000 0.800000 -9.048244
v -4.000000 0.800000 -9.048244
v -4.000000 0.850000 -8.998244
v -3.860000 0.100000 -9.088244
v -3.860000 0.140000 -9.048244
v -3.900000 0.140000 -9.088244
v -3.860000 0.360000 -9.048244
v -3.860000 0.400000 -9.088244
v -3.900000 0.360000 -9.088244
v -3.860000 0.100000 -9.248244
v -3.900000 0.140000 -9.248244
v -3.900000 0.360000 -9.248244
v -3.860000 0.400000 -9.248244
v -2.140000 0.100000 -9.088244
v -2.100000 0.140000 -9.088244
v -2.140000 0.140000 -9.048244
v -2.140000 0.400000 -9.088244
v -2.140000 0.360000 -9.048244
v -2.100000 0.360000 -9.088244
v -2.100000 0.140000 -9.248244
v -2.140000 0.100000 -9.248244
v -2.140000 0.400000 -9.248244
v -2.100000 0.360000 -9.248244
v -3.860000 0.440000 -9.048244
v -3.900000 0.440000 -9.088244
v -3.860000 0.660000 -9.048244
v -3.860000 0.700000 -9.088244
v -3.900000 0.660000 -9.088244
v -3.900000 0.440000 -9.248244
v -3.900000 0.660000 -9.248244
v -3.860000 0.700000 -9.248244
v -2.100000 0.440000 -9.088244
v -2.140000 0.440000 -9.048244
v -2.140000 0.700000 -9.088244
v -2.140000 0.660000 -9.048244
v -2.100000 0.660000 -9.088244
v -2.100000 0.440000 -9.248244
v -2.140000 0.700000 -9.248244
v -2.100000 0.660000 -9.248244
v -3.000000 0.550000 -8.956342
v -3.053977 0.603978 -9.011449
v -3.076335 0.550001 -9.011449
v -3.053977 0.496024 -9.011449
v -3.000000 0.473666 -9.011449
v -2.946023 0.496024 -9.011449
v -2.923665 0.550001 -9.011449
v -2.946023 0.603978 -9.011449
v -3.000000 0.626336 -9.011449
v -3.041759 0.591759 -8.974158
v -3.041759 0.591758 -9.048739
v -3.059056 0.550000 -8.974158
v -3.059056 0.550000 -9.048739
v -3.041759 0.508241 -8.974158
v -3.041759 0.508241 -9.048739
v -3.000000 0.490944 -8.974158
v -3.000000 0.490944 -9.048739
v -2.958241 0.508241 -8.974158
v -2.958241 0.508241 -9.048739
v -2.940944 0.550000 -8.974158
v -2.940944 0.550000 -9.048739
v -2.958241 0.591759 -8.974158
v -2.958241 0.591758 -9.048739
v -3.000000 0.609056 -8.974158
v -3.000000 0.609056 -9.048739
v -3.000000 0.250000 -8.956342
v -3.053977 0.303978 -9.011449
v -3.076335 0.250001 -9.011449
v -3.053977 0.196024 -9.011449
v -3.000000 0.173666 -9.011449
v -2.946023 0.196024 -9.011449
v -2.923665 0.250001 -9.011449
v -2.946023 0.303978 -9.011449
v -3.000000 0.326336 -9.011449
v -3.041759 0.291759 -8.974158
v -3.041759 0.291759 -9.048739
v -3.059056 0.250000 -8.974158
v -3.059056 0.250000 -9.048739
v -3.041759 0.208241 -8.974158
v -3.041759 0.208241 -9.048739
v -3.000000 0.190944 -8.974158
v -3.000000 0.190944 -9.048739
v -2.958241 0.208241 -8.974158
v -2.958241 0.208241 -9.048739
v -2.940944 0.250000 -8.974158
v -2.940944 0.250000 -9.048739
v -2.958241 0.291759 -8.974158
v -2.958241 0.291759 -9.048739
v -3.000000 0.309056 -8.974158
v -3.000000 0.309056 -9.048739
v -6.000000 0.000000 -9.198245
v -6.000000 0.800000 -9.198245
v -6.000000 -0.000000 -10.998244
v -6.000000 0.800000 -10.998244
v -4.000000 0.000000 -9.198245
v -4.000000 0.800000 -9.198245
v -4.000000 -0.000000 -10.998244
v -4.000000 0.800000 -10.998244
v -6.000000 1.000000 -9.048244
v -6.000000 1.000000 -10.998244
v -4.000000 1.000000 -10.998244
v -4.000000 1.000000 -9.048244
v -4.000000 0.950000 -8.998244
v -6.000000 0.950000 -8.998244
v -4.000000 0.850000 -8.998244
v -4.000000 0.800000 -9.048244
v -6.000000 0.800000 -9.048244
v -6.000000 0.850000 -8.998244
v -5.860000 0.100000 -9.088244
v -5.860000 0.140000 -9.048244
v -5.900000 0.140000 -9.088244
v -5.860000 0.360000 -9.048244
v -5.860000 0.400000 -9.088244
v -5.900000 0.360000 -9.088244
v -5.860000 0.100000 -9.248244
v -5.900000 0.140000 -9.248244
v -5.900000 0.360000 -9.248244
v -5.860000 0.400000 -9.248244
v -4.140000 0.100000 -9.088244
v -4.100000 0.140000 -9.088244
v -4.140000 0.140000 -9.048244
v -4.140000 0.400000 -9.088244
v -4.140000 0.360000 -9.048244
v -4.100000 0.360000 -9.088244
v -4.100000 0.140000 -9.248244
v -4.140000 0.100000 -9.248244
v -4.140000 0.400000 -9.248244
v -4.100000 0.360000 -9.248244
v -5.860000 0.440000 -9.048244
v -5.900000 0.440000 -9.088244
v -5.860000 0.660000 -9.048244
v -5.860000 0.700000 -9.088244
v -5.900000 0.660000 -9.088244
v -5.900000 0.440000 -9.248244
v -5.900000 0.660000 -9.248244
v -5.860000 0.700000 -9.248244
v -4.100000 0.440000 -9.088244
v -4.140000 0.440000 -9.048244
v -4.140000 0.700000 -9.088244
v -4.140000 0.660000 -9.048244
v -4.100000 0.660000 -9.088244
v -4.100000 0.440000 -9.248244
v -4.140000 0.700000 -9.248244
v -4.100000 0.660000 -9.248244
v -5.000000 0.550000 -8.956342
v -5.053977 0.603978 -9.011449
v -5.076335 0.550001 -9.011449
v -5.053977 0.496024 -9.011449
v -5.000000 0.473666 -9.011449
v -4.946023 0.496024 -9.011449
v -4.923665 0.550001 -9.011449
v -4.946023 0.603978 -9.011449
v -5.000000 0.626336 -9.011449
v -5.041759 0.591759 -8.974158
v -5.041759 0.591758 -9.048739
v -5.059056 0.550000 -8.974158
v -5.059056 0.550000 -9.048739
v -5.041759 0.508241 -8.974158
v -5.041759 0.508241 -9.048739
v -5.000000 0.490944 -8.974158
v -5.000000 0.490944 -9.048739
v -4.958241 0.508241 -8.974158
v -4.958241 0.508241 -9.048739
v -4.940945 0.550000 -8.974158
v -4.940945 0.550000 -9.048739
v -4.958241 0.591759 -8.974158
v -4.958241 0.591758 -9.048739
v -5.000000 0.609056 -8.974158
v -5.000000 0.609056 -9.048739
v -5.000000 0.250000 -8.956342
v -5.053977 0.303978 -9.011449
v -5.076335 0.250001 -9.011449
v -5.053977 0.196024 -9.011449
v -5.000000 0.173666 -9.011449
v -4.946023 0.196024 -9.011449
v -4.923665 0.250001 -9.011449
v -4.946023 0.303978 -9.011449
v -5.000000 0.326336 -9.011449
v -5.041759 0.291759 -8.974158
v -5.041759 0.291759 -9.048739
v -5.059056 0.250000 -8.974158
v -5.059056 0.250000 -9.048739
v -5.041759 0.208241 -8.974158
v -5.041759 0.208241 -9.048739
v -5.000000 0.190944 -8.974158
v -5.000000 0.190944 -9.048739
v -4.958241 0.208241 -8.974158
v -4.958241 0.208241 -9.048739
v -4.940945 0.250000 -8.974158
v -4.940945 0.250000 -9.048739
v -4.958241 0.291759 -8.974158
v -4.958241 0.291759 -9.048739
v -5.000000 0.309056 -8.974158
v -5.000000 0.309056 -9.048739
v 12.000000 0.000000 -10.798249
v 12.000000 0.800000 -10.798247
v 12.000000 -0.000000 -8.998248
v 12.000000 0.800000 -8.998248
v 14.000000 -0.000000 -8.998248
v 14.000000 0.800000 -8.998248
v 12.000000 1.000000 -10.948249
v 12.000000 1.000000 -8.998248
v 14.000000 1.000000 -8.998248
v 14.000000 1.000000 -10.998248
v 12.050000 1.000000 -10.998248
v 12.200001 0.800000 -10.998248
v 12.200001 0.000000 -10.998248
v 12.200001 0.000000 -10.798249
v 12.200001 0.800000 -10.798247
v 14.000000 0.000000 -10.998248
v 14.000000 0.800000 -10.998248
v 12.000000 0.850000 -10.998248
v 12.000000 0.800000 -10.948249
v 12.050000 0.800000 -10.998248
v 12.000000 0.950000 -10.998248
v -12.000000 0.000000 -9.198249
v -12.000000 0.800000 -9.198249
v -12.000000 -0.000000 -10.998248
v -12.000000 0.800000 -10.998248
v -14.000000 -0.000000 -10.998248
v -14.000000 0.800000 -10.998248
v -12.000000 1.000000 -9.048247
v -12.000000 1.000000 -10.998248
v -14.000000 1.000000 -10.998248
v -14.000000 1.000000 -8.998248
v -12.050000 1.000000 -8.998248
v -12.200000 0.800000 -8.998248
v -12.200000 0.000000 -8.998248
v -12.200000 0.000000 -9.198249
v -12.200000 0.800000 -9.198249
v -14.000000 0.000000 -8.998248
v -14.000000 0.800000 -8.998248
v -12.000000 0.850000 -8.998248
v -12.000000 0.800000 -9.048247
v -12.050000 0.800000 -8.998248
v -12.000000 0.950000 -8.998248
v -9.818143 2.000000 -10.788455
v -10.000000 2.500000 -10.970313
v -6.181857 2.000000 -10.788455
v -6.000000 2.500000 -10.970313
v -9.500000 3.000000 -10.970313
v -6.500000 3.000000 -10.970313
v -9.252152 2.368652 -9.614984
v -9.184503 2.301002 -9.614984
v -9.184503 2.205331 -9.614984
v -9.252152 2.137682 -9.614984
v -9.347823 2.137682 -9.614984
v -9.415473 2.205331 -9.614984
v -9.415473 2.301002 -9.614984
v -9.347823 2.368652 -9.614984
v -9.258624 2.353026 -9.399316
v -9.252152 2.368652 -9.419316
v -9.200128 2.294530 -9.399316
v -9.184503 2.301002 -9.419316
v -9.200128 2.211803 -9.399316
v -9.184503 2.205331 -9.419316
v -9.258624 2.153307 -9.399316
v -9.252152 2.137682 -9.419316
v -9.341352 2.153307 -9.399316
v -9.347823 2.137682 -9.419316
v -9.399848 2.211803 -9.399316
v -9.415473 2.205331 -9.419316
v -9.399848 2.294530 -9.399316
v -9.415473 2.301002 -9.419316
v -9.341352 2.353026 -9.399316
v -9.347823 2.368652 -9.419316
v -9.275646 2.323459 -9.361445
v -9.324329 2.323459 -9.361445
v -9.324329 2.182874 -9.361445
v -9.275646 2.182874 -9.361445
v -9.652162 2.368652 -9.614984
v -9.584512 2.301002 -9.614984
v -9.584512 2.205331 -9.614984
v -9.652162 2.137682 -9.614984
v -9.747832 2.137682 -9.614984
v -9.815482 2.205331 -9.614984
v -9.815482 2.301002 -9.614984
v -9.747832 2.368652 -9.614984
v -9.658633 2.353026 -9.399316
v -9.652162 2.368652 -9.419316
v -9.600137 2.294530 -9.399316
v -9.584512 2.301002 -9.419316
v -9.600137 2.211803 -9.399316
v -9.584512 2.205331 -9.419316
v -9.658633 2.153307 -9.399316
v -9.652162 2.137682 -9.419316
v -9.741361 2.153307 -9.399316
v -9.747832 2.137682 -9.419316
v -9.799857 2.211803 -9.399316
v -9.815482 2.205331 -9.419316
v -9.799857 2.294530 -9.399316
v -9.815482 2.301002 -9.419316
v -9.741361 2.353026 -9.399316
v -9.747832 2.368652 -9.419316
v -9.675655 2.323459 -9.361445
v -9.724339 2.323459 -9.361445
v -9.724339 2.182874 -9.361445
v -9.675655 2.182874 -9.361445
v -10.000000 2.200000 -10.970313
v -10.000000 2.300000 -10.970313
v -9.900000 2.250000 -10.970313
v -6.000000 2.200000 -10.970313
v -6.000000 2.300000 -10.970313
v -6.100000 2.250000 -10.970313
v -9.778610 2.100000 -10.761003
v -6.221390 2.100000 -10.761003
v -10.000000 2.030000 -10.970313
v -9.970000 2.000000 -10.940312
v -6.000000 2.030000 -10.970313
v -6.030000 2.000000 -10.940312
v -9.800777 2.000000 -9.669337
v -10.000000 2.500000 -9.503942
v -9.966292 2.500000 -9.470313
v -6.199223 2.000000 -9.669337
v -6.033708 2.500000 -9.470313
v -6.000000 2.500000 -9.503942
v -9.466564 3.000000 -9.970313
v -9.500000 3.000000 -10.003680
v -6.500000 3.000000 -10.003680
v -6.533436 3.000000 -9.970313
v -9.966043 2.300000 -9.470313
v -10.000000 2.300000 -9.504178
v -10.000000 2.200000 -9.504600
v -9.965546 2.200000 -9.470313
v -9.900000 2.250000 -9.604625
v -9.865562 2.250000 -9.570313
v -6.034454 2.200000 -9.470313
v -6.000000 2.200000 -9.504600
v -6.000000 2.300000 -9.504178
v -6.033957 2.300000 -9.470313
v -6.134438 2.250000 -9.570313
v -6.100000 2.250000 -9.604625
v -9.761296 2.100000 -9.696725
v -6.238704 2.100000 -9.696725
v -9.952609 2.000000 -9.517566
v -9.965487 2.030000 -9.470313
v -10.000000 2.030000 -9.504622
v -6.000000 2.030000 -9.504622
v -6.034513 2.030000 -9.470313
v -6.047391 2.000000 -9.517566
v -9.500000 4.058439 -10.971974
v -6.500000 4.058439 -10.971974
v -6.500000 4.059292 -10.003551
v -6.533304 4.059292 -9.970313
v -9.466696 4.059292 -9.970313
v -9.500000 4.059292 -10.003551
v -9.350996 4.212105 -10.976960
v -6.649004 4.212105 -10.976960
v -9.349004 4.298709 -10.976960
v -6.650996 4.298709 -10.976960
v -6.500000 4.415472 -10.976960
v -6.533304 4.448709 -10.976960
v -9.466696 4.448709 -10.976960
v -9.500000 4.415472 -10.976960
v -12.450000 2.900000 -10.359998
v -12.500000 2.900000 -10.409999
v -12.450000 3.100000 -10.359998
v -12.450000 3.150000 -10.409999
v -12.500000 3.100000 -10.409999
v -12.500000 2.900000 -10.909999
v -12.450000 2.900000 -10.959998
v -12.450000 3.150000 -10.909999
v -12.450000 3.100000 -10.959998
v -12.500000 3.100000 -10.909999
v -10.500000 2.900000 -10.409999
v -10.550000 2.900000 -10.359998
v -10.550000 3.150000 -10.409999
v -10.550000 3.100000 -10.359998
v -10.500000 3.100000 -10.409999
v -10.550000 2.900000 -10.959998
v -10.500000 2.900000 -10.909999
v -10.550000 3.150000 -10.909999
v -10.500000 3.100000 -10.909999
v -10.550000 3.100000 -10.959998
v -10.800000 2.451478 -10.434724
v -10.800000 2.569992 -10.402968
v -10.800000 2.364719 -10.521483
v -10.800000 2.332963 -10.639998
v -10.800000 2.364719 -10.758512
v -10.800000 2.451478 -10.845271
v -10.800000 2.569992 -10.877027
v -10.800000 2.688507 -10.845271
v -10.800000 2.775265 -10.758512
v -10.800000 2.807021 -10.639998
v -10.800000 2.775265 -10.521483
v -10.800000 2.688507 -10.434724
v -10.800000 2.523894 -10.560153
v -10.800000 2.569992 -10.547801
v -10.800000 2.490148 -10.593900
v -10.800000 2.477796 -10.639998
v -10.800000 2.490148 -10.686095
v -10.800000 2.523894 -10.719842
v -10.800000 2.569992 -10.732194
v -10.800000 2.616090 -10.719842
v -10.800000 2.649837 -10.686095
v -10.800000 2.662189 -10.639998
v -10.800000 2.649837 -10.593900
v -10.800000 2.616090 -10.560153
v -10.832637 2.569992 -10.903043
v -10.832637 2.701515 -10.867803
v -10.832637 2.306946 -10.639998
v -10.832637 2.342188 -10.771520
v -10.832637 2.797796 -10.508475
v -10.832637 2.701515 -10.412192
v -10.832637 2.569992 -10.376952
v -10.832637 2.438469 -10.412192
v -10.832637 2.797796 -10.771520
v -10.832637 2.438469 -10.867803
v -10.832637 2.342188 -10.508475
v -10.832637 2.833038 -10.639998
v -10.700000 2.523894 -10.560153
v -10.700000 2.569992 -10.547801
v -10.700000 2.490148 -10.593900
v -10.700000 2.477796 -10.639998
v -10.700000 2.490148 -10.686095
v -10.700000 2.523894 -10.719842
v -10.700000 2.569992 -10.732194
v -10.700000 2.616090 -10.719842
v -10.700000 2.649837 -10.686095
v -10.700000 2.662189 -10.639998
v -10.700000 2.649837 -10.593900
v -10.700000 2.616090 -10.560153
v -12.200000 2.451478 -10.434724
v -12.200000 2.569992 -10.402968
v -12.200000 2.364719 -10.521483
v -12.200000 2.332963 -10.639998
v -12.200000 2.364719 -10.758512
v -12.200000 2.451477 -10.845271
v -12.200000 2.569992 -10.877027
v -12.200000 2.688507 -10.845271
v -12.200000 2.775265 -10.758512
v -12.200000 2.807021 -10.639998
v -12.200000 2.775265 -10.521483
v -12.200000 2.688507 -10.434724
v -12.200000 2.523894 -10.560153
v -12.200000 2.569992 -10.547801
v -12.200000 2.490148 -10.593900
v -12.200000 2.477796 -10.639998
v -12.200000 2.490148 -10.686095
v -12.200000 2.523894 -10.719842
v -12.200000 2.569992 -10.732194
v -12.200000 2.616090 -10.719842
v -12.200000 2.649837 -10.686095
v -12.200000 2.662188 -10.639998
v -12.200000 2.649837 -10.593900
v -12.200000 2.616090 -10.560153
v -12.167363 2.569992 -10.903043
v -12.167363 2.701515 -10.867803
v -12.167363 2.306946 -10.639998
v -12.167363 2.342188 -10.771520
v -12.167363 2.797796 -10.508475
v -12.167363 2.701515 -10.412192
v -12.167363 2.569992 -10.376952
v -12.167363 2.438469 -10.412192
v -12.167363 2.797796 -10.771520
v -12.167363 2.438469 -10.867803
v -12.167363 2.342188 -10.508475
v -12.167363 2.833038 -10.639998
v -12.300000 2.523894 -10.560153
v -12.300000 2.569992 -10.547801
v -12.300000 2.490148 -10.593900
v -12.300000 2.477796 -10.639998
v -12.300000 2.490148 -10.686095
v -12.300000 2.523894 -10.719842
v -12.300000 2.569992 -10.732194
v -12.300000 2.616090 -10.719842
v -12.300000 2.649837 -10.686095
v -12.300000 2.662188 -10.639998
v -12.300000 2.649836 -10.593900
v -12.300000 2.616090 -10.560153
v -10.832637 2.090328 -10.771520
v -10.832637 2.090328 -10.867803
v -12.167363 2.090328 -10.771520
v -12.167363 2.090328 -10.867803
v -10.722727 2.850000 -10.909999
v -12.277273 2.850000 -10.909999
v -12.277273 2.900000 -10.959998
v -10.722727 2.900000 -10.959998
v -12.277273 3.150000 -10.909999
v -10.722727 3.150000 -10.909999
v -10.722727 3.100000 -10.959998
v -12.277273 3.100000 -10.959998
v -12.277273 2.850000 -10.409999
v -10.722727 2.850000 -10.409999
v -10.722727 2.900000 -10.359998
v -12.277273 2.900000 -10.359998
v -10.722727 3.150000 -10.409999
v -12.277273 3.150000 -10.409999
v -12.277273 3.100000 -10.359998
v -10.722727 3.100000 -10.359998
v -12.500000 2.450000 -10.609998
v -12.450000 2.400000 -10.609998
v -12.450000 2.450000 -10.559999
v -12.450000 2.450000 -10.959998
v -12.450000 2.400000 -10.909999
v -12.500000 2.450000 -10.909999
v -10.550000 2.450000 -10.559999
v -10.550000 2.400000 -10.609998
v -10.500000 2.450000 -10.609998
v -10.500000 2.450000 -10.909999
v -10.550000 2.400000 -10.909999
v -10.550000 2.450000 -10.959998
v -12.277273 2.400000 -10.909999
v -10.722727 2.450000 -10.959998
v -10.722727 2.400000 -10.609998
v -12.277273 2.450000 -10.559999
v -10.722727 2.400000 -10.909999
v -12.277273 2.450000 -10.959998
v -12.277273 2.400000 -10.609998
v -10.722727 2.450000 -10.559999
v -10.716745 3.550039 -10.814935
v -10.829697 3.700039 -10.643977
v -10.646399 3.550039 -10.735557
v -10.625167 3.550039 -10.631639
v -10.658738 3.550039 -10.531026
v -10.738118 3.550039 -10.460679
v -10.842036 3.550039 -10.439448
v -10.942648 3.550039 -10.473020
v -11.012995 3.550039 -10.552400
v -11.034226 3.550039 -10.656318
v -11.000655 3.550039 -10.756928
v -10.921275 3.550039 -10.827275
v -10.817357 3.550039 -10.848508
v -10.829697 3.150039 -10.643977
v -10.691885 3.490356 -10.852563
v -10.673688 3.350039 -10.880105
v -10.691885 3.209722 -10.852563
v -10.814641 3.209722 -10.893523
v -10.812653 3.350039 -10.926475
v -10.814641 3.490356 -10.893523
v -10.606055 3.490356 -10.755712
v -10.576526 3.350039 -10.770465
v -10.606055 3.209722 -10.755712
v -10.621111 3.490356 -10.506166
v -10.593569 3.350039 -10.487969
v -10.621111 3.209722 -10.506166
v -10.580151 3.209722 -10.628922
v -10.547199 3.350039 -10.626933
v -10.580151 3.490356 -10.628922
v -10.941431 3.209722 -10.867618
v -10.956184 3.350039 -10.897149
v -10.941431 3.490356 -10.867618
v -11.038282 3.209722 -10.781789
v -11.065825 3.350039 -10.799987
v -11.038282 3.490356 -10.781789
v -11.079243 3.209722 -10.659034
v -11.112193 3.350039 -10.661021
v -11.079243 3.490356 -10.659034
v -11.053338 3.209722 -10.532243
v -11.082868 3.350039 -10.517489
v -11.053338 3.490356 -10.532243
v -10.967508 3.209722 -10.435391
v -10.985705 3.350039 -10.407849
v -10.967508 3.490356 -10.435391
v -10.844752 3.209722 -10.394431
v -10.846740 3.350039 -10.361480
v -10.844752 3.490356 -10.394431
v -10.717962 3.209722 -10.420337
v -10.703208 3.350039 -10.390807
v -10.717962 3.490356 -10.420337
v -10.697582 3.590665 -10.843940
v -10.697582 3.659413 -10.843940
v -10.615301 3.659413 -10.751092
v -10.615301 3.590665 -10.751092
v -10.590467 3.659413 -10.629544
v -10.590467 3.590665 -10.629544
v -10.629735 3.659413 -10.511863
v -10.629735 3.590665 -10.511863
v -10.722582 3.659413 -10.429582
v -10.722582 3.590665 -10.429582
v -10.844130 3.659413 -10.404748
v -10.844130 3.590665 -10.404748
v -10.961810 3.659413 -10.444015
v -10.961810 3.590665 -10.444015
v -11.044091 3.659413 -10.536862
v -11.044091 3.590665 -10.536862
v -11.068926 3.659413 -10.658410
v -11.068926 3.590665 -10.658410
v -11.029658 3.659413 -10.776092
v -11.029658 3.590665 -10.776092
v -10.936811 3.659413 -10.858373
v -10.936811 3.590665 -10.858373
v -10.815264 3.659413 -10.883206
v -10.815264 3.590665 -10.883206
v -10.646399 3.700039 -10.735557
v -10.716745 3.700039 -10.814935
v -10.625167 3.700039 -10.631639
v -10.658738 3.700039 -10.531026
v -10.738118 3.700039 -10.460679
v -10.842036 3.700039 -10.439448
v -10.942648 3.700039 -10.473020
v -11.012995 3.700039 -10.552400
v -11.034226 3.700039 -10.656318
v -11.000655 3.700039 -10.756928
v -10.921275 3.700039 -10.827275
v -10.817357 3.700039 -10.848508
v -10.716745 3.150039 -10.814935
v -10.646399 3.150039 -10.735557
v -10.625167 3.150039 -10.631639
v -10.658738 3.150039 -10.531026
v -10.738118 3.150039 -10.460679
v -10.842036 3.150039 -10.439448
v -10.942648 3.150039 -10.473020
v -11.012995 3.150039 -10.552400
v -11.034226 3.150039 -10.656318
v -11.000655 3.150039 -10.756928
v -10.921275 3.150039 -10.827275
v -10.817357 3.150039 -10.848508
v -12.155951 3.650039 -10.788190
v -12.148197 3.800039 -10.583434
v -12.052535 3.650039 -10.764634
v -11.974751 3.650039 -10.692527
v -11.943442 3.650039 -10.591187
v -11.966998 3.650039 -10.487771
v -12.039105 3.650039 -10.409987
v -12.140444 3.650039 -10.378678
v -12.243860 3.650039 -10.402234
v -12.321644 3.650039 -10.474341
v -12.352953 3.650039 -10.575681
v -12.329397 3.650039 -10.679097
v -12.257290 3.650039 -10.756881
v -12.148197 3.150039 -10.583434
v -12.157658 3.590356 -10.833255
v -12.157658 3.209722 -10.833255
v -12.281301 3.209722 -10.795054
v -12.281301 3.590356 -10.795054
v -12.031480 3.590356 -10.804515
v -12.031480 3.209722 -10.804515
v -11.898376 3.590356 -10.592895
v -11.898376 3.209722 -10.592895
v -11.936576 3.209722 -10.716537
v -11.936576 3.590356 -10.716537
v -12.369279 3.209722 -10.700152
v -12.369279 3.590356 -10.700152
v -12.398018 3.209722 -10.573974
v -12.398018 3.590356 -10.573974
v -12.310066 3.314553 -10.404208
v -12.310066 3.520002 -10.404208
v -12.264915 3.314553 -10.362353
v -12.264915 3.520002 -10.362353
v -12.138738 3.314553 -10.333613
v -12.138738 3.520002 -10.333613
v -12.015095 3.314553 -10.371814
v -12.015095 3.520002 -10.371814
v -11.973238 3.314553 -10.416965
v -11.973238 3.520002 -10.416965
v -12.157267 3.690665 -10.822927
v -12.157267 3.759413 -10.822927
v -12.036305 3.759413 -10.795375
v -12.036305 3.690665 -10.795375
v -11.945326 3.759413 -10.711034
v -11.945326 3.690665 -10.711034
v -11.908705 3.759413 -10.592504
v -11.908705 3.690665 -10.592504
v -11.936256 3.759413 -10.471541
v -11.936256 3.690665 -10.471541
v -12.020597 3.759413 -10.380563
v -12.020597 3.690665 -10.380563
v -12.139129 3.759413 -10.343942
v -12.139129 3.690665 -10.343942
v -12.260090 3.759413 -10.371493
v -12.260090 3.690665 -10.371493
v -12.351069 3.759413 -10.455834
v -12.351069 3.690665 -10.455834
v -12.387690 3.759413 -10.574365
v -12.387690 3.690665 -10.574365
v -12.360139 3.759413 -10.695327
v -12.360139 3.690665 -10.695327
v -12.275798 3.759413 -10.786305
v -12.275798 3.690665 -10.786305
v -12.052535 3.800039 -10.764634
v -12.155951 3.800039 -10.788190
v -11.974751 3.800039 -10.692527
v -11.943442 3.800039 -10.591187
v -11.966998 3.800039 -10.487771
v -12.039105 3.800039 -10.409987
v -12.140444 3.800039 -10.378678
v -12.243860 3.800039 -10.402234
v -12.321644 3.800039 -10.474341
v -12.352953 3.800039 -10.575681
v -12.329397 3.800039 -10.679097
v -12.257290 3.800039 -10.756881
v -12.155951 3.150039 -10.788190
v -12.052535 3.150039 -10.764634
v -11.974751 3.150039 -10.692527
v -11.943442 3.150039 -10.591187
v -11.966998 3.150039 -10.487771
v -12.039105 3.150039 -10.409987
v -12.140444 3.150039 -10.378678
v -12.243860 3.150039 -10.402234
v -12.321644 3.150039 -10.474341
v -12.352953 3.150039 -10.575681
v -12.329397 3.150039 -10.679097
v -12.257290 3.150039 -10.756881
v -12.359818 3.209722 -10.450332
v -12.359818 3.590356 -10.450332
v -11.927116 3.209722 -10.466716
v -11.927116 3.590356 -10.466716
v -12.015095 3.590356 -10.371814
v -12.015095 3.209722 -10.371814
v -12.138738 3.590356 -10.333613
v -12.138738 3.209722 -10.333613
v -12.264915 3.590356 -10.362353
v -12.264915 3.209722 -10.362353
v -11.613691 3.473269 -10.877448
v -11.673462 3.623269 -10.681457
v -11.523705 3.473269 -10.821303
v -11.473845 3.473269 -10.727689
v -11.477472 3.473269 -10.621686
v -11.533615 3.473269 -10.531699
v -11.627231 3.473269 -10.481839
v -11.733233 3.473269 -10.485467
v -11.823220 3.473269 -10.541610
v -11.873080 3.473269 -10.635224
v -11.869452 3.473269 -10.741227
v -11.813310 3.473269 -10.831216
v -11.719694 3.473269 -10.881074
v -11.673462 3.150039 -10.681457
v -11.600536 3.413586 -10.920585
v -11.600536 3.209722 -10.920585
v -11.729870 3.209722 -10.925010
v -11.729870 3.413586 -10.925010
v -11.490743 3.413586 -10.852084
v -11.490743 3.209722 -10.852084
v -11.434335 3.413586 -10.608531
v -11.434335 3.209722 -10.608531
v -11.429909 3.209722 -10.737864
v -11.429909 3.413586 -10.737864
v -11.844090 3.209722 -10.864177
v -11.844090 3.413586 -10.864177
v -11.912589 3.209722 -10.754382
v -11.912589 3.413586 -10.754382
v -11.917015 3.209722 -10.625049
v -11.917015 3.413586 -10.625049
v -11.856182 3.209722 -10.510829
v -11.856182 3.413586 -10.510829
v -11.746388 3.209722 -10.442330
v -11.746388 3.413586 -10.442330
v -11.617055 3.209722 -10.437903
v -11.617055 3.413586 -10.437903
v -11.502835 3.209722 -10.498738
v -11.502835 3.413586 -10.498738
v -11.603551 3.513895 -10.910697
v -11.603551 3.582643 -10.910697
v -11.498297 3.582643 -10.845029
v -11.498297 3.513895 -10.845029
v -11.439979 3.582643 -10.735532
v -11.439979 3.513895 -10.735532
v -11.444221 3.582643 -10.611547
v -11.444221 3.513895 -10.611547
v -11.509890 3.582643 -10.506291
v -11.509890 3.513895 -10.506291
v -11.619387 3.582643 -10.447972
v -11.619387 3.513895 -10.447972
v -11.743373 3.582643 -10.452216
v -11.743373 3.513895 -10.452216
v -11.848627 3.582643 -10.517884
v -11.848627 3.513895 -10.517884
v -11.906946 3.582643 -10.627381
v -11.906946 3.513895 -10.627381
v -11.902703 3.582643 -10.751369
v -11.902703 3.513895 -10.751369
v -11.837035 3.582643 -10.856622
v -11.837035 3.513895 -10.856622
v -11.727538 3.582643 -10.914941
v -11.727538 3.513895 -10.914941
v -11.523705 3.623269 -10.821303
v -11.613691 3.623269 -10.877448
v -11.473845 3.623269 -10.727689
v -11.477472 3.623269 -10.621686
v -11.533615 3.623269 -10.531699
v -11.627231 3.623269 -10.481839
v -11.733233 3.623269 -10.485467
v -11.823220 3.623269 -10.541610
v -11.873080 3.623269 -10.635224
v -11.869452 3.623269 -10.741227
v -11.813310 3.623269 -10.831216
v -11.719694 3.623269 -10.881074
v -11.613691 3.150039 -10.877448
v -11.523705 3.150039 -10.821303
v -11.473845 3.150039 -10.727689
v -11.477472 3.150039 -10.621686
v -11.533615 3.150039 -10.531699
v -11.627231 3.150039 -10.481839
v -11.733233 3.150039 -10.485467
v -11.823220 3.150039 -10.541610
v -11.873080 3.150039 -10.635224
v -11.869452 3.150039 -10.741227
v -11.813310 3.150039 -10.831216
v -11.719694 3.150039 -10.881074
v 12.200000 0.000000 7.001762
v 12.200000 0.800000 7.001762
v 14.000000 -0.000000 7.001762
v 14.000000 0.800000 7.001762
v 12.200000 0.000000 9.001762
v 12.200000 0.800000 9.001762
v 14.000000 -0.000000 9.001762
v 14.000000 0.800000 9.001762
v 12.050000 1.000000 7.001762
v 14.000000 1.000000 7.001762
v 14.000000 1.000000 9.001762
v 12.050000 1.000000 9.001762
v 12.000000 0.950000 9.001762
v 12.000000 0.950000 7.001762
v 12.000000 0.850000 9.001762
v 12.050000 0.800000 9.001762
v 12.050000 0.800000 7.001762
v 12.000000 0.850000 7.001762
v 12.090000 0.100000 7.141762
v 12.050000 0.140000 7.141762
v 12.090000 0.140000 7.101762
v 12.050000 0.360000 7.141762
v 12.090000 0.400000 7.141762
v 12.090000 0.360000 7.101762
v 12.250000 0.100000 7.141762
v 12.250000 0.140000 7.101762
v 12.250000 0.360000 7.101762
v 12.250000 0.400000 7.141762
v 12.090000 0.100000 8.861763
v 12.090000 0.140000 8.901762
v 12.050000 0.140000 8.861763
v 12.090000 0.400000 8.861763
v 12.050000 0.360000 8.861763
v 12.090000 0.360000 8.901762
v 12.250000 0.140000 8.901762
v 12.250000 0.100000 8.861763
v 12.250000 0.400000 8.861763
v 12.250000 0.360000 8.901762
v 12.050000 0.440000 7.141762
v 12.090000 0.440000 7.101762
v 12.050000 0.660000 7.141763
v 12.090000 0.700000 7.141763
v 12.090000 0.660000 7.101763
v 12.250000 0.440000 7.101762
v 12.250000 0.660000 7.101763
v 12.250000 0.700000 7.141763
v 12.090000 0.440000 8.901762
v 12.050000 0.440000 8.861763
v 12.090000 0.700000 8.861763
v 12.050000 0.660000 8.861763
v 12.090000 0.660000 8.901763
v 12.250000 0.440000 8.901762
v 12.250000 0.700000 8.861763
v 12.250000 0.660000 8.901763
v 11.958097 0.550000 8.001762
v 12.013205 0.603978 7.947786
v 12.013205 0.550001 7.925427
v 12.013205 0.496024 7.947786
v 12.013205 0.473666 8.001762
v 12.013205 0.496024 8.055740
v 12.013205 0.550001 8.078098
v 12.013205 0.603978 8.055740
v 12.013205 0.626336 8.001762
v 11.975914 0.591759 7.960004
v 12.050494 0.591759 7.960004
v 11.975914 0.550000 7.942707
v 12.050494 0.550000 7.942707
v 11.975914 0.508241 7.960004
v 12.050494 0.508241 7.960004
v 11.975914 0.490944 8.001762
v 12.050494 0.490944 8.001762
v 11.975914 0.508241 8.043521
v 12.050494 0.508241 8.043521
v 11.975914 0.550000 8.060818
v 12.050494 0.550000 8.060818
v 11.975914 0.591759 8.043521
v 12.050494 0.591758 8.043521
v 11.975914 0.609056 8.001762
v 12.050494 0.609056 8.001762
v 11.958097 0.250000 8.001762
v 12.013205 0.303978 7.947785
v 12.013205 0.250001 7.925427
v 12.013205 0.196024 7.947785
v 12.013205 0.173666 8.001762
v 12.013205 0.196024 8.055740
v 12.013205 0.250001 8.078098
v 12.013205 0.303978 8.055740
v 12.013205 0.326336 8.001762
v 11.975914 0.291759 7.960004
v 12.050494 0.291759 7.960004
v 11.975914 0.250000 7.942707
v 12.050494 0.250000 7.942707
v 11.975914 0.208241 7.960004
v 12.050494 0.208241 7.960004
v 11.975914 0.190944 8.001762
v 12.050494 0.190944 8.001762
v 11.975914 0.208241 8.043521
v 12.050494 0.208241 8.043521
v 11.975914 0.250000 8.060818
v 12.050494 0.250000 8.060818
v 11.975914 0.291759 8.043521
v 12.050494 0.291759 8.043521
v 11.975914 0.309056 8.001762
v 12.050494 0.309056 8.001762
v 12.200000 0.000000 5.001762
v 12.200000 0.800000 5.001762
v 14.000000 -0.000000 5.001762
v 14.000000 0.800000 5.001762
v 12.200000 0.000000 7.001762
v 12.200000 0.800000 7.001762
v 14.000000 -0.000000 7.001762
v 14.000000 0.800000 7.001762
v 12.050000 1.000000 5.001762
v 14.000000 1.000000 5.001762
v 14.000000 1.000000 7.001762
v 12.050000 1.000000 7.001762
v 12.000000 0.950000 7.001762
v 12.000000 0.950000 5.001762
v 12.000000 0.850000 7.001762
v 12.050000 0.800000 7.001762
v 12.050000 0.800000 5.001762
v 12.000000 0.850000 5.001762
v 12.090000 0.100000 5.141762
v 12.050000 0.140000 5.141762
v 12.090000 0.140000 5.101762
v 12.050000 0.360000 5.141762
v 12.090000 0.400000 5.141762
v 12.090000 0.360000 5.101762
v 12.250000 0.100000 5.141762
v 12.250000 0.140000 5.101762
v 12.250000 0.360000 5.101762
v 12.250000 0.400000 5.141762
v 12.090000 0.100000 6.861763
v 12.090000 0.140000 6.901762
v 12.050000 0.140000 6.861763
v 12.090000 0.400000 6.861763
v 12.050000 0.360000 6.861763
v 12.090000 0.360000 6.901762
v 12.250000 0.140000 6.901762
v 12.250000 0.100000 6.861763
v 12.250000 0.400000 6.861763
v 12.250000 0.360000 6.901762
v 12.050000 0.440000 5.141762
v 12.090000 0.440000 5.101762
v 12.050000 0.660000 5.141763
v 12.090000 0.700000 5.141763
v 12.090000 0.660000 5.101763
v 12.250000 0.440000 5.101762
v 12.250000 0.660000 5.101763
v 12.250000 0.700000 5.141763
v 12.090000 0.440000 6.901762
v 12.050000 0.440000 6.861763
v 12.090000 0.700000 6.861763
v 12.050000 0.660000 6.861763
v 12.090000 0.660000 6.901762
v 12.250000 0.440000 6.901762
v 12.250000 0.700000 6.861763
v 12.250000 0.660000 6.901762
v 11.958097 0.550000 6.001762
v 12.013205 0.603978 5.947786
v 12.013205 0.550001 5.925428
v 12.013205 0.496024 5.947786
v 12.013205 0.473666 6.001763
v 12.013205 0.496024 6.055740
v 12.013205 0.550001 6.078098
v 12.013205 0.603978 6.055740
v 12.013205 0.626336 6.001763
v 11.975914 0.591758 5.960004
v 12.050494 0.591758 5.960004
v 11.975914 0.550000 5.942707
v 12.050494 0.550000 5.942707
v 11.975914 0.508241 5.960004
v 12.050494 0.508241 5.960004
v 11.975914 0.490944 6.001762
v 12.050494 0.490944 6.001762
v 11.975914 0.508241 6.043521
v 12.050494 0.508241 6.043521
v 11.975914 0.550000 6.060818
v 12.050494 0.550000 6.060818
v 11.975914 0.591759 6.043521
v 12.050494 0.591758 6.043521
v 11.975914 0.609056 6.001762
v 12.050494 0.609056 6.001762
v 11.958097 0.250000 6.001762
v 12.013205 0.303978 5.947786
v 12.013205 0.250001 5.925428
v 12.013205 0.196024 5.947786
v 12.013205 0.173666 6.001763
v 12.013205 0.196024 6.055740
v 12.013205 0.250001 6.078098
v 12.013205 0.303978 6.055740
v 12.013205 0.326336 6.001763
v 11.975914 0.291759 5.960004
v 12.050494 0.291759 5.960004
v 11.975914 0.250000 5.942707
v 12.050494 0.250000 5.942707
v 11.975914 0.208241 5.960003
v 12.050494 0.208241 5.960003
v 11.975914 0.190944 6.001762
v 12.050494 0.190944 6.001762
v 11.975914 0.208241 6.043521
v 12.050494 0.208241 6.043521
v 11.975914 0.250000 6.060818
v 12.050494 0.250000 6.060818
v 11.975914 0.291759 6.043521
v 12.050494 0.291759 6.043521
v 11.975914 0.309056 6.001762
v 12.050494 0.309056 6.001762
v -12.200000 0.000000 7.001755
v -12.200000 0.800000 7.001755
v -14.000000 -0.000000 7.001755
v -14.000000 0.800000 7.001755
v -12.200000 0.000000 5.001755
v -12.200000 0.800000 5.001755
v -14.000000 -0.000000 5.001755
v -14.000000 0.800000 5.001755
v -12.050000 1.000000 7.001755
v -14.000000 1.000000 7.001755
v -14.000000 1.000000 5.001755
v -12.050000 1.000000 5.001755
v -12.000000 0.950000 5.001755
v -12.000000 0.950000 7.001755
v -12.000000 0.850000 5.001755
v -12.050000 0.800000 5.001755
v -12.050000 0.800000 7.001755
v -12.000000 0.850000 7.001755
v -12.090000 0.100000 6.861755
v -12.050000 0.140000 6.861755
v -12.090000 0.140000 6.901755
v -12.050000 0.360000 6.861755
v -12.090000 0.400000 6.861755
v -12.090000 0.360000 6.901755
v -12.250000 0.100000 6.861755
v -12.250000 0.140000 6.901755
v -12.250000 0.360000 6.901755
v -12.250000 0.400000 6.861755
v -12.090000 0.100000 5.141755
v -12.090000 0.140000 5.101755
v -12.050000 0.140000 5.141755
v -12.090000 0.400000 5.141755
v -12.050000 0.360000 5.141755
v -12.090000 0.360000 5.101755
v -12.250000 0.140000 5.101755
v -12.250000 0.100000 5.141755
v -12.250000 0.400000 5.141755
v -12.250000 0.360000 5.101755
v -12.050000 0.440000 6.861755
v -12.090000 0.440000 6.901755
v -12.050000 0.660000 6.861755
v -12.090000 0.700000 6.861755
v -12.090000 0.660000 6.901755
v -12.250000 0.440000 6.901755
v -12.250000 0.660000 6.901755
v -12.250000 0.700000 6.861755
v -12.090000 0.440000 5.101755
v -12.050000 0.440000 5.141755
v -12.090000 0.700000 5.141755
v -12.050000 0.660000 5.141755
v -12.090000 0.660000 5.101755
v -12.250000 0.440000 5.101755
v -12.250000 0.700000 5.141755
v -12.250000 0.660000 5.101755
v -11.958097 0.550000 6.001755
v -12.013205 0.603978 6.055732
v -12.013205 0.550001 6.078090
v -12.013205 0.496024 6.055731
v -12.013205 0.473666 6.001754
v -12.013205 0.496024 5.947777
v -12.013205 0.550001 5.925419
v -12.013205 0.603978 5.947777
v -12.013205 0.626336 6.001754
v -11.975914 0.591759 6.043514
v -12.050494 0.591758 6.043514
v -11.975914 0.550000 6.060811
v -12.050494 0.550000 6.060811
v -11.975914 0.508241 6.043514
v -12.050494 0.508241 6.043514
v -11.975914 0.490944 6.001755
v -12.050494 0.490944 6.001755
v -11.975914 0.508241 5.959996
v -12.050494 0.508241 5.959996
v -11.975914 0.550000 5.942699
v -12.050494 0.550000 5.942699
v -11.975914 0.591758 5.959996
v -12.050494 0.591758 5.959996
v -11.975914 0.609056 6.001755
v -12.050494 0.609056 6.001755
v -11.958097 0.250000 6.001755
v -12.013205 0.303978 6.055731
v -12.013205 0.250001 6.078090
v -12.013205 0.196024 6.055731
v -12.013205 0.173666 6.001754
v -12.013205 0.196024 5.947777
v -12.013205 0.250001 5.925419
v -12.013205 0.303978 5.947777
v -12.013205 0.326336 6.001754
v -11.975914 0.291759 6.043514
v -12.050494 0.291759 6.043514
v -11.975914 0.250000 6.060811
v -12.050494 0.250000 6.060811
v -11.975914 0.208241 6.043514
v -12.050494 0.208241 6.043514
v -11.975914 0.190944 6.001755
v -12.050494 0.190944 6.001755
v -11.975914 0.208241 5.959996
v -12.050494 0.208241 5.959996
v -11.975914 0.250000 5.942699
v -12.050494 0.250000 5.942699
v -11.975914 0.291759 5.959996
v -12.050494 0.291759 5.959996
v -11.975914 0.309056 6.001755
v -12.050494 0.309056 6.001755
v -12.200000 0.000000 9.001755
v -12.200000 0.800000 9.001755
v -14.000000 -0.000000 9.001755
v -14.000000 0.800000 9.001755
v -12.200000 0.000000 7.001755
v -12.200000 0.800000 7.001755
v -14.000000 -0.000000 7.001755
v -14.000000 0.800000 7.001755
v -12.050000 1.000000 9.001755
v -14.000000 1.000000 9.001755
v -14.000000 1.000000 7.001755
v -12.050000 1.000000 7.001755
v -12.000000 0.950000 7.001755
v -12.000000 0.950000 9.001755
v -12.000000 0.850000 7.001755
v -12.050000 0.800000 7.001755
v -12.050000 0.800000 9.001755
v -12.000000 0.850000 9.001755
v -12.090000 0.100000 8.861754
v -12.050000 0.140000 8.861754
v -12.090000 0.140000 8.901754
v -12.050000 0.360000 8.861755
v -12.090000 0.400000 8.861755
v -12.090000 0.360000 8.901754
v -12.250000 0.100000 8.861754
v -12.250000 0.140000 8.901754
v -12.250000 0.360000 8.901754
v -12.250000 0.400000 8.861755
v -12.090000 0.100000 7.141755
v -12.090000 0.140000 7.101755
v -12.050000 0.140000 7.141755
v -12.090000 0.400000 7.141755
v -12.050000 0.360000 7.141755
v -12.090000 0.360000 7.101755
v -12.250000 0.140000 7.101755
v -12.250000 0.100000 7.141755
v -12.250000 0.400000 7.141755
v -12.250000 0.360000 7.101755
v -12.050000 0.440000 8.861755
v -12.090000 0.440000 8.901754
v -12.050000 0.660000 8.861755
v -12.090000 0.700000 8.861755
v -12.090000 0.660000 8.901754
v -12.250000 0.440000 8.901754
v -12.250000 0.660000 8.901754
v -12.250000 0.700000 8.861755
v -12.090000 0.440000 7.101755
v -12.050000 0.440000 7.141755
v -12.090000 0.700000 7.141755
v -12.050000 0.660000 7.141755
v -12.090000 0.660000 7.101755
v -12.250000 0.440000 7.101755
v -12.250000 0.700000 7.141755
v -12.250000 0.660000 7.101755
v -11.958097 0.550000 8.001755
v -12.013205 0.603978 8.055732
v -12.013205 0.550001 8.078090
v -12.013205 0.496024 8.055732
v -12.013205 0.473666 8.001755
v -12.013205 0.496024 7.947777
v -12.013205 0.550001 7.925419
v -12.013205 0.603978 7.947777
v -12.013205 0.626336 8.001755
v -11.975914 0.591759 8.043513
v -12.050494 0.591758 8.043513
v -11.975914 0.550000 8.060810
v -12.050494 0.550000 8.060810
v -11.975914 0.508241 8.043513
v -12.050494 0.508241 8.043513
v -11.975914 0.490944 8.001755
v -12.050494 0.490944 8.001755
v -11.975914 0.508241 7.959996
v -12.050494 0.508241 7.959996
v -11.975914 0.550000 7.942699
v -12.050494 0.550000 7.942699
v -11.975914 0.591759 7.959996
v -12.050494 0.591759 7.959996
v -11.975914 0.609056 8.001755
v -12.050494 0.609056 8.001755
v -11.958097 0.250000 8.001755
v -12.013205 0.303978 8.055732
v -12.013205 0.250001 8.078090
v -12.013205 0.196024 8.055732
v -12.013205 0.173666 8.001755
v -12.013205 0.196024 7.947777
v -12.013205 0.250001 7.925419
v -12.013205 0.303978 7.947777
v -12.013205 0.326336 8.001755
v -11.975914 0.291759 8.043513
v -12.050494 0.291759 8.043513
v -11.975914 0.250000 8.060810
v -12.050494 0.250000 8.060810
v -11.975914 0.208241 8.043513
v -12.050494 0.208241 8.043513
v -11.975914 0.190944 8.001755
v -12.050494 0.190944 8.001755
v -11.975914 0.208241 7.959996
v -12.050494 0.208241 7.959996
v -11.975914 0.250000 7.942699
v -12.050494 0.250000 7.942699
v -11.975914 0.291759 7.959996
v -12.050494 0.291759 7.959996
v -11.975914 0.309056 8.001755
v -12.050494 0.309056 8.001755
v -12.000000 0.000000 9.201750
v -12.000000 0.800000 9.201751
v -11.999999 -0.000000 11.001750
v -11.999999 0.800000 11.001751
v -13.999999 -0.000000 11.001752
v -13.999999 0.800000 11.001752
v -12.000001 1.000000 9.051750
v -11.999999 1.000000 11.001751
v -13.999999 1.000000 11.001752
v -14.000001 1.000000 9.001752
v -12.050000 1.000000 9.001751
v -12.200001 0.800000 9.001751
v -12.200001 0.000000 9.001751
v -12.200001 0.000000 9.201751
v -12.200001 0.800000 9.201751
v -14.000001 0.000000 9.001751
v -14.000001 0.800000 9.001751
v -12.000001 0.850000 9.001750
v -12.000001 0.800000 9.051750
v -12.050000 0.800000 9.001751
v -12.000001 0.950000 9.001751
v 12.000000 0.000000 10.801751
v 12.000000 0.800000 10.801751
v 12.000000 -0.000000 9.001751
v 12.000000 0.800000 9.001751
v 14.000000 -0.000000 9.001751
v 14.000000 0.800000 9.001751
v 12.000000 1.000000 10.951751
v 12.000000 1.000000 9.001751
v 14.000000 1.000000 9.001751
v 14.000000 1.000000 11.001751
v 12.050000 1.000000 11.001751
v 12.200000 0.800000 11.001751
v 12.200000 0.000000 11.001751
v 12.200000 0.000000 10.801751
v 12.200000 0.800000 10.801751
v 14.000000 0.000000 11.001751
v 14.000000 0.800000 11.001751
v 12.000000 0.850000 11.001751
v 12.000000 0.800000 10.951751
v 12.050000 0.800000 11.001751
v 12.000000 0.950000 11.001751
v -3.162151 0.100000 0.001926
v -3.162151 1.220000 -0.325673
v -3.088407 0.100000 -0.005337
v -3.152319 1.220000 -0.326642
v -3.017497 0.100000 -0.026847
v -3.142864 1.220000 -0.329510
v -2.952146 0.100000 -0.061778
v -3.134151 1.220000 -0.334167
v -2.894865 0.100000 -0.108788
v -3.126513 1.220000 -0.340435
v -2.847856 0.100000 -0.166068
v -3.120245 1.220000 -0.348072
v -2.812925 0.100000 -0.231420
v -3.115588 1.220000 -0.356786
v -2.791414 0.100000 -0.302329
v -3.112720 1.220000 -0.366241
v -2.784151 0.100000 -0.376074
v -3.111751 1.220000 -0.376073
v -2.791414 0.100000 -0.449818
v -3.112720 1.220000 -0.385906
v -2.812925 0.100000 -0.520728
v -3.115588 1.220000 -0.395361
v -2.847856 0.100000 -0.586079
v -3.120245 1.220000 -0.404074
v -2.894865 0.100000 -0.643360
v -3.126513 1.220000 -0.411712
v -2.952146 0.100000 -0.690369
v -3.134151 1.220000 -0.417979
v -3.017497 0.100000 -0.725300
v -3.142864 1.220000 -0.422637
v -3.088407 0.100000 -0.746810
v -3.152319 1.220000 -0.425505
v -3.162151 0.100000 -0.754073
v -3.162151 1.220000 -0.426474
v -3.235895 0.100000 -0.746810
v -3.171984 1.220000 -0.425505
v -3.306806 0.100000 -0.725300
v -3.181439 1.220000 -0.422637
v -3.372157 0.100000 -0.690369
v -3.190152 1.220000 -0.417979
v -3.429438 0.100000 -0.643360
v -3.197789 1.220000 -0.411712
v -3.476447 0.100000 -0.586079
v -3.204057 1.220000 -0.404074
v -3.511378 0.100000 -0.520728
v -3.208715 1.220000 -0.395361
v -3.532888 0.100000 -0.449818
v -3.211583 1.220000 -0.385906
v -3.540151 0.100000 -0.376074
v -3.212551 1.220000 -0.376073
v -3.532888 0.100000 -0.302329
v -3.211583 1.220000 -0.366241
v -3.511378 0.100000 -0.231420
v -3.208715 1.220000 -0.356786
v -3.476447 0.100000 -0.166068
v -3.204057 1.220000 -0.348072
v -3.429438 0.100000 -0.108788
v -3.197789 1.220000 -0.340435
v -3.372157 0.100000 -0.061778
v -3.190152 1.220000 -0.334167
v -3.306806 0.100000 -0.026847
v -3.181439 1.220000 -0.329510
v -3.235895 0.100000 -0.005337
v -3.171984 1.220000 -0.326642
v -3.162151 0.087663 0.164257
v -3.056738 0.087663 0.153875
v -2.955376 0.087663 0.123127
v -2.861959 0.087663 0.073195
v -2.780080 0.087663 0.005999
v -2.712883 0.087663 -0.075882
v -2.662951 0.087663 -0.169298
v -2.632203 0.087663 -0.270660
v -2.621820 0.087663 -0.376074
v -2.632203 0.087663 -0.481486
v -2.662951 0.087663 -0.582850
v -2.712883 0.087663 -0.676265
v -2.780080 0.087663 -0.758145
v -2.861959 0.087663 -0.825342
v -2.955376 0.087663 -0.875274
v -3.056738 0.087663 -0.906022
v -3.162151 0.087663 -0.916405
v -3.267565 0.087663 -0.906022
v -3.368927 0.087663 -0.875274
v -3.462343 0.087663 -0.825342
v -3.544223 0.087663 -0.758145
v -3.611420 0.087663 -0.676265
v -3.661352 0.087663 -0.582850
v -3.692100 0.087663 -0.481486
v -3.702482 0.087663 -0.376074
v -3.692100 0.087663 -0.270660
v -3.661352 0.087663 -0.169298
v -3.611420 0.087663 -0.075882
v -3.544223 0.087663 0.005999
v -3.462343 0.087663 0.073195
v -3.368927 0.087663 0.123127
v -3.267565 0.087663 0.153875
v -3.162151 0.000337 0.164257
v -3.056738 0.000337 0.153875
v -2.955376 0.000337 0.123127
v -2.861959 0.000337 0.073195
v -2.780080 0.000337 0.005999
v -2.712883 0.000337 -0.075882
v -2.662951 0.000337 -0.169298
v -2.632203 0.000337 -0.270660
v -2.621820 0.000337 -0.376074
v -2.632203 0.000337 -0.481486
v -2.662951 0.000337 -0.582850
v -2.712883 0.000337 -0.676265
v -2.780080 0.000337 -0.758145
v -2.861959 0.000337 -0.825342
v -2.955376 0.000337 -0.875274
v -3.056738 0.000337 -0.906022
v -3.162151 0.000337 -0.916405
v -3.267565 0.000337 -0.906022
v -3.368927 0.000337 -0.875274
v -3.462343 0.000337 -0.825342
v -3.544223 0.000337 -0.758145
v -3.611420 0.000337 -0.676265
v -3.661352 0.000337 -0.582850
v -3.692100 0.000337 -0.481486
v -3.702482 0.000337 -0.376074
v -3.692100 0.000337 -0.270660
v -3.661352 0.000337 -0.169298
v -3.611420 0.000337 -0.075882
v -3.544223 0.000337 0.005999
v -3.462343 0.000337 0.073195
v -3.368927 0.000337 0.123127
v -3.267565 0.000337 0.153875
v -3.162151 0.389470 -0.082744
v -3.104925 0.389470 -0.088380
v -3.049899 0.389470 -0.105072
v -2.999186 0.389470 -0.132178
v -2.954736 0.389470 -0.168657
v -2.918256 0.389470 -0.213108
v -2.891150 0.389470 -0.263821
v -2.874457 0.389470 -0.318848
v -2.868821 0.389470 -0.376074
v -2.874457 0.389470 -0.433299
v -2.891150 0.389470 -0.488326
v -2.918256 0.389470 -0.539039
v -2.954736 0.389470 -0.583489
v -2.999186 0.389470 -0.619968
v -3.049899 0.389470 -0.647075
v -3.104925 0.389470 -0.663767
v -3.162151 0.389470 -0.669404
v -3.219377 0.389470 -0.663767
v -3.274404 0.389470 -0.647075
v -3.325117 0.389470 -0.619968
v -3.369567 0.389470 -0.583489
v -3.406046 0.389470 -0.539039
v -3.433153 0.389470 -0.488326
v -3.449845 0.389470 -0.433299
v -3.455482 0.389470 -0.376074
v -3.449845 0.389470 -0.318848
v -3.433153 0.389470 -0.263821
v -3.406046 0.389470 -0.213108
v -3.369567 0.389470 -0.168657
v -3.325117 0.389470 -0.132178
v -3.274404 0.389470 -0.105072
v -3.219377 0.389470 -0.088380
v -3.162151 0.558555 -0.132200
v -3.114574 0.558555 -0.136887
v -3.068825 0.558555 -0.150764
v -3.026663 0.558555 -0.173301
v -2.989707 0.558555 -0.203629
v -2.959379 0.558555 -0.240585
v -2.936842 0.558555 -0.282747
v -2.922965 0.558555 -0.328496
v -2.918279 0.558555 -0.376073
v -2.922965 0.558555 -0.423651
v -2.936842 0.558555 -0.469399
v -2.959379 0.558555 -0.511561
v -2.989707 0.558555 -0.548517
v -3.026663 0.558555 -0.578846
v -3.068825 0.558555 -0.601382
v -3.114574 0.558555 -0.615260
v -3.162151 0.558555 -0.619946
v -3.209728 0.558555 -0.615260
v -3.255477 0.558555 -0.601382
v -3.297640 0.558555 -0.578846
v -3.334595 0.558555 -0.548517
v -3.364924 0.558555 -0.511561
v -3.387460 0.558555 -0.469399
v -3.401338 0.558555 -0.423651
v -3.406024 0.558555 -0.376073
v -3.401338 0.558555 -0.328496
v -3.387460 0.558555 -0.282747
v -3.364924 0.558555 -0.240585
v -3.334595 0.558555 -0.203629
v -3.297640 0.558555 -0.173301
v -3.255477 0.558555 -0.150764
v -3.209728 0.558555 -0.136887
v -3.162151 0.735048 -0.183825
v -3.124645 0.735048 -0.187519
v -3.088581 0.735048 -0.198459
v -3.055344 0.735048 -0.216225
v -3.026211 0.735048 -0.240133
v -3.002302 0.735048 -0.269266
v -2.984537 0.735048 -0.302503
v -2.973597 0.735048 -0.338568
v -2.969903 0.735048 -0.376073
v -2.973597 0.735048 -0.413579
v -2.984537 0.735048 -0.449644
v -3.002302 0.735048 -0.482881
v -3.026211 0.735048 -0.512013
v -3.055344 0.735048 -0.535922
v -3.088581 0.735048 -0.553688
v -3.124645 0.735048 -0.564628
v -3.162151 0.735048 -0.568322
v -3.199657 0.735048 -0.564628
v -3.235722 0.735048 -0.553688
v -3.268959 0.735048 -0.535922
v -3.298092 0.735048 -0.512013
v -3.322000 0.735048 -0.482881
v -3.339766 0.735048 -0.449644
v -3.350706 0.735048 -0.413579
v -3.354400 0.735048 -0.376073
v -3.350706 0.735048 -0.338568
v -3.339766 0.735048 -0.302503
v -3.322000 0.735048 -0.269266
v -3.298092 0.735048 -0.240133
v -3.268959 0.735048 -0.216225
v -3.235722 0.735048 -0.198459
v -3.199657 0.735048 -0.187519
v -3.162151 0.885030 -0.227695
v -3.133204 0.885030 -0.230545
v -3.105369 0.885030 -0.238989
v -3.079716 0.885030 -0.252701
v -3.057232 0.885030 -0.271153
v -3.038779 0.885030 -0.293638
v -3.025067 0.885030 -0.319291
v -3.016623 0.885030 -0.347126
v -3.013772 0.885030 -0.376073
v -3.016623 0.885030 -0.405021
v -3.025067 0.885030 -0.432856
v -3.038779 0.885030 -0.458508
v -3.057232 0.885030 -0.480993
v -3.079716 0.885030 -0.499446
v -3.105369 0.885030 -0.513158
v -3.133204 0.885030 -0.521601
v -3.162151 0.885030 -0.524452
v -3.191099 0.885030 -0.521601
v -3.218934 0.885030 -0.513158
v -3.244586 0.885030 -0.499446
v -3.267071 0.885030 -0.480993
v -3.285524 0.885030 -0.458508
v -3.299236 0.885030 -0.432856
v -3.307679 0.885030 -0.405021
v -3.310530 0.885030 -0.376073
v -3.307679 0.885030 -0.347126
v -3.299236 0.885030 -0.319291
v -3.285524 0.885030 -0.293638
v -3.267071 0.885030 -0.271153
v -3.244586 0.885030 -0.252701
v -3.218934 0.885030 -0.238989
v -3.191099 0.885030 -0.230545
v -2.692060 0.100000 0.881939
v -2.692060 1.220000 0.554339
v -2.618315 0.100000 0.874676
v -2.682227 1.220000 0.553370
v -2.547405 0.100000 0.853166
v -2.672772 1.220000 0.550503
v -2.482054 0.100000 0.818234
v -2.664059 1.220000 0.545845
v -2.424773 0.100000 0.771225
v -2.656421 1.220000 0.539577
v -2.377764 0.100000 0.713944
v -2.650153 1.220000 0.531940
v -2.342833 0.100000 0.648593
v -2.645496 1.220000 0.523226
v -2.321323 0.100000 0.577682
v -2.642628 1.220000 0.513771
v -2.314059 0.100000 0.503939
v -2.641659 1.220000 0.503939
v -2.321323 0.100000 0.430195
v -2.642628 1.220000 0.494106
v -2.342833 0.100000 0.359284
v -2.645496 1.220000 0.484652
v -2.377764 0.100000 0.293933
v -2.650153 1.220000 0.475938
v -2.424773 0.100000 0.236652
v -2.656421 1.220000 0.468301
v -2.482054 0.100000 0.189643
v -2.664059 1.220000 0.462033
v -2.547405 0.100000 0.154713
v -2.672772 1.220000 0.457376
v -2.618315 0.100000 0.133202
v -2.682227 1.220000 0.454508
v -2.692060 0.100000 0.125938
v -2.692060 1.220000 0.453539
v -2.765804 0.100000 0.133202
v -2.701892 1.220000 0.454508
v -2.836714 0.100000 0.154713
v -2.711347 1.220000 0.457376
v -2.902065 0.100000 0.189643
v -2.720060 1.220000 0.462033
v -2.959346 0.100000 0.236652
v -2.727698 1.220000 0.468301
v -3.006355 0.100000 0.293933
v -2.733966 1.220000 0.475938
v -3.041286 0.100000 0.359284
v -2.738623 1.220000 0.484652
v -3.062796 0.100000 0.430195
v -2.741491 1.220000 0.494106
v -3.070060 0.100000 0.503939
v -2.742460 1.220000 0.503939
v -3.062796 0.100000 0.577682
v -2.741491 1.220000 0.513771
v -3.041286 0.100000 0.648593
v -2.738623 1.220000 0.523226
v -3.006355 0.100000 0.713944
v -2.733966 1.220000 0.531940
v -2.959346 0.100000 0.771225
v -2.727698 1.220000 0.539577
v -2.902065 0.100000 0.818234
v -2.720060 1.220000 0.545845
v -2.836714 0.100000 0.853166
v -2.711347 1.220000 0.550503
v -2.765804 0.100000 0.874676
v -2.701892 1.220000 0.553370
v -2.692060 0.087663 1.044270
v -2.586646 0.087663 1.033887
v -2.485284 0.087663 1.003139
v -2.391868 0.087663 0.953208
v -2.309988 0.087663 0.886010
v -2.242791 0.087663 0.804131
v -2.192859 0.087663 0.710714
v -2.162111 0.087663 0.609352
v -2.151729 0.087663 0.503939
v -2.162111 0.087663 0.398525
v -2.192859 0.087663 0.297163
v -2.242791 0.087663 0.203747
v -2.309988 0.087663 0.121867
v -2.391868 0.087663 0.054670
v -2.485284 0.087663 0.004738
v -2.586646 0.087663 -0.026010
v -2.692060 0.087663 -0.036392
v -2.797473 0.087663 -0.026010
v -2.898835 0.087663 0.004738
v -2.992251 0.087663 0.054670
v -3.074131 0.087663 0.121867
v -3.141328 0.087663 0.203747
v -3.191260 0.087663 0.297163
v -3.222008 0.087663 0.398525
v -3.232390 0.087663 0.503939
v -3.222008 0.087663 0.609352
v -3.191260 0.087663 0.710714
v -3.141328 0.087663 0.804131
v -3.074131 0.087663 0.886010
v -2.992251 0.087663 0.953208
v -2.898835 0.087663 1.003139
v -2.797473 0.087663 1.033887
v -2.692060 0.000337 1.044270
v -2.586646 0.000337 1.033887
v -2.485284 0.000337 1.003139
v -2.391868 0.000337 0.953208
v -2.309988 0.000337 0.886010
v -2.242791 0.000337 0.804131
v -2.192859 0.000337 0.710714
v -2.162111 0.000337 0.609352
v -2.151729 0.000337 0.503939
v -2.162111 0.000337 0.398525
v -2.192859 0.000337 0.297163
v -2.242791 0.000337 0.203747
v -2.309988 0.000337 0.121867
v -2.391868 0.000337 0.054670
v -2.485284 0.000337 0.004738
v -2.586646 0.000337 -0.026010
v -2.692060 0.000337 -0.036392
v -2.797473 0.000337 -0.026010
v -2.898835 0.000337 0.004738
v -2.992251 0.000337 0.054670
v -3.074131 0.000337 0.121867
v -3.141328 0.000337 0.203747
v -3.191260 0.000337 0.297163
v -3.222008 0.000337 0.398525
v -3.232390 0.000337 0.503939
v -3.222008 0.000337 0.609352
v -3.191260 0.000337 0.710714
v -3.141328 0.000337 0.804131
v -3.074131 0.000337 0.886010
v -2.992251 0.000337 0.953208
v -2.898835 0.000337 1.003139
v -2.797473 0.000337 1.033887
v -2.692060 0.389470 0.797269
v -2.634834 0.389470 0.791633
v -2.579807 0.389470 0.774940
v -2.529094 0.389470 0.747834
v -2.484644 0.389470 0.711354
v -2.448164 0.389470 0.666904
v -2.421058 0.389470 0.616191
v -2.404366 0.389470 0.561165
v -2.398729 0.389470 0.503939
v -2.404366 0.389470 0.446712
v -2.421058 0.389470 0.391686
v -2.448164 0.389470 0.340973
v -2.484644 0.389470 0.296523
v -2.529094 0.389470 0.260044
v -2.579807 0.389470 0.232937
v -2.634834 0.389470 0.216245
v -2.692060 0.389470 0.210608
v -2.749285 0.389470 0.216245
v -2.804312 0.389470 0.232937
v -2.855025 0.389470 0.260044
v -2.899475 0.389470 0.296523
v -2.935955 0.389470 0.340973
v -2.963061 0.389470 0.391686
v -2.979753 0.389470 0.446712
v -2.985390 0.389470 0.503939
v -2.979753 0.389470 0.561165
v -2.963061 0.389470 0.616191
v -2.935955 0.389470 0.666904
v -2.899475 0.389470 0.711354
v -2.855025 0.389470 0.747834
v -2.804312 0.389470 0.774940
v -2.749285 0.389470 0.791633
v -2.692060 0.558555 0.747811
v -2.644482 0.558555 0.743126
v -2.598733 0.558555 0.729248
v -2.556571 0.558555 0.706712
v -2.519616 0.558555 0.676383
v -2.489287 0.558555 0.639427
v -2.466751 0.558555 0.597265
v -2.452873 0.558555 0.551517
v -2.448187 0.558555 0.503939
v -2.452873 0.558555 0.456362
v -2.466751 0.558555 0.410613
v -2.489287 0.558555 0.368450
v -2.519616 0.558555 0.331495
v -2.556571 0.558555 0.301167
v -2.598733 0.558555 0.278630
v -2.644482 0.558555 0.264752
v -2.692060 0.558555 0.260066
v -2.739637 0.558555 0.264752
v -2.785386 0.558555 0.278630
v -2.827548 0.558555 0.301167
v -2.864503 0.558555 0.331495
v -2.894832 0.558555 0.368450
v -2.917368 0.558555 0.410613
v -2.931246 0.558555 0.456362
v -2.935932 0.558555 0.503939
v -2.931246 0.558555 0.551517
v -2.917368 0.558555 0.597265
v -2.894832 0.558555 0.639427
v -2.864503 0.558555 0.676383
v -2.827548 0.558555 0.706712
v -2.785386 0.558555 0.729248
v -2.739637 0.558555 0.743126
v -2.692060 0.735048 0.696187
v -2.654554 0.735048 0.692493
v -2.618489 0.735048 0.681554
v -2.585252 0.735048 0.663788
v -2.556119 0.735048 0.639879
v -2.532211 0.735048 0.610746
v -2.514445 0.735048 0.577509
v -2.503505 0.735048 0.541445
v -2.499811 0.735048 0.503939
v -2.503505 0.735048 0.466433
v -2.514445 0.735048 0.430368
v -2.532211 0.735048 0.397131
v -2.556119 0.735048 0.367999
v -2.585252 0.735048 0.344090
v -2.618489 0.735048 0.326324
v -2.654554 0.735048 0.315384
v -2.692060 0.735048 0.311690
v -2.729565 0.735048 0.315384
v -2.765630 0.735048 0.326324
v -2.798867 0.735048 0.344090
v -2.828000 0.735048 0.367999
v -2.851908 0.735048 0.397131
v -2.869674 0.735048 0.430368
v -2.880614 0.735048 0.466433
v -2.884308 0.735048 0.503939
v -2.880614 0.735048 0.541445
v -2.869674 0.735048 0.577509
v -2.851908 0.735048 0.610746
v -2.828000 0.735048 0.639879
v -2.798867 0.735048 0.663788
v -2.765630 0.735048 0.681554
v -2.729565 0.735048 0.692493
v -2.692060 0.885030 0.652318
v -2.663112 0.885030 0.649467
v -2.635277 0.885030 0.641023
v -2.609625 0.885030 0.627312
v -2.587140 0.885030 0.608859
v -2.568687 0.885030 0.586373
v -2.554975 0.885030 0.560721
v -2.546532 0.885030 0.532887
v -2.543681 0.885030 0.503939
v -2.546532 0.885030 0.474992
v -2.554975 0.885030 0.447157
v -2.568687 0.885030 0.421504
v -2.587140 0.885030 0.399019
v -2.609625 0.885030 0.380567
v -2.635277 0.885030 0.366855
v -2.663112 0.885030 0.358411
v -2.692060 0.885030 0.355560
v -2.721007 0.885030 0.358411
v -2.748842 0.885030 0.366855
v -2.774494 0.885030 0.380567
v -2.796979 0.885030 0.399019
v -2.815432 0.885030 0.421504
v -2.829144 0.885030 0.447157
v -2.837587 0.885030 0.474992
v -2.840438 0.885030 0.503939
v -2.837587 0.885030 0.532887
v -2.829144 0.885030 0.560721
v -2.815432 0.885030 0.586373
v -2.796979 0.885030 0.608859
v -2.774494 0.885030 0.627312
v -2.748842 0.885030 0.641023
v -2.721007 0.885030 0.649467
v -1.249686 0.001582 -2.031890
v -1.249686 0.001582 -2.031890
v -1.249686 0.001582 -2.031890
v -1.102339 0.308912 -1.965284
v -1.102339 0.308912 -1.965284
v -1.102339 0.308912 -1.965284
v -1.102339 0.308912 -1.965284
v -1.095536 0.001582 -1.913605
v -1.095536 0.001582 -1.913605
v -1.095536 0.001582 -1.913605
v -1.198006 0.308912 -2.038693
v -1.198006 0.308912 -2.038693
v -1.198006 0.308912 -2.038693
v -1.198006 0.308912 -2.038693
v -1.131400 0.001582 -2.186040
v -1.131400 0.001582 -2.186040
v -1.131400 0.001582 -2.186040
v -1.124597 0.308912 -2.134360
v -1.124597 0.308912 -2.134360
v -1.124597 0.308912 -2.134360
v -1.124597 0.308912 -2.134360
v -0.977250 0.001582 -2.067754
v -0.977250 0.001582 -2.067754
v -0.977250 0.001582 -2.067754
v -1.028930 0.308912 -2.060951
v -1.028930 0.308912 -2.060951
v -1.028930 0.308912 -2.060951
v -1.028930 0.308912 -2.060951
v -1.249686 1.354119 -2.031890
v -1.249686 1.354119 -2.031890
v -1.249686 1.354119 -2.031890
v -1.095536 1.354119 -1.913604
v -1.095536 1.354119 -1.913604
v -1.095536 1.354119 -1.913604
v -0.977250 1.354119 -2.067754
v -0.977250 1.354119 -2.067754
v -0.977250 1.354119 -2.067754
v -1.131400 1.354119 -2.186040
v -1.131400 1.354119 -2.186040
v -1.131400 1.354119 -2.186040
v -2.666795 0.001582 -0.185120
v -2.666795 0.001582 -0.185120
v -2.666795 0.001582 -0.185120
v -2.462831 0.308912 -0.192297
v -2.462831 0.308912 -0.192297
v -2.462831 0.308912 -0.192297
v -2.462831 0.308912 -0.192297
v -2.512645 0.001582 -0.066833
v -2.512645 0.001582 -0.066833
v -2.512645 0.001582 -0.066833
v -2.558498 0.308912 -0.265706
v -2.558498 0.308912 -0.265706
v -2.558498 0.308912 -0.265706
v -2.558498 0.308912 -0.265706
v -2.548509 0.001582 -0.339270
v -2.548509 0.001582 -0.339270
v -2.548509 0.001582 -0.339270
v -2.485088 0.308912 -0.361373
v -2.485088 0.308912 -0.361373
v -2.485088 0.308912 -0.361373
v -2.485088 0.308912 -0.361373
v -2.394359 0.001582 -0.220984
v -2.394359 0.001582 -0.220984
v -2.394359 0.001582 -0.220984
v -2.389421 0.308912 -0.287964
v -2.389421 0.308912 -0.287964
v -2.389421 0.308912 -0.287964
v -2.389421 0.308912 -0.287964
v -2.610178 1.354119 -0.258903
v -2.610178 1.354119 -0.258903
v -2.610178 1.354119 -0.258903
v -2.456028 1.354119 -0.140616
v -2.456028 1.354119 -0.140616
v -2.456028 1.354119 -0.140616
v -2.337741 1.354119 -0.294766
v -2.337741 1.354119 -0.294766
v -2.337741 1.354119 -0.294766
v -2.491891 1.354119 -0.413053
v -2.491891 1.354119 -0.413053
v -2.491891 1.354119 -0.413053
v -2.886458 0.355667 -0.044929
v -2.886458 0.355667 -0.044929
v -2.886458 0.355667 -0.044929
v -2.284961 0.574110 -0.698154
v -2.284961 0.574110 -0.698154
v -2.284961 0.574110 -0.698154
v -2.284961 0.574110 -0.698154
v -2.808591 0.355667 0.014822
v -2.808591 0.355667 0.014822
v -2.808591 0.355667 0.014822
v -2.333286 0.574110 -0.735236
v -2.333286 0.574110 -0.735236
v -2.333286 0.574110 -0.735236
v -2.333286 0.574110 -0.735236
v -2.847426 0.113913 -0.095795
v -2.847426 0.113913 -0.095795
v -2.847426 0.113913 -0.095795
v -2.309063 0.402427 -0.766804
v -2.309063 0.402427 -0.766804
v -2.309063 0.402427 -0.766804
v -2.309063 0.402427 -0.766804
v -2.769559 0.113913 -0.036043
v -2.769559 0.113913 -0.036043
v -2.769559 0.113913 -0.036043
v -2.260738 0.402427 -0.729722
v -2.260738 0.402427 -0.729722
v -2.260738 0.402427 -0.729722
v -2.260738 0.402427 -0.729722
v -1.006337 1.253167 -2.495095
v -1.006337 1.253167 -2.495095
v -1.006337 1.253167 -2.495095
v -0.928470 1.253167 -2.435344
v -0.928470 1.253167 -2.435344
v -0.928470 1.253167 -2.435344
v -0.889438 1.011413 -2.486210
v -0.889438 1.011413 -2.486210
v -0.889438 1.011413 -2.486210
v -0.967305 1.011413 -2.545960
v -0.967305 1.011413 -2.545960
v -0.967305 1.011413 -2.545960
v -2.954091 1.003408 -0.092867
v -2.954091 1.003408 -0.092867
v -2.954091 1.003408 -0.092867
v -2.335878 0.855725 -0.750302
v -2.335878 0.855725 -0.750302
v -2.335878 0.855725 -0.750302
v -2.335878 0.855725 -0.750302
v -2.876898 1.003846 -0.032250
v -2.876898 1.003846 -0.032250
v -2.876898 1.003846 -0.032250
v -2.383785 0.855454 -0.787922
v -2.383785 0.855454 -0.787922
v -2.383785 0.855454 -0.787922
v -2.383785 0.855454 -0.787922
v -2.962002 0.724011 -0.081385
v -2.962002 0.724011 -0.081385
v -2.962002 0.724011 -0.081385
v -2.388695 0.650039 -0.780796
v -2.388695 0.650039 -0.780796
v -2.388695 0.650039 -0.780796
v -2.388695 0.650039 -0.780796
v -2.884808 0.724448 -0.020768
v -2.884808 0.724448 -0.020768
v -2.884808 0.724448 -0.020768
v -2.340787 0.650311 -0.743176
v -2.340787 0.650311 -0.743176
v -2.340787 0.650311 -0.743176
v -2.340787 0.650311 -0.743176
v -0.981321 0.610223 -2.602301
v -0.981321 0.610223 -2.602301
v -0.981321 0.610223 -2.602301
v -0.904127 0.610661 -2.541684
v -0.904127 0.610661 -2.541684
v -0.904127 0.610661 -2.541684
v -0.912038 0.331263 -2.530202
v -0.912038 0.331263 -2.530202
v -0.912038 0.331263 -2.530202
v -0.989232 0.330825 -2.590818
v -0.989232 0.330825 -2.590818
v -0.989232 0.330825 -2.590818
v 1.718715 0.001582 -2.182237
v 1.718715 0.001582 -2.182237
v 1.718715 0.001582 -2.182237
v 1.729769 0.308912 -2.020913
v 1.729769 0.308912 -2.020913
v 1.729769 0.308912 -2.020913
v 1.729769 0.308912 -2.020913
v 1.687462 0.001582 -1.990463
v 1.687462 0.001582 -1.990463
v 1.687462 0.001582 -1.990463
v 1.749165 0.308912 -2.139930
v 1.749165 0.308912 -2.139930
v 1.749165 0.308912 -2.139930
v 1.749165 0.308912 -2.139930
v 1.910489 0.001582 -2.150983
v 1.910489 0.001582 -2.150983
v 1.910489 0.001582 -2.150983
v 1.868181 0.308912 -2.120533
v 1.868181 0.308912 -2.120533
v 1.868181 0.308912 -2.120533
v 1.868181 0.308912 -2.120533
v 1.879235 0.001582 -1.959209
v 1.879235 0.001582 -1.959209
v 1.879235 0.001582 -1.959209
v 1.848785 0.308912 -2.001517
v 1.848785 0.308912 -2.001517
v 1.848785 0.308912 -2.001517
v 1.848785 0.308912 -2.001517
v 1.718715 1.354119 -2.182237
v 1.718715 1.354119 -2.182237
v 1.718715 1.354119 -2.182237
v 1.687462 1.354119 -1.990463
v 1.687462 1.354119 -1.990463
v 1.687462 1.354119 -1.990463
v 1.879235 1.354119 -1.959209
v 1.879235 1.354119 -1.959209
v 1.879235 1.354119 -1.959209
v 1.910489 1.354119 -2.150983
v 1.910489 1.354119 -2.150983
v 1.910489 1.354119 -2.150983
v -0.578797 0.001582 -2.556666
v -0.578797 0.001582 -2.556666
v -0.578797 0.001582 -2.556666
v -0.475951 0.308912 -2.380383
v -0.475951 0.308912 -2.380383
v -0.475951 0.308912 -2.380383
v -0.475951 0.308912 -2.380383
v -0.610051 0.001582 -2.364893
v -0.610051 0.001582 -2.364893
v -0.610051 0.001582 -2.364893
v -0.456555 0.308912 -2.499400
v -0.456555 0.308912 -2.499400
v -0.456555 0.308912 -2.499400
v -0.456555 0.308912 -2.499400
v -0.387024 0.001582 -2.525413
v -0.387024 0.001582 -2.525413
v -0.387024 0.001582 -2.525413
v -0.337539 0.308912 -2.480003
v -0.337539 0.308912 -2.480003
v -0.337539 0.308912 -2.480003
v -0.337539 0.308912 -2.480003
v -0.418277 0.001582 -2.333639
v -0.418277 0.001582 -2.333639
v -0.418277 0.001582 -2.333639
v -0.356935 0.308912 -2.360988
v -0.356935 0.308912 -2.360988
v -0.356935 0.308912 -2.360988
v -0.356935 0.308912 -2.360988
v -0.487005 1.354119 -2.541707
v -0.487005 1.354119 -2.541707
v -0.487005 1.354119 -2.541707
v -0.518259 1.354119 -2.349934
v -0.518259 1.354119 -2.349934
v -0.518259 1.354119 -2.349934
v -0.326485 1.354119 -2.318680
v -0.326485 1.354119 -2.318680
v -0.326485 1.354119 -2.318680
v -0.295232 1.354119 -2.510453
v -0.295232 1.354119 -2.510453
v -0.295232 1.354119 -2.510453
v -0.806248 0.355667 -2.683833
v -0.806248 0.355667 -2.683833
v -0.806248 0.355667 -2.683833
v 0.053851 0.574110 -2.463080
v 0.053851 0.574110 -2.463080
v 0.053851 0.574110 -2.463080
v 0.053851 0.574110 -2.463080
v -0.822036 0.355667 -2.586961
v -0.822036 0.355667 -2.586961
v -0.822036 0.355667 -2.586961
v 0.063649 0.574110 -2.523200
v 0.063649 0.574110 -2.523200
v 0.063649 0.574110 -2.523200
v 0.063649 0.574110 -2.523200
v -0.742968 0.113913 -2.673520
v -0.742968 0.113913 -2.673520
v -0.742968 0.113913 -2.673520
v 0.102921 0.402427 -2.516800
v 0.102921 0.402427 -2.516800
v 0.102921 0.402427 -2.516800
v 0.102921 0.402427 -2.516800
v -0.758755 0.113913 -2.576648
v -0.758755 0.113913 -2.576648
v -0.758755 0.113913 -2.576648
v 0.093123 0.402427 -2.456680
v 0.093123 0.402427 -2.456680
v 0.093123 0.402427 -2.456680
v 0.093123 0.402427 -2.456680
v 2.241930 1.253167 -2.187065
v 2.241930 1.253167 -2.187065
v 2.241930 1.253167 -2.187065
v 2.226143 1.253167 -2.090193
v 2.226143 1.253167 -2.090193
v 2.226143 1.253167 -2.090193
v 2.289424 1.011414 -2.079881
v 2.289424 1.011414 -2.079881
v 2.289424 1.011414 -2.079881
v 2.305211 1.011414 -2.176752
v 2.305211 1.011414 -2.176752
v 2.305211 1.011414 -2.176752
v -0.796024 1.003408 -2.766099
v -0.796024 1.003408 -2.766099
v -0.796024 1.003408 -2.766099
v 0.075695 0.855725 -2.532613
v 0.075695 0.855725 -2.532613
v 0.075695 0.855725 -2.532613
v 0.075695 0.855725 -2.532613
v -0.812893 1.003846 -2.669411
v -0.812893 1.003846 -2.669411
v -0.812893 1.003846 -2.669411
v 0.086164 0.855454 -2.592619
v 0.086164 0.855454 -2.592619
v 0.086164 0.855454 -2.592619
v 0.086164 0.855454 -2.592619
v -0.809882 0.724011 -2.767634
v -0.809882 0.724011 -2.767634
v -0.809882 0.724011 -2.767634
v 0.077563 0.650039 -2.593572
v 0.077563 0.650039 -2.593572
v 0.077563 0.650039 -2.593572
v 0.077563 0.650039 -2.593572
v -0.826751 0.724448 -2.670945
v -0.826751 0.724448 -2.670945
v -0.826751 0.724448 -2.670945
v 0.067094 0.650311 -2.533566
v 0.067094 0.650311 -2.533566
v 0.067094 0.650311 -2.533566
v 0.067094 0.650311 -2.533566
v 2.348210 0.610223 -2.215761
v 2.348210 0.610223 -2.215761
v 2.348210 0.610223 -2.215761
v 2.331341 0.610661 -2.119073
v 2.331341 0.610661 -2.119073
v 2.331341 0.610661 -2.119073
v 2.317483 0.331263 -2.120607
v 2.317483 0.331263 -2.120607
v 2.317483 0.331263 -2.120607
v 2.334352 0.330825 -2.217297
v 2.334352 0.330825 -2.217297
v 2.334352 0.330825 -2.217297
v -0.774085 0.100000 -2.677597
v -0.774085 1.220000 -3.005197
v -0.700341 0.100000 -2.684860
v -0.764252 1.220000 -3.006166
v -0.629430 0.100000 -2.706370
v -0.754798 1.220000 -3.009033
v -0.564079 0.100000 -2.741302
v -0.746084 1.220000 -3.013691
v -0.506799 0.100000 -2.788311
v -0.738447 1.220000 -3.019958
v -0.459789 0.100000 -2.845592
v -0.732179 1.220000 -3.027596
v -0.424858 0.100000 -2.910943
v -0.727521 1.220000 -3.036309
v -0.403348 0.100000 -2.981853
v -0.724653 1.220000 -3.045764
v -0.396085 0.100000 -3.055597
v -0.723685 1.220000 -3.055596
v -0.403348 0.100000 -3.129341
v -0.724653 1.220000 -3.065430
v -0.424858 0.100000 -3.200252
v -0.727521 1.220000 -3.074884
v -0.459789 0.100000 -3.265603
v -0.732179 1.220000 -3.083598
v -0.506799 0.100000 -3.322884
v -0.738447 1.220000 -3.091235
v -0.564079 0.100000 -3.369893
v -0.746084 1.220000 -3.097503
v -0.629430 0.100000 -3.404823
v -0.754798 1.220000 -3.102160
v -0.700341 0.100000 -3.426333
v -0.764252 1.220000 -3.105028
v -0.774085 0.100000 -3.433597
v -0.774085 1.220000 -3.105997
v -0.847829 0.100000 -3.426333
v -0.783917 1.220000 -3.105028
v -0.918739 0.100000 -3.404823
v -0.793372 1.220000 -3.102160
v -0.984090 0.100000 -3.369893
v -0.802086 1.220000 -3.097503
v -1.041371 0.100000 -3.322884
v -0.809723 1.220000 -3.091235
v -1.088380 0.100000 -3.265603
v -0.815991 1.220000 -3.083598
v -1.123311 0.100000 -3.200252
v -0.820648 1.220000 -3.074884
v -1.144822 0.100000 -3.129341
v -0.823516 1.220000 -3.065430
v -1.152085 0.100000 -3.055597
v -0.824485 1.220000 -3.055596
v -1.144822 0.100000 -2.981853
v -0.823516 1.220000 -3.045764
v -1.123311 0.100000 -2.910943
v -0.820648 1.220000 -3.036309
v -1.088380 0.100000 -2.845592
v -0.815991 1.220000 -3.027596
v -1.041371 0.100000 -2.788311
v -0.809723 1.220000 -3.019958
v -0.984090 0.100000 -2.741302
v -0.802086 1.220000 -3.013691
v -0.918739 0.100000 -2.706370
v -0.793372 1.220000 -3.009033
v -0.847829 0.100000 -2.684860
v -0.783917 1.220000 -3.006166
v -0.774085 0.087663 -2.515266
v -0.668671 0.087663 -2.525649
v -0.567309 0.087663 -2.556396
v -0.473893 0.087663 -2.606328
v -0.392013 0.087663 -2.673526
v -0.324816 0.087663 -2.755405
v -0.274884 0.087663 -2.848822
v -0.244136 0.087663 -2.950184
v -0.233754 0.087663 -3.055597
v -0.244136 0.087663 -3.161011
v -0.274884 0.087663 -3.262373
v -0.324816 0.087663 -3.355789
v -0.392013 0.087663 -3.437669
v -0.473893 0.087663 -3.504866
v -0.567309 0.087663 -3.554797
v -0.668671 0.087663 -3.585546
v -0.774085 0.087663 -3.595928
v -0.879498 0.087663 -3.585546
v -0.980861 0.087663 -3.554797
v -1.074277 0.087663 -3.504866
v -1.156157 0.087663 -3.437669
v -1.223354 0.087663 -3.355789
v -1.273285 0.087663 -3.262373
v -1.304033 0.087663 -3.161011
v -1.314416 0.087663 -3.055597
v -1.304033 0.087663 -2.950184
v -1.273285 0.087663 -2.848822
v -1.223354 0.087663 -2.755405
v -1.156157 0.087663 -2.673526
v -1.074277 0.087663 -2.606328
v -0.980861 0.087663 -2.556396
v -0.879498 0.087663 -2.525649
v -0.774085 0.000337 -2.515266
v -0.668671 0.000337 -2.525649
v -0.567309 0.000337 -2.556396
v -0.473893 0.000337 -2.606328
v -0.392013 0.000337 -2.673526
v -0.324816 0.000337 -2.755405
v -0.274884 0.000337 -2.848822
v -0.244136 0.000337 -2.950184
v -0.233754 0.000337 -3.055597
v -0.244136 0.000337 -3.161011
v -0.274884 0.000337 -3.262373
v -0.324816 0.000337 -3.355789
v -0.392013 0.000337 -3.437669
v -0.473893 0.000337 -3.504866
v -0.567309 0.000337 -3.554797
v -0.668671 0.000337 -3.585546
v -0.774085 0.000337 -3.595928
v -0.879498 0.000337 -3.585546
v -0.980861 0.000337 -3.554797
v -1.074277 0.000337 -3.504866
v -1.156157 0.000337 -3.437669
v -1.223354 0.000337 -3.355789
v -1.273285 0.000337 -3.262373
v -1.304033 0.000337 -3.161011
v -1.314416 0.000337 -3.055597
v -1.304033 0.000337 -2.950184
v -1.273285 0.000337 -2.848822
v -1.223354 0.000337 -2.755405
v -1.156157 0.000337 -2.673526
v -1.074277 0.000337 -2.606328
v -0.980861 0.000337 -2.556396
v -0.879498 0.000337 -2.525649
v -0.774085 0.389470 -2.762267
v -0.716859 0.389470 -2.767903
v -0.661832 0.389470 -2.784595
v -0.611119 0.389470 -2.811702
v -0.566669 0.389470 -2.848182
v -0.530190 0.389470 -2.892632
v -0.503083 0.389470 -2.943345
v -0.486391 0.389470 -2.998371
v -0.480755 0.389470 -3.055597
v -0.486391 0.389470 -3.112823
v -0.503083 0.389470 -3.167850
v -0.530190 0.389470 -3.218562
v -0.566669 0.389470 -3.263013
v -0.611119 0.389470 -3.299492
v -0.661832 0.389470 -3.326599
v -0.716859 0.389470 -3.343291
v -0.774085 0.389470 -3.348927
v -0.831311 0.389470 -3.343291
v -0.886337 0.389470 -3.326599
v -0.937050 0.389470 -3.299492
v -0.981501 0.389470 -3.263013
v -1.017980 0.389470 -3.218562
v -1.045087 0.389470 -3.167850
v -1.061779 0.389470 -3.112823
v -1.067415 0.389470 -3.055597
v -1.061779 0.389470 -2.998371
v -1.045087 0.389470 -2.943345
v -1.017980 0.389470 -2.892632
v -0.981501 0.389470 -2.848182
v -0.937050 0.389470 -2.811702
v -0.886337 0.389470 -2.784595
v -0.831311 0.389470 -2.767903
v -0.774085 0.558555 -2.811725
v -0.726508 0.558555 -2.816410
v -0.680759 0.558555 -2.830288
v -0.638596 0.558555 -2.852824
v -0.601641 0.558555 -2.883153
v -0.571312 0.558555 -2.920109
v -0.548776 0.558555 -2.962271
v -0.534898 0.558555 -3.008019
v -0.530212 0.558555 -3.055597
v -0.534898 0.558555 -3.103174
v -0.548776 0.558555 -3.148923
v -0.571312 0.558555 -3.191086
v -0.601641 0.558555 -3.228042
v -0.638596 0.558555 -3.258369
v -0.680759 0.558555 -3.280906
v -0.726508 0.558555 -3.294784
v -0.774085 0.558555 -3.299470
v -0.821662 0.558555 -3.294784
v -0.867411 0.558555 -3.280906
v -0.909573 0.558555 -3.258369
v -0.946529 0.558555 -3.228042
v -0.976857 0.558555 -3.191086
v -0.999394 0.558555 -3.148923
v -1.013272 0.558555 -3.103174
v -1.017957 0.558555 -3.055597
v -1.013272 0.558555 -3.008019
v -0.999394 0.558555 -2.962271
v -0.976857 0.558555 -2.920109
v -0.946529 0.558555 -2.883153
v -0.909573 0.558555 -2.852824
v -0.867411 0.558555 -2.830288
v -0.821662 0.558555 -2.816410
v -0.774085 0.735048 -2.863348
v -0.736579 0.735048 -2.867043
v -0.700514 0.735048 -2.877982
v -0.667277 0.735048 -2.895748
v -0.638145 0.735048 -2.919657
v -0.614236 0.735048 -2.948789
v -0.596470 0.735048 -2.982026
v -0.585530 0.735048 -3.018091
v -0.581836 0.735048 -3.055596
v -0.585530 0.735048 -3.093102
v -0.596470 0.735048 -3.129167
v -0.614236 0.735048 -3.162404
v -0.638145 0.735048 -3.191537
v -0.667277 0.735048 -3.215446
v -0.700514 0.735048 -3.233212
v -0.736579 0.735048 -3.244151
v -0.774085 0.735048 -3.247846
v -0.811591 0.735048 -3.244151
v -0.847655 0.735048 -3.233212
v -0.880892 0.735048 -3.215446
v -0.910025 0.735048 -3.191537
v -0.933934 0.735048 -3.162404
v -0.951699 0.735048 -3.129167
v -0.962639 0.735048 -3.093102
v -0.966333 0.735048 -3.055596
v -0.962639 0.735048 -3.018091
v -0.951699 0.735048 -2.982026
v -0.933934 0.735048 -2.948789
v -0.910025 0.735048 -2.919657
v -0.880892 0.735048 -2.895748
v -0.847655 0.735048 -2.877982
v -0.811591 0.735048 -2.867043
v -0.774085 0.885030 -2.907218
v -0.745138 0.885030 -2.910069
v -0.717303 0.885030 -2.918512
v -0.691650 0.885030 -2.932224
v -0.669165 0.885030 -2.950677
v -0.650712 0.885030 -2.973162
v -0.637001 0.885030 -2.998815
v -0.628557 0.885030 -3.026649
v -0.625706 0.885030 -3.055596
v -0.628557 0.885030 -3.084544
v -0.637001 0.885030 -3.112379
v -0.650712 0.885030 -3.138032
v -0.669165 0.885030 -3.160517
v -0.691650 0.885030 -3.178969
v -0.717303 0.885030 -3.192681
v -0.745138 0.885030 -3.201125
v -0.774085 0.885030 -3.203976
v -0.803032 0.885030 -3.201125
v -0.830867 0.885030 -3.192681
v -0.856520 0.885030 -3.178969
v -0.879004 0.885030 -3.160517
v -0.897457 0.885030 -3.138032
v -0.911169 0.885030 -3.112379
v -0.919613 0.885030 -3.084544
v -0.922464 0.885030 -3.055596
v -0.919613 0.885030 -3.026649
v -0.911169 0.885030 -2.998815
v -0.897457 0.885030 -2.973162
v -0.879004 0.885030 -2.950677
v -0.856520 0.885030 -2.932224
v -0.830867 0.885030 -2.918512
v -0.803032 0.885030 -2.910069
v 2.669478 0.001582 0.504876
v 2.669478 0.001582 0.504876
v 2.669478 0.001582 0.504876
v 2.526944 0.308912 0.581241
v 2.526944 0.308912 0.581241
v 2.526944 0.308912 0.581241
v 2.526944 0.308912 0.581241
v 2.481800 0.001582 0.555182
v 2.481800 0.001582 0.555182
v 2.481800 0.001582 0.555182
v 2.643419 0.308912 0.550020
v 2.643419 0.308912 0.550020
v 2.643419 0.308912 0.550020
v 2.643419 0.308912 0.550020
v 2.719784 0.001582 0.692554
v 2.719784 0.001582 0.692554
v 2.719784 0.001582 0.692554
v 2.674639 0.308912 0.666495
v 2.674639 0.308912 0.666495
v 2.674639 0.308912 0.666495
v 2.674639 0.308912 0.666495
v 2.532105 0.001582 0.742860
v 2.532105 0.001582 0.742860
v 2.532105 0.001582 0.742860
v 2.558164 0.308912 0.697715
v 2.558164 0.308912 0.697715
v 2.558164 0.308912 0.697715
v 2.558164 0.308912 0.697715
v 2.669478 1.354119 0.504876
v 2.669478 1.354119 0.504876
v 2.669478 1.354119 0.504876
v 2.481800 1.354119 0.555182
v 2.481800 1.354119 0.555182
v 2.481800 1.354119 0.555182
v 2.532105 1.354119 0.742860
v 2.532105 1.354119 0.742860
v 2.532105 1.354119 0.742860
v 2.719784 1.354119 0.692554
v 2.719784 1.354119 0.692554
v 2.719784 1.354119 0.692554
v 2.066803 0.001582 -1.743578
v 2.066803 0.001582 -1.743578
v 2.066803 0.001582 -1.743578
v 1.948347 0.308912 -1.577381
v 1.948347 0.308912 -1.577381
v 1.948347 0.308912 -1.577381
v 1.948347 0.308912 -1.577381
v 1.879124 0.001582 -1.693273
v 1.879124 0.001582 -1.693273
v 1.879124 0.001582 -1.693273
v 2.064822 0.308912 -1.608602
v 2.064822 0.308912 -1.608602
v 2.064822 0.308912 -1.608602
v 2.064822 0.308912 -1.608602
v 2.117108 0.001582 -1.555900
v 2.117108 0.001582 -1.555900
v 2.117108 0.001582 -1.555900
v 2.096042 0.308912 -1.492126
v 2.096042 0.308912 -1.492126
v 2.096042 0.308912 -1.492126
v 2.096042 0.308912 -1.492126
v 1.929430 0.001582 -1.505594
v 1.929430 0.001582 -1.505594
v 1.929430 0.001582 -1.505594
v 1.979567 0.308912 -1.460906
v 1.979567 0.308912 -1.460906
v 1.979567 0.308912 -1.460906
v 1.979567 0.308912 -1.460906
v 2.090881 1.354119 -1.653746
v 2.090881 1.354119 -1.653746
v 2.090881 1.354119 -1.653746
v 1.903203 1.354119 -1.603440
v 1.903203 1.354119 -1.603440
v 1.903203 1.354119 -1.603440
v 1.953508 1.354119 -1.415762
v 1.953508 1.354119 -1.415762
v 1.953508 1.354119 -1.415762
v 2.141186 1.354119 -1.466067
v 2.141186 1.354119 -1.466067
v 2.141186 1.354119 -1.466067
v 2.089279 0.355667 -2.003193
v 2.089279 0.355667 -2.003193
v 2.089279 0.355667 -2.003193
v 2.241434 0.574110 -1.128349
v 2.241434 0.574110 -1.128349
v 2.241434 0.574110 -1.128349
v 2.241434 0.574110 -1.128349
v 1.994476 0.355667 -1.977782
v 1.994476 0.355667 -1.977782
v 1.994476 0.355667 -1.977782
v 2.300270 0.574110 -1.144120
v 2.300270 0.574110 -1.144120
v 2.300270 0.574110 -1.144120
v 2.300270 0.574110 -1.144120
v 2.105879 0.113913 -1.941264
v 2.105879 0.113913 -1.941264
v 2.105879 0.113913 -1.941264
v 2.310571 0.402427 -1.105686
v 2.310571 0.402427 -1.105686
v 2.310571 0.402427 -1.105686
v 2.310571 0.402427 -1.105686
v 2.011075 0.113913 -1.915853
v 2.011075 0.113913 -1.915853
v 2.011075 0.113913 -1.915853
v 2.251736 0.402427 -1.089915
v 2.251736 0.402427 -1.089915
v 2.251736 0.402427 -1.089915
v 2.251736 0.402427 -1.089915
v 2.888867 1.253167 0.979897
v 2.888867 1.253167 0.979897
v 2.888867 1.253167 0.979897
v 2.794064 1.253167 1.005309
v 2.794064 1.253167 1.005309
v 2.794064 1.253167 1.005309
v 2.810663 1.011414 1.067239
v 2.810663 1.011414 1.067239
v 2.810663 1.011414 1.067239
v 2.905467 1.011414 1.041827
v 2.905467 1.011414 1.041827
v 2.905467 1.011414 1.041827
v 2.168482 1.003409 -2.027675
v 2.168482 1.003409 -2.027675
v 2.168482 1.003409 -2.027675
v 2.313801 0.855725 -1.137006
v 2.313801 0.855725 -1.137006
v 2.313801 0.855725 -1.137006
v 2.313801 0.855725 -1.137006
v 2.073401 1.003846 -2.003325
v 2.073401 1.003846 -2.003325
v 2.073401 1.003846 -2.003325
v 2.372809 0.855454 -1.152118
v 2.372809 0.855454 -1.152118
v 2.372809 0.855454 -1.152118
v 2.372809 0.855454 -1.152118
v 2.164187 0.724011 -2.040940
v 2.164187 0.724011 -2.040940
v 2.164187 0.724011 -2.040940
v 2.370144 0.650039 -1.160350
v 2.370144 0.650039 -1.160350
v 2.370144 0.650039 -1.160350
v 2.370144 0.650039 -1.160350
v 2.069106 0.724448 -2.016590
v 2.069106 0.724448 -2.016590
v 2.069106 0.724448 -2.016590
v 2.311136 0.650311 -1.145238
v 2.311136 0.650311 -1.145238
v 2.311136 0.650311 -1.145238
v 2.311136 0.650311 -1.145238
v 2.958699 0.610223 1.065001
v 2.958699 0.610223 1.065001
v 2.958699 0.610223 1.065001
v 2.863618 0.610661 1.089350
v 2.863618 0.610661 1.089350
v 2.863618 0.610661 1.089350
v 2.859323 0.331263 1.076085
v 2.859323 0.331263 1.076085
v 2.859323 0.331263 1.076085
v 2.954404 0.330825 1.051735
v 2.954404 0.330825 1.051735
v 2.954404 0.330825 1.051735
v 2.337924 0.100000 1.690496
v 2.337924 1.220000 1.362897
v 2.411668 0.100000 1.683233
v 2.347756 1.220000 1.361928
v 2.482578 0.100000 1.661723
v 2.357211 1.220000 1.359060
v 2.547929 0.100000 1.626792
v 2.365924 1.220000 1.354403
v 2.605210 0.100000 1.579783
v 2.373562 1.220000 1.348135
v 2.652219 0.100000 1.522502
v 2.379830 1.220000 1.340498
v 2.687150 0.100000 1.457150
v 2.384487 1.220000 1.331784
v 2.708660 0.100000 1.386241
v 2.387355 1.220000 1.322330
v 2.715924 0.100000 1.312497
v 2.388324 1.220000 1.312497
v 2.708660 0.100000 1.238752
v 2.387355 1.220000 1.302665
v 2.687150 0.100000 1.167842
v 2.384487 1.220000 1.293210
v 2.652219 0.100000 1.102491
v 2.379830 1.220000 1.284496
v 2.605210 0.100000 1.045211
v 2.373562 1.220000 1.276858
v 2.547929 0.100000 0.998201
v 2.365924 1.220000 1.270591
v 2.482578 0.100000 0.963270
v 2.357211 1.220000 1.265933
v 2.411668 0.100000 0.941760
v 2.347756 1.220000 1.263065
v 2.337924 0.100000 0.934497
v 2.337924 1.220000 1.262097
v 2.264179 0.100000 0.941760
v 2.328091 1.220000 1.263065
v 2.193269 0.100000 0.963270
v 2.318636 1.220000 1.265933
v 2.127918 0.100000 0.998201
v 2.309923 1.220000 1.270591
v 2.070637 0.100000 1.045211
v 2.302285 1.220000 1.276858
v 2.023628 0.100000 1.102491
v 2.296017 1.220000 1.284496
v 1.988697 0.100000 1.167842
v 2.291360 1.220000 1.293210
v 1.967187 0.100000 1.238752
v 2.288492 1.220000 1.302665
v 1.959924 0.100000 1.312497
v 2.287524 1.220000 1.312497
v 1.967187 0.100000 1.386241
v 2.288492 1.220000 1.322330
v 1.988697 0.100000 1.457150
v 2.291360 1.220000 1.331784
v 2.023628 0.100000 1.522502
v 2.296017 1.220000 1.340498
v 2.070637 0.100000 1.579783
v 2.302285 1.220000 1.348135
v 2.127918 0.100000 1.626792
v 2.309923 1.220000 1.354403
v 2.193269 0.100000 1.661723
v 2.318636 1.220000 1.359060
v 2.264179 0.100000 1.683233
v 2.328091 1.220000 1.361928
v 2.337924 0.087663 1.852828
v 2.443337 0.087663 1.842445
v 2.544699 0.087663 1.811697
v 2.638115 0.087663 1.761765
v 2.719995 0.087663 1.694569
v 2.787192 0.087663 1.612688
v 2.837124 0.087663 1.519273
v 2.867872 0.087663 1.417910
v 2.878254 0.087663 1.312497
v 2.867872 0.087663 1.207084
v 2.837124 0.087663 1.105721
v 2.787192 0.087663 1.012305
v 2.719995 0.087663 0.930425
v 2.638115 0.087663 0.863228
v 2.544699 0.087663 0.813296
v 2.443337 0.087663 0.782548
v 2.337924 0.087663 0.772165
v 2.232510 0.087663 0.782548
v 2.131148 0.087663 0.813296
v 2.037732 0.087663 0.863228
v 1.955852 0.087663 0.930425
v 1.888655 0.087663 1.012305
v 1.838723 0.087663 1.105721
v 1.807975 0.087663 1.207084
v 1.797593 0.087663 1.312497
v 1.807975 0.087663 1.417910
v 1.838723 0.087663 1.519273
v 1.888655 0.087663 1.612688
v 1.955852 0.087663 1.694569
v 2.037732 0.087663 1.761765
v 2.131148 0.087663 1.811697
v 2.232510 0.087663 1.842445
v 2.337924 0.000337 1.852828
v 2.443337 0.000337 1.842445
v 2.544699 0.000337 1.811697
v 2.638115 0.000337 1.761765
v 2.719995 0.000337 1.694569
v 2.787192 0.000337 1.612688
v 2.837124 0.000337 1.519273
v 2.867872 0.000337 1.417910
v 2.878254 0.000337 1.312497
v 2.867872 0.000337 1.207084
v 2.837124 0.000337 1.105721
v 2.787192 0.000337 1.012305
v 2.719995 0.000337 0.930425
v 2.638115 0.000337 0.863228
v 2.544699 0.000337 0.813296
v 2.443337 0.000337 0.782548
v 2.337924 0.000337 0.772165
v 2.232510 0.000337 0.782548
v 2.131148 0.000337 0.813296
v 2.037732 0.000337 0.863228
v 1.955852 0.000337 0.930425
v 1.888655 0.000337 1.012305
v 1.838723 0.000337 1.105721
v 1.807975 0.000337 1.207084
v 1.797593 0.000337 1.312497
v 1.807975 0.000337 1.417910
v 1.838723 0.000337 1.519273
v 1.888655 0.000337 1.612688
v 1.955852 0.000337 1.694569
v 2.037732 0.000337 1.761765
v 2.131148 0.000337 1.811697
v 2.232510 0.000337 1.842445
v 2.337924 0.389470 1.605827
v 2.395149 0.389470 1.600190
v 2.450176 0.389470 1.583499
v 2.500889 0.389470 1.556392
v 2.545339 0.389470 1.519913
v 2.581819 0.389470 1.475462
v 2.608925 0.389470 1.424749
v 2.625618 0.389470 1.369722
v 2.631254 0.389470 1.312497
v 2.625618 0.389470 1.255271
v 2.608925 0.389470 1.200244
v 2.581819 0.389470 1.149531
v 2.545339 0.389470 1.105081
v 2.500889 0.389470 1.068602
v 2.450176 0.389470 1.041495
v 2.395149 0.389470 1.024803
v 2.337924 0.389470 1.019167
v 2.280698 0.389470 1.024803
v 2.225671 0.389470 1.041495
v 2.174958 0.389470 1.068602
v 2.130508 0.389470 1.105081
v 2.094028 0.389470 1.149531
v 2.066922 0.389470 1.200244
v 2.050230 0.389470 1.255271
v 2.044593 0.389470 1.312497
v 2.050230 0.389470 1.369722
v 2.066922 0.389470 1.424749
v 2.094028 0.389470 1.475462
v 2.130508 0.389470 1.519913
v 2.174958 0.389470 1.556392
v 2.225671 0.389470 1.583499
v 2.280698 0.389470 1.600190
v 2.337924 0.558555 1.556370
v 2.385501 0.558555 1.551683
v 2.431250 0.558555 1.537806
v 2.473412 0.558555 1.515269
v 2.510367 0.558555 1.484941
v 2.540696 0.558555 1.447986
v 2.563232 0.558555 1.405823
v 2.577110 0.558555 1.360074
v 2.581796 0.558555 1.312497
v 2.577110 0.558555 1.264919
v 2.563232 0.558555 1.219171
v 2.540696 0.558555 1.177009
v 2.510367 0.558555 1.140053
v 2.473412 0.558555 1.109724
v 2.431250 0.558555 1.087188
v 2.385501 0.558555 1.073310
v 2.337924 0.558555 1.068624
v 2.290346 0.558555 1.073310
v 2.244597 0.558555 1.087188
v 2.202435 0.558555 1.109724
v 2.165480 0.558555 1.140053
v 2.135151 0.558555 1.177009
v 2.112615 0.558555 1.219171
v 2.098737 0.558555 1.264919
v 2.094051 0.558555 1.312497
v 2.098737 0.558555 1.360074
v 2.112615 0.558555 1.405823
v 2.135151 0.558555 1.447986
v 2.165480 0.558555 1.484941
v 2.202435 0.558555 1.515269
v 2.244597 0.558555 1.537806
v 2.290346 0.558555 1.551683
v 2.337924 0.735048 1.504745
v 2.375429 0.735048 1.501051
v 2.411494 0.735048 1.490111
v 2.444731 0.735048 1.472345
v 2.473864 0.735048 1.448437
v 2.497772 0.735048 1.419305
v 2.515538 0.735048 1.386067
v 2.526478 0.735048 1.350002
v 2.530172 0.735048 1.312497
v 2.526478 0.735048 1.274991
v 2.515538 0.735048 1.238927
v 2.497772 0.735048 1.205689
v 2.473864 0.735048 1.176557
v 2.444731 0.735048 1.152648
v 2.411494 0.735048 1.134882
v 2.375429 0.735048 1.123942
v 2.337924 0.735048 1.120248
v 2.300418 0.735048 1.123942
v 2.264353 0.735048 1.134882
v 2.231116 0.735048 1.152648
v 2.201983 0.735048 1.176557
v 2.178075 0.735048 1.205689
v 2.160309 0.735048 1.238927
v 2.149369 0.735048 1.274991
v 2.145675 0.735048 1.312497
v 2.149369 0.735048 1.350002
v 2.160309 0.735048 1.386067
v 2.178075 0.735048 1.419305
v 2.201983 0.735048 1.448437
v 2.231116 0.735048 1.472345
v 2.264353 0.735048 1.490111
v 2.300418 0.735048 1.501051
v 2.337924 0.885030 1.460876
v 2.366871 0.885030 1.458025
v 2.394706 0.885030 1.449581
v 2.420358 0.885030 1.435869
v 2.442843 0.885030 1.417417
v 2.461296 0.885030 1.394932
v 2.475008 0.885030 1.369279
v 2.483451 0.885030 1.341444
v 2.486302 0.885030 1.312497
v 2.483451 0.885030 1.283549
v 2.475008 0.885030 1.255714
v 2.461296 0.885030 1.230062
v 2.442843 0.885030 1.207577
v 2.420358 0.885030 1.189124
v 2.394706 0.885030 1.175412
v 2.366871 0.885030 1.166969
v 2.337924 0.885030 1.164118
v 2.308976 0.885030 1.166969
v 2.281141 0.885030 1.175412
v 2.255489 0.885030 1.189124
v 2.233004 0.885030 1.207577
v 2.214551 0.885030 1.230062
v 2.200839 0.885030 1.255714
v 2.192396 0.885030 1.283549
v 2.189545 0.885030 1.312497
v 2.192396 0.885030 1.341444
v 2.200839 0.885030 1.369279
v 2.214551 0.885030 1.394932
v 2.233004 0.885030 1.417417
v 2.255489 0.885030 1.435869
v 2.281141 0.885030 1.449581
v 2.308976 0.885030 1.458025
v -0.602258 0.870737 -2.068654
v -0.039457 0.870737 -2.315756
v -0.602258 1.485395 -2.068654
v -0.039457 1.485394 -2.315756
v -0.742958 1.331730 -2.006879
v -0.742958 1.024402 -2.006879
v -0.461558 0.717073 -2.130429
v -0.180157 0.717073 -2.253981
v 0.101243 1.024402 -2.377531
v 0.101243 1.331730 -2.377531
v -0.180157 1.639059 -2.253981
v -0.461558 1.639059 -2.130429
v -0.461558 1.024402 -2.130429
v -0.461558 1.331730 -2.130429
v -0.180157 1.024402 -2.253981
v -0.180157 1.331730 -2.253981
v -0.473346 1.677682 -2.125254
v -0.168369 1.677682 -2.259156
v 0.136608 1.344605 -2.393058
v 0.136608 1.011527 -2.393058
v -0.168369 0.678450 -2.259156
v -0.473346 0.678450 -2.125254
v -0.778322 1.011527 -1.991352
v -0.778322 1.344605 -1.991352
v -0.015881 1.511143 -2.326107
v -0.625834 1.511143 -2.058303
v -0.015881 0.844989 -2.326107
v -0.625834 0.844989 -2.058303
v -14.400001 2.000000 -0.409511
v -14.500000 2.100000 -0.409511
v -14.500000 1.900000 -0.409511
v -14.213613 2.000000 -0.319022
v -14.113595 2.100000 -0.319022
v -14.113630 1.900000 -0.319022
v -14.400001 2.000000 -2.999999
v -14.500001 2.100000 -2.999999
v -14.500001 1.900000 -2.999999
v -14.100000 2.000000 -2.999999
v -14.000001 1.900000 -2.999999
v -14.000001 2.100000 -2.999999
v -14.286389 2.000000 -0.319022
v -14.386372 1.900000 -0.319022
v -14.386407 2.100000 -0.319022
v -14.100000 2.000000 -0.409511
v -14.000000 1.900000 -0.409511
v -14.000000 2.100000 -0.409511
v -14.100001 2.000000 -11.031533
v -14.000001 2.100000 -11.031533
v -14.000001 1.900000 -11.031533
v -14.286388 2.000000 -11.131534
v -14.386406 2.100000 -11.131534
v -14.386371 1.900000 -11.131534
v -14.400001 2.000000 -8.499999
v -14.500001 2.100000 -8.499999
v -14.500001 1.900000 -8.499999
v -14.100001 2.000000 -8.499999
v -14.000001 1.900000 -8.499999
v -14.000001 2.100000 -8.499999
v -14.213613 2.000000 -11.131534
v -14.113595 2.100000 -11.131534
v -14.113630 1.900000 -11.131534
v -14.400001 2.000000 -11.366969
v -14.500000 1.900000 -11.445392
v -14.500001 2.100000 -11.445392
v -14.500001 1.000000 -3.000000
v -14.000000 1.000000 -3.000000
v -14.500001 1.000000 -8.499999
v -14.000001 1.000000 -8.499999
v -14.113790 1.000000 -11.131534
v -14.386212 1.000000 -0.319022
v -14.500000 1.000000 -11.445392
v -14.000000 1.000000 -0.409511
v -14.000001 1.000000 -11.031533
v -14.500000 1.000000 -0.409511
v -14.386211 1.000000 -11.131534
v -14.113789 1.000000 -0.319022
v -14.100000 1.000000 -8.499999
v -14.100000 1.000000 -3.000000
v -14.100001 3.000000 -8.499999
v -14.100000 3.000000 -3.000000
v -14.100000 1.200000 -8.300000
v -14.100000 1.200000 -3.200000
v -14.100001 2.800000 -8.300000
v -14.100000 2.800000 -3.200000
v -14.400001 1.000000 -8.499999
v -14.400001 1.000000 -3.000000
v -14.400002 3.000000 -8.499999
v -14.400001 3.000000 -3.000000
v -14.400001 1.200000 -8.300000
v -14.400001 1.200000 -3.200000
v -14.400002 2.800000 -8.300000
v -14.400001 2.800000 -3.200000
v -14.500001 3.000000 -3.000000
v -14.000001 3.000000 -3.000000
v -14.500001 3.000000 -8.499999
v -14.000001 3.000000 -8.499999
v -14.113437 3.000000 -11.131534
v -14.000001 3.000000 -11.031531
v -14.386566 3.000000 -0.319023
v -14.500000 3.000000 -0.409512
v -14.386565 3.000000 -11.131534
v -14.500001 3.000000 -11.445390
v -14.113436 3.000000 -0.319023
v -14.000000 3.000000 -0.409512
v -14.000001 4.500000 -3.000000
v -14.500000 -0.500000 -2.999999
v -14.500001 4.500000 -3.000000
v -14.000000 -0.500000 -3.000000
v -14.000001 4.500000 -8.499999
v -14.500001 4.500000 -8.499999
v -14.000001 -0.500000 -8.499999
v -14.500001 -0.500000 -8.499999
v -14.386725 4.400000 -0.319023
v -14.500000 4.500000 -0.409512
v -14.500000 -0.500000 -0.409511
v -14.386724 -0.400000 -0.319022
v -14.500001 4.500000 -11.445390
v -14.386724 4.400000 -11.131534
v -14.386724 -0.400000 -11.131534
v -14.500000 -0.500000 -11.445392
v -14.113277 4.400000 -11.131534
v -14.000001 4.500000 -11.031531
v -14.000001 -0.500000 -11.031533
v -14.113276 -0.400000 -11.131534
v -14.000000 4.500000 -0.409512
v -14.113276 4.400000 -0.319023
v -14.113276 -0.400000 -0.319023
v -14.000000 -0.500000 -0.409511
v -14.200001 1.200000 -3.200000
v -14.300000 1.200000 -3.200000
v -14.300000 2.800000 -3.200000
v -14.200001 2.800000 -3.200000
v -14.300001 2.800000 -8.300000
v -14.200001 2.800000 -8.300000
v -14.300001 1.200000 -8.300000
v -14.200001 1.200000 -8.300000
v -14.099999 2.000000 11.386391
v -13.999999 2.100000 11.386391
v -13.999999 1.900000 11.386391
v -14.286387 2.000000 11.486390
v -14.386405 2.100000 11.486390
v -14.386370 1.900000 11.486390
v -14.099999 2.000000 7.500001
v -13.999999 2.100000 7.500001
v -13.999999 1.900000 7.500001
v -14.400000 2.000000 7.500000
v -14.500000 1.900000 7.500000
v -14.500000 2.100000 7.500000
v -14.213611 2.000000 11.486391
v -14.113628 1.900000 11.486391
v -14.113593 2.100000 11.486391
v -14.400000 2.000000 11.465354
v -14.499999 1.900000 11.548850
v -14.499999 2.100000 11.548850
v -14.213613 2.000000 -0.499999
v -14.113594 2.100000 -0.499999
v -14.113629 1.900000 -0.499999
v -14.099999 2.000000 2.000001
v -14.000000 2.100000 2.000001
v -14.000000 1.900000 2.000001
v -14.400000 2.000000 2.000001
v -14.500000 1.900000 2.000001
v -14.500000 2.100000 2.000001
v -14.286387 2.000000 -0.499999
v -14.386405 2.100000 -0.499999
v -14.386370 1.900000 -0.499999
v -13.999999 1.000000 7.500000
v -14.500000 1.000000 7.500000
v -14.000000 1.000000 2.000001
v -14.500000 1.000000 2.000000
v -14.386211 1.000000 -0.499999
v -14.113788 1.000000 11.486391
v -14.500000 1.000000 11.548850
v -13.999999 1.000000 11.386391
v -14.113789 1.000000 -0.499999
v -14.386211 1.000000 11.486390
v -14.400000 1.000000 2.000000
v -14.400000 1.000000 7.500000
v -14.400000 3.000000 2.000000
v -14.400000 3.000000 7.500000
v -14.400000 1.000000 2.200000
v -14.400000 1.000000 7.300000
v -14.400000 2.800000 2.200001
v -14.400000 2.800000 7.300000
v -14.099999 1.000000 2.000000
v -14.099999 1.000000 7.500000
v -14.099999 3.000000 2.000000
v -14.099999 3.000000 7.500000
v -14.099999 1.000000 2.200000
v -14.099999 1.000000 7.300000
v -14.099999 2.800000 2.200001
v -14.099999 2.800000 7.300000
v -13.999999 3.000000 7.500000
v -14.499999 3.000000 7.500000
v -13.999999 3.000000 2.000000
v -14.499999 3.000000 2.000000
v -14.386564 3.000000 -0.500000
v -14.113434 3.000000 11.486391
v -13.999999 3.000000 11.386391
v -14.113436 3.000000 -0.500000
v -14.386564 3.000000 11.486390
v -14.499999 3.000000 11.548850
v -14.499999 4.500000 7.500000
v -14.000000 -0.500000 7.500000
v -13.999999 4.500000 7.500001
v -14.500000 -0.500000 7.500000
v -14.499999 4.500000 2.000000
v -13.999999 4.500000 2.000000
v -14.500000 -0.500000 2.000000
v -14.000000 -0.500000 2.000001
v -14.113275 4.400000 11.486391
v -13.999999 4.500000 11.386391
v -13.999999 -0.500000 11.386391
v -14.113276 -0.400000 11.486391
v -14.113276 4.400000 -0.500000
v -14.113276 -0.400000 -0.499999
v -14.386724 4.400000 -0.500000
v -14.386724 -0.400000 -0.500000
v -14.499999 4.500000 11.548850
v -14.386724 4.400000 11.486390
v -14.386724 -0.400000 11.486390
v -14.500000 -0.500000 11.548850
v -13.799999 1.000000 7.500000
v -14.700000 1.000000 7.500000
v -13.800000 1.000000 2.000001
v -14.700000 1.000000 2.000000
v -13.849999 1.200000 7.500000
v -13.799999 1.150000 7.500000
v -14.700000 1.150000 7.500000
v -14.650000 1.200000 7.500000
v -14.650000 1.200000 2.000000
v -14.700000 1.150000 2.000000
v -13.800000 1.150000 2.000001
v -13.849999 1.200000 2.000001
v -14.151004 1.940000 3.169706
v -14.108578 2.000000 3.183848
v -14.094436 1.980000 3.197990
v -14.052009 1.980000 3.155564
v -14.066151 2.000000 3.141422
v -14.080293 1.940000 3.098995
v -14.447989 1.980000 2.844438
v -14.433846 2.000000 2.858580
v -14.419704 1.940000 2.901006
v -14.348993 1.940000 2.830295
v -14.391420 2.000000 2.816153
v -14.405562 1.980000 2.802011
v -14.094436 1.348676 3.197990
v -14.151004 1.400000 3.169706
v -14.080293 1.400000 3.098995
v -14.052009 1.348676 3.155563
v -14.405562 1.348676 2.802011
v -14.348993 1.400000 2.830295
v -14.419704 1.400000 2.901006
v -14.447989 1.348676 2.844438
v -13.981298 1.288676 3.084853
v -13.993425 1.310290 3.068696
v -13.981298 1.280000 3.056569
v -13.981298 1.200000 3.084853
v -13.981298 1.200000 3.056569
v -14.306567 1.200000 2.731299
v -14.334851 1.200000 2.731299
v -14.334851 1.288676 2.731299
v -14.306567 1.280000 2.731299
v -14.318694 1.310290 2.743426
v -14.518700 1.288676 2.915148
v -14.506573 1.310290 2.931305
v -14.518700 1.280000 2.943432
v -14.518700 1.200000 2.915148
v -14.518700 1.200000 2.943432
v -14.193430 1.200000 3.268701
v -14.165146 1.200000 3.268701
v -14.165146 1.288676 3.268701
v -14.193430 1.280000 3.268701
v -14.181303 1.310290 3.256574
v -14.122720 1.360000 3.197990
v -14.122720 1.980000 3.197990
v -14.377278 1.980000 2.802011
v -14.052009 1.980000 3.127280
v -14.447989 1.980000 2.872722
v -14.052009 1.360000 3.127279
v -14.377278 1.360000 2.802011
v -14.447989 1.360000 2.872722
v -14.150297 1.427000 3.142129
v -14.150296 1.913000 3.142129
v -14.392127 1.913000 2.900298
v -14.392127 1.427000 2.900298
v -14.349701 1.913000 2.857872
v -14.107870 1.913000 3.099703
v -14.107870 1.427000 3.099703
v -14.349701 1.427000 2.857872
v -14.399999 1.200000 7.150002
v -14.249998 1.250000 7.150002
v -14.302652 1.760000 7.150002
v -14.270095 1.250000 7.075002
v -14.315695 1.760000 7.101329
v -14.324998 1.250000 7.020098
v -14.351325 1.760000 7.065698
v -14.399999 1.250000 7.000002
v -14.399999 1.760000 7.052656
v -14.474998 1.250000 7.020098
v -14.448671 1.760000 7.065698
v -14.529902 1.250000 7.075002
v -14.484303 1.760000 7.101329
v -14.549998 1.250000 7.150002
v -14.497344 1.760000 7.150002
v -14.529902 1.250000 7.225002
v -14.484303 1.760000 7.198675
v -14.474998 1.250000 7.279905
v -14.448671 1.760000 7.234305
v -14.399999 1.250000 7.300001
v -14.399999 1.760000 7.247347
v -14.324998 1.250000 7.279905
v -14.351325 1.760000 7.234305
v -14.270095 1.250000 7.225002
v -14.315695 1.760000 7.198675
v -14.302652 1.820000 7.150002
v -14.358862 1.890000 7.150002
v -14.364373 1.890000 7.129434
v -14.315695 1.820000 7.101329
v -14.379430 1.890000 7.114376
v -14.351325 1.820000 7.065698
v -14.399999 1.890000 7.108865
v -14.399999 1.820000 7.052656
v -14.420567 1.890000 7.114376
v -14.448671 1.820000 7.065698
v -14.435623 1.890000 7.129434
v -14.484303 1.820000 7.101329
v -14.441134 1.890000 7.150002
v -14.497344 1.820000 7.150002
v -14.435623 1.890000 7.170570
v -14.484303 1.820000 7.198675
v -14.420567 1.890000 7.185627
v -14.448671 1.820000 7.234305
v -14.399999 1.890000 7.191138
v -14.399999 1.820000 7.247347
v -14.379430 1.890000 7.185627
v -14.351325 1.820000 7.234305
v -14.364373 1.890000 7.170570
v -14.315695 1.820000 7.198675
v -14.399999 1.978508 7.150002
v -14.380524 1.973101 7.150002
v -14.383133 1.973101 7.140265
v -14.390261 1.973101 7.133136
v -14.399999 1.973101 7.130527
v -14.409736 1.973101 7.133136
v -14.416863 1.973101 7.140265
v -14.419473 1.973101 7.150002
v -14.416863 1.973101 7.159739
v -14.409736 1.973101 7.166867
v -14.399999 1.973101 7.169476
v -14.390261 1.973101 7.166867
v -14.383133 1.973101 7.159739
v -14.304012 1.200000 7.094584
v -14.289164 1.200000 7.150002
v -14.344581 1.200000 7.054016
v -14.399999 1.200000 7.039166
v -14.455416 1.200000 7.054016
v -14.495984 1.200000 7.094584
v -14.510834 1.200000 7.150002
v -14.495984 1.200000 7.205420
v -14.455416 1.200000 7.245988
v -14.399999 1.200000 7.260837
v -14.344581 1.200000 7.245988
v -14.304012 1.200000 7.205420
v -14.249998 1.733471 7.150002
v -14.270095 1.733471 7.075002
v -14.324998 1.733471 7.020098
v -14.399999 1.733471 7.000002
v -14.474998 1.733471 7.020098
v -14.529902 1.733471 7.075002
v -14.549998 1.733471 7.150002
v -14.529902 1.733471 7.225002
v -14.474998 1.733471 7.279905
v -14.399999 1.733471 7.300002
v -14.324998 1.733471 7.279905
v -14.270095 1.733471 7.225002
v -14.099998 1.200000 7.150002
v -13.949998 1.250000 7.150002
v -14.002652 1.760000 7.150002
v -13.970095 1.250000 7.075002
v -14.015695 1.760000 7.101329
v -14.024998 1.250000 7.020098
v -14.051325 1.760000 7.065698
v -14.099998 1.250000 7.000002
v -14.099998 1.760000 7.052656
v -14.174998 1.250000 7.020098
v -14.148671 1.760000 7.065698
v -14.229902 1.250000 7.075002
v -14.184302 1.760000 7.101329
v -14.249998 1.250000 7.150002
v -14.197344 1.760000 7.150002
v -14.229902 1.250000 7.225002
v -14.184302 1.760000 7.198675
v -14.174998 1.250000 7.279905
v -14.148671 1.760000 7.234305
v -14.099998 1.250000 7.300001
v -14.099998 1.760000 7.247347
v -14.024998 1.250000 7.279905
v -14.051325 1.760000 7.234305
v -13.970095 1.250000 7.225002
v -14.015695 1.760000 7.198675
v -14.002652 1.820000 7.150002
v -14.058862 1.890000 7.150002
v -14.064373 1.890000 7.129434
v -14.015694 1.820000 7.101329
v -14.079430 1.890000 7.114376
v -14.051325 1.820000 7.065698
v -14.099998 1.890000 7.108865
v -14.099998 1.820000 7.052656
v -14.120566 1.890000 7.114376
v -14.148671 1.820000 7.065698
v -14.135623 1.890000 7.129434
v -14.184302 1.820000 7.101329
v -14.141134 1.890000 7.150002
v -14.197344 1.820000 7.150002
v -14.135623 1.890000 7.170570
v -14.184302 1.820000 7.198675
v -14.120566 1.890000 7.185627
v -14.148671 1.820000 7.234305
v -14.099998 1.890000 7.191138
v -14.099998 1.820000 7.247347
v -14.079430 1.890000 7.185627
v -14.051325 1.820000 7.234305
v -14.064373 1.890000 7.170570
v -14.015695 1.820000 7.198675
v -14.099998 1.978508 7.150002
v -14.080523 1.973101 7.150002
v -14.083133 1.973101 7.140265
v -14.090261 1.973101 7.133136
v -14.099998 1.973101 7.130527
v -14.109735 1.973101 7.133136
v -14.116863 1.973101 7.140265
v -14.119473 1.973101 7.150002
v -14.116863 1.973101 7.159739
v -14.109735 1.973101 7.166867
v -14.099998 1.973101 7.169476
v -14.090261 1.973101 7.166867
v -14.083133 1.973101 7.159739
v -14.004012 1.200000 7.094584
v -13.989163 1.200000 7.150002
v -14.044580 1.200000 7.054016
v -14.099998 1.200000 7.039166
v -14.155416 1.200000 7.054016
v -14.195984 1.200000 7.094584
v -14.210834 1.200000 7.150002
v -14.195984 1.200000 7.205420
v -14.155416 1.200000 7.245988
v -14.099998 1.200000 7.260837
v -14.044580 1.200000 7.245988
v -14.004012 1.200000 7.205420
v -13.949998 1.733471 7.150002
v -13.970095 1.733471 7.075002
v -14.024998 1.733471 7.020098
v -14.099998 1.733471 7.000002
v -14.174998 1.733471 7.020098
v -14.229902 1.733471 7.075002
v -14.249998 1.733471 7.150002
v -14.229902 1.733471 7.225002
v -14.174998 1.733471 7.279905
v -14.099998 1.733471 7.300002
v -14.024998 1.733471 7.279905
v -13.970095 1.733471 7.225002
v -13.999999 6.635889 2.000001
v -14.499999 6.635889 2.000000
v -13.999999 6.635890 7.500000
v -14.499999 6.635889 7.500000
v -14.113276 6.535889 -0.319023
v -14.000000 6.635889 -0.409511
v -14.000001 6.635889 -11.031533
v -14.113277 6.535889 -11.131536
v -14.386724 6.535889 -11.131536
v -14.500001 6.635889 -11.445392
v -14.500000 6.635889 -0.409511
v -14.386725 6.535889 -0.319022
v -14.500001 6.635889 -8.500001
v -14.000001 6.635889 -8.500001
v -14.500001 6.635889 -3.000000
v -14.000001 6.635889 -3.000000
v -14.113275 6.535889 11.486391
v -13.999999 6.635889 11.386391
v -14.113276 6.535889 -0.499999
v -14.386724 6.535889 -0.500000
v -14.499999 6.635889 11.548850
v -14.386724 6.535889 11.486390
v 14.338829 2.000000 -11.049998
v 14.338829 2.100000 -10.949998
v 14.338829 1.900000 -10.949998
v 14.305223 2.000000 -11.236386
v 14.438828 2.100000 -11.336404
v 14.438828 1.900000 -11.336370
v 4.750000 2.000000 -11.049996
v 4.750000 2.100000 -10.949998
v 4.750000 1.900000 -10.949998
v 4.750000 2.000000 -11.349998
v 4.750000 1.900000 -11.449998
v 4.750000 2.100000 -11.449998
v 14.305223 2.000000 -11.163610
v 14.438828 1.900000 -11.063628
v 14.438828 2.100000 -11.063592
v 14.431368 2.000000 -11.349998
v 14.500745 1.900000 -11.449998
v 14.500745 2.100000 -11.449998
v -14.402575 2.000000 -11.349994
v -14.499893 2.100000 -11.449994
v -14.499893 1.900000 -11.449994
v -14.357666 2.000000 -11.163608
v -14.357666 2.100000 -11.063590
v -14.357666 1.900000 -11.063624
v -4.750000 2.000000 -11.049994
v -4.750000 2.100000 -10.949996
v -4.750000 1.900000 -10.949996
v -4.750000 2.000000 -11.349996
v -4.750000 1.900000 -11.449996
v -4.750000 2.100000 -11.449996
v -14.357666 2.000000 -11.236382
v -14.357666 2.100000 -11.336400
v -14.477308 1.900000 -11.336366
v -14.257668 2.000000 -11.049994
v -14.257668 1.900000 -10.949994
v -14.257668 2.100000 -10.949994
v 4.750000 1.000000 -10.949998
v 4.750000 1.000000 -11.449998
v -4.750000 1.000000 -10.949996
v -4.750000 1.000000 -11.449996
v -14.480701 1.000000 -11.336205
v 14.438828 1.000000 -11.063787
v -14.257668 1.000000 -10.949996
v 14.500745 1.000000 -11.449998
v -14.499893 1.000000 -11.449994
v 14.338829 1.000000 -10.949998
v -14.357666 1.000000 -11.063785
v 14.438828 1.000000 -11.336209
v -4.750000 1.000000 -11.349996
v 4.750000 1.000000 -11.349998
v -4.750000 3.000000 -11.349996
v 4.750000 3.000000 -11.349998
v -4.550000 1.200000 -11.349996
v 4.550000 1.200000 -11.349998
v -4.550000 2.800000 -11.349996
v 4.550000 2.800000 -11.349998
v -4.750000 1.000000 -11.049996
v 4.750000 1.000000 -11.049998
v -4.750000 3.000000 -11.049994
v 4.750000 3.000000 -11.049996
v -4.550000 1.200000 -11.049996
v 4.550000 1.200000 -11.049998
v -4.550000 2.800000 -11.049994
v 4.550000 2.800000 -11.049996
v 4.750000 3.000000 -10.949996
v 4.750000 3.000000 -11.449998
v -4.750000 3.000000 -10.949994
v -4.750000 3.000000 -11.449994
v -14.357666 3.000000 -11.336558
v -14.499893 3.000000 -11.449994
v 14.438828 3.000000 -11.063434
v 14.338829 3.000000 -10.949998
v -14.357666 3.000000 -11.063430
v -14.257668 3.000000 -10.949994
v 14.438828 3.000000 -11.336562
v 14.500745 3.000000 -11.449998
v 4.750000 4.500000 -11.449996
v 4.750000 -0.500000 -10.949998
v 4.750000 4.500000 -10.949996
v 4.750000 -0.500000 -11.449998
v -4.750000 4.500000 -11.449994
v -4.750000 4.500000 -10.949994
v -4.750000 -0.500000 -11.449996
v -4.750000 -0.500000 -10.949996
v 14.438828 4.400000 -11.063273
v 14.338829 4.500000 -10.949998
v 14.338829 -0.500000 -10.949998
v 14.438828 -0.400000 -11.063275
v -14.257668 4.500000 -10.949994
v -14.357666 4.400000 -11.063270
v -14.357666 -0.400000 -11.063272
v -14.257668 -0.500000 -10.949996
v -14.357666 4.400000 -11.336719
v -14.499893 4.500000 -11.449994
v -14.499893 -0.500000 -11.449996
v -14.477308 -0.400000 -11.336719
v 14.500745 4.500000 -11.449998
v 14.438828 4.400000 -11.336722
v 14.438828 -0.400000 -11.336722
v 14.500745 -0.500000 -11.450000
v 4.550000 1.200000 -11.249997
v 4.550000 1.200000 -11.149997
v 4.550000 2.800000 -11.149997
v 4.550000 2.800000 -11.249997
v -4.550000 2.800000 -11.149995
v -4.550000 2.800000 -11.249995
v -4.550000 1.200000 -11.149995
v -4.550000 1.200000 -11.249995
v 4.745148 5.248068 -11.449996
v 4.745148 5.248068 -10.949996
v -4.741833 5.745260 -11.449994
v -4.741833 5.745260 -10.949994
v 14.415982 4.660885 -11.063273
v 14.321353 4.765981 -10.949998
v -14.236614 6.237218 -10.949996
v -14.341713 6.142589 -11.063272
v -14.341713 6.142589 -11.336719
v -14.478840 6.237218 -11.449996
v 14.483269 4.765981 -11.449998
v 14.415982 4.660885 -11.336722
v 14.450001 2.000000 11.516609
v 14.500000 2.100000 11.566609
v 14.500000 1.900000 11.566609
v 14.050000 2.000000 11.116611
v 14.000000 1.900000 11.066610
v 14.000000 2.100000 11.066610
v 14.000000 1.000000 11.066610
v 14.500000 1.000000 11.566609
v 14.500000 3.000000 11.566610
v 14.000000 3.000000 11.066610
v 14.000000 4.500000 11.066610
v 14.000000 -0.500000 11.066610
v 14.500000 4.500000 11.566609
v 14.500000 -0.500000 11.566610
v 14.099999 2.000000 7.500001
v 14.000000 2.100000 7.500001
v 14.000000 1.900000 7.500001
v 14.400000 2.000000 7.500000
v 14.500000 1.900000 7.500000
v 14.500000 2.100000 7.500000
v 14.400000 2.000000 -0.392594
v 14.500000 2.100000 -0.392594
v 14.500000 1.900000 -0.392594
v 14.213613 2.000000 -0.499999
v 14.113595 2.100000 -0.499999
v 14.113630 1.900000 -0.499999
v 14.100000 2.000000 2.000000
v 14.000000 2.100000 2.000000
v 14.000000 1.900000 2.000000
v 14.400000 2.000000 2.000000
v 14.500000 1.900000 2.000000
v 14.500000 2.100000 2.000000
v 14.286388 2.000000 -0.500000
v 14.386406 2.100000 -0.500000
v 14.386371 1.900000 -0.500000
v 14.100000 2.000000 -0.392594
v 14.000000 1.900000 -0.392594
v 14.000000 2.100000 -0.392594
v 14.000000 1.000000 7.500000
v 14.500000 1.000000 7.500000
v 14.000000 1.000000 2.000000
v 14.500000 1.000000 2.000000
v 14.386211 1.000000 -0.500000
v 14.000000 1.000000 -0.392594
v 14.500000 1.000000 -0.392594
v 14.113790 1.000000 -0.499999
v 14.400000 1.000000 2.000000
v 14.400000 1.000000 7.499999
v 14.399999 3.000000 1.999999
v 14.399999 3.000000 7.500000
v 14.400000 1.000000 2.200000
v 14.400000 1.000000 7.300000
v 14.400000 2.800000 2.200000
v 14.400000 2.800000 7.300000
v 14.100000 1.000000 2.000000
v 14.100000 1.000000 7.499999
v 14.099999 3.000000 1.999999
v 14.099999 3.000000 7.500000
v 14.100000 1.000000 2.200000
v 14.100000 1.000000 7.300000
v 14.100000 2.800000 2.200000
v 14.100000 2.800000 7.300000
v 13.999999 3.000000 7.500000
v 14.499999 3.000000 7.500000
v 13.999999 3.000000 2.000000
v 14.499999 3.000000 1.999999
v 14.386563 3.000000 -0.500001
v 14.499999 3.000000 -0.392595
v 14.113435 3.000000 -0.500000
v 13.999999 3.000000 -0.392595
v 14.500000 3.000000 11.566610
v 14.499999 4.500000 7.500000
v 14.000000 -0.500000 7.500000
v 13.999999 4.500000 7.500001
v 14.500000 -0.500000 7.500000
v 14.499999 4.500000 2.000000
v 13.999999 4.500000 2.000000
v 14.500000 -0.500000 1.999999
v 14.000000 -0.500000 2.000000
v 13.999999 4.500000 -0.392594
v 14.113276 4.400000 -0.500000
v 14.113276 -0.400000 -0.500000
v 14.000000 -0.500000 -0.392594
v 14.386724 4.400000 -0.500000
v 14.499999 4.500000 -0.392594
v 14.500000 -0.500000 -0.392594
v 14.386724 -0.400000 -0.500000
v 13.799999 1.000000 7.500000
v 14.700000 1.000000 7.500000
v 13.800000 1.000000 2.000000
v 14.700000 1.000000 2.000000
v 13.849999 1.200000 7.500000
v 13.799999 1.150000 7.500000
v 14.700000 1.150000 7.500000
v 14.650000 1.200000 7.500000
v 14.650000 1.200000 2.000000
v 14.700000 1.150000 2.000000
v 13.800000 1.150000 2.000000
v 13.850000 1.200000 2.000000
v 14.286388 2.000000 -0.285190
v 14.386406 2.100000 -0.285190
v 14.386371 1.900000 -0.285190
v 14.099999 2.000000 -3.000000
v 14.000000 2.100000 -3.000000
v 14.000000 1.900000 -3.000000
v 14.400000 2.000000 -3.000000
v 14.500000 1.900000 -3.000000
v 14.500000 2.100000 -3.000000
v 14.213612 2.000000 -0.285189
v 14.113629 1.900000 -0.285189
v 14.113594 2.100000 -0.285189
v 14.450289 2.000000 -11.374658
v 14.499999 2.100000 -11.444640
v 14.499999 1.900000 -11.444640
v 14.213612 2.000000 -10.900847
v 14.113594 2.100000 -11.354438
v 14.113629 1.900000 -11.354438
v 14.100000 2.000000 -8.500001
v 14.000000 2.100000 -8.500001
v 14.000000 1.900000 -8.500001
v 14.400000 2.000000 -8.500001
v 14.500000 1.900000 -8.500001
v 14.500000 2.100000 -8.500001
v 14.286387 2.000000 -10.900847
v 14.386405 2.100000 -11.354438
v 14.386370 1.900000 -11.354438
v 14.099999 2.000000 -11.254439
v 13.999999 1.900000 -11.254439
v 13.999999 2.100000 -11.254439
v 14.000000 1.000000 -3.000000
v 14.500000 1.000000 -3.000000
v 14.000000 1.000000 -8.500001
v 14.500000 1.000000 -8.500001
v 14.386210 1.000000 -11.354438
v 14.113788 1.000000 -0.285189
v 13.999999 1.000000 -11.254439
v 14.499999 1.000000 -11.444640
v 14.113788 1.000000 -11.354438
v 14.386211 1.000000 -0.285190
v 14.400000 1.000000 -8.500001
v 14.400000 1.000000 -3.000000
v 14.399999 3.000000 -8.499999
v 14.399999 3.000000 -3.000001
v 14.400000 1.200000 -8.300000
v 14.400000 1.200000 -3.200000
v 14.400000 2.800000 -8.300000
v 14.400000 2.800000 -3.200000
v 14.100000 1.000000 -8.500001
v 14.100000 1.000000 -3.000000
v 14.099999 3.000000 -8.499999
v 14.099999 3.000000 -3.000001
v 14.100000 1.200000 -8.300000
v 14.100000 1.200000 -3.200000
v 14.100000 2.800000 -8.300000
v 14.100000 2.800000 -3.200000
v 13.999999 3.000000 -3.000001
v 14.499999 3.000000 -3.000001
v 13.999999 3.000000 -8.499999
v 14.499999 3.000000 -8.499999
v 14.386562 3.000000 -11.354438
v 14.499998 3.000000 -11.444640
v 14.113434 3.000000 -0.285190
v 14.113434 3.000000 -11.354438
v 13.999998 3.000000 -11.254439
v 14.386563 3.000000 -0.285191
v 14.499999 4.500000 -3.000000
v 14.000000 -0.500000 -2.999999
v 13.999999 4.500000 -3.000000
v 14.500000 -0.500000 -3.000000
v 14.499999 4.500000 -8.499999
v 13.999999 4.500000 -8.499999
v 14.500000 -0.500000 -8.500001
v 14.000000 -0.500000 -8.500001
v 14.113275 4.400000 -0.285189
v 14.113276 -0.400000 -0.285189
v 13.999998 4.500000 -11.254439
v 14.113275 4.400000 -11.354438
v 14.113276 -0.400000 -11.354438
v 13.999999 -0.500000 -11.254439
v 14.386722 4.400000 -11.354438
v 14.499998 4.500000 -11.444640
v 14.499999 -0.500000 -11.444640
v 14.386723 -0.400000 -11.354438
v 14.386723 4.400000 -0.285190
v 14.386724 -0.400000 -0.285190
v 14.300000 1.200000 -3.200000
v 14.200000 1.200000 -3.200000
v 14.200000 2.800000 -3.200000
v 14.300000 2.800000 -3.200000
v 14.200000 2.800000 -8.300000
v 14.300000 2.800000 -8.300000
v 14.200000 1.200000 -8.300000
v 14.300000 1.200000 -8.300000
v 14.000000 4.755056 11.066610
v 14.500000 4.755056 11.566609
v 14.499999 4.755056 7.500000
v 13.999999 4.755056 7.500001
v 14.499999 4.755056 2.000000
v 13.999999 4.755056 2.000000
v 13.999999 4.755056 -0.392594
v 14.113276 4.655056 -0.500000
v 14.386724 4.655056 -0.500000
v 14.499999 4.755056 -0.392594
v 14.499999 4.755056 -3.000000
v 13.999999 4.755056 -3.000000
v 14.499999 4.755056 -8.499999
v 13.999999 4.755056 -8.499999
v 14.113275 4.655056 -0.285189
v 13.999998 4.755056 -11.254439
v 14.113275 4.655056 -11.354438
v 14.386722 4.655056 -11.354438
v 14.499998 4.755056 -11.444640
v 14.386723 4.655056 -0.285190
vn -0.0000 -0.0000 -1.0000
vn -0.6254 0.5518 0.5517
vn -0.6254 0.5527 0.5507
vn -0.6254 0.5518 0.5518
vn -0.7305 -0.2253 0.6447
vn -0.7074 -0.3314 0.6243
vn -0.6253 -0.5518 0.5518
vn -0.0000 -0.7071 0.7071
vn -0.0000 0.7071 0.7071
vn -0.6255 -0.5517 -0.5516
vn -0.7076 -0.3314 -0.6241
vn -0.7306 -0.2251 -0.6446
vn -0.6256 0.5516 -0.5516
vn -0.6257 0.5516 -0.5516
vn -0.6257 0.5517 -0.5515
vn -0.0000 -0.7071 -0.7071
vn -0.0000 0.7071 -0.7071
vn -1.0000 -0.0000 -0.0000
vn 1.0000 -0.0000 -0.0000
vn 0.0003 -0.7069 -0.7073
vn 0.0004 -0.7069 -0.7073
vn 0.0003 0.7069 -0.7073
vn -0.0000 -0.7068 0.7074
vn -0.0000 -0.7067 0.7075
vn -0.0000 0.7067 0.7075
vn -0.0000 0.7068 0.7074
vn -0.7495 -0.0000 0.6620
vn -0.7494 -0.0000 0.6621
vn -0.7505 0.0088 0.6608
vn -0.7501 0.0001 0.6613
vn -0.7501 -0.0001 0.6613
vn -0.7503 0.0001 0.6611
vn -0.9637 0.0325 -0.2649
vn -0.9452 0.0067 -0.3264
vn -0.9605 0.0087 -0.2782
vn -0.9344 0.0487 -0.3528
vn -0.0000 -0.0000 1.0000
vn -0.0000 1.0000 -0.0000
vn -0.0000 -1.0000 -0.0000
vn -0.7497 -0.0000 -0.6618
vn -0.7496 -0.0000 -0.6619
vn -0.9644 -0.0178 -0.2638
vn -0.9462 -0.0203 -0.3229
vn 0.0099 0.0066 0.9999
vn 0.0067 0.0044 1.0000
vn -0.7494 -0.0000 -0.6621
vn -0.7494 -0.0008 -0.6621
vn 0.0202 0.0134 0.9997
vn -0.7368 -0.6390 -0.2210
vn -0.9393 0.1250 0.3197
vn -0.9282 0.0336 -0.3705
vn -0.7336 -0.0045 -0.6795
vn 0.0001 -1.0000 -0.0001
vn -0.0000 -1.0000 -0.0001
vn -0.0001 -1.0000 0.0001
vn 0.0370 0.7061 0.7071
vn 0.9328 0.3605 0.0023
vn 0.7613 -0.6239 -0.1766
vn 0.7648 0.0040 -0.6443
vn 0.9372 -0.3336 0.1017
vn -0.7066 -0.7076 0.0010
vn -0.7066 -0.7076 -0.0003
vn -0.7066 -0.7063 0.0431
vn -0.7066 -0.6998 0.1046
vn -0.7492 -0.0001 0.6623
vn -0.7492 -0.0000 0.6623
vn -0.7506 0.0510 0.6588
vn -0.7507 0.0882 0.6547
vn 0.0370 0.7061 -0.7071
vn -0.0000 -0.3162 0.9487
vn 0.7315 -0.2255 -0.6434
vn 0.7498 -0.0000 -0.6617
vn 0.7498 -0.0001 -0.6617
vn 0.7086 -0.3320 -0.6226
vn 0.7492 -0.0000 0.6623
vn 0.7496 -0.0000 0.6619
vn 0.7492 -0.0011 0.6623
vn -0.0000 -0.3162 -0.9487
vn -0.9348 0.3550 0.0141
vn -0.7433 -0.6332 0.2157
vn -0.7381 0.0015 0.6747
vn -0.9357 -0.3445 -0.0763
vn -0.0001 -1.0000 -0.0001
vn -0.0000 -1.0000 -0.0002
vn 0.7313 -0.2254 0.6437
vn 0.7084 -0.3321 0.6228
vn 0.6270 -0.5523 -0.5493
vn 0.6270 -0.5524 -0.5493
vn 0.6268 0.5524 0.5495
vn 0.7311 0.2310 0.6420
vn 0.7082 0.3371 0.6203
vn 0.6268 0.5525 0.5494
vn 0.7494 -0.0001 -0.6621
vn 0.7494 -0.0000 -0.6621
vn 0.7498 0.0001 -0.6616
vn 0.7313 0.2255 -0.6437
vn 0.7085 0.3320 -0.6227
vn 0.7498 0.0010 -0.6616
vn 0.6270 0.5524 -0.5493
vn 0.6270 0.5523 -0.5494
vn 0.6268 -0.5524 0.5495
vn 0.7496 0.0112 0.6618
vn 0.7065 -0.7077 -0.0005
vn 0.7065 -0.7077 0.0072
vn 0.7065 -0.7077 0.0044
vn -0.0202 0.0084 0.9998
vn -0.0198 0.0083 0.9998
vn -0.0201 0.0084 0.9998
vn 0.6254 0.5518 0.5517
vn 0.6254 0.5519 0.5517
vn 0.6254 0.5527 0.5508
vn 0.7304 -0.2253 0.6447
vn 0.6253 -0.5519 0.5518
vn 0.7074 -0.3315 0.6243
vn 0.6255 -0.5518 -0.5516
vn 0.7306 -0.2252 -0.6446
vn 0.7075 -0.3314 -0.6242
vn 0.6256 0.5517 -0.5516
vn 0.6256 0.5517 -0.5515
vn 0.0001 -0.7069 -0.7073
vn -0.0000 -0.7069 -0.7073
vn 0.0001 0.7069 -0.7073
vn 0.0001 -0.7067 0.7075
vn 0.0002 -0.7067 0.7075
vn 0.0002 0.7067 0.7075
vn 0.0001 0.7067 0.7075
vn 0.7494 -0.0000 0.6621
vn 0.7505 0.0088 0.6608
vn 0.7503 0.0001 0.6611
vn 0.7501 -0.0007 0.6614
vn 0.7501 0.0001 0.6613
vn 0.9637 0.0325 -0.2648
vn 0.9344 0.0487 -0.3528
vn 0.9605 0.0087 -0.2781
vn 0.9452 0.0067 -0.3264
vn 0.7496 -0.0000 -0.6619
vn 0.9644 -0.0177 -0.2638
vn 0.9462 -0.0203 -0.3228
vn -0.0067 0.0044 1.0000
vn -0.0099 0.0066 0.9999
vn 0.7494 -0.0008 -0.6621
vn -0.0202 0.0134 0.9997
vn 0.0001 -1.0000 0.0001
vn 0.7611 -0.6240 0.1768
vn 0.9311 0.1389 -0.3373
vn 0.9418 0.0456 0.3330
vn 0.7646 0.0041 0.6445
vn 0.7066 -0.7076 0.0010
vn 0.7066 -0.6999 0.1045
vn 0.7065 -0.7064 0.0430
vn 0.7065 -0.7077 -0.0003
vn 0.7492 -0.0000 0.6624
vn 0.7492 -0.0001 0.6624
vn 0.7506 0.0510 0.6588
vn 0.7507 0.0882 0.6548
vn -0.7315 -0.2255 -0.6435
vn -0.7086 -0.3321 -0.6226
vn -0.7498 -0.0000 -0.6617
vn -0.7492 -0.0000 0.6624
vn -0.7492 -0.0010 0.6624
vn -0.7496 -0.0001 0.6619
vn -0.7496 -0.0000 0.6619
vn -0.7084 -0.3321 0.6228
vn -0.7313 -0.2255 0.6437
vn -0.6270 -0.5524 -0.5493
vn -0.6267 0.5525 0.5495
vn -0.6267 0.5525 0.5494
vn -0.7082 0.3371 0.6203
vn -0.7311 0.2310 0.6420
vn -0.7494 -0.0001 -0.6621
vn -0.7498 0.0001 -0.6617
vn -0.7498 0.0010 -0.6617
vn -0.7084 0.3320 -0.6228
vn -0.7313 0.2255 -0.6437
vn -0.6270 0.5524 -0.5493
vn -0.6267 -0.5525 0.5495
vn -0.7496 0.0112 0.6618
vn -0.7065 -0.7077 -0.0004
vn -0.7065 -0.7077 0.0043
vn -0.7065 -0.7077 0.0073
vn 0.0202 0.0084 0.9998
vn 0.0198 0.0083 0.9998
vn 0.0201 0.0084 0.9998
vn 0.0521 0.9986 0.0001
vn 0.0523 0.9986 -0.0000
vn 0.0520 0.9986 0.0002
vn -0.6688 0.7435 -0.0001
vn -0.6688 0.7434 -0.0000
vn -0.6687 0.7435 -0.0009
vn -0.6688 0.7435 -0.0000
vn 0.7428 0.6695 0.0007
vn 0.7428 0.6695 -0.0001
vn 0.7428 0.6695 -0.0000
vn 0.7427 0.6696 -0.0009
vn -0.6687 0.7435 0.0007
vn -0.6687 0.7435 -0.0002
vn -0.6687 0.7435 -0.0001
vn 0.7073 0.0374 -0.7059
vn -0.7435 -0.6330 -0.2156
vn -0.9375 0.1326 0.3217
vn -0.9296 0.0417 -0.3661
vn -0.7383 0.0014 -0.6745
vn 0.9356 0.3530 -0.0003
vn 0.7549 -0.6301 -0.1821
vn 0.7602 -0.0020 -0.6496
vn 0.9346 -0.3418 0.0982
vn -0.7072 0.0081 -0.7069
vn -0.9376 0.3474 0.0162
vn -0.9329 -0.3528 -0.0721
vn -0.7366 -0.6393 0.2209
vn -0.7334 -0.0046 0.6798
vn 0.9329 0.1308 -0.3356
vn 0.9406 0.0383 0.3374
vn 0.7547 -0.6303 0.1821
vn 0.7601 -0.0021 0.6498
vn 0.3416 -0.3416 0.8756
vn 0.3416 0.3416 0.8756
vn -0.3416 0.3416 0.8756
vn -0.3416 -0.3416 0.8756
vn -0.3416 -0.3416 -0.8756
vn -0.3416 0.3416 -0.8756
vn 0.3416 0.3416 -0.8756
vn 0.3416 -0.3416 -0.8756
vn -0.3416 -0.8756 0.3416
vn -0.8756 -0.3416 0.3416
vn -0.4606 0.7588 0.4606
vn -0.7588 0.4606 0.4606
vn -0.3416 -0.8756 -0.3416
vn -0.8756 -0.3416 -0.3416
vn -0.4606 0.7588 -0.4606
vn -0.8756 0.3416 -0.3416
vn 0.3416 -0.8756 0.3416
vn 0.7588 -0.4606 0.4606
vn 0.4606 0.7588 0.4606
vn 0.7588 0.4606 0.4606
vn 0.3416 -0.8756 -0.3416
vn 0.7588 -0.4606 -0.4606
vn 0.4606 0.7588 -0.4606
vn 0.7588 0.4606 -0.4606
vn 0.8756 -0.3416 -0.3416
vn 0.8756 0.3416 -0.3416
vn 0.8756 0.3416 0.3416
vn 0.8756 -0.3416 0.3416
vn -0.8756 0.3416 0.3416
vn -0.4606 -0.7588 0.4606
vn -0.4606 -0.7588 -0.4606
vn 0.4606 -0.7588 0.4606
vn 0.4606 -0.7588 -0.4606
vn 0.5774 -0.5774 -0.5773
vn 0.5774 0.5774 -0.5773
vn -0.5773 -0.5774 -0.5774
vn -0.5773 0.5774 -0.5774
vn 0.7071 -0.0000 -0.7071
vn -0.7071 -0.0000 -0.7071
vn -0.5773 -0.5773 -0.5774
vn -0.5773 0.5773 -0.5774
vn 1.0000 0.0036 0.0043
vn 1.0000 -0.0036 0.0043
vn 1.0000 -0.0069 0.0027
vn 1.0000 0.0069 0.0027
vn 1.0000 -0.0018 -0.0024
vn 1.0000 -0.0075 -0.0011
vn 1.0000 0.0018 -0.0024
vn 1.0000 0.0075 -0.0011
vn 0.7071 -0.0000 0.7071
vn 0.7071 0.7071 -0.0000
vn 0.7071 -0.7071 -0.0000
vn -0.6832 -0.0000 -0.7303
vn -0.6832 0.7303 -0.0000
vn -0.6832 -0.7303 -0.0000
vn -0.6832 -0.0000 0.7303
vn -0.5773 -0.5774 0.5774
vn -0.5773 0.5774 0.5774
vn 0.5773 -0.5773 0.5774
vn 0.5773 0.5774 0.5774
vn -0.7071 -0.0000 0.7071
vn 0.3416 -0.0215 0.9396
vn 0.3416 0.6205 0.7059
vn -0.3416 0.6205 0.7059
vn -0.3416 -0.0215 0.9396
vn -0.4515 -0.5501 0.7026
vn -0.7572 -0.2628 0.5980
vn -0.4515 0.8730 0.1846
vn -0.7572 0.5857 0.2892
vn 0.4515 -0.5501 0.7025
vn 0.7572 -0.2628 0.5980
vn 0.4515 0.8730 0.1846
vn 0.7572 0.5857 0.2892
vn -0.7071 -0.6645 0.2419
vn 0.9972 -0.0256 -0.0703
vn -0.7071 0.6645 -0.2419
vn -0.9972 -0.0256 -0.0703
vn 0.7071 -0.6645 0.2418
vn -0.0000 0.9115 -0.4113
vn -0.0000 -0.9626 0.2708
vn 0.7071 0.6645 -0.2418
vn 0.3746 0.8713 -0.3171
vn 0.7009 0.6702 -0.2439
vn 0.3907 -0.8650 0.3148
vn 0.0087 -0.9397 0.3420
vn -0.7009 -0.6702 0.2439
vn -1.0000 -0.0082 0.0030
vn -0.9272 0.3520 -0.1281
vn -0.7132 0.6586 -0.2397
vn -0.0087 0.9397 -0.3420
vn 1.0000 0.0082 -0.0030
vn 0.9272 -0.3520 0.1281
vn 0.3522 0.1827 0.9179
vn 0.3496 0.4559 0.8185
vn 0.1484 -0.0122 0.9889
vn -0.1423 -0.0146 0.9897
vn -0.3496 0.1769 0.9200
vn -0.3522 0.4501 0.8206
vn -0.1484 0.6449 0.7497
vn 0.1423 0.6473 0.7488
vn -0.3535 0.9283 0.1152
vn -0.8390 0.4641 0.2841
vn -0.3536 0.9283 0.1152
vn 0.8390 -0.1729 0.5160
vn 0.8329 0.4778 0.2791
vn 0.3390 0.9340 0.1131
vn 0.3535 -0.6371 0.6849
vn -0.8329 -0.1866 0.5210
vn -0.3390 -0.6428 0.6870
vn -0.0000 0.9397 -0.3420
vn -0.3626 0.9319 0.0007
vn 0.3626 0.9319 0.0007
vn 0.7071 -0.6645 0.2419
vn 0.8755 -0.2315 0.4242
vn 0.3626 -0.7134 0.5996
vn 0.3827 -0.8682 0.3160
vn -0.3626 -0.7134 0.5996
vn -0.0000 -0.9397 0.3420
vn -0.8755 -0.2315 0.4242
vn -0.9239 -0.3596 0.1309
vn -0.8755 0.4500 0.1761
vn -0.9239 0.3596 -0.1309
vn -0.7071 0.6645 -0.2418
vn 0.7071 0.6645 -0.2419
vn 0.8755 0.4500 0.1761
vn 0.9239 0.3596 -0.1309
vn 0.2177 0.9096 0.3538
vn 0.7055 0.4954 0.5068
vn 0.7055 -0.0537 0.7067
vn 0.2177 -0.4694 0.8557
vn -0.2177 -0.4694 0.8557
vn -0.7055 -0.0537 0.7067
vn -0.7055 0.4954 0.5068
vn -0.2177 0.9096 0.3538
vn -0.0000 0.3420 0.9397
vn -0.0000 0.9512 0.3087
vn -0.9121 0.1402 0.3852
vn 0.9121 0.1402 0.3852
vn -0.0000 -0.5302 0.8479
vn 0.9239 -0.3596 0.1309
vn -0.7071 -0.6645 0.2418
vn -0.7055 -0.0538 0.7067
vn -0.9121 0.1402 0.3853
vn 0.6926 0.0175 -0.7211
vn 0.6686 0.0453 -0.7422
vn -0.0200 -0.9996 -0.0200
vn -0.7423 0.0454 0.6685
vn -0.7211 0.0176 0.6926
vn -0.7691 0.0834 0.6336
vn 0.6339 0.0832 -0.7689
vn 0.3068 0.9010 0.3068
vn 0.1618 0.9735 0.1618
vn -0.7211 0.0175 -0.6926
vn -0.7422 0.0453 -0.6686
vn -0.0200 -0.9996 0.0200
vn 0.6685 0.0454 0.7423
vn 0.6926 0.0176 0.7211
vn 0.6337 0.0834 0.7691
vn -0.7690 0.0832 -0.6338
vn 0.3068 0.9010 -0.3068
vn 0.1618 0.9735 -0.1618
vn -0.6926 0.0175 0.7211
vn -0.6686 0.0454 0.7422
vn 0.0200 -0.9996 0.0200
vn 0.7423 0.0454 -0.6685
vn 0.7211 0.0176 -0.6926
vn 0.7691 0.0834 -0.6337
vn -0.6338 0.0832 0.7690
vn -0.3068 0.9010 -0.3068
vn -0.1618 0.9735 -0.1618
vn 0.7211 0.0175 0.6926
vn 0.7422 0.0453 0.6686
vn 0.0200 -0.9996 -0.0200
vn -0.6685 0.0455 -0.7423
vn -0.6926 0.0176 -0.7211
vn -0.6337 0.0834 -0.7691
vn 0.7689 0.0832 0.6339
vn -0.3068 0.9010 0.3068
vn -0.1618 0.9735 0.1618
vn -0.7021 0.6868 -0.1881
vn -0.5139 0.6868 -0.5139
vn -0.5139 0.6868 0.5139
vn -0.7021 0.6868 0.1881
vn -0.1881 0.6868 0.7020
vn 0.1881 0.6868 0.7020
vn 0.5139 0.6868 0.5139
vn 0.7020 0.6868 0.1881
vn 0.7020 0.6868 -0.1881
vn 0.5139 0.6868 -0.5139
vn 0.1881 0.6868 -0.7020
vn -0.1881 0.6868 -0.7020
vn 0.1710 0.9690 -0.1784
vn 0.0690 0.9690 -0.2373
vn -0.0000 0.9743 -0.2251
vn 0.1950 0.9743 -0.1126
vn -0.2401 0.9690 0.0589
vn -0.1710 0.9690 0.1784
vn -0.1950 0.9743 0.1126
vn 0.0690 0.9690 0.2373
vn 0.1710 0.9690 0.1784
vn 0.1950 0.9743 0.1126
vn -0.0000 0.9743 0.2251
vn 0.2401 0.9690 -0.0589
vn -0.2401 0.9690 -0.0589
vn -0.1950 0.9743 -0.1126
vn -0.0690 0.9690 -0.2373
vn -0.1710 0.9690 -0.1784
vn -0.0690 0.9690 0.2373
vn 0.2401 0.9690 0.0589
vn -0.7071 0.7071 -0.0000
vn -0.0131 0.0095 -0.9999
vn -0.0327 0.0238 -0.9992
vn 0.0011 -1.0000 -0.0000
vn -0.0331 0.0241 0.9992
vn -0.0132 0.0096 0.9999
vn -0.0605 0.0440 0.9972
vn -0.0597 0.0434 -0.9973
vn 0.4338 0.9010 -0.0000
vn 0.2420 0.9703 -0.0000
vn -0.9999 0.0095 0.0131
vn -0.9992 0.0238 0.0328
vn 0.0329 0.9995 -0.0000
vn -0.0000 -1.0000 -0.0011
vn 0.9992 0.0240 0.0330
vn 0.9999 0.0096 0.0132
vn 0.9972 0.0438 0.0603
vn -0.9973 0.0436 0.0599
vn -0.0000 0.9010 -0.4338
vn -0.0000 0.9703 -0.2420
vn 0.0131 0.0095 0.9999
vn 0.0328 0.0238 0.9992
vn -0.0000 0.9995 -0.0330
vn -0.0011 -1.0000 -0.0000
vn 0.0331 0.0240 -0.9992
vn 0.0132 0.0096 -0.9999
vn 0.0604 0.0439 -0.9972
vn 0.0598 0.0435 0.9973
vn -0.4338 0.9010 -0.0000
vn -0.2420 0.9703 -0.0000
vn 0.9999 0.0095 -0.0131
vn 0.9992 0.0238 -0.0327
vn -0.0329 0.9995 -0.0000
vn -0.0000 -1.0000 0.0011
vn -0.9992 0.0241 -0.0331
vn -0.9999 0.0097 -0.0132
vn -0.9972 0.0440 -0.0605
vn 0.9973 0.0434 -0.0597
vn -0.0000 0.9010 0.4338
vn -0.0000 0.9703 0.2420
vn -0.0000 0.9995 0.0329
vn -0.3790 0.9254 -0.0000
vn -0.0000 0.8000 -0.6000
vn 0.3790 0.9254 -0.0000
vn -0.0000 0.8000 0.6000
vn -0.5774 -0.5774 0.5773
vn -0.5774 0.5774 0.5773
vn 0.5774 -0.5774 0.5773
vn 0.5774 0.5774 0.5773
vn -0.4515 -0.5501 0.7025
vn 0.7055 -0.0538 0.7067
vn -0.7423 0.0455 0.6685
vn 0.6339 0.0831 -0.7689
vn -0.7211 0.0176 -0.6926
vn -0.7422 0.0454 -0.6686
vn -0.6686 0.0453 0.7422
vn -0.6339 0.0832 0.7690
vn -0.7020 0.6868 -0.1881
vn -0.7020 0.6868 0.1881
vn -0.1881 0.6868 0.7021
vn 0.1881 0.6868 0.7021
vn -0.9999 0.0096 -0.0133
vn -0.0000 0.8000 0.6001
vn -0.5774 -0.5773 -0.5774
vn -0.5774 0.5773 -0.5774
vn -0.6832 -0.0000 -0.7302
vn 0.5773 -0.5774 0.5773
vn -0.3497 0.1769 0.9200
vn 0.2400 0.9690 -0.0589
vn -0.9973 0.0435 0.0599
vn -0.9999 0.0096 -0.0132
vn -0.9239 -0.3827 -0.0000
vn -0.9239 0.3827 -0.0000
vn -0.3827 -0.9239 -0.0000
vn -0.0000 -0.3827 -0.9239
vn -0.7588 -0.4606 -0.4606
vn -0.7588 0.4606 -0.4606
vn -0.4606 -0.4606 0.7588
vn -0.4606 0.4606 0.7588
vn -0.0000 -0.9239 -0.3827
vn -0.0000 -0.9239 0.3827
vn -0.0000 0.9239 0.3827
vn -0.0000 0.9239 -0.3827
vn -0.3416 0.8756 -0.3416
vn -0.3416 0.8756 0.3416
vn -0.0000 -0.3827 0.9239
vn -0.9574 0.2042 0.2042
vn -0.9574 0.2888 -0.0000
vn 0.4205 0.6416 0.6416
vn 0.4205 -0.0000 0.9073
vn 0.4204 -0.0000 -0.9073
vn 0.4205 0.6416 -0.6416
vn 0.4204 -0.9073 -0.0000
vn 0.4204 -0.6416 -0.6416
vn -0.4204 -0.0000 0.9073
vn -0.4204 -0.6416 0.6416
vn -0.4205 0.9073 -0.0000
vn -0.4205 0.6416 0.6416
vn -0.4204 -0.6416 -0.6416
vn -0.4204 -0.0000 -0.9073
vn -0.4204 0.6416 -0.6416
vn -0.4204 -0.9073 -0.0000
vn 0.4205 0.9073 -0.0000
vn -0.9574 0.2042 -0.2042
vn 0.4204 -0.6416 0.6416
vn -0.9574 -0.2042 0.2042
vn -0.9574 -0.0000 0.2888
vn -0.9574 -0.2042 -0.2042
vn -0.9574 -0.2888 -0.0000
vn -0.9574 -0.0000 -0.2888
vn 0.9239 -0.3827 -0.0000
vn 0.9239 0.3827 -0.0000
vn 0.3827 -0.9239 -0.0000
vn 0.4606 -0.4606 -0.7588
vn 0.4606 0.4606 -0.7588
vn 0.3416 0.8756 0.3416
vn 0.3416 0.8756 -0.3416
vn 0.9574 0.2042 -0.2042
vn 0.9574 0.2888 -0.0000
vn -0.4205 0.6416 -0.6416
vn 0.4204 0.6416 -0.6416
vn 0.4204 -0.0000 0.9073
vn 0.4204 0.6416 0.6416
vn 0.9574 0.2042 0.2042
vn 0.9574 -0.2042 -0.2042
vn 0.9574 -0.0000 -0.2888
vn 0.9574 -0.2042 0.2042
vn 0.9574 -0.2888 -0.0000
vn 0.9574 -0.0000 0.2888
vn -0.0000 0.3827 0.9239
vn 0.3827 0.9239 -0.0000
vn -0.3827 0.9239 -0.0000
vn -0.7071 -0.7071 -0.0000
vn 0.2042 0.2042 0.9574
vn -0.0000 0.2888 0.9574
vn 0.6416 0.6416 -0.4205
vn 0.9073 -0.0000 -0.4204
vn -0.9073 -0.0000 -0.4204
vn -0.6416 0.6416 -0.4204
vn -0.0000 -0.9073 -0.4204
vn -0.6416 -0.6416 -0.4204
vn 0.9073 -0.0000 0.4204
vn 0.6416 -0.6416 0.4204
vn -0.0000 0.9073 0.4205
vn 0.6416 0.6416 0.4205
vn -0.6416 -0.6416 0.4204
vn -0.9073 -0.0000 0.4204
vn -0.6416 0.6416 0.4204
vn -0.0000 -0.9073 0.4204
vn -0.0000 0.9073 -0.4205
vn -0.2042 0.2042 0.9574
vn 0.6416 -0.6416 -0.4204
vn 0.2042 -0.2042 0.9574
vn 0.2888 -0.0000 0.9574
vn -0.2042 -0.2042 0.9574
vn -0.0000 -0.2888 0.9574
vn -0.2888 -0.0000 0.9574
vn 0.2042 -0.2043 0.9574
vn -0.4204 0.9073 -0.0000
vn -0.4204 0.6416 0.6416
vn -0.4205 -0.0000 -0.9073
vn 0.4205 -0.0000 -0.9073
vn 0.9073 -0.0000 -0.4205
vn 0.5774 0.5773 0.5773
vn 0.5774 -0.5773 0.5773
vn -0.5774 0.5773 -0.5773
vn -0.5774 -0.5773 -0.5773
vn -0.3784 -0.9256 0.0023
vn 0.3784 -0.9256 0.0023
vn -0.5384 0.8008 0.2625
vn -0.6019 0.7787 0.1769
vn -0.0000 -0.0006 -1.0000
vn -0.3626 0.8755 0.3194
vn 0.3626 0.8755 0.3194
vn 0.8755 -0.3626 0.3194
vn 0.3626 -0.8755 0.3194
vn -0.3626 -0.8755 0.3194
vn -0.8755 -0.3626 0.3194
vn -0.8755 0.3626 0.3194
vn 0.8755 0.3626 0.3194
vn 0.2177 0.7338 0.6436
vn 0.7055 0.2922 0.6457
vn 0.7055 -0.2922 0.6457
vn 0.2177 -0.7338 0.6436
vn -0.2177 -0.7338 0.6436
vn -0.7055 -0.2922 0.6457
vn -0.7055 0.2922 0.6457
vn -0.2177 0.7338 0.6436
vn -0.0000 0.7882 0.6154
vn -0.9121 -0.0000 0.4100
vn 0.9121 -0.0000 0.4100
vn -0.0000 -0.7882 0.6154
vn 0.1550 -0.9371 0.3128
vn -0.1550 -0.9371 0.3128
vn -0.0963 -0.9256 0.3661
vn 0.0963 -0.9256 0.3661
vn -0.0000 -0.0001 -1.0000
vn -0.0000 -0.2641 -0.9645
vn 0.5384 0.8008 0.2625
vn 0.6019 0.7787 0.1769
vn -0.2620 0.8007 0.5388
vn 0.2620 0.8007 0.5388
vn 0.1763 0.7785 0.6023
vn -0.1763 0.7785 0.6023
vn -0.3124 -0.9371 0.1554
vn -0.4472 -0.8944 -0.0000
vn -0.3657 -0.9257 0.0967
vn -0.3657 0.9256 0.0971
vn -0.4472 0.8944 -0.0000
vn -0.3129 0.9370 0.1556
vn 0.0966 0.9255 0.3662
vn -0.0966 0.9255 0.3662
vn -0.1551 0.9369 0.3134
vn 0.1551 0.9369 0.3134
vn -0.9299 -0.3674 -0.0148
vn 0.4472 -0.8944 -0.0000
vn 0.3124 -0.9371 0.1554
vn 0.3657 -0.9257 0.0967
vn 0.4472 0.8944 -0.0000
vn 0.3657 0.9256 0.0971
vn 0.3129 0.9370 0.1556
vn -0.2598 -0.9360 0.2376
vn -0.5324 -0.8240 0.1937
vn -0.6132 -0.7899 0.0037
vn -0.0000 -0.2647 0.9643
vn 0.2598 -0.9360 0.2376
vn 0.1903 -0.8514 0.4887
vn -0.1903 -0.8514 0.4887
vn 0.6132 -0.7899 0.0037
vn 0.5324 -0.8240 0.1937
vn 0.9299 -0.3674 -0.0148
vn 0.7064 -0.0001 0.7078
vn -0.7064 -0.0001 0.7078
vn 0.7062 -0.0009 0.7080
vn -0.7062 -0.0009 0.7080
vn -0.7052 -0.0002 0.7090
vn 0.7052 -0.0002 0.7090
vn -0.8616 -0.4511 0.2327
vn -0.6349 0.7240 0.2699
vn -0.8211 0.5353 0.1982
vn 0.6349 0.7240 0.2698
vn 0.5724 -0.7290 0.3755
vn 0.8212 0.5352 0.1981
vn 0.1968 0.9168 0.3475
vn 0.2564 0.9042 0.3415
vn -0.1967 0.9167 0.3477
vn -0.2564 0.9042 0.3415
vn -0.0003 -0.0025 -1.0000
vn 0.0005 -0.0026 -1.0000
vn 0.0004 -0.0023 -1.0000
vn -0.0004 -0.0024 -1.0000
vn -0.0004 -0.0032 -1.0000
vn 0.0004 -0.0033 -1.0000
vn 0.0003 -0.0025 -1.0000
vn -0.5774 0.5774 0.5774
vn 0.5774 0.5774 0.5774
vn -0.0000 -0.4061 0.9138
vn 0.5773 0.5774 -0.5774
vn 0.6746 -0.2998 0.6746
vn 0.3144 0.4747 -0.8221
vn 0.8723 0.2445 -0.4234
vn 0.8723 -0.0000 -0.4889
vn 0.3144 -0.0000 -0.9493
vn 0.7692 -0.6389 0.0162
vn 0.8723 -0.4234 -0.2445
vn 0.8723 -0.4889 -0.0000
vn 0.3144 -0.9493 -0.0000
vn 0.3144 0.4747 0.8221
vn 0.8723 0.2445 0.4234
vn 0.8723 0.4234 0.2445
vn 0.3144 0.8221 0.4746
vn 0.3144 -0.4747 0.8221
vn 0.8723 -0.2445 0.4234
vn 0.8723 -0.0000 0.4889
vn 0.3144 -0.0000 0.9493
vn 0.3144 0.8221 -0.4746
vn 0.8723 0.4234 -0.2445
vn 0.4357 -0.2583 -0.8622
vn 0.8723 -0.2445 -0.4234
vn 0.3144 -0.8221 0.4746
vn 0.8723 -0.4234 0.2445
vn 0.3144 0.9493 -0.0000
vn 0.8723 0.4889 -0.0000
vn 0.7703 -0.0000 0.6377
vn 0.7703 -0.3189 0.5523
vn 0.7703 -0.5523 0.3189
vn 0.7703 -0.6377 -0.0000
vn 0.7703 -0.5523 -0.3189
vn 0.7703 -0.3189 -0.5523
vn 0.7703 -0.0000 -0.6377
vn 0.7703 0.3189 -0.5523
vn 0.7703 0.5523 -0.3189
vn 0.7703 0.6377 -0.0000
vn 0.7703 0.5523 0.3189
vn 0.7703 0.3189 0.5523
vn -0.3144 0.9493 -0.0000
vn -0.3144 0.8221 0.4746
vn -0.3144 -0.8221 0.4746
vn -0.3144 -0.9493 -0.0000
vn -0.4357 -0.2583 -0.8622
vn -0.3144 -0.0000 -0.9493
vn -0.3144 0.8221 -0.4746
vn -0.3144 -0.4747 0.8221
vn -0.3144 0.4747 0.8221
vn -0.3144 -0.0000 0.9493
vn 0.5774 -0.5774 0.5774
vn 0.5774 -0.5774 -0.5774
vn -0.3144 0.4746 -0.8221
vn -0.7692 -0.6389 0.0163
vn -0.0000 -0.8660 -0.5000
vn -0.0000 0.5000 0.8660
vn -0.0000 0.8660 0.5000
vn -0.0000 -0.5000 0.8660
vn -0.0000 0.8660 -0.5000
vn -0.0000 0.5000 -0.8660
vn -0.0000 -0.5000 -0.8660
vn -0.0000 -0.8660 0.5000
vn -0.8723 -0.0000 -0.4889
vn -0.8723 0.2445 -0.4234
vn -0.8723 -0.4889 -0.0000
vn -0.8723 -0.4234 -0.2445
vn -0.8723 0.4234 0.2445
vn -0.8723 0.2445 0.4234
vn -0.8723 -0.0000 0.4889
vn -0.8723 -0.2445 0.4234
vn -0.8723 0.4234 -0.2445
vn -0.8723 -0.2445 -0.4234
vn -0.8723 -0.4234 0.2445
vn -0.8723 0.4889 -0.0000
vn -0.7703 -0.0000 0.6377
vn -0.7703 -0.3189 0.5523
vn -0.7703 -0.5523 0.3189
vn -0.7703 -0.6377 -0.0000
vn -0.7703 -0.5523 -0.3189
vn -0.7703 -0.3189 -0.5523
vn -0.7703 -0.0000 -0.6377
vn -0.7703 0.3189 -0.5523
vn -0.7703 0.5523 -0.3189
vn -0.7703 0.6377 -0.0000
vn -0.7703 0.5523 0.3189
vn -0.7703 0.3189 0.5523
vn -0.5773 -0.5773 0.5774
vn -0.5774 -0.5774 -0.5773
vn 0.5773 -0.5774 -0.5774
vn -0.6746 -0.2998 0.6746
vn 0.5205 0.3293 -0.7878
vn 0.2604 0.8814 -0.3941
vn 0.4225 0.8814 -0.2111
vn 0.8447 0.3293 -0.4220
vn 0.4715 0.8814 0.0284
vn 0.9425 0.3293 0.0569
vn 0.3941 0.8814 0.2604
vn 0.7878 0.3293 0.5205
vn 0.2111 0.8814 0.4225
vn 0.4220 0.3293 0.8447
vn -0.0284 0.8814 0.4715
vn -0.0569 0.3293 0.9425
vn -0.2604 0.8814 0.3941
vn -0.5205 0.3293 0.7878
vn -0.4225 0.8814 0.2111
vn -0.8447 0.3293 0.4220
vn -0.4715 0.8814 -0.0284
vn -0.9425 0.3293 -0.0569
vn -0.3941 0.8814 -0.2604
vn -0.7878 0.3293 -0.5205
vn -0.2111 0.8814 -0.4225
vn -0.4220 0.3293 -0.8447
vn 0.0284 0.8814 -0.4715
vn 0.0569 0.3293 -0.9425
vn 0.0549 -0.4125 -0.9093
vn 0.5022 -0.4125 -0.7600
vn 0.2762 -0.8654 -0.4181
vn 0.0302 -0.8654 -0.5002
vn 0.8149 -0.4125 -0.4071
vn 0.4483 -0.8654 -0.2240
vn 0.9093 -0.4125 0.0549
vn 0.7600 -0.4125 0.5022
vn 0.4181 -0.8654 0.2762
vn 0.5002 -0.8654 0.0302
vn -0.4071 -0.4125 -0.8149
vn -0.2240 -0.8654 -0.4483
vn -0.7600 -0.4125 -0.5022
vn -0.4181 -0.8654 -0.2762
vn -0.9093 -0.4125 -0.0549
vn -0.5002 -0.8654 -0.0302
vn -0.8149 -0.4125 0.4071
vn -0.4483 -0.8654 0.2240
vn -0.5022 -0.4125 0.7600
vn -0.2762 -0.8654 0.4181
vn -0.0549 -0.4125 0.9093
vn -0.0302 -0.8654 0.5002
vn 0.4071 -0.4125 0.8149
vn 0.2240 -0.8654 0.4483
vn 0.8339 -0.0340 0.5509
vn 0.4467 -0.0340 0.8940
vn 0.4071 0.4125 0.8149
vn 0.7600 0.4125 0.5022
vn 0.4469 -0.0000 0.8946
vn 0.8343 -0.0000 0.5512
vn -0.0602 -0.0340 0.9976
vn -0.0549 0.4125 0.9093
vn -0.0602 -0.0000 0.9982
vn -0.5509 -0.0340 0.8339
vn -0.5022 0.4125 0.7600
vn -0.5512 -0.0000 0.8343
vn -0.8940 -0.0340 0.4467
vn -0.8149 0.4125 0.4071
vn -0.8946 -0.0000 0.4469
vn -0.9976 -0.0340 -0.0602
vn -0.9093 0.4125 -0.0549
vn -0.9982 -0.0000 -0.0602
vn -0.8339 -0.0340 -0.5509
vn -0.7600 0.4125 -0.5022
vn -0.8343 -0.0000 -0.5512
vn -0.4467 -0.0340 -0.8940
vn -0.4071 0.4125 -0.8149
vn -0.4469 -0.0000 -0.8946
vn 0.8940 -0.0340 -0.4467
vn 0.9976 -0.0340 0.0602
vn 0.9093 0.4125 0.0549
vn 0.8149 0.4125 -0.4071
vn 0.9982 -0.0000 0.0602
vn 0.8946 -0.0000 -0.4469
vn 0.0602 -0.0340 -0.9976
vn 0.0549 0.4125 -0.9093
vn 0.0602 -0.0000 -0.9982
vn 0.5509 -0.0340 -0.8339
vn 0.5022 0.4125 -0.7600
vn 0.5512 -0.0000 -0.8343
vn 0.0569 -0.3293 -0.9425
vn 0.5205 -0.3293 -0.7878
vn -0.4220 -0.3293 -0.8447
vn -0.7878 -0.3293 -0.5205
vn -0.9425 -0.3293 -0.0569
vn -0.8447 -0.3293 0.4220
vn -0.5205 -0.3293 0.7878
vn -0.0569 -0.3293 0.9425
vn 0.4220 -0.3293 0.8447
vn 0.7878 -0.3293 0.5205
vn 0.9425 -0.3293 0.0569
vn 0.8447 -0.3293 -0.4220
vn -0.0357 0.3293 -0.9436
vn -0.0179 0.8814 -0.4720
vn 0.2205 0.8814 -0.4177
vn 0.4408 0.3293 -0.8350
vn 0.3998 0.8814 -0.2515
vn 0.7993 0.3293 -0.5027
vn 0.4720 0.8814 -0.0179
vn 0.9436 0.3293 -0.0357
vn 0.4177 0.8814 0.2205
vn 0.8350 0.3293 0.4408
vn 0.2515 0.8814 0.3998
vn 0.5027 0.3293 0.7993
vn 0.0179 0.8814 0.4720
vn 0.0357 0.3293 0.9436
vn -0.2205 0.8814 0.4177
vn -0.4408 0.3293 0.8350
vn -0.3998 0.8814 0.2515
vn -0.7993 0.3293 0.5027
vn -0.4720 0.8814 0.0179
vn -0.9436 0.3293 0.0357
vn -0.4177 0.8814 -0.2205
vn -0.8350 0.3293 -0.4408
vn -0.2515 0.8814 -0.3998
vn -0.5027 0.3293 -0.7993
vn -0.5074 -0.3032 -0.8067
vn -0.0361 -0.3032 -0.9523
vn -0.0190 -0.8654 -0.5008
vn -0.2668 -0.8654 -0.4242
vn 0.4449 -0.3032 -0.8427
vn 0.2340 -0.8654 -0.4432
vn 0.8066 -0.3032 -0.5074
vn 0.9523 -0.3032 -0.0361
vn 0.5008 -0.8654 -0.0190
vn 0.4242 -0.8654 -0.2668
vn -0.8427 -0.3032 -0.4449
vn -0.4432 -0.8654 -0.2340
vn -0.9523 -0.3032 0.0361
vn -0.5008 -0.8654 0.0190
vn -0.8066 -0.3032 0.5074
vn -0.4242 -0.8654 0.2668
vn -0.4449 -0.3032 0.8427
vn -0.2340 -0.8654 0.4432
vn 0.0361 -0.3032 0.9523
vn 0.0190 -0.8654 0.5008
vn 0.5074 -0.3032 0.8066
vn 0.2668 -0.8654 0.4242
vn 0.8427 -0.3032 0.4449
vn 0.4432 -0.8654 0.2340
vn 0.9987 -0.0340 -0.0378
vn 0.8838 -0.0340 0.4666
vn 0.8427 0.3032 0.4449
vn 0.9523 0.3032 -0.0361
vn 0.5324 -0.0000 0.8465
vn 0.7334 -0.0000 0.6798
vn 0.5321 -0.0340 0.8460
vn 0.5074 0.3032 0.8066
vn 0.0378 -0.0000 0.9993
vn 0.0378 -0.0340 0.9987
vn 0.0361 0.3032 0.9523
vn -0.4669 -0.0000 0.8843
vn -0.4666 -0.0340 0.8838
vn -0.4449 0.3032 0.8427
vn -0.6798 -0.0000 0.7334
vn -0.8460 -0.0340 0.5321
vn -0.8066 0.3032 0.5074
vn -0.9523 0.3032 0.0361
vn -0.9987 -0.0340 0.0378
vn -0.8427 0.3032 -0.4449
vn -0.8838 -0.0340 -0.4666
vn 0.4449 0.3032 -0.8427
vn 0.8066 0.3032 -0.5074
vn 0.4666 -0.0340 -0.8838
vn 0.8460 -0.0340 -0.5321
vn -0.5074 0.3032 -0.8066
vn -0.5321 -0.0340 -0.8460
vn -0.0361 0.3032 -0.9523
vn -0.0378 -0.0340 -0.9987
vn -0.5027 -0.3293 -0.7993
vn -0.0357 -0.3293 -0.9436
vn -0.8350 -0.3293 -0.4408
vn -0.9436 -0.3293 0.0357
vn -0.7993 -0.3293 0.5027
vn -0.4408 -0.3293 0.8350
vn 0.0357 -0.3293 0.9436
vn 0.5027 -0.3293 0.7993
vn 0.8350 -0.3293 0.4408
vn 0.9436 -0.3293 -0.0357
vn 0.7993 -0.3293 -0.5027
vn 0.4408 -0.3293 -0.8350
vn 0.2754 0.3293 -0.9032
vn 0.1378 0.8814 -0.4518
vn 0.3452 0.8814 -0.3224
vn 0.6901 0.3293 -0.6444
vn 0.4601 0.8814 -0.1066
vn 0.9199 0.3293 -0.2130
vn 0.4518 0.8814 0.1378
vn 0.9032 0.3293 0.2754
vn 0.3224 0.8814 0.3452
vn 0.6445 0.3293 0.6901
vn 0.1066 0.8814 0.4601
vn 0.2130 0.3293 0.9199
vn -0.1378 0.8814 0.4518
vn -0.2754 0.3293 0.9032
vn -0.3452 0.8814 0.3224
vn -0.6901 0.3293 0.6445
vn -0.4601 0.8814 0.1066
vn -0.9199 0.3293 0.2131
vn -0.4518 0.8814 -0.1378
vn -0.9032 0.3293 -0.2754
vn -0.3224 0.8814 -0.3452
vn -0.6445 0.3293 -0.6901
vn -0.1066 0.8814 -0.4601
vn -0.2130 0.3293 -0.9199
vn -0.2150 -0.3032 -0.9284
vn 0.2780 -0.3032 -0.9115
vn 0.1462 -0.8654 -0.4793
vn -0.1131 -0.8654 -0.4882
vn 0.6965 -0.3032 -0.6504
vn 0.3663 -0.8654 -0.3420
vn 0.9284 -0.3032 -0.2150
vn 0.9115 -0.3032 0.2780
vn 0.4793 -0.8654 0.1462
vn 0.4882 -0.8654 -0.1131
vn -0.6504 -0.3032 -0.6965
vn -0.3420 -0.8654 -0.3663
vn -0.9115 -0.3032 -0.2780
vn -0.4793 -0.8654 -0.1462
vn -0.9284 -0.3032 0.2150
vn -0.4882 -0.8654 0.1131
vn -0.6965 -0.3032 0.6504
vn -0.3663 -0.8654 0.3420
vn -0.2780 -0.3032 0.9115
vn -0.1462 -0.8654 0.4793
vn 0.2150 -0.3032 0.9284
vn 0.1131 -0.8654 0.4882
vn 0.6504 -0.3032 0.6965
vn 0.3420 -0.8654 0.3663
vn 0.9560 -0.0340 0.2915
vn 0.6821 -0.0340 0.7305
vn 0.6504 0.3032 0.6965
vn 0.9115 0.3032 0.2780
vn 0.2150 0.3032 0.9284
vn 0.2255 -0.0340 0.9736
vn -0.2780 0.3032 0.9115
vn -0.2915 -0.0340 0.9560
vn -0.6965 0.3032 0.6504
vn -0.7305 -0.0340 0.6821
vn -0.9284 0.3032 0.2150
vn -0.9736 -0.0340 0.2255
vn -0.9115 0.3032 -0.2780
vn -0.9560 -0.0340 -0.2915
vn -0.6504 0.3032 -0.6965
vn -0.6821 -0.0340 -0.7305
vn 0.6965 0.3032 -0.6504
vn 0.9284 0.3032 -0.2150
vn 0.7305 -0.0340 -0.6821
vn 0.9736 -0.0340 -0.2255
vn -0.2150 0.3032 -0.9284
vn -0.2255 -0.0340 -0.9736
vn 0.2780 0.3032 -0.9115
vn 0.2915 -0.0340 -0.9560
vn -0.2130 -0.3293 -0.9199
vn 0.2754 -0.3293 -0.9032
vn -0.6444 -0.3293 -0.6901
vn -0.9032 -0.3293 -0.2754
vn -0.9199 -0.3293 0.2131
vn -0.6901 -0.3293 0.6445
vn -0.2754 -0.3293 0.9032
vn 0.2130 -0.3293 0.9199
vn 0.6445 -0.3293 0.6901
vn 0.9032 -0.3293 0.2754
vn 0.9199 -0.3293 -0.2130
vn 0.6901 -0.3293 -0.6444
vn -0.4606 -0.4605 0.7588
vn -0.4606 0.4605 0.7588
vn 0.5774 -0.5773 -0.5774
vn 0.5774 0.5773 -0.5774
vn -0.5774 -0.5773 0.5773
vn -0.5774 0.5773 0.5773
vn -0.0941 -0.2795 -0.9555
vn -0.2787 -0.2795 -0.9188
vn -0.4526 -0.2795 -0.8468
vn -0.6091 -0.2795 -0.7422
vn -0.7422 -0.2795 -0.6091
vn -0.8468 -0.2795 -0.4526
vn -0.9188 -0.2795 -0.2787
vn -0.9555 -0.2795 -0.0941
vn -0.9555 -0.2795 0.0941
vn -0.9188 -0.2795 0.2787
vn -0.8468 -0.2795 0.4526
vn -0.7422 -0.2795 0.6091
vn -0.6091 -0.2795 0.7422
vn -0.4526 -0.2795 0.8468
vn -0.2787 -0.2795 0.9188
vn -0.0941 -0.2795 0.9555
vn 0.0941 -0.2795 0.9555
vn 0.2787 -0.2795 0.9188
vn 0.4526 -0.2795 0.8468
vn 0.6091 -0.2795 0.7422
vn 0.7422 -0.2795 0.6091
vn 0.8468 -0.2795 0.4526
vn 0.9188 -0.2795 0.2787
vn 0.9555 -0.2795 0.0941
vn 0.9555 -0.2795 -0.0941
vn 0.9188 -0.2795 -0.2787
vn 0.8468 -0.2795 -0.4526
vn 0.7422 -0.2795 -0.6091
vn 0.6091 -0.2795 -0.7422
vn 0.4526 -0.2795 -0.8468
vn 0.2787 -0.2795 -0.9188
vn 0.0941 -0.2795 -0.9555
vn 0.0359 -0.9971 0.0672
vn 0.8819 -0.0000 -0.4714
vn 0.0589 -0.9971 -0.0483
vn -0.0672 -0.9971 -0.0359
vn -0.0221 -0.9971 0.0729
vn 0.0758 -0.9971 0.0075
vn -0.0221 -0.9971 -0.0729
vn -0.0672 -0.9971 0.0359
vn 0.0483 -0.9971 0.0589
vn 0.0483 -0.9971 -0.0589
vn -0.0729 -0.9971 -0.0221
vn -0.0075 -0.9971 0.0758
vn 0.0758 -0.9971 -0.0075
vn -0.0359 -0.9971 -0.0672
vn -0.0589 -0.9971 0.0483
vn 0.0589 -0.9971 0.0483
vn 0.0359 -0.9971 -0.0672
vn -0.0758 -0.9971 -0.0075
vn 0.0075 -0.9971 0.0758
vn 0.0729 -0.9971 -0.0221
vn -0.0483 -0.9971 -0.0589
vn -0.0483 -0.9971 0.0589
vn 0.0672 -0.9971 0.0359
vn 0.0221 -0.9971 -0.0729
vn -0.0758 -0.9971 0.0075
vn 0.0221 -0.9971 0.0729
vn 0.0672 -0.9971 -0.0359
vn -0.0589 -0.9971 -0.0483
vn -0.0359 -0.9971 0.0672
vn 0.0729 -0.9971 0.0221
vn -0.0075 -0.9971 -0.0758
vn 0.0075 -0.9971 -0.0758
vn -0.0729 -0.9971 0.0221
vn -0.4714 -0.0000 0.8819
vn -0.0980 -0.0000 -0.9952
vn 0.7730 -0.0000 -0.6344
vn -0.2903 -0.0000 0.9569
vn -0.2903 -0.0000 -0.9569
vn 0.6344 -0.0000 -0.7730
vn -0.0980 -0.0000 0.9952
vn -0.4714 -0.0000 -0.8819
vn 0.4714 -0.0000 -0.8819
vn 0.0980 -0.0000 0.9952
vn -0.6344 -0.0000 -0.7730
vn 0.2903 -0.0000 -0.9569
vn 0.2903 -0.0000 0.9569
vn -0.7730 -0.0000 -0.6344
vn 0.0980 -0.0000 -0.9952
vn 0.4714 -0.0000 0.8819
vn -0.8819 -0.0000 -0.4714
vn 0.6344 -0.0000 0.7730
vn -0.9569 -0.0000 -0.2903
vn 0.7730 -0.0000 0.6344
vn -0.9952 -0.0000 -0.0980
vn 0.8819 -0.0000 0.4714
vn -0.9952 -0.0000 0.0980
vn 0.9569 -0.0000 0.2903
vn -0.9569 -0.0000 0.2903
vn 0.9952 -0.0000 0.0980
vn -0.8819 -0.0000 0.4714
vn 0.9952 -0.0000 -0.0980
vn -0.7730 -0.0000 0.6344
vn 0.9569 -0.0000 -0.2903
vn -0.6344 -0.0000 0.7730
vn -0.7929 0.0352 -0.6084
vn -0.6084 0.0352 0.7929
vn 0.7929 0.0352 0.6084
vn 0.6044 -0.1191 -0.7877
vn -0.6044 -0.1191 0.7877
vn 0.7877 -0.1191 0.6044
vn -0.7877 -0.1191 -0.6044
vn 0.6084 0.0352 -0.7929
vn 0.5608 -0.3892 -0.7308
vn -0.5989 0.1797 0.7804
vn -0.7886 0.0021 -0.6149
vn -0.7885 0.0015 -0.6151
vn -0.1605 0.9646 0.2091
vn 0.7981 0.0021 0.6026
vn 0.7982 0.0015 0.6024
vn 0.1460 -0.9708 -0.1902
vn -0.1936 0.9481 0.2523
vn -0.5884 -0.2563 0.7668
vn 0.7809 -0.0044 0.6247
vn 0.7812 -0.0052 0.6243
vn -0.8053 -0.0046 -0.5928
vn -0.8053 -0.0053 -0.5929
vn 0.1793 -0.9557 -0.2336
vn 0.1792 -0.9557 -0.2336
vn -0.7814 -0.0035 -0.6240
vn -0.7812 -0.0027 -0.6242
vn 0.0818 0.9904 -0.1114
vn 0.7914 0.0031 0.6113
vn 0.7914 0.0018 0.6113
vn -0.0969 -0.9867 0.1305
vn 0.0469 0.9967 -0.0669
vn -0.6170 0.0497 0.7854
vn 0.7736 0.0035 0.6337
vn 0.7735 0.0041 0.6338
vn -0.7988 -0.0018 -0.6015
vn -0.7989 -0.0021 -0.6014
vn -0.0622 -0.9943 0.0863
vn 0.6170 -0.0497 -0.7854
vn 0.5884 0.2563 -0.7668
vn 0.1608 0.0352 -0.9864
vn 0.1607 0.0352 -0.9864
vn -0.9864 0.0352 -0.1607
vn -0.9864 0.0352 -0.1608
vn -0.1608 0.0352 0.9864
vn 0.9800 -0.1191 0.1597
vn -0.9800 -0.1191 -0.1597
vn -0.1597 -0.1191 0.9800
vn 0.1597 -0.1191 -0.9800
vn 0.9864 0.0352 0.1607
vn 0.9091 -0.3892 0.1482
vn -0.9709 0.1797 -0.1582
vn 0.1686 0.0021 -0.9857
vn 0.1687 0.0015 -0.9857
vn -0.2602 0.9646 -0.0424
vn -0.1532 0.0021 0.9882
vn -0.1529 0.0015 0.9882
vn 0.2367 -0.9708 0.0386
vn -0.3139 0.9481 -0.0512
vn -0.9540 -0.2563 -0.1555
vn -0.1808 -0.0044 0.9835
vn -0.1803 -0.0052 0.9836
vn 0.1412 -0.0046 -0.9900
vn 0.1412 -0.0053 -0.9900
vn 0.2906 -0.9557 0.0474
vn 0.1800 -0.0035 -0.9837
vn 0.1802 -0.0027 -0.9836
vn 0.1369 0.9904 0.0194
vn -0.1641 0.0031 0.9864
vn -0.1641 0.0018 0.9864
vn -0.1608 -0.9867 -0.0236
vn 0.0812 0.9967 0.0097
vn -0.9839 0.0497 -0.1719
vn -0.1922 0.0035 0.9814
vn -0.1923 0.0041 0.9813
vn 0.1519 -0.0018 -0.9884
vn 0.1517 -0.0021 -0.9884
vn -0.1055 -0.9943 -0.0139
vn 0.9839 -0.0497 0.1719
vn 0.9540 0.2563 0.1555
vn 0.9653 0.0352 -0.2587
vn -0.2587 0.0352 -0.9653
vn -0.9653 0.0352 0.2587
vn 0.2571 -0.1191 0.9590
vn -0.2571 -0.1191 -0.9590
vn -0.9590 -0.1191 0.2571
vn 0.9590 -0.1191 -0.2571
vn 0.2587 0.0352 0.9653
vn 0.2385 -0.3892 0.8897
vn -0.2547 0.1797 -0.9502
vn 0.9679 0.0021 -0.2513
vn 0.9679 0.0015 -0.2512
vn -0.0683 0.9646 -0.2546
vn -0.9639 0.0021 0.2664
vn -0.9638 0.0015 0.2667
vn 0.0621 -0.9708 0.2316
vn -0.0823 0.9481 -0.3072
vn -0.2503 -0.2563 -0.9336
vn -0.9709 -0.0044 0.2393
vn -0.9708 -0.0052 0.2398
vn 0.9605 -0.0046 -0.2781
vn 0.9606 -0.0053 -0.2780
vn 0.0762 -0.9557 0.2844
vn 0.9707 -0.0035 -0.2401
vn 0.9708 -0.0027 -0.2399
vn 0.0386 0.9904 0.1327
vn -0.9667 0.0031 0.2558
vn -0.9667 0.0018 0.2558
vn -0.0446 -0.9867 -0.1563
vn 0.0246 0.9967 0.0780
vn -0.2476 0.0497 -0.9676
vn -0.9737 0.0035 0.2280
vn -0.9737 0.0041 0.2279
vn 0.9635 -0.0018 -0.2677
vn 0.9635 -0.0021 -0.2678
vn -0.0307 -0.9943 -0.1019
vn 0.2476 -0.0497 0.9676
vn 0.2503 0.2563 0.9336
vn 0.2502 0.2563 0.9336
vn 0.4020 -0.0000 0.9156
vn 0.5512 0.5512 0.6264
vn 0.6439 -0.2250 0.7313
vn 0.6236 -0.3310 0.7082
vn 0.5512 -0.5513 0.6263
vn -0.5512 -0.5513 0.6263
vn -0.5513 -0.5513 0.6263
vn -0.6236 -0.3310 0.7082
vn -0.6440 -0.2250 0.7312
vn -0.5512 0.5512 0.6263
vn -0.5512 0.5512 0.6264
vn 0.7307 -0.6121 -0.3023
vn 0.9118 0.2246 -0.3437
vn 0.8750 0.3468 -0.3380
vn 0.7307 0.6122 -0.3022
vn 0.5513 -0.5513 -0.6262
vn 0.6236 -0.3310 -0.7082
vn 0.6440 -0.2250 -0.7312
vn 0.5513 0.5512 -0.6263
vn 0.6612 -0.0001 0.7502
vn 0.6613 -0.0000 0.7501
vn 0.6607 -0.0000 0.7507
vn 0.6604 -0.0001 0.7509
vn -0.6604 -0.0001 0.7509
vn -0.6607 -0.0000 0.7507
vn 0.9405 0.0001 -0.3399
vn 0.6604 -0.0001 -0.7509
vn 0.6607 -0.0000 -0.7507
vn 0.9403 -0.0000 -0.3404
vn 0.9402 0.0001 -0.3406
vn 0.6613 -0.0000 -0.7501
vn -0.6613 -0.0000 0.7501
vn -0.6613 -0.0000 0.7502
vn -0.6610 0.0001 0.7504
vn 0.6610 0.0001 -0.7504
vn -0.6616 -0.0000 0.7499
vn -0.6615 -0.0000 0.7499
vn 0.6616 -0.0000 -0.7499
vn -0.2304 -0.0017 0.9731
vn -0.6061 0.0439 0.7942
vn -0.6618 -0.0000 0.7497
vn -0.4007 0.0099 0.9161
vn 0.2516 0.0277 0.9674
vn 0.6328 -0.0477 0.7729
vn 0.6618 -0.0000 0.7497
vn 0.3778 -0.0272 0.9255
vn 0.9405 0.0001 -0.3397
vn 0.9404 -0.0002 -0.3401
vn 0.6615 -0.0000 0.7499
vn 0.6616 -0.0000 0.7499
vn 0.6610 0.0001 0.7504
vn 0.3433 0.6860 -0.6415
vn -0.1747 -0.2254 -0.9585
vn -0.3958 0.0691 -0.9158
vn -0.3072 0.1350 -0.9420
vn -0.1747 0.2254 -0.9585
vn -0.5513 0.5513 -0.6262
vn -0.6236 0.3310 -0.7082
vn -0.6440 0.2250 -0.7312
vn -0.5513 -0.5512 -0.6263
vn -0.5512 -0.5512 0.6263
vn -0.6440 0.2250 0.7312
vn -0.6236 0.3311 0.7082
vn -0.5512 0.5513 0.6263
vn 0.5512 0.5513 0.6263
vn 0.6236 0.3310 0.7082
vn 0.6440 0.2249 0.7312
vn 0.5512 -0.5512 0.6264
vn -0.4823 -0.0000 -0.8760
vn -0.4817 -0.0000 -0.8763
vn -0.4814 -0.0000 -0.8765
vn -0.6604 0.0001 -0.7509
vn -0.6607 -0.0000 -0.7507
vn 0.6604 0.0001 0.7509
vn -0.6604 0.0001 0.7509
vn 0.6612 -0.0000 0.7502
vn -0.6613 -0.0000 -0.7501
vn -0.6610 -0.0001 -0.7504
vn 0.6610 -0.0001 0.7504
vn -0.6616 -0.0000 -0.7499
vn 0.2719 -0.0000 -0.9623
vn 0.5146 -0.0000 -0.8574
vn 0.6223 -0.0000 -0.7828
vn 0.4086 -0.0000 -0.9127
vn 0.6618 -0.0000 -0.7497
vn -0.6376 -0.0000 0.7703
vn -0.2022 0.1807 -0.9625
vn -0.6610 -0.0001 0.7504
vn -0.4826 -0.0000 -0.8758
vn -0.4820 0.0001 -0.8761
vn -0.0000 -0.8756 0.4831
vn -0.4831 -0.8756 -0.0000
vn -0.0000 -0.8756 -0.4831
vn 0.4831 -0.8756 -0.0000
vn 0.5367 -0.1196 0.8353
vn 0.3776 -0.3416 0.8607
vn 0.8607 -0.3416 0.3776
vn 0.8353 -0.1196 0.5367
vn -0.3103 -0.2436 -0.9189
vn -0.9189 -0.2436 -0.3103
vn -0.9239 -0.0000 -0.3827
vn -0.3827 -0.0000 -0.9239
vn -0.5367 -0.1195 -0.8353
vn -0.3776 -0.3416 -0.8607
vn -0.8607 -0.3416 -0.3776
vn -0.8353 -0.1195 -0.5367
vn -0.5682 -0.5952 0.5682
vn 0.3103 -0.2436 0.9189
vn 0.9189 -0.2436 0.3103
vn 0.9239 -0.0000 0.3827
vn 0.3827 -0.0000 0.9239
vn -0.3638 -0.8575 0.3638
vn -0.0206 -0.5344 0.8450
vn -0.2228 -0.6743 0.7041
vn -0.7041 -0.6743 0.2228
vn 0.3638 -0.8575 -0.3638
vn 0.2228 -0.6743 -0.7041
vn 0.7041 -0.6743 -0.2228
vn 0.8879 -0.2151 -0.4066
vn 0.4066 -0.2151 -0.8879
vn 0.3827 -0.0000 -0.9239
vn -0.8879 -0.2151 0.4066
vn -0.4066 -0.2151 0.8879
vn 0.2109 -0.4606 -0.8622
vn -0.8622 -0.4606 0.2109
vn 0.8622 -0.4606 -0.2109
vn -0.2109 -0.4606 0.8622
vn -0.1295 -0.3234 -0.9373
vn -0.9373 -0.3234 -0.1295
vn 0.9373 -0.3234 0.1295
vn 0.9997 -0.0000 0.0256
vn -0.0257 -0.0000 -0.9997
vn 0.5682 -0.5952 -0.5682
vn 0.5682 0.5952 -0.5682
vn 0.0257 -0.0000 0.9997
vn -0.5682 0.5952 0.5682
vn -0.9997 -0.0000 -0.0257
vn -0.9505 0.3107 -0.0000
vn -0.8660 -0.0000 0.5000
vn -0.8232 0.3107 0.4753
vn 0.3897 -0.8931 0.2250
vn 0.2250 -0.8931 0.3897
vn 0.4500 -0.8931 -0.0000
vn 0.3897 -0.8931 -0.2250
vn 0.2250 -0.8931 -0.3897
vn -0.0000 -0.8931 -0.4500
vn -0.2250 -0.8931 -0.3897
vn -0.3897 -0.8931 -0.2250
vn -0.4500 -0.8931 -0.0000
vn -0.0000 -0.8931 0.4500
vn -0.5000 -0.0000 0.8660
vn -0.2250 -0.8931 0.3897
vn -0.6818 0.6166 0.3936
vn -0.7872 0.6166 -0.0000
vn -0.4753 0.3107 0.8232
vn -0.3936 0.6166 0.6818
vn -0.0000 0.3107 0.9505
vn -0.0000 0.6166 0.7872
vn 0.4753 0.3107 0.8232
vn 0.3936 0.6166 0.6818
vn 0.5000 -0.0000 0.8660
vn 0.8232 0.3107 0.4753
vn 0.6818 0.6166 0.3936
vn 0.8660 -0.0000 0.5000
vn 0.9505 0.3107 -0.0000
vn 0.7872 0.6166 -0.0000
vn 0.8232 0.3107 -0.4753
vn 0.6818 0.6166 -0.3936
vn 0.8660 -0.0000 -0.5000
vn 0.4753 0.3107 -0.8232
vn 0.3936 0.6166 -0.6818
vn 0.5000 -0.0000 -0.8660
vn -0.0000 0.3107 -0.9505
vn -0.0000 0.6166 -0.7872
vn -0.4753 0.3107 -0.8232
vn -0.3936 0.6166 -0.6818
vn -0.5000 -0.0000 -0.8660
vn -0.8232 0.3107 -0.4753
vn -0.6818 0.6166 -0.3936
vn -0.8660 -0.0000 -0.5000
vn 0.8380 -0.2522 -0.4838
vn 0.9677 -0.2522 -0.0000
vn -0.6753 -0.6261 0.3899
vn -0.3899 -0.6261 0.6753
vn -0.0000 -0.6261 0.7797
vn 0.3899 -0.6261 0.6753
vn 0.6753 -0.6261 0.3899
vn 0.7797 -0.6261 -0.0000
vn 0.6753 -0.6261 -0.3899
vn 0.3899 -0.6261 -0.6753
vn -0.0000 -0.6261 -0.7797
vn -0.3899 -0.6261 -0.6753
vn -0.6753 -0.6261 -0.3899
vn -0.7797 -0.6261 -0.0000
vn 0.4838 -0.2522 0.8380
vn -0.0000 -0.2523 0.9677
vn 0.4839 -0.2522 0.8380
vn -0.8380 -0.2522 -0.4838
vn -0.4838 -0.2522 -0.8380
vn -0.8380 -0.2522 0.4838
vn -0.9677 -0.2522 -0.0000
vn 0.4838 -0.2522 -0.8380
vn 0.8380 -0.2522 0.4838
vn -0.4838 -0.2522 0.8380
vn -0.0000 -0.2522 -0.9677
vn -0.2317 -0.9635 0.1338
vn -0.2675 -0.9636 -0.0000
vn -0.1338 -0.9635 0.2317
vn -0.0000 -0.9636 0.2675
vn 0.1338 -0.9636 0.2317
vn 0.2317 -0.9635 0.1338
vn 0.2675 -0.9635 -0.0000
vn 0.2317 -0.9636 -0.1337
vn 0.1338 -0.9636 -0.2317
vn -0.0000 -0.9636 -0.2675
vn -0.1338 -0.9636 -0.2317
vn -0.2317 -0.9636 -0.1338
vn -0.3897 -0.8931 0.2250
vn -0.0000 -0.8931 -0.4499
vn -0.0000 -0.2522 0.9677
vn -0.4839 -0.2522 -0.8380
vn -0.8380 -0.2523 0.4838
vn -0.4839 -0.2523 0.8380
vn -0.2317 -0.9636 0.1337
vn -0.2675 -0.9635 -0.0000
vn -0.1338 -0.9636 0.2317
vn -0.0000 -0.9635 0.2675
vn 0.1338 -0.9635 0.2317
vn -0.0000 -0.9635 -0.2675
vn -0.1338 -0.9636 -0.2316
vn -0.2317 -0.9636 -0.1337
vn 0.2592 -0.0198 0.9656
vn 0.3799 0.0210 0.9248
vn -0.2719 -0.0000 -0.9623
vn -0.1828 -0.0000 -0.9831
vn -0.2922 -0.0000 -0.9564
vn -0.4086 -0.0000 -0.9127
vn -0.6328 -0.0477 0.7729
vn -0.2259 0.0094 0.9741
vn -0.4088 0.0028 0.9126
vn -0.6618 -0.0000 -0.7497
vn -0.4829 -0.0000 -0.8757
vn 0.3433 -0.6860 -0.6415
vn 0.3090 -0.0000 0.9511
vn -0.2022 -0.1807 -0.9625
vn 0.9406 -0.0000 -0.3395
vn 0.6061 0.0439 0.7942
vn 0.7625 0.1429 0.6310
vn 0.8476 -0.0440 0.5287
vn 0.8129 -0.0877 0.5758
vn 0.7625 -0.1427 0.6311
vn 0.7058 -0.6777 0.2062
vn 0.7982 -0.3631 0.4806
vn 0.7993 -0.2895 0.5266
vn 0.7058 0.6777 0.2062
vn 0.9357 -0.3528 -0.0000
vn 0.9357 0.3529 -0.0000
vn -0.6263 0.5512 0.5512
vn -0.7312 -0.2250 0.6440
vn -0.7082 -0.3310 0.6236
vn -0.6263 -0.5513 0.5513
vn -0.9546 0.2577 0.1492
vn -0.9590 0.2454 0.1420
vn -0.9113 0.1599 0.3794
vn -0.9091 0.1816 0.3749
vn -0.7470 0.2518 0.6153
vn -0.7025 0.1438 0.6970
vn -0.6665 0.0732 0.7419
vn -0.7650 0.6027 0.2272
vn 0.8778 -0.0000 0.4791
vn 0.8781 -0.0000 0.4785
vn 0.8782 -0.0000 0.4782
vn 0.7509 -0.0001 0.6604
vn 0.7507 -0.0000 0.6607
vn -0.7501 -0.0000 0.6613
vn -0.9835 0.0019 0.1807
vn -0.9835 0.0003 0.1811
vn -0.7507 -0.0000 0.6607
vn -0.7509 -0.0001 0.6604
vn -0.9137 0.0003 0.4065
vn -0.6235 0.0001 0.7818
vn 0.7501 -0.0000 0.6613
vn 0.7504 0.0001 0.6610
vn -0.9834 -0.0012 0.1814
vn 0.7499 -0.0000 0.6616
vn -0.6233 -0.0000 0.7820
vn 0.9740 0.0816 0.2113
vn 0.8407 0.0643 0.5377
vn 0.9422 0.0769 0.3262
vn -0.9369 0.0090 0.3495
vn -0.9618 0.0093 0.2735
vn -0.9119 0.0090 0.4103
vn -0.8727 0.0086 0.4882
vn 0.9667 0.0813 0.2425
vn 0.9201 0.0752 0.3844
vn 0.9622 -0.1832 0.2014
vn -0.7499 -0.0000 0.6616
vn -0.7504 0.0001 0.6610
vn 0.8776 -0.0000 0.4794
vn 0.8779 -0.0001 0.4788
vn -0.9138 -0.0011 0.4062
vn -0.8548 -0.3309 0.3999
vn 0.0517 0.9986 -0.0062
vn 0.0511 0.9987 0.0040
vn 0.0511 0.9986 -0.0124
vn 0.0499 0.9987 0.0081
vn -0.9421 -0.1594 0.2950
vn 0.9709 0.1263 0.2033
vn -0.6271 0.0067 0.7789
vn 0.7833 0.0599 0.6187
vn -0.7447 0.0079 0.6674
vn 0.7075 -0.7067 -0.0000
vn 0.7075 -0.7067 -0.0001
vn 0.7075 0.7067 -0.0000
vn -0.7073 -0.7069 -0.0000
vn -0.7073 0.7069 -0.0000
vn -0.7073 0.7069 0.0001
vn -0.5513 0.5512 -0.6263
vn -0.6440 -0.2250 -0.7312
vn -0.6236 -0.3310 -0.7082
vn -0.5513 -0.5513 -0.6262
vn 0.5512 0.5512 -0.6263
vn -0.6613 -0.0001 -0.7501
vn 0.6607 -0.0000 -0.7506
vn 0.6604 -0.0000 -0.7509
vn -0.6604 -0.0001 -0.7509
vn 0.6613 -0.0001 -0.7501
vn -0.6229 -0.0000 -0.7823
vn -0.2505 -0.0000 -0.9681
vn -0.3826 -0.0000 -0.9239
vn -0.6610 0.0001 -0.7504
vn 0.5513 0.5512 0.6263
vn 0.6440 -0.2250 0.7312
vn 0.5513 -0.5513 0.6262
vn -0.5513 -0.5513 0.6262
vn -0.5513 0.5512 0.6263
vn 0.5904 0.6095 -0.5291
vn -0.2354 -0.3289 -0.9146
vn -0.2101 -0.3439 -0.9152
vn 0.5905 -0.6094 -0.5291
vn -0.0000 0.5801 -0.8145
vn -0.0000 -0.5800 -0.8146
vn -0.8077 -0.4356 -0.3974
vn -0.7699 -0.2773 -0.5748
vn -0.7213 -0.1654 -0.6726
vn -0.8076 0.4358 -0.3974
vn 0.8017 -0.5977 0.0069
vn 0.8017 0.5977 0.0069
vn 0.6613 -0.0001 0.7501
vn 0.6607 -0.0000 0.7506
vn -0.6215 0.0001 -0.7834
vn -0.6218 -0.0000 -0.7832
vn -0.6224 -0.0000 -0.7827
vn -0.6221 -0.0001 -0.7829
vn -0.6227 -0.0000 -0.7825
vn -0.6988 0.0320 0.7146
vn -0.2795 -0.0187 0.9600
vn -0.4298 0.0200 0.9027
vn -0.6619 -0.0000 0.7496
vn 0.2795 -0.0187 -0.9600
vn -0.3065 -0.0018 -0.9519
vn -0.4100 0.0095 -0.9120
vn 0.4298 0.0201 -0.9027
vn -0.6615 -0.0000 -0.7499
vn -0.2385 -0.0475 -0.9700
vn -0.2385 0.0475 -0.9700
vn 0.6988 0.0321 -0.7146
vn 0.3065 -0.0018 0.9519
vn 0.4100 0.0095 0.9120
vn -0.6988 0.0320 -0.7146
vn -0.6618 -0.0000 -0.7496
vn 0.6988 0.0321 0.7146
vt 0.602460 0.606478
vt 0.602460 0.588105
vt 0.584088 0.588105
vt 0.584088 0.606478
vt 0.274888 0.664189
vt 0.272846 0.664189
vt 0.272846 0.662148
vt 0.274888 0.662148
vt 0.524888 0.556855
vt 0.522846 0.556855
vt 0.522846 0.554814
vt 0.524888 0.554814
vt 0.543260 0.554814
vt 0.543260 0.556855
vt 0.293260 0.662148
vt 0.293260 0.664189
vt 0.522846 0.554814
vt 0.522846 0.556855
vt 0.272846 0.662148
vt 0.272846 0.664189
vt 0.584088 0.554814
vt 0.584088 0.556855
vt 0.334088 0.662148
vt 0.334088 0.664189
vt 0.602460 0.554814
vt 0.602460 0.556855
vt 0.352460 0.662148
vt 0.352460 0.664189
vt 0.524888 0.588105
vt 0.524888 0.606478
vt 0.522846 0.606478
vt 0.522846 0.588105
vt 0.274888 0.612525
vt 0.274888 0.630898
vt 0.272846 0.630898
vt 0.272846 0.612525
vt 0.272846 0.630898
vt 0.272846 0.612525
vt 0.293260 0.630898
vt 0.293260 0.612525
vt 0.334088 0.630898
vt 0.334088 0.612525
vt 0.352460 0.612525
vt 0.352460 0.630898
vt 0.543260 0.606478
vt 0.543260 0.588105
vt 0.334088 0.643775
vt 0.293260 0.643775
vt 0.522846 0.606478
vt 0.522846 0.588105
vt 0.584088 0.575228
vt 0.543260 0.575228
vt 0.455514 0.982782
vt 0.451911 0.977026
vt 0.451911 0.896441
vt 0.455514 0.896441
vt 0.419482 0.982782
vt 0.419482 0.896441
vt 0.423085 0.896441
vt 0.423085 0.977026
vt 0.274888 0.592111
vt 0.272846 0.594153
vt 0.522846 0.624850
vt 0.522846 0.624850
vt 0.543260 0.626892
vt 0.524888 0.626892
vt 0.584088 0.626892
vt 0.602460 0.626892
vt 0.293260 0.592111
vt 0.334088 0.592111
vt 0.352460 0.592111
vt 0.274888 0.560861
vt 0.293260 0.560861
vt 0.272846 0.594153
vt 0.334088 0.560861
vt 0.604502 0.624850
vt 0.352460 0.560861
vt 0.272846 0.562903
vt 0.272846 0.562903
vt 0.423085 0.914526
vt 0.451911 0.914526
vt 0.451911 0.945776
vt 0.451911 0.865191
vt 0.423085 0.865191
vt 0.423085 0.945776
vt 0.451911 0.927691
vt 0.451911 0.912066
vt 0.423085 0.912066
vt 0.423085 0.927691
vt 0.014438 0.235562
vt 0.014438 0.014438
vt 0.235562 0.014438
vt 0.235562 0.235562
vt 0.604502 0.588105
vt 0.604502 0.606478
vt 0.604502 0.606478
vt 0.604502 0.588105
vt 0.604502 0.624850
vt 0.604502 0.556855
vt 0.604502 0.554814
vt 0.354502 0.662148
vt 0.354502 0.664189
vt 0.354502 0.630898
vt 0.354502 0.594153
vt 0.354502 0.664189
vt 0.354502 0.662148
vt 0.604502 0.554814
vt 0.604502 0.556855
vt 0.354502 0.594153
vt 0.354502 0.630898
vt 0.354502 0.562903
vt 0.433444 0.982782
vt 0.430668 0.977026
vt 0.430668 0.865191
vt 0.430668 0.945776
vt 0.430668 0.896441
vt 0.433444 0.896441
vt 0.584088 0.658142
vt 0.543260 0.658142
vt 0.602460 0.658142
vt 0.524888 0.658142
vt 0.522846 0.656100
vt 0.522846 0.656100
vt 0.604502 0.656100
vt 0.604502 0.656100
vt 0.000000 0.000000
vt 0.229666 0.530145
vt 0.229666 0.608689
vt 0.143709 0.608689
vt 0.143709 0.530145
vt 0.143709 0.511336
vt 0.143709 0.514520
vt 0.142380 0.514520
vt 0.143709 0.624314
vt 0.143709 0.627498
vt 0.142380 0.624314
vt 0.229666 0.511336
vt 0.230996 0.514520
vt 0.229666 0.514520
vt 0.229666 0.627498
vt 0.229666 0.624314
vt 0.230996 0.624314
vt 0.142380 0.608689
vt 0.142380 0.530145
vt 0.230996 0.608689
vt 0.230996 0.530145
vt 0.484210 0.881127
vt 0.484210 0.894040
vt 0.448381 0.894040
vt 0.448381 0.881127
vt 0.484764 0.881127
vt 0.484764 0.894040
vt 0.484210 0.945426
vt 0.448381 0.945426
vt 0.447827 0.881127
vt 0.447827 0.894040
vt 0.448381 0.878849
vt 0.448381 0.925290
vt 0.448381 0.927569
vt 0.447827 0.925290
vt 0.484210 0.878849
vt 0.484210 0.927569
vt 0.484210 0.925290
vt 0.484764 0.925290
vt 0.181371 0.546066
vt 0.181371 0.592768
vt 0.223020 0.592768
vt 0.223020 0.546066
vt 0.223020 0.527257
vt 0.223020 0.530441
vt 0.224349 0.530441
vt 0.223020 0.624018
vt 0.223020 0.627202
vt 0.224349 0.624018
vt 0.181371 0.527257
vt 0.180042 0.530441
vt 0.181371 0.530441
vt 0.181371 0.627202
vt 0.181371 0.624018
vt 0.180042 0.624018
vt 0.224349 0.592768
vt 0.224349 0.546066
vt 0.180042 0.546066
vt 0.180042 0.592768
vt 0.150355 0.546066
vt 0.150355 0.592768
vt 0.174281 0.592768
vt 0.174281 0.546066
vt 0.174281 0.527257
vt 0.174281 0.530441
vt 0.175611 0.530441
vt 0.174281 0.624018
vt 0.174281 0.627202
vt 0.175611 0.624018
vt 0.150355 0.527257
vt 0.149026 0.530441
vt 0.150355 0.530441
vt 0.150355 0.627202
vt 0.150355 0.624018
vt 0.149026 0.624018
vt 0.175611 0.592768
vt 0.175611 0.546066
vt 0.149026 0.546066
vt 0.149026 0.592768
vt 0.230906 0.590936
vt 0.230906 0.547898
vt 0.142380 0.590936
vt 0.142380 0.547898
vt 0.143772 0.551019
vt 0.143772 0.587815
vt 0.229603 0.572190
vt 0.229603 0.535394
vt 0.230906 0.532273
vt 0.230906 0.575311
vt 0.229603 0.566644
vt 0.230906 0.563523
vt 0.229603 0.556565
vt 0.230906 0.559686
vt 0.143772 0.572190
vt 0.143772 0.535394
vt 0.142380 0.532273
vt 0.142380 0.575311
vt 0.143772 0.566644
vt 0.142380 0.563523
vt 0.143772 0.556565
vt 0.142380 0.559686
vt 0.229603 0.551019
vt 0.229603 0.587815
vt 0.192005 0.535452
vt 0.192005 0.560926
vt 0.145924 0.560926
vt 0.145924 0.535452
vt 0.145924 0.516643
vt 0.145924 0.519827
vt 0.144595 0.519827
vt 0.145924 0.592176
vt 0.145924 0.595360
vt 0.144595 0.592176
vt 0.192005 0.516643
vt 0.193334 0.519827
vt 0.192005 0.519827
vt 0.192005 0.595360
vt 0.192005 0.592176
vt 0.193334 0.592176
vt 0.144595 0.560926
vt 0.144595 0.535452
vt 0.193334 0.535452
vt 0.193334 0.560926
vt 0.483286 0.863520
vt 0.483286 0.887788
vt 0.449304 0.887788
vt 0.449304 0.863520
vt 0.449304 0.811492
vt 0.449304 0.814412
vt 0.448750 0.813633
vt 0.449304 0.903413
vt 0.449304 0.904775
vt 0.448750 0.902633
vt 0.483286 0.811492
vt 0.483841 0.813633
vt 0.483286 0.814412
vt 0.483286 0.904775
vt 0.483286 0.903413
vt 0.483841 0.902633
vt 0.449304 0.879145
vt 0.448750 0.878365
vt 0.483286 0.879145
vt 0.483841 0.878365
vt 0.483286 0.938257
vt 0.449304 0.938257
vt 0.449304 0.936895
vt 0.483286 0.936895
vt 0.449304 0.806296
vt 0.483841 0.887008
vt 0.483841 0.862740
vt 0.483841 0.857545
vt 0.483841 0.881813
vt 0.448750 0.887008
vt 0.449304 0.889150
vt 0.448750 0.881813
vt 0.448750 0.862740
vt 0.448750 0.857545
vt 0.483841 0.808437
vt 0.483286 0.889150
vt 0.483286 0.883954
vt 0.449304 0.883954
vt 0.483286 0.827117
vt 0.449304 0.827117
vt 0.449304 0.821921
vt 0.483286 0.821921
vt 0.400037 0.943171
vt 0.400037 0.951820
vt 0.403907 0.917826
vt 0.403907 0.909177
vt 0.400151 0.779211
vt 0.400151 0.787860
vt 0.394726 0.787437
vt 0.394726 0.778787
vt 0.390856 0.821431
vt 0.390856 0.812781
vt 0.390856 0.828406
vt 0.390856 0.837056
vt 0.390808 0.885554
vt 0.390808 0.876905
vt 0.390808 0.908155
vt 0.390808 0.916804
vt 0.394611 0.951397
vt 0.394611 0.942748
vt 0.403907 0.877927
vt 0.403907 0.886576
vt 0.403954 0.838078
vt 0.403954 0.829429
vt 0.403954 0.813804
vt 0.403954 0.822453
vt 0.401920 0.881922
vt 0.401953 0.848188
vt 0.400151 0.803485
vt 0.399308 0.824125
vt 0.394726 0.803062
vt 0.395534 0.823831
vt 0.392842 0.847477
vt 0.392809 0.881211
vt 0.394611 0.920147
vt 0.395454 0.905273
vt 0.400037 0.920570
vt 0.399228 0.905567
vt 0.395454 0.886393
vt 0.392809 0.869928
vt 0.393776 0.872472
vt 0.395862 0.885456
vt 0.401953 0.847331
vt 0.401920 0.870414
vt 0.400961 0.872855
vt 0.400987 0.854651
vt 0.399228 0.886595
vt 0.398838 0.885616
vt 0.399308 0.830865
vt 0.398901 0.841666
vt 0.392842 0.846844
vt 0.393802 0.854268
vt 0.395534 0.830664
vt 0.395924 0.841507
vt 0.165533 0.868258
vt 0.165533 0.873054
vt 0.167593 0.873054
vt 0.167593 0.868258
vt 0.169050 0.832388
vt 0.169050 0.837184
vt 0.167593 0.822327
vt 0.167593 0.817531
vt 0.165533 0.822327
vt 0.165533 0.817531
vt 0.164077 0.837184
vt 0.164077 0.832388
vt 0.164077 0.858196
vt 0.164077 0.853400
vt 0.169050 0.858196
vt 0.169050 0.853400
vt 0.169050 0.920012
vt 0.167593 0.934870
vt 0.167454 0.933037
vt 0.168713 0.920189
vt 0.169050 0.899000
vt 0.168713 0.902020
vt 0.167593 0.884143
vt 0.167454 0.889173
vt 0.165533 0.884143
vt 0.165673 0.889173
vt 0.164077 0.899000
vt 0.164413 0.902020
vt 0.164077 0.920012
vt 0.164413 0.920189
vt 0.165533 0.934870
vt 0.165673 0.933037
vt 0.166039 0.929570
vt 0.167087 0.929570
vt 0.165673 0.901787
vt 0.165673 0.857923
vt 0.166039 0.867444
vt 0.166039 0.898320
vt 0.167454 0.857923
vt 0.167454 0.901787
vt 0.167087 0.898320
vt 0.167087 0.867444
vt 0.166039 0.898694
vt 0.167087 0.898694
vt 0.174146 0.868258
vt 0.174146 0.873054
vt 0.176206 0.873054
vt 0.176206 0.868258
vt 0.177663 0.832388
vt 0.177663 0.837184
vt 0.176206 0.822327
vt 0.176206 0.817531
vt 0.174146 0.822327
vt 0.174146 0.817531
vt 0.172689 0.837184
vt 0.172689 0.832388
vt 0.172689 0.858196
vt 0.172689 0.853400
vt 0.177663 0.858196
vt 0.177663 0.853400
vt 0.177663 0.920012
vt 0.176206 0.934870
vt 0.176067 0.933037
vt 0.177326 0.920189
vt 0.177663 0.899000
vt 0.177326 0.902020
vt 0.176206 0.884143
vt 0.176067 0.889173
vt 0.174146 0.884143
vt 0.174285 0.889173
vt 0.172689 0.899000
vt 0.173026 0.902020
vt 0.172689 0.920012
vt 0.173026 0.920189
vt 0.174146 0.934870
vt 0.174285 0.933037
vt 0.174652 0.929570
vt 0.175700 0.929570
vt 0.174285 0.901787
vt 0.174285 0.857923
vt 0.174652 0.867444
vt 0.174652 0.898320
vt 0.176067 0.857923
vt 0.176067 0.901787
vt 0.175700 0.898320
vt 0.175700 0.867444
vt 0.174652 0.898694
vt 0.175700 0.898694
vt 0.156920 0.868258
vt 0.156920 0.873054
vt 0.158980 0.873054
vt 0.158980 0.868258
vt 0.160437 0.832388
vt 0.160437 0.837184
vt 0.158980 0.822327
vt 0.158980 0.817531
vt 0.156920 0.822327
vt 0.156920 0.817531
vt 0.155463 0.837184
vt 0.155463 0.832388
vt 0.155463 0.858196
vt 0.155463 0.853400
vt 0.160437 0.858196
vt 0.160437 0.853400
vt 0.160437 0.920012
vt 0.158980 0.934870
vt 0.158841 0.933037
vt 0.160100 0.920189
vt 0.160437 0.899000
vt 0.160100 0.902020
vt 0.158980 0.884143
vt 0.158841 0.889173
vt 0.156920 0.884143
vt 0.157059 0.889173
vt 0.155463 0.899000
vt 0.155800 0.902020
vt 0.155463 0.920012
vt 0.155800 0.920189
vt 0.156920 0.934870
vt 0.157059 0.933037
vt 0.157426 0.929570
vt 0.158474 0.929570
vt 0.157059 0.901787
vt 0.157059 0.857923
vt 0.157426 0.867444
vt 0.157426 0.898320
vt 0.158841 0.857923
vt 0.158841 0.901787
vt 0.158474 0.898320
vt 0.158474 0.867444
vt 0.157426 0.898694
vt 0.158474 0.898694
vt 0.467703 0.919877
vt 0.471309 0.918508
vt 0.471283 0.921304
vt 0.469223 0.916513
vt 0.466246 0.916488
vt 0.464124 0.918449
vt 0.464098 0.921245
vt 0.466184 0.923240
vt 0.469160 0.923265
vt 0.450172 0.904348
vt 0.482418 0.904348
vt 0.482418 0.915362
vt 0.450172 0.915362
vt 0.481957 0.935118
vt 0.450634 0.935118
vt 0.417183 0.827398
vt 0.417513 0.817523
vt 0.416854 0.814485
vt 0.416854 0.764267
vt 0.416195 0.764267
vt 0.415047 0.764837
vt 0.415422 0.764837
vt 0.417513 0.793977
vt 0.416854 0.817523
vt 0.416854 0.793977
vt 0.416195 0.793977
vt 0.416195 0.814485
vt 0.416525 0.827398
vt 0.415047 0.827398
vt 0.415047 0.816764
vt 0.415422 0.816764
vt 0.415422 0.827398
vt 0.416854 0.863241
vt 0.417513 0.863241
vt 0.417183 0.865710
vt 0.416525 0.865710
vt 0.416524 0.827398
vt 0.416854 0.817523
vt 0.416195 0.814484
vt 0.415422 0.865710
vt 0.415047 0.865710
vt 0.416195 0.764267
vt 0.416854 0.764267
vt 0.415421 0.764837
vt 0.415046 0.764837
vt 0.416854 0.790179
vt 0.417512 0.817523
vt 0.417512 0.790179
vt 0.416854 0.814485
vt 0.416195 0.790179
vt 0.417183 0.827398
vt 0.415421 0.827398
vt 0.415421 0.816764
vt 0.415046 0.816764
vt 0.415046 0.827398
vt 0.417512 0.863241
vt 0.416854 0.863241
vt 0.416524 0.865710
vt 0.417183 0.865710
vt 0.411090 0.827398
vt 0.410761 0.817523
vt 0.411419 0.814485
vt 0.415046 0.865710
vt 0.415421 0.865710
vt 0.411419 0.764267
vt 0.412078 0.764267
vt 0.413227 0.764837
vt 0.412852 0.764837
vt 0.410761 0.790179
vt 0.411419 0.817523
vt 0.411419 0.790179
vt 0.412078 0.790179
vt 0.412078 0.814484
vt 0.411749 0.827398
vt 0.413227 0.827398
vt 0.413227 0.816764
vt 0.412852 0.816764
vt 0.412852 0.827398
vt 0.411419 0.863241
vt 0.410761 0.863241
vt 0.411090 0.865710
vt 0.411749 0.865710
vt 0.411749 0.827398
vt 0.411420 0.817523
vt 0.412078 0.814485
vt 0.412852 0.865710
vt 0.413227 0.865710
vt 0.412078 0.764267
vt 0.411420 0.764267
vt 0.412852 0.764837
vt 0.413227 0.764837
vt 0.411420 0.793977
vt 0.410761 0.817523
vt 0.410761 0.793977
vt 0.411420 0.814485
vt 0.412078 0.793977
vt 0.411090 0.827398
vt 0.412852 0.827398
vt 0.412852 0.816764
vt 0.413227 0.816764
vt 0.413227 0.827398
vt 0.410761 0.863241
vt 0.411420 0.863241
vt 0.411749 0.865710
vt 0.411090 0.865710
vt 0.413227 0.865710
vt 0.412852 0.865710
vt 0.164443 0.638200
vt 0.166465 0.640415
vt 0.171884 0.640415
vt 0.170403 0.638200
vt 0.180727 0.638200
vt 0.181269 0.640415
vt 0.192648 0.638200
vt 0.192106 0.640415
vt 0.202971 0.638200
vt 0.201491 0.640415
vt 0.208932 0.638200
vt 0.206910 0.640415
vt 0.201491 0.640415
vt 0.192648 0.638200
vt 0.037658 0.771736
vt 0.037023 0.771736
vt 0.036655 0.867954
vt 0.037140 0.867954
vt 0.179962 0.640415
vt 0.184226 0.640415
vt 0.181269 0.718540
vt 0.171884 0.718540
vt 0.189149 0.640415
vt 0.192106 0.718540
vt 0.193413 0.640415
vt 0.201491 0.718540
vt 0.195874 0.640415
vt 0.206910 0.718540
vt 0.201491 0.718540
vt 0.177501 0.640415
vt 0.166465 0.718540
vt 0.035285 0.771736
vt 0.035652 0.771736
vt 0.036171 0.867954
vt 0.038026 0.771736
vt 0.036288 0.771736
vt 0.036621 0.885724
vt 0.036621 0.885724
vt 0.036159 0.885724
vt 0.037082 0.885724
vt 0.450634 0.964136
vt 0.450172 0.962237
vt 0.481957 0.964136
vt 0.482418 0.962237
vt 0.417979 0.827398
vt 0.418445 0.817523
vt 0.417514 0.814485
vt 0.417514 0.764267
vt 0.416370 0.764253
vt 0.418445 0.793977
vt 0.417514 0.793977
vt 0.416370 0.829734
vt 0.416370 0.814428
vt 0.418445 0.863241
vt 0.417979 0.865710
vt 0.413671 0.827398
vt 0.413671 0.817523
vt 0.413671 0.814484
vt 0.416370 0.866294
vt 0.413671 0.764267
vt 0.414602 0.764267
vt 0.414518 0.764253
vt 0.413755 0.764253
vt 0.413671 0.790179
vt 0.414602 0.817523
vt 0.414602 0.790179
vt 0.414602 0.814484
vt 0.414602 0.827398
vt 0.414518 0.829734
vt 0.414518 0.814428
vt 0.413755 0.814428
vt 0.413755 0.829734
vt 0.414602 0.863241
vt 0.413671 0.863241
vt 0.413671 0.865710
vt 0.414602 0.865710
vt 0.410294 0.827398
vt 0.409829 0.817523
vt 0.410760 0.814485
vt 0.413755 0.866294
vt 0.414518 0.866294
vt 0.410760 0.764267
vt 0.411904 0.764253
vt 0.411904 0.764253
vt 0.409829 0.790179
vt 0.409829 0.817523
vt 0.409829 0.790179
vt 0.410760 0.790179
vt 0.411904 0.829734
vt 0.411904 0.814428
vt 0.411904 0.814428
vt 0.411904 0.829734
vt 0.409829 0.863241
vt 0.409829 0.863241
vt 0.410294 0.865710
vt 0.414603 0.827398
vt 0.414603 0.817523
vt 0.414603 0.814485
vt 0.411904 0.866294
vt 0.411904 0.866294
vt 0.414603 0.764267
vt 0.413671 0.764267
vt 0.413756 0.764253
vt 0.414519 0.764253
vt 0.414603 0.793977
vt 0.413671 0.817523
vt 0.413671 0.793977
vt 0.413671 0.814485
vt 0.413671 0.827398
vt 0.413756 0.829734
vt 0.413756 0.814428
vt 0.414519 0.814428
vt 0.414519 0.829734
vt 0.413671 0.863241
vt 0.414603 0.863241
vt 0.414603 0.865710
vt 0.413671 0.865710
vt 0.414519 0.866294
vt 0.413756 0.866294
vt 0.477140 0.908237
vt 0.478008 0.911617
vt 0.480438 0.911617
vt 0.481306 0.908237
vt 0.481306 0.944360
vt 0.480438 0.947741
vt 0.478008 0.947741
vt 0.477140 0.944360
vt 0.451284 0.908237
vt 0.452152 0.911617
vt 0.454582 0.911617
vt 0.455450 0.908237
vt 0.455450 0.944360
vt 0.454582 0.947741
vt 0.452152 0.947741
vt 0.451284 0.944360
vt 0.935202 0.049884
vt 0.935202 0.116593
vt 0.935202 0.116593
vt 0.935202 0.049884
vt 0.971048 0.116593
vt 0.971048 0.049884
vt 0.971048 0.116593
vt 0.971048 0.049884
vt 0.935202 0.018634
vt 0.971048 0.018634
vt 0.971048 0.018634
vt 0.935202 0.018634
vt 0.849518 0.116593
vt 0.849518 0.116593
vt 0.849518 0.133271
vt 0.849518 0.133271
vt 0.849518 0.164521
vt 0.821988 0.164521
vt 0.821988 0.164521
vt 0.849518 0.164521
vt 0.821988 0.116593
vt 0.821988 0.116593
vt 0.821988 0.133271
vt 0.821988 0.133271
vt 0.821988 0.120763
vt 0.849518 0.120763
vt 0.849518 0.129102
vt 0.821988 0.129102
vt 0.849518 0.148896
vt 0.821988 0.148896
vt 0.821988 0.144727
vt 0.849518 0.144727
vt 0.849518 0.105138
vt 0.821988 0.105138
vt 0.821988 0.100968
vt 0.849518 0.100968
vt 0.821988 0.085343
vt 0.849518 0.085343
vt 0.667878 0.092808
vt 0.667878 0.111153
vt 0.646665 0.111153
vt 0.646665 0.092808
vt 0.646171 0.077183
vt 0.646171 0.095528
vt 0.668371 0.077183
vt 0.668371 0.095528
vt 0.646665 0.058223
vt 0.646665 0.061558
vt 0.646171 0.061558
vt 0.646665 0.142403
vt 0.646665 0.145739
vt 0.646171 0.142403
vt 0.667878 0.058223
vt 0.668371 0.061558
vt 0.667878 0.061558
vt 0.667878 0.145739
vt 0.667878 0.142403
vt 0.668371 0.142403
vt 0.646665 0.042598
vt 0.646171 0.045933
vt 0.646171 0.111153
vt 0.646171 0.092808
vt 0.646665 0.130114
vt 0.646171 0.126778
vt 0.667878 0.042598
vt 0.668371 0.045933
vt 0.667878 0.130114
vt 0.668371 0.126778
vt 0.668371 0.092808
vt 0.668371 0.111153
vt 0.667878 0.117824
vt 0.667878 0.136169
vt 0.646665 0.136169
vt 0.646665 0.117824
vt 0.667878 0.155130
vt 0.646665 0.155130
vt 0.646171 0.102199
vt 0.646171 0.120544
vt 0.668371 0.102199
vt 0.668371 0.120544
vt 0.646665 0.083239
vt 0.646665 0.086574
vt 0.646171 0.086574
vt 0.646665 0.167419
vt 0.646665 0.170755
vt 0.646171 0.167419
vt 0.667878 0.083239
vt 0.668371 0.086574
vt 0.667878 0.086574
vt 0.667878 0.170755
vt 0.667878 0.167419
vt 0.668371 0.167419
vt 0.646665 0.067614
vt 0.646665 0.067614
vt 0.646171 0.070949
vt 0.646171 0.136169
vt 0.646171 0.117824
vt 0.646171 0.151794
vt 0.667878 0.067614
vt 0.667878 0.067614
vt 0.668371 0.070949
vt 0.668371 0.151794
vt 0.668371 0.117824
vt 0.668371 0.136169
vt 0.798466 0.130479
vt 0.796875 0.131921
vt 0.796875 0.111372
vt 0.798466 0.099229
vt 0.798932 0.100248
vt 0.799784 0.080122
vt 0.799125 0.080122
vt 0.794625 0.080122
vt 0.793966 0.080122
vt 0.794818 0.100248
vt 0.795284 0.099229
vt 0.796875 0.059572
vt 0.796875 0.058131
vt 0.794818 0.059996
vt 0.795284 0.061015
vt 0.799784 0.095747
vt 0.799125 0.111372
vt 0.798466 0.092265
vt 0.798932 0.075621
vt 0.796875 0.117737
vt 0.798932 0.115873
vt 0.794818 0.075621
vt 0.795284 0.092265
vt 0.794625 0.111372
vt 0.793966 0.095747
vt 0.794818 0.115873
vt 0.795284 0.130479
vt 0.796875 0.073756
vt 0.796875 0.090822
vt 0.796875 0.100671
vt 0.796875 0.102112
vt 0.798466 0.061015
vt 0.798932 0.059996
vt 0.849518 0.116593
vt 0.938787 0.034259
vt 0.938787 0.100968
vt 0.822676 0.164521
vt 0.938787 0.116593
vt 0.938787 0.049884
vt 0.938787 0.116593
vt 0.822676 0.133271
vt 0.824741 0.116593
vt 0.822676 0.085343
vt 0.824741 0.085343
vt 0.971048 0.116593
vt 0.938787 0.018634
vt 0.822676 0.100968
vt 0.822676 0.148896
vt 0.822676 0.116593
vt 0.824741 0.085343
vt 0.469677 0.843697
vt 0.469677 0.852656
vt 0.462896 0.799010
vt 0.401881 0.799010
vt 0.396218 0.799010
vt 0.468558 0.799010
vt 0.395100 0.843697
vt 0.395100 0.852656
vt 0.395100 0.868281
vt 0.413744 0.906301
vt 0.469677 0.868281
vt 0.451033 0.906301
vt 0.413744 0.875051
vt 0.413744 0.919842
vt 0.468411 0.843697
vt 0.468420 0.852656
vt 0.396357 0.852656
vt 0.396366 0.843697
vt 0.468411 0.812447
vt 0.396366 0.812447
vt 0.400113 0.810208
vt 0.464664 0.810208
vt 0.414991 0.875051
vt 0.449786 0.875051
vt 0.449791 0.919842
vt 0.414986 0.919842
vt 0.451033 0.875051
vt 0.451033 0.919842
vt 0.462248 0.783385
vt 0.402529 0.783385
vt 0.404001 0.787864
vt 0.460776 0.787864
vt 0.396357 0.868281
vt 0.468420 0.868281
vt 0.449786 0.906301
vt 0.414991 0.906301
vt 0.395100 0.812447
vt 0.398829 0.810208
vt 0.395100 0.831604
vt 0.395100 0.839218
vt 0.278355 0.787864
vt 0.336422 0.787864
vt 0.335776 0.787864
vt 0.279001 0.787864
vt 0.469677 0.831604
vt 0.469677 0.839218
vt 0.465948 0.841458
vt 0.398829 0.841458
vt 0.398829 0.857083
vt 0.465948 0.857083
vt 0.469677 0.854843
vt 0.395100 0.854843
vt 0.398829 0.872708
vt 0.395100 0.870468
vt 0.464664 0.872708
vt 0.400113 0.872708
vt 0.396384 0.870468
vt 0.468392 0.870468
vt 0.462896 0.783385
vt 0.461422 0.787864
vt 0.468390 0.831604
vt 0.468392 0.839218
vt 0.396384 0.839218
vt 0.396387 0.831604
vt 0.469677 0.812447
vt 0.465948 0.810208
vt 0.465948 0.872708
vt 0.469677 0.870468
vt 0.396218 0.830260
vt 0.396867 0.830260
vt 0.401881 0.783385
vt 0.403355 0.787864
vt 0.462248 0.799010
vt 0.467910 0.799010
vt 0.402529 0.799010
vt 0.396867 0.799010
vt 0.467910 0.830260
vt 0.468558 0.830260
vt 0.469677 0.899531
vt 0.451033 0.937551
vt 0.449786 0.937551
vt 0.468420 0.899531
vt 0.413744 0.937551
vt 0.395100 0.899531
vt 0.396357 0.899531
vt 0.414991 0.937551
vt 0.449791 0.951092
vt 0.451033 0.951092
vt 0.414986 0.951092
vt 0.413744 0.951092
vt 0.464664 0.841458
vt 0.400113 0.841458
vt 0.469677 0.901718
vt 0.465948 0.903958
vt 0.464664 0.903958
vt 0.468392 0.901718
vt 0.398829 0.903958
vt 0.395100 0.901718
vt 0.396384 0.901718
vt 0.400113 0.903958
vt 0.469677 0.874947
vt 0.469677 0.883906
vt 0.468420 0.883906
vt 0.468411 0.874947
vt 0.395100 0.883906
vt 0.395100 0.874947
vt 0.396366 0.874947
vt 0.396357 0.883906
vt 0.396867 0.861510
vt 0.396387 0.862854
vt 0.395100 0.862854
vt 0.468390 0.862854
vt 0.467910 0.861510
vt 0.469677 0.862854
vt 0.449168 0.935466
vt 0.415609 0.935467
vt 0.415757 0.935467
vt 0.449168 0.935467
vt 0.451033 0.935467
vt 0.413744 0.935467
vt 0.449020 0.935467
vt 0.449791 0.935467
vt 0.415609 0.935467
vt 0.414986 0.935467
vt 0.785932 0.884030
vt 0.785932 0.892073
vt 0.778986 0.892073
vt 0.778986 0.884030
vt 0.857399 0.868405
vt 0.857399 0.876448
vt 0.857399 0.868405
vt 0.785932 0.925333
vt 0.778986 0.925333
vt 0.776976 0.868405
vt 0.776976 0.876448
vt 0.776976 0.868405
vt 0.848443 0.884030
vt 0.848443 0.892073
vt 0.855388 0.892073
vt 0.855388 0.884030
vt 0.785932 0.897185
vt 0.785932 0.895175
vt 0.778986 0.923323
vt 0.776976 0.923323
vt 0.778986 0.884030
vt 0.785932 0.884030
vt 0.785932 0.865935
vt 0.778986 0.865935
vt 0.785932 0.913270
vt 0.785932 0.915280
vt 0.855388 0.925333
vt 0.855388 0.923323
vt 0.857399 0.923323
vt 0.776976 0.915280
vt 0.778986 0.915280
vt 0.778986 0.897185
vt 0.776976 0.897185
vt 0.778986 0.915280
vt 0.776976 0.915280
vt 0.785932 0.866395
vt 0.785932 0.850310
vt 0.848443 0.925333
vt 0.848443 0.923323
vt 0.857399 0.915280
vt 0.855388 0.915280
vt 0.857399 0.915280
vt 0.855388 0.915280
vt 0.855388 0.897185
vt 0.857399 0.897185
vt 0.848443 0.913270
vt 0.848443 0.915280
vt 0.848443 0.897185
vt 0.785932 0.923323
vt 0.591744 0.851892
vt 0.593174 0.851075
vt 0.593174 0.843638
vt 0.591744 0.843638
vt 0.591744 0.829342
vt 0.593174 0.830756
vt 0.593174 0.828763
vt 0.591744 0.827130
vt 0.593174 0.856520
vt 0.591744 0.813178
vt 0.591744 0.835384
vt 0.593174 0.836200
vt 0.591744 0.815390
vt 0.593174 0.858513
vt 0.593174 0.866016
vt 0.593174 0.858578
vt 0.593174 0.863123
vt 0.593174 0.853134
vt 0.593174 0.861005
vt 0.593174 0.851141
vt 0.593174 0.860230
vt 0.593174 0.873453
vt 0.593174 0.868909
vt 0.593174 0.878898
vt 0.593174 0.871027
vt 0.593174 0.880891
vt 0.593174 0.871802
vt 0.591744 0.857934
vt 0.591744 0.860146
vt 0.533259 0.860146
vt 0.533259 0.857934
vt 0.591744 0.849508
vt 0.591744 0.851720
vt 0.533259 0.851720
vt 0.533259 0.849508
vt 0.591744 0.888394
vt 0.591744 0.880140
vt 0.533259 0.880140
vt 0.533259 0.888394
vt 0.591744 0.874097
vt 0.533259 0.874097
vt 0.591744 0.896647
vt 0.533259 0.896647
vt 0.591744 0.837233
vt 0.591744 0.821427
vt 0.591744 0.843275
vt 0.718174 0.604824
vt 0.722556 0.604824
vt 0.722556 0.604283
vt 0.718174 0.604283
vt 0.718174 0.610343
vt 0.722556 0.610343
vt 0.722556 0.611822
vt 0.718174 0.611822
vt 0.718174 0.606303
vt 0.722556 0.606303
vt 0.722556 0.608323
vt 0.718174 0.608323
vt 0.718174 0.612363
vt 0.722556 0.612363
vt 0.533259 0.851892
vt 0.533259 0.843638
vt 0.531828 0.843638
vt 0.531828 0.851075
vt 0.533259 0.829342
vt 0.533259 0.827130
vt 0.531828 0.828763
vt 0.531828 0.830756
vt 0.533259 0.813178
vt 0.531828 0.856520
vt 0.533259 0.835384
vt 0.531828 0.836200
vt 0.533259 0.815390
vt 0.531828 0.858513
vt 0.531828 0.866016
vt 0.531828 0.863123
vt 0.531828 0.858578
vt 0.531828 0.861005
vt 0.531828 0.853134
vt 0.531828 0.860230
vt 0.531828 0.851141
vt 0.531828 0.868909
vt 0.531828 0.873453
vt 0.531828 0.871027
vt 0.531828 0.878898
vt 0.531828 0.871802
vt 0.531828 0.880891
vt 0.656828 0.604824
vt 0.656828 0.604283
vt 0.652447 0.604283
vt 0.652447 0.604824
vt 0.656828 0.610343
vt 0.656828 0.611822
vt 0.652447 0.611822
vt 0.652447 0.610343
vt 0.656828 0.606303
vt 0.656828 0.608323
vt 0.652447 0.608323
vt 0.652447 0.606303
vt 0.656828 0.612363
vt 0.652447 0.612363
vt 0.591744 0.799906
vt 0.533259 0.799906
vt 0.533259 0.843275
vt 0.533259 0.821427
vt 0.533259 0.837233
vt 0.591744 0.858292
vt 0.533259 0.858292
vt 0.848443 0.895175
vt 0.785932 0.850770
vt 0.848443 0.850770
vt 0.855388 0.865935
vt 0.848443 0.865935
vt 0.848443 0.915280
vt 0.776976 0.850310
vt 0.785932 0.915280
vt 0.855388 0.884030
vt 0.848443 0.884030
vt 0.778986 0.895175
vt 0.855388 0.895175
vt 0.848443 0.832675
vt 0.855388 0.832675
vt 0.778986 0.832675
vt 0.785932 0.832675
vt 0.857399 0.850310
vt 0.848443 0.866395
vt 0.848443 0.850310
vt 0.063540 0.658005
vt 0.063540 0.663432
vt 0.077226 0.663432
vt 0.079548 0.658005
vt 0.087245 0.663432
vt 0.091266 0.658005
vt 0.090912 0.663432
vt 0.095556 0.658005
vt 0.049854 0.663432
vt 0.047532 0.658005
vt 0.039835 0.663432
vt 0.035813 0.658005
vt 0.036168 0.663432
vt 0.031524 0.658005
vt 0.546842 0.801058
vt 0.563540 0.801058
vt 0.563540 0.793085
vt 0.549854 0.793085
vt 0.580238 0.801058
vt 0.577226 0.793085
vt 0.592462 0.801058
vt 0.596936 0.801058
vt 0.590912 0.793085
vt 0.587245 0.793085
vt 0.534617 0.801058
vt 0.539835 0.793085
vt 0.530143 0.801058
vt 0.536168 0.793085
vt 0.590912 0.893394
vt 0.587245 0.893394
vt 0.592462 0.885421
vt 0.596936 0.885421
vt 0.596936 0.854171
vt 0.592462 0.854171
vt 0.596281 0.835427
vt 0.601346 0.835427
vt 0.592462 0.816683
vt 0.596936 0.816683
vt 0.577226 0.893394
vt 0.580238 0.885421
vt 0.580238 0.854171
vt 0.582443 0.835427
vt 0.580238 0.816683
vt 0.563540 0.893394
vt 0.563540 0.885421
vt 0.563540 0.854171
vt 0.563540 0.835427
vt 0.563540 0.816683
vt 0.549854 0.893394
vt 0.546842 0.885421
vt 0.546842 0.854171
vt 0.544637 0.835427
vt 0.546842 0.816683
vt 0.539835 0.893394
vt 0.534617 0.885421
vt 0.534617 0.854171
vt 0.530799 0.835427
vt 0.534617 0.816683
vt 0.536168 0.893394
vt 0.530143 0.885421
vt 0.530143 0.854171
vt 0.525734 0.835427
vt 0.530143 0.816683
vt 0.049854 0.596519
vt 0.047532 0.601946
vt 0.063540 0.601946
vt 0.063540 0.596519
vt 0.047532 0.633196
vt 0.047532 0.642380
vt 0.063540 0.642380
vt 0.063540 0.633196
vt 0.039835 0.596519
vt 0.035813 0.601946
vt 0.035813 0.633196
vt 0.035813 0.642380
vt 0.036168 0.596519
vt 0.031524 0.601946
vt 0.031524 0.633196
vt 0.031524 0.642380
vt 0.077226 0.596519
vt 0.079548 0.601946
vt 0.079548 0.633196
vt 0.079548 0.642380
vt 0.087245 0.596519
vt 0.091266 0.601946
vt 0.091266 0.633196
vt 0.091266 0.642380
vt 0.090912 0.596519
vt 0.095556 0.601946
vt 0.095556 0.633196
vt 0.095556 0.642380
vt 0.063540 0.679057
vt 0.077226 0.679057
vt 0.063540 0.679057
vt 0.087245 0.679057
vt 0.090912 0.679057
vt 0.049854 0.679057
vt 0.039835 0.679057
vt 0.036168 0.679057
vt 0.563540 0.777460
vt 0.577226 0.777460
vt 0.587245 0.777460
vt 0.590912 0.777460
vt 0.549854 0.777460
vt 0.539835 0.777460
vt 0.536168 0.777460
vt 0.438540 0.827613
vt 0.438540 0.833040
vt 0.452226 0.833040
vt 0.454548 0.827613
vt 0.462245 0.833040
vt 0.466266 0.827613
vt 0.465911 0.833040
vt 0.470556 0.827613
vt 0.424854 0.833040
vt 0.422532 0.827613
vt 0.414835 0.833040
vt 0.410813 0.827613
vt 0.411168 0.833040
vt 0.406524 0.827613
vt 0.421842 0.847933
vt 0.438540 0.847933
vt 0.438540 0.839960
vt 0.424854 0.839960
vt 0.455238 0.847933
vt 0.452226 0.839960
vt 0.467462 0.847933
vt 0.471936 0.847933
vt 0.465911 0.839960
vt 0.462245 0.839960
vt 0.409617 0.847933
vt 0.414835 0.839960
vt 0.405143 0.847933
vt 0.411168 0.839960
vt 0.465911 0.953628
vt 0.462245 0.953628
vt 0.467462 0.945655
vt 0.471936 0.945655
vt 0.580238 0.815062
vt 0.586054 0.815062
vt 0.586054 0.842507
vt 0.580238 0.842507
vt 0.452226 0.953628
vt 0.455238 0.945655
vt 0.563540 0.815062
vt 0.563540 0.842507
vt 0.438540 0.953628
vt 0.438540 0.945655
vt 0.546842 0.815062
vt 0.546842 0.842507
vt 0.424854 0.953628
vt 0.421842 0.945655
vt 0.541026 0.815062
vt 0.541026 0.842507
vt 0.414835 0.953628
vt 0.409617 0.945655
vt 0.405143 0.863558
vt 0.409617 0.863558
vt 0.409617 0.914405
vt 0.405143 0.914405
vt 0.411168 0.953628
vt 0.405143 0.945655
vt 0.467462 0.863558
vt 0.455238 0.863558
vt 0.455238 0.914405
vt 0.467462 0.914405
vt 0.421842 0.863558
vt 0.421842 0.914405
vt 0.471936 0.914405
vt 0.471936 0.863558
vt 0.438540 0.863558
vt 0.438540 0.914405
vt 0.424854 0.766128
vt 0.422532 0.771555
vt 0.438540 0.771555
vt 0.438540 0.766128
vt 0.422532 0.802805
vt 0.422532 0.811988
vt 0.438540 0.811988
vt 0.438540 0.802805
vt 0.414835 0.766128
vt 0.410813 0.771555
vt 0.410813 0.802805
vt 0.410813 0.811988
vt 0.411168 0.766128
vt 0.406524 0.771555
vt 0.406524 0.802805
vt 0.406524 0.811988
vt 0.452226 0.766128
vt 0.454548 0.771555
vt 0.454548 0.802805
vt 0.454548 0.811988
vt 0.462245 0.766128
vt 0.466266 0.771555
vt 0.466266 0.802805
vt 0.466266 0.811988
vt 0.465911 0.766128
vt 0.470556 0.771555
vt 0.470556 0.802805
vt 0.470556 0.811988
vt 0.438540 0.848665
vt 0.452226 0.848665
vt 0.438540 0.848665
vt 0.462245 0.848665
vt 0.465911 0.848665
vt 0.424854 0.848665
vt 0.414835 0.848665
vt 0.411168 0.848665
vt 0.438540 0.824335
vt 0.452226 0.824335
vt 0.462245 0.824335
vt 0.465911 0.824335
vt 0.424854 0.824335
vt 0.414835 0.824335
vt 0.411168 0.824335
vt 0.416026 0.877562
vt 0.416026 0.905007
vt 0.461054 0.905007
vt 0.461054 0.877562
vt 0.455238 0.905007
vt 0.455238 0.877562
vt 0.438540 0.905007
vt 0.438540 0.877562
vt 0.421842 0.905007
vt 0.421842 0.877562
vt 0.813540 0.931069
vt 0.813540 0.941464
vt 0.827226 0.941464
vt 0.829548 0.931069
vt 0.837245 0.941464
vt 0.841266 0.931069
vt 0.840911 0.941464
vt 0.845556 0.931069
vt 0.799854 0.941464
vt 0.797532 0.931069
vt 0.789835 0.941464
vt 0.785813 0.931069
vt 0.786168 0.941464
vt 0.781524 0.931069
vt 0.671842 0.551058
vt 0.688540 0.551058
vt 0.688540 0.543085
vt 0.674854 0.543085
vt 0.705238 0.551058
vt 0.702226 0.543085
vt 0.717462 0.551058
vt 0.721936 0.551058
vt 0.715911 0.543085
vt 0.712245 0.543085
vt 0.659617 0.551058
vt 0.664835 0.543085
vt 0.655143 0.551058
vt 0.661168 0.543085
vt 0.715911 0.670111
vt 0.712245 0.670111
vt 0.717462 0.662138
vt 0.721936 0.662138
vt 0.705238 0.566683
vt 0.717462 0.566683
vt 0.717462 0.630888
vt 0.705238 0.630888
vt 0.702226 0.670111
vt 0.705238 0.662138
vt 0.688540 0.566683
vt 0.688540 0.630888
vt 0.688540 0.670111
vt 0.688540 0.662138
vt 0.671842 0.566683
vt 0.671842 0.630888
vt 0.674854 0.670111
vt 0.671842 0.662138
vt 0.659617 0.566683
vt 0.659617 0.630888
vt 0.664835 0.670111
vt 0.659617 0.662138
vt 0.655143 0.566683
vt 0.655143 0.630888
vt 0.661168 0.670111
vt 0.655143 0.662138
vt 0.721936 0.630888
vt 0.721936 0.566683
vt 0.799854 0.813307
vt 0.797532 0.823701
vt 0.813540 0.823701
vt 0.813540 0.813307
vt 0.797532 0.883554
vt 0.797532 0.901143
vt 0.813540 0.901143
vt 0.813540 0.883554
vt 0.789835 0.813307
vt 0.785813 0.823701
vt 0.785813 0.883554
vt 0.785813 0.901143
vt 0.786168 0.813307
vt 0.781524 0.823701
vt 0.781524 0.883554
vt 0.781524 0.901143
vt 0.827226 0.813307
vt 0.829548 0.823701
vt 0.829548 0.883554
vt 0.829548 0.901143
vt 0.837245 0.813307
vt 0.841266 0.823701
vt 0.841266 0.883554
vt 0.841266 0.901143
vt 0.840911 0.813307
vt 0.845556 0.823701
vt 0.845556 0.883554
vt 0.845556 0.901143
vt 0.813540 0.971390
vt 0.827226 0.971390
vt 0.837245 0.971390
vt 0.840911 0.971390
vt 0.799854 0.971390
vt 0.789835 0.971390
vt 0.786168 0.971390
vt 0.688540 0.527460
vt 0.702226 0.527460
vt 0.712245 0.527460
vt 0.715911 0.527460
vt 0.674854 0.527460
vt 0.664835 0.527460
vt 0.661168 0.527460
vt 0.583909 0.314157
vt 0.614639 0.314209
vt 0.614591 0.314463
vt 0.583854 0.314453
vt 0.614545 0.314717
vt 0.583807 0.314708
vt 0.614497 0.314971
vt 0.583760 0.314962
vt 0.614450 0.315225
vt 0.583713 0.315216
vt 0.614403 0.315479
vt 0.583666 0.315470
vt 0.614356 0.315732
vt 0.583619 0.315724
vt 0.614309 0.315986
vt 0.583572 0.315978
vt 0.614262 0.316240
vt 0.583525 0.316231
vt 0.614215 0.316494
vt 0.583478 0.316485
vt 0.614168 0.316748
vt 0.583431 0.316739
vt 0.614121 0.317002
vt 0.583384 0.316993
vt 0.614074 0.317256
vt 0.583337 0.317247
vt 0.614027 0.317510
vt 0.583290 0.317501
vt 0.613980 0.317764
vt 0.583243 0.317755
vt 0.613933 0.318018
vt 0.583196 0.318009
vt 0.613886 0.318272
vt 0.583149 0.318263
vt 0.613839 0.318526
vt 0.583102 0.318517
vt 0.613792 0.318780
vt 0.583055 0.318771
vt 0.613745 0.319033
vt 0.583008 0.319025
vt 0.613698 0.319287
vt 0.582961 0.319278
vt 0.613651 0.319541
vt 0.582914 0.319532
vt 0.613604 0.319795
vt 0.582867 0.319786
vt 0.613557 0.320049
vt 0.582820 0.320040
vt 0.613510 0.320303
vt 0.582772 0.320294
vt 0.613463 0.320557
vt 0.582726 0.320548
vt 0.613416 0.320811
vt 0.582678 0.320802
vt 0.613369 0.321065
vt 0.582631 0.321056
vt 0.613322 0.321319
vt 0.582584 0.321310
vt 0.613275 0.321573
vt 0.582537 0.321564
vt 0.613227 0.321827
vt 0.582490 0.321818
vt 0.610366 0.319177
vt 0.611244 0.319558
vt 0.610225 0.319938
vt 0.607351 0.320303
vt 0.602729 0.320639
vt 0.596540 0.320933
vt 0.589020 0.321173
vt 0.580458 0.321351
vt 0.571183 0.321459
vt 0.561552 0.321494
vt 0.551935 0.321453
vt 0.542702 0.321340
vt 0.534206 0.321157
vt 0.526776 0.320912
vt 0.520696 0.320615
vt 0.516200 0.320277
vt 0.513460 0.319910
vt 0.512583 0.319529
vt 0.513601 0.319149
vt 0.516476 0.318784
vt 0.521097 0.318448
vt 0.527287 0.318154
vt 0.534807 0.317914
vt 0.543369 0.317736
vt 0.552644 0.317628
vt 0.562275 0.317593
vt 0.571891 0.317634
vt 0.581125 0.317747
vt 0.589620 0.317930
vt 0.597051 0.318175
vt 0.603131 0.318472
vt 0.607627 0.318810
vt 0.613180 0.322081
vt 0.582443 0.322072
vt 0.613133 0.322335
vt 0.582388 0.322368
vt 0.511020 0.318750
vt 0.510973 0.319004
vt 0.510644 0.320781
vt 0.510597 0.321035
vt 0.510550 0.321289
vt 0.511631 0.315449
vt 0.511584 0.315703
vt 0.511208 0.317734
vt 0.511161 0.317988
vt 0.510785 0.320019
vt 0.510738 0.320273
vt 0.511820 0.314433
vt 0.511773 0.314687
vt 0.511396 0.316718
vt 0.511349 0.316972
vt 0.510926 0.319258
vt 0.510503 0.321543
vt 0.511537 0.315957
vt 0.511114 0.318242
vt 0.510691 0.320527
vt 0.511725 0.314941
vt 0.511302 0.317226
vt 0.510879 0.319512
vt 0.510455 0.321797
vt 0.511490 0.316211
vt 0.511067 0.318496
vt 0.511678 0.315195
vt 0.511255 0.317480
vt 0.510832 0.319766
vt 0.510409 0.322051
vt 0.511443 0.316464
vt 0.511867 0.314179
vt 0.510361 0.322305
vt 0.536971 0.322058
vt 0.536927 0.322293
vt 0.537017 0.321805
vt 0.537064 0.321551
vt 0.537111 0.321297
vt 0.537158 0.321043
vt 0.537206 0.320789
vt 0.537252 0.320535
vt 0.537300 0.320281
vt 0.537347 0.320027
vt 0.537394 0.319773
vt 0.537441 0.319519
vt 0.537488 0.319265
vt 0.537535 0.319011
vt 0.537582 0.318757
vt 0.537629 0.318503
vt 0.537676 0.318250
vt 0.537723 0.317996
vt 0.537770 0.317742
vt 0.537817 0.317488
vt 0.537864 0.317234
vt 0.537911 0.316980
vt 0.537958 0.316726
vt 0.538005 0.316472
vt 0.538052 0.316218
vt 0.538099 0.315964
vt 0.538146 0.315710
vt 0.538193 0.315456
vt 0.538240 0.315203
vt 0.538287 0.314949
vt 0.538334 0.314695
vt 0.538381 0.314442
vt 0.538425 0.314207
vt 0.515463 0.884387
vt 0.568555 0.884376
vt 0.568397 0.886015
vt 0.515286 0.886230
vt 0.515624 0.882723
vt 0.568712 0.882750
vt 0.515785 0.881053
vt 0.568872 0.881082
vt 0.515946 0.879382
vt 0.569033 0.879412
vt 0.516107 0.877712
vt 0.569194 0.877741
vt 0.516267 0.876041
vt 0.569355 0.876071
vt 0.516429 0.874371
vt 0.569516 0.874400
vt 0.516589 0.872700
vt 0.569677 0.872730
vt 0.516751 0.871030
vt 0.569838 0.871059
vt 0.516911 0.869359
vt 0.569999 0.869389
vt 0.517072 0.867689
vt 0.570160 0.867718
vt 0.517233 0.866018
vt 0.570321 0.866048
vt 0.517394 0.864348
vt 0.570481 0.864377
vt 0.517555 0.862677
vt 0.570643 0.862707
vt 0.517716 0.861007
vt 0.570804 0.861036
vt 0.517877 0.859336
vt 0.570964 0.859366
vt 0.518038 0.857666
vt 0.571126 0.857695
vt 0.518199 0.855995
vt 0.571286 0.856025
vt 0.518360 0.854325
vt 0.571447 0.854354
vt 0.518520 0.852654
vt 0.571608 0.852684
vt 0.518682 0.850984
vt 0.571769 0.851013
vt 0.518842 0.849313
vt 0.571930 0.849343
vt 0.519004 0.847643
vt 0.572091 0.847672
vt 0.519165 0.845972
vt 0.572252 0.846002
vt 0.519326 0.844302
vt 0.572413 0.844331
vt 0.519486 0.842631
vt 0.572574 0.842661
vt 0.519647 0.840961
vt 0.572735 0.840990
vt 0.519808 0.839290
vt 0.572896 0.839320
vt 0.519969 0.837620
vt 0.573056 0.837649
vt 0.520130 0.835949
vt 0.573217 0.835982
vt 0.520290 0.834285
vt 0.573374 0.834355
vt 0.520468 0.832443
vt 0.573532 0.832717
vt 0.552486 0.322064
vt 0.568681 0.322068
vt 0.568622 0.322383
vt 0.552422 0.322411
vt 0.552533 0.321809
vt 0.568728 0.321814
vt 0.552580 0.321555
vt 0.568775 0.321560
vt 0.552627 0.321301
vt 0.568822 0.321306
vt 0.552674 0.321047
vt 0.568869 0.321052
vt 0.552721 0.320793
vt 0.568916 0.320798
vt 0.552768 0.320539
vt 0.568963 0.320544
vt 0.552815 0.320285
vt 0.569010 0.320290
vt 0.552862 0.320032
vt 0.569057 0.320036
vt 0.552909 0.319778
vt 0.569104 0.319782
vt 0.552956 0.319524
vt 0.569151 0.319528
vt 0.553003 0.319270
vt 0.569198 0.319274
vt 0.553050 0.319016
vt 0.569245 0.319021
vt 0.553097 0.318762
vt 0.569292 0.318767
vt 0.553144 0.318508
vt 0.569339 0.318513
vt 0.553191 0.318254
vt 0.569386 0.318259
vt 0.553238 0.318000
vt 0.569433 0.318005
vt 0.553285 0.317746
vt 0.569480 0.317751
vt 0.553332 0.317492
vt 0.569527 0.317497
vt 0.553379 0.317238
vt 0.569574 0.317243
vt 0.553427 0.316985
vt 0.569622 0.316989
vt 0.553473 0.316731
vt 0.569669 0.316735
vt 0.553521 0.316477
vt 0.569716 0.316481
vt 0.553567 0.316223
vt 0.569763 0.316227
vt 0.553615 0.315969
vt 0.569810 0.315974
vt 0.553661 0.315715
vt 0.569857 0.315720
vt 0.553709 0.315461
vt 0.569904 0.315466
vt 0.553756 0.315207
vt 0.569951 0.315212
vt 0.553803 0.314953
vt 0.569998 0.314958
vt 0.553850 0.314699
vt 0.570045 0.314704
vt 0.553897 0.314444
vt 0.570092 0.314449
vt 0.553961 0.314098
vt 0.570150 0.314134
vt 0.574833 0.843754
vt 0.588595 0.843758
vt 0.588540 0.844054
vt 0.574774 0.844069
vt 0.574880 0.843500
vt 0.588642 0.843504
vt 0.574927 0.843246
vt 0.588689 0.843250
vt 0.574974 0.842992
vt 0.588736 0.842996
vt 0.575021 0.842738
vt 0.588783 0.842742
vt 0.575068 0.842484
vt 0.588830 0.842488
vt 0.575115 0.842230
vt 0.588877 0.842234
vt 0.575162 0.841976
vt 0.588924 0.841980
vt 0.575209 0.841722
vt 0.588972 0.841726
vt 0.575256 0.841468
vt 0.589019 0.841472
vt 0.575303 0.841214
vt 0.589066 0.841218
vt 0.575350 0.840960
vt 0.589113 0.840964
vt 0.575397 0.840707
vt 0.589159 0.840711
vt 0.575444 0.840453
vt 0.589207 0.840457
vt 0.575491 0.840199
vt 0.589254 0.840203
vt 0.575538 0.839945
vt 0.589301 0.839949
vt 0.575585 0.839691
vt 0.589348 0.839695
vt 0.575632 0.839437
vt 0.589395 0.839441
vt 0.575679 0.839183
vt 0.589442 0.839187
vt 0.575726 0.838929
vt 0.589489 0.838933
vt 0.575774 0.838675
vt 0.589536 0.838679
vt 0.575820 0.838421
vt 0.589583 0.838425
vt 0.575868 0.838167
vt 0.589630 0.838171
vt 0.575915 0.837913
vt 0.589677 0.837917
vt 0.575962 0.837660
vt 0.589724 0.837663
vt 0.576009 0.837406
vt 0.589771 0.837409
vt 0.576056 0.837152
vt 0.589818 0.837156
vt 0.576103 0.836898
vt 0.589865 0.836902
vt 0.576150 0.836644
vt 0.589912 0.836648
vt 0.576197 0.836390
vt 0.589959 0.836394
vt 0.576244 0.836135
vt 0.590006 0.836139
vt 0.576302 0.835820
vt 0.590061 0.835843
vt 0.701293 0.444532
vt 0.701676 0.455404
vt 0.699655 0.455404
vt 0.700038 0.444532
vt 0.699655 0.441335
vt 0.701676 0.441335
vt 0.711318 0.420447
vt 0.708506 0.420447
vt 0.699557 0.447291
vt 0.699751 0.454354
vt 0.699751 0.451840
vt 0.699557 0.445505
vt 0.698730 0.451840
vt 0.698924 0.445505
vt 0.698730 0.454354
vt 0.698924 0.447291
vt 0.698730 0.445019
vt 0.699751 0.445019
vt 0.699751 0.442504
vt 0.698730 0.442504
vt 0.698807 0.450220
vt 0.699279 0.447671
vt 0.699286 0.444765
vt 0.698812 0.448083
vt 0.698265 0.444760
vt 0.698178 0.448081
vt 0.698258 0.447666
vt 0.698173 0.450217
vt 0.697868 0.451756
vt 0.698889 0.451761
vt 0.698897 0.448855
vt 0.697876 0.448850
vt 0.192679 0.636035
vt 0.204316 0.636035
vt 0.204316 0.647672
vt 0.192679 0.647672
vt 0.169405 0.636035
vt 0.181042 0.636035
vt 0.181042 0.647672
vt 0.169405 0.647672
vt 0.169405 0.612761
vt 0.181042 0.612761
vt 0.181042 0.624398
vt 0.169405 0.624398
vt 0.192679 0.612761
vt 0.192679 0.624398
vt 0.204316 0.612761
vt 0.204316 0.624398
vt 0.587128 0.907519
vt 0.587128 0.895882
vt 0.552217 0.907519
vt 0.552217 0.919156
vt 0.575491 0.919156
vt 0.587128 0.919156
vt 0.563854 0.919156
vt 0.587128 0.884246
vt 0.552217 0.884246
vt 0.552217 0.895882
vt 0.563854 0.884246
vt 0.575491 0.884246
vt 0.354502 0.612525
vt 0.354502 0.612525
vt 0.354502 0.562903
vt 0.849853 0.830845
vt 0.775149 0.830845
vt 0.849853 0.862095
vt 0.775149 0.862095
vt 0.775149 0.881453
vt 0.849853 0.881453
vt 0.849853 0.881453
vt 0.849853 0.887905
vt 0.849853 0.919155
vt 0.775149 0.919155
vt 0.775149 0.919155
vt 0.775149 0.881453
vt 0.775149 0.950405
vt 0.849853 0.950405
vt 0.775149 0.950405
vt 0.775149 0.887905
vt 0.775149 0.887905
vt 0.458144 0.953523
vt 0.404453 0.953523
vt 0.460479 0.830625
vt 0.460479 0.904314
vt 0.402119 0.854872
vt 0.402119 0.844522
vt 0.402119 0.830625
vt 0.402119 0.904314
vt 0.453476 0.867866
vt 0.409122 0.867866
vt 0.411340 0.871017
vt 0.451258 0.871017
vt 0.402119 0.861875
vt 0.460479 0.854872
vt 0.460479 0.844522
vt 0.404453 0.863197
vt 0.458144 0.863197
vt 0.458144 0.857395
vt 0.404453 0.857395
vt 0.460479 0.813272
vt 0.402119 0.813272
vt 0.404453 0.813272
vt 0.458144 0.813272
vt 0.458144 0.828897
vt 0.458144 0.838235
vt 0.404453 0.838235
vt 0.404453 0.828897
vt 0.460479 0.861875
vt 0.404453 0.935564
vt 0.404453 0.937898
vt 0.402119 0.935564
vt 0.460479 0.935564
vt 0.458144 0.937898
vt 0.458144 0.935564
vt 0.402119 0.870497
vt 0.404453 0.873020
vt 0.404453 0.869485
vt 0.460479 0.870497
vt 0.458144 0.869485
vt 0.458144 0.873020
vt 0.404453 0.831947
vt 0.404453 0.904314
vt 0.458144 0.831947
vt 0.458144 0.904314
vt 0.404453 0.860147
vt 0.402119 0.860147
vt 0.460479 0.860147
vt 0.458144 0.860147
vt 0.404453 0.878822
vt 0.402119 0.877500
vt 0.458144 0.878822
vt 0.460479 0.877500
vt 0.409122 0.884020
vt 0.409122 0.820991
vt 0.411340 0.824142
vt 0.411340 0.880868
vt 0.409122 0.836616
vt 0.409122 0.899645
vt 0.453476 0.899645
vt 0.453476 0.836616
vt 0.597456 0.767408
vt 0.597456 0.976391
vt 0.520359 0.976391
vt 0.520359 0.767408
vt 0.453476 0.820991
vt 0.453476 0.884020
vt 0.451258 0.880868
vt 0.451258 0.824142
vt 0.453476 0.868395
vt 0.409122 0.868395
vt 0.411340 0.865243
vt 0.451258 0.865243
vt 0.309835 0.329767
vt 0.309835 0.371876
vt 0.321328 0.371876
vt 0.321328 0.329767
vt 0.321328 0.424218
vt 0.329742 0.424218
vt 0.322754 0.434485
vt 0.317294 0.434485
vt 0.309835 0.424218
vt 0.309835 0.434485
vt 0.298341 0.424218
vt 0.302376 0.434485
vt 0.289928 0.424218
vt 0.296915 0.434485
vt 0.286848 0.424218
vt 0.294917 0.434485
vt 0.332822 0.424218
vt 0.324753 0.434485
vt 0.324753 0.382143
vt 0.322754 0.382143
vt 0.322754 0.392410
vt 0.324753 0.392410
vt 0.309835 0.312320
vt 0.321328 0.312320
vt 0.318328 0.303764
vt 0.309835 0.303764
vt 0.329742 0.312320
vt 0.324544 0.303764
vt 0.329742 0.371876
vt 0.329742 0.329767
vt 0.332822 0.312320
vt 0.326820 0.303764
vt 0.332822 0.371876
vt 0.332822 0.329767
vt 0.298341 0.312320
vt 0.301342 0.303764
vt 0.298341 0.371876
vt 0.298341 0.329767
vt 0.289928 0.312320
vt 0.295125 0.303764
vt 0.289928 0.371876
vt 0.289928 0.329767
vt 0.286848 0.312320
vt 0.292850 0.303764
vt 0.286848 0.371876
vt 0.286848 0.329767
vt 0.309835 0.382143
vt 0.302376 0.382143
vt 0.302376 0.392410
vt 0.309835 0.392410
vt 0.317294 0.382143
vt 0.317294 0.392410
vt 0.296915 0.382143
vt 0.296915 0.392410
vt 0.306683 0.404388
vt 0.309835 0.404388
vt 0.309835 0.426634
vt 0.308889 0.426634
vt 0.294917 0.382143
vt 0.294917 0.392410
vt 0.312987 0.439283
vt 0.315294 0.439283
vt 0.322754 0.427305
vt 0.317294 0.427305
vt 0.316139 0.439283
vt 0.324753 0.427305
vt 0.309835 0.439283
vt 0.309835 0.427305
vt 0.306683 0.439283
vt 0.302376 0.427305
vt 0.304375 0.439283
vt 0.296915 0.427305
vt 0.303531 0.439283
vt 0.294917 0.427305
vt 0.315294 0.404388
vt 0.316139 0.404388
vt 0.311726 0.426634
vt 0.311473 0.426634
vt 0.304375 0.404388
vt 0.308197 0.426634
vt 0.312987 0.404388
vt 0.310781 0.426634
vt 0.303531 0.404388
vt 0.307944 0.426634
vt 0.309835 0.462024
vt 0.310781 0.461529
vt 0.309835 0.461529
vt 0.311473 0.461529
vt 0.311726 0.461529
vt 0.308889 0.461529
vt 0.308197 0.461529
vt 0.307944 0.461529
vt 0.309835 0.286316
vt 0.318328 0.286316
vt 0.324544 0.286316
vt 0.326820 0.286316
vt 0.301342 0.286316
vt 0.295125 0.286316
vt 0.292850 0.286316
vt 0.934835 0.329767
vt 0.934835 0.371876
vt 0.946328 0.371876
vt 0.946328 0.329767
vt 0.946328 0.424218
vt 0.954742 0.424218
vt 0.947754 0.434485
vt 0.942294 0.434485
vt 0.934835 0.424218
vt 0.934835 0.434485
vt 0.923341 0.424218
vt 0.927376 0.434485
vt 0.914928 0.424218
vt 0.921915 0.434485
vt 0.911848 0.424218
vt 0.919917 0.434485
vt 0.957822 0.424218
vt 0.949753 0.434485
vt 0.949753 0.382143
vt 0.947754 0.382143
vt 0.947754 0.392410
vt 0.949753 0.392410
vt 0.934835 0.312320
vt 0.946328 0.312320
vt 0.943328 0.303764
vt 0.934835 0.303764
vt 0.954742 0.312320
vt 0.949544 0.303764
vt 0.954742 0.371876
vt 0.954742 0.329767
vt 0.957822 0.312320
vt 0.951820 0.303764
vt 0.957822 0.371876
vt 0.957822 0.329767
vt 0.923341 0.312320
vt 0.926342 0.303764
vt 0.923341 0.371876
vt 0.923341 0.329767
vt 0.914928 0.312320
vt 0.920125 0.303764
vt 0.914928 0.371876
vt 0.914928 0.329767
vt 0.911848 0.312320
vt 0.917850 0.303764
vt 0.911848 0.371876
vt 0.911848 0.329767
vt 0.934835 0.382143
vt 0.927376 0.382143
vt 0.927376 0.392410
vt 0.934835 0.392410
vt 0.942294 0.382143
vt 0.942294 0.392410
vt 0.921915 0.382143
vt 0.921915 0.392410
vt 0.931683 0.404388
vt 0.934835 0.404388
vt 0.934835 0.426634
vt 0.933889 0.426634
vt 0.919917 0.382143
vt 0.919917 0.392410
vt 0.937987 0.439283
vt 0.940294 0.439283
vt 0.947754 0.427305
vt 0.942294 0.427305
vt 0.941139 0.439283
vt 0.949753 0.427305
vt 0.934835 0.439283
vt 0.934835 0.427305
vt 0.931683 0.439283
vt 0.927376 0.427305
vt 0.929375 0.439283
vt 0.921915 0.427305
vt 0.928531 0.439283
vt 0.919917 0.427305
vt 0.940294 0.404388
vt 0.941139 0.404388
vt 0.936726 0.426634
vt 0.936473 0.426634
vt 0.929375 0.404388
vt 0.933197 0.426634
vt 0.937987 0.404388
vt 0.935781 0.426634
vt 0.928531 0.404388
vt 0.932944 0.426634
vt 0.934835 0.462024
vt 0.935781 0.461529
vt 0.934835 0.461529
vt 0.936473 0.461529
vt 0.936726 0.461529
vt 0.933889 0.461529
vt 0.933197 0.461529
vt 0.932944 0.461529
vt 0.934835 0.286316
vt 0.943328 0.286316
vt 0.949544 0.286316
vt 0.951820 0.286316
vt 0.926342 0.286316
vt 0.920125 0.286316
vt 0.917850 0.286316
s 1
usemtl restaurant.010
f 64/1/1 30/2/1 23/3/1 59/4/1
f 16/5/2 4/6/2 6/7/3 17/8/4
f 18/9/5 5/10/6 4/11/7 16/12/7
f 16/12/8 10/13/8 12/14/8 18/9/8
f 17/8/9 11/15/9 10/16/9 16/5/9
f 1/12/10 13/17/10 15/18/11 2/9/12
f 3/8/13 14/19/14 13/20/15 1/5/14
f 7/13/16 1/12/16 2/9/16 8/14/16
f 9/15/17 3/8/17 1/5/17 7/16/17
f 13/17/18 4/11/18 5/10/18 15/18/18
f 14/19/18 6/7/18 4/6/18 13/20/18
f 10/13/19 7/13/19 8/14/19 12/14/19
f 11/15/19 9/15/19 7/16/19 10/16/19
f 22/21/18 25/21/18 27/22/18 23/22/18
f 24/23/18 26/23/18 25/24/18 22/24/18
f 28/25/20 22/21/20 23/22/21 30/26/21
f 29/27/22 24/23/22 22/24/22 28/28/22
f 25/21/23 19/25/24 20/26/23 27/22/24
f 26/23/25 21/27/26 19/28/25 25/24/26
f 18/29/5 66/30/27 65/31/28 5/32/6
f 37/33/29 17/34/30 6/35/31 40/36/32
f 14/37/18 35/38/18 40/36/18 6/35/18
f 9/39/1 31/40/1 39/33/1 3/34/1
f 3/34/33 39/33/34 35/38/35 14/37/36
f 11/39/19 32/40/19 31/40/19 9/39/19
f 26/41/37 34/42/37 38/43/37 21/44/37
f 26/41/18 24/41/18 33/42/18 34/42/18
f 57/45/1 8/46/1 2/29/1 63/30/1
f 33/47/38 31/48/38 32/48/38 34/47/38
f 62/49/18 15/50/18 5/32/18 65/31/18
f 60/4/37 27/3/37 20/2/37 61/1/37
f 58/45/19 12/46/19 8/46/19 57/45/19
f 59/51/39 60/51/39 58/52/39 57/52/39
f 63/30/40 2/29/12 15/50/11 62/49/41
f 66/30/37 18/29/37 12/46/37 58/45/37
f 43/53/37 47/54/37 45/55/37 41/56/37
f 44/57/37 42/58/37 46/59/37 48/60/37
f 44/57/37 48/60/37 47/54/37 43/53/37
f 46/59/37 42/58/37 41/56/37 45/55/37
f 51/53/1 49/56/1 53/55/1 55/54/1
f 52/57/1 56/60/1 54/59/1 50/58/1
f 52/57/1 51/53/1 55/54/1 56/60/1
f 54/59/1 53/55/1 49/56/1 50/58/1
f 77/61/42 78/62/43 35/38/35 39/33/34
f 75/63/18 62/49/18 65/31/18 84/64/18
f 69/65/1 57/45/1 63/30/1 76/66/1
f 71/67/37 60/4/37 61/1/37 81/68/37
f 60/4/18 59/4/18 23/3/18 27/3/18
f 17/34/37 37/33/44 32/40/45 11/39/37
f 29/44/1 36/43/1 33/42/1 24/41/1
f 76/66/46 63/30/40 62/49/41 75/63/47
f 67/65/37 58/45/37 60/4/37 71/67/37
f 79/68/1 64/1/1 59/4/1 72/67/1
f 83/66/37 66/30/37 58/45/37 67/65/37
f 72/67/1 59/4/1 57/45/1 69/65/1
f 70/69/44 32/40/45 37/33/44 86/61/48
f 74/70/1 33/42/1 36/43/1 80/71/1
f 76/66/49 75/63/50 265/63/51 266/66/52
f 77/72/53 68/73/54 70/73/55 86/72/54
f 78/62/18 85/74/18 40/36/18 35/38/18
f 31/40/1 68/69/1 77/61/1 39/33/1
f 32/40/45 70/69/44 73/70/37 34/42/37
f 33/42/1 74/70/1 68/69/1 31/40/1
f 68/73/54 74/75/39 73/75/39 70/73/55
f 74/75/39 80/77/39 82/77/39 73/75/39
f 78/78/61 77/72/62 86/72/63 85/79/64
f 66/30/27 83/66/65 84/64/66 65/31/28
f 86/61/67 37/33/29 40/36/32 85/74/68
f 82/71/37 38/43/37 34/42/37 73/70/37
f 48/80/39 56/80/39 55/81/39 47/81/39
f 47/82/18 55/82/18 53/83/18 45/83/18
f 46/84/19 54/84/19 56/85/19 48/85/19
f 45/86/38 53/87/38 54/88/38 46/89/38
f 90/90/37 87/91/37 94/92/37 92/93/37
f 91/90/1 93/91/1 88/92/1 89/93/1
f 215/68/37 205/67/37 279/67/37 284/68/37
f 198/1/1 193/4/1 157/3/1 164/2/1
f 150/5/109 151/8/110 140/7/111 138/6/109
f 152/9/112 150/12/113 138/11/113 139/10/114
f 150/12/8 152/9/8 146/14/8 144/13/8
f 151/8/9 150/5/9 144/16/9 145/15/9
f 135/12/115 136/9/116 149/18/117 147/17/115
f 137/8/118 135/5/118 147/20/119 148/19/118
f 141/13/16 142/14/16 136/9/16 135/12/16
f 143/15/17 141/16/17 135/5/17 137/8/17
f 147/17/19 149/18/19 139/10/19 138/11/19
f 148/19/19 147/20/19 138/6/19 140/7/19
f 144/13/18 146/14/18 142/14/18 141/13/18
f 145/15/18 144/16/18 141/16/18 143/15/18
f 156/21/19 157/22/19 161/22/19 159/21/19
f 158/23/19 156/24/19 159/24/19 160/23/19
f 162/25/120 164/26/121 157/22/120 156/21/120
f 163/27/122 162/28/122 156/24/122 158/23/122
f 159/21/123 161/22/124 154/26/123 153/25/123
f 160/23/125 159/24/126 153/28/126 155/27/126
f 152/29/112 139/32/114 199/31/127 200/30/127
f 171/33/128 174/36/129 140/35/130 151/34/131
f 148/37/19 140/35/19 174/36/19 169/38/19
f 143/39/1 137/34/1 173/33/1 165/40/1
f 137/34/132 148/37/133 169/38/134 173/33/135
f 145/39/18 143/39/18 165/40/18 166/40/18
f 160/41/37 155/44/37 172/43/37 168/42/37
f 160/41/19 168/42/19 167/42/19 158/41/19
f 191/45/1 197/30/1 136/29/1 142/46/1
f 167/47/38 168/47/38 166/48/38 165/48/38
f 196/49/19 199/31/19 139/32/19 149/50/19
f 194/4/37 195/1/37 154/2/37 161/3/37
f 192/45/18 191/45/18 142/46/18 146/46/18
f 193/51/39 191/52/39 192/52/39 194/51/39
f 197/30/136 196/49/136 149/50/117 136/29/116
f 200/30/37 192/45/37 146/46/37 152/29/37
f 177/53/37 175/56/37 179/55/37 181/54/37
f 178/57/37 182/60/37 180/59/37 176/58/37
f 178/57/37 177/53/37 181/54/37 182/60/37
f 180/59/37 179/55/37 175/56/37 176/58/37
f 185/53/1 189/54/1 187/55/1 183/56/1
f 186/57/1 184/58/1 188/59/1 190/60/1
f 186/57/1 190/60/1 189/54/1 185/53/1
f 188/59/1 184/58/1 183/56/1 187/55/1
f 211/61/137 173/33/135 169/38/134 212/62/138
f 209/63/19 218/64/19 199/31/19 196/49/19
f 203/65/1 210/66/1 197/30/1 191/45/1
f 205/67/37 215/68/37 195/1/37 194/4/37
f 194/4/19 161/3/19 157/3/19 193/4/19
f 151/34/37 145/39/37 166/40/139 171/33/140
f 163/44/1 158/41/1 167/42/1 170/43/1
f 210/66/94 209/63/141 196/49/136 197/30/136
f 201/65/37 205/67/37 194/4/37 192/45/37
f 213/68/1 206/67/1 193/4/1 198/1/1
f 217/66/37 201/65/37 192/45/37 200/30/37
f 206/67/1 203/65/1 191/45/1 193/4/1
f 204/69/140 220/61/142 171/33/140 166/40/139
f 208/70/1 214/71/1 170/43/1 167/42/1
f 211/72/83 220/72/54 204/73/143 202/73/54
f 212/62/19 169/38/19 174/36/19 219/74/19
f 165/40/1 173/33/1 211/61/1 202/69/1
f 166/40/139 168/42/37 207/70/37 204/69/140
f 167/42/1 165/40/1 202/69/1 208/70/1
f 202/73/54 204/73/143 207/75/39 208/75/39
f 208/75/39 207/75/39 216/77/39 214/77/39
f 212/78/148 219/79/149 220/72/150 211/72/151
f 200/30/127 199/31/127 218/64/152 217/66/153
f 220/61/154 219/74/155 174/36/129 171/33/128
f 71/67/37 81/68/37 268/68/37 263/67/37
f 216/71/37 207/70/37 168/42/37 172/43/37
f 182/80/39 181/81/39 189/81/39 190/80/39
f 181/82/19 179/83/19 187/83/19 189/82/19
f 180/84/18 182/85/18 190/85/18 188/84/18
f 179/86/38 180/89/38 188/88/38 187/87/38
f 224/90/37 226/93/37 228/92/37 221/91/37
f 225/90/1 223/93/1 222/92/1 227/91/1
f 203/65/1 206/67/1 280/67/1 278/65/1
f 210/66/1 203/65/1 278/65/1 282/66/1
f 201/65/37 217/66/37 285/66/37 277/65/37
f 264/118/184 262/119/185 261/119/185 263/118/184
f 267/120/186 264/118/184 263/118/184 268/120/186
f 262/119/185 266/121/185 269/121/185 261/119/185
f 266/121/187 265/122/188 270/123/189 269/121/190
f 280/118/185 279/118/185 277/119/185 278/119/185
f 283/120/185 284/120/185 279/118/185 280/118/185
f 278/119/185 277/119/185 285/121/185 282/121/185
f 282/121/192 285/121/193 286/123/194 281/122/193
s 0
f 81/126/198 79/126/198 267/126/198 268/126/198
s 1
f 209/63/203 210/66/204 282/66/205 281/63/206
s 0
f 213/126/207 215/126/207 284/126/207 283/126/207
s 1
f 67/65/37 71/67/37 263/67/37 261/65/37
f 205/67/37 201/65/37 277/65/37 279/67/37
f 75/63/50 84/64/208 270/64/209 265/63/51
f 79/68/1 72/67/1 264/67/1 267/68/1
f 84/64/208 83/66/210 269/66/211 270/64/209
f 218/64/212 209/63/203 281/63/206 286/64/213
f 206/67/1 213/68/1 283/68/1 280/67/1
f 217/66/214 218/64/212 286/64/213 285/66/215
f 83/66/37 67/65/37 261/65/37 269/66/37
f 69/65/1 76/66/1 266/66/1 262/65/1
f 72/67/1 69/65/1 262/65/1 264/67/1
usemtl restaurant.011
f 217/68/37 238/67/37 287/67/56 285/68/37
f 115/76/57 76/68/58 266/68/59 273/76/60
f 76/68/1 105/67/1 272/67/69 266/68/1
f 104/67/37 96/4/70 66/1/37 83/68/37
f 114/94/19 98/95/19 97/96/19 113/97/19
f 2/2/71 63/1/72 98/95/73 114/94/74
f 83/68/75 66/1/76 97/96/76 117/98/77
f 76/68/1 63/1/1 95/4/78 105/67/1
f 107/70/18 106/41/18 102/41/18 108/70/18
f 63/1/1 2/2/1 101/3/1 95/4/78
f 100/24/18 99/24/18 102/23/18 106/23/18
f 1/28/17 3/27/17 102/23/17 99/24/17
f 3/44/1 77/71/1 108/70/1 102/41/1
f 101/22/18 99/21/18 100/21/18 103/22/18
f 2/26/16 1/25/16 99/21/16 101/22/16
f 96/4/18 95/4/18 101/3/18 103/3/18
f 121/67/37 104/67/37 271/67/56 276/67/56
f 251/98/79 217/68/80 285/68/81 290/98/82
f 108/75/83 77/77/83 86/77/84 107/75/54
f 66/1/76 18/2/85 113/97/86 97/96/76
f 1/25/87 2/26/71 114/99/74 111/100/88
f 16/28/89 17/27/90 109/101/91 112/102/92
f 63/1/72 76/68/93 115/76/94 98/95/73
f 77/71/95 3/44/96 110/103/97 116/104/98
f 3/27/96 1/28/99 111/105/100 110/106/97
f 18/26/85 16/25/101 112/107/101 113/108/86
f 17/44/90 86/109/102 109/110/91
f 110/106/19 111/105/19 112/102/19 109/101/19
f 98/95/19 115/76/19 117/98/19 97/96/19
f 100/24/9 106/23/9 17/27/9 16/28/9
f 111/100/19 114/99/19 113/108/19 112/107/19
f 116/104/19 110/103/19 109/110/19 86/109/19
f 103/22/8 100/21/8 16/25/8 18/26/8
f 77/77/103 116/111/104 86/77/105
f 106/41/106 107/70/107 86/71/108 17/44/107
f 96/4/70 103/3/37 18/2/37 66/1/37
f 122/112/1 130/113/78 129/113/16 133/112/1
f 127/114/18 131/115/18 130/115/18 126/114/18
f 131/113/70 123/112/37 132/112/37 128/113/8
f 96/4/70 104/67/37 121/67/37 124/4/8
f 130/115/78 131/115/70 128/115/8 129/115/16
f 123/112/37 131/113/70 127/116/37 119/117/37
f 95/4/78 96/4/70 124/4/8 125/4/16
f 119/117/39 127/116/39 126/116/39 118/117/39
f 105/67/1 95/4/78 125/4/16 120/67/1
f 118/117/1 126/116/1 130/113/78 122/112/1
f 104/67/37 83/68/37 269/68/37 271/67/56
f 83/68/144 117/98/145 274/98/146 269/68/147
f 238/67/37 121/67/37 276/67/56 287/67/56
f 238/67/37 217/68/37 200/1/37 230/4/70
f 248/94/18 247/97/18 231/96/18 232/95/18
f 136/2/156 248/94/157 232/95/158 197/1/158
f 217/68/159 251/98/160 231/96/161 200/1/162
f 210/68/1 239/67/1 229/4/78 197/1/1
f 241/70/19 242/70/19 236/41/19 240/41/19
f 197/1/1 229/4/78 235/3/1 136/2/1
f 234/24/19 240/23/19 236/23/19 233/24/19
f 135/28/17 233/24/17 236/23/17 137/27/17
f 137/44/1 236/41/1 242/70/1 211/71/1
f 235/22/19 237/22/19 234/21/19 233/21/19
f 136/26/16 235/22/16 233/21/16 135/25/16
f 230/4/19 237/3/19 235/3/19 229/4/19
f 242/75/53 241/75/54 220/77/84 211/77/53
f 200/1/162 231/96/161 247/97/163 152/2/164
f 135/25/165 245/100/165 248/99/157 136/26/156
f 150/28/166 246/102/167 243/101/168 151/27/169
f 197/1/158 232/95/158 249/76/46 210/68/170
f 211/71/171 250/104/172 244/103/173 137/44/174
f 137/27/174 244/106/173 245/105/175 135/28/175
f 152/26/164 247/108/163 246/107/176 150/25/176
f 151/44/169 243/110/168 220/109/177
f 244/106/18 243/101/18 246/102/18 245/105/18
f 232/95/18 231/96/18 251/98/18 249/76/18
f 234/24/9 150/28/9 151/27/9 240/23/9
f 245/100/18 246/107/18 247/108/18 248/99/18
f 250/104/18 220/109/18 243/110/18 244/103/18
f 237/22/8 152/26/8 150/25/8 234/21/8
f 211/77/178 220/77/179 250/111/180
f 240/41/181 151/44/182 220/71/183 241/70/182
f 230/4/70 200/1/37 152/2/37 237/3/37
f 254/112/1 133/112/1 129/113/16 258/113/78
f 257/114/19 256/114/19 258/115/19 259/115/19
f 259/113/70 128/113/8 132/112/37 255/112/37
f 230/4/70 124/4/8 121/67/37 238/67/37
f 258/115/78 129/115/16 128/115/8 259/115/70
f 255/112/37 253/117/37 257/116/37 259/113/70
f 229/4/78 125/4/16 124/4/8 230/4/70
f 253/117/39 252/117/39 256/116/39 257/116/39
f 239/67/1 120/67/1 125/4/16 229/4/78
f 252/117/1 254/112/1 258/113/78 256/116/1
f 266/120/185 272/118/69 271/118/56 269/120/185
f 273/124/191 266/120/192 269/120/192 274/125/193
f 271/118/56 272/118/69 275/118/69 276/118/56
f 282/120/185 285/120/185 287/118/56 288/118/69
f 289/124/195 290/125/190 285/120/196 282/120/197
f 287/118/56 276/118/56 275/118/69 288/118/69
f 210/68/199 249/76/200 289/76/201 282/68/202
f 120/67/1 239/67/1 288/67/69 275/67/69
f 105/67/1 120/67/1 275/67/69 272/67/69
f 117/98/145 115/76/57 273/76/60 274/98/146
f 239/67/1 210/68/1 282/68/1 288/67/69
f 249/76/200 251/98/79 290/98/82 289/76/201
usemtl restaurant.031
f 303/127/216 304/128/217 294/129/218 292/130/219
f 298/130/220 299/129/221 311/128/222 307/127/223
f 291/131/224 292/132/219 293/133/225
f 294/134/218 312/135/226 295/136/227
f 296/131/228 297/133/229 298/132/220
f 318/135/230 299/134/221 300/136/231
f 301/137/232 302/138/233 303/139/216
f 324/140/234 304/141/217 305/142/235
f 306/137/236 307/139/223 308/138/237
f 309/140/238 310/142/239 311/141/222
f 296/131/228 291/131/224 293/133/225 297/133/229
f 292/130/219 294/129/218 295/143/227 293/144/225
f 312/135/226 318/135/230 300/136/231 295/136/227
f 299/129/221 298/130/220 297/144/229 300/143/231
f 306/137/236 296/131/228 298/132/220 307/139/223
f 318/135/230 309/140/238 311/141/222 299/134/221
f 310/145/239 308/146/237 307/127/223 311/128/222
f 301/137/232 306/137/236 308/138/237 302/138/233
f 309/140/238 324/140/234 305/142/235 310/142/239
f 304/128/217 303/127/216 302/146/233 305/145/235
f 291/131/224 301/137/232 303/139/216 292/132/219
f 324/140/234 312/135/226 294/134/218 304/141/217
f 296/131/228 306/137/236 301/137/232 291/131/224
f 326/147/216 328/148/217 315/149/218 313/150/219
f 331/151/240 333/152/241 329/152/242 325/151/243
f 332/153/38 321/154/38 316/154/38 327/153/38
f 314/155/225 317/156/244 323/156/231 319/155/229
f 320/150/220 322/149/221 334/148/222 330/147/223
f 312/157/245 313/150/219 314/155/225
f 315/158/218 316/159/226 317/160/244
f 318/157/246 319/155/229 320/150/220
f 321/159/230 322/158/221 323/160/231
f 324/161/247 325/151/243 326/147/216
f 327/162/234 328/163/217 329/164/242
f 309/161/248 330/147/223 331/151/240
f 332/162/238 333/164/241 334/163/222
f 318/157/246 312/157/245 314/155/225 319/155/229
f 313/150/219 315/149/218 317/156/244 314/155/225
f 316/159/226 321/159/230 323/160/231 317/160/244
f 322/149/221 320/150/220 319/155/229 323/156/231
f 309/161/248 318/157/246 320/150/220 330/147/223
f 321/159/230 332/162/238 334/163/222 322/158/221
f 333/152/241 331/151/240 330/147/223 334/148/222
f 324/161/247 309/161/248 331/151/240 325/151/243
f 332/162/238 327/162/234 329/164/242 333/164/241
f 328/148/217 326/147/216 325/151/243 329/152/242
f 312/157/245 324/161/247 326/147/216 313/150/219
f 327/162/234 316/159/226 315/158/218 328/163/217
f 343/165/1 345/166/1 339/167/1 341/168/1
f 342/169/249 341/170/249 340/171/249
f 339/172/250 338/173/250 337/174/250
f 336/175/251 335/176/251 343/177/251
f 344/178/252 345/179/252 346/180/252
f 341/168/253 339/167/253 337/181/253 340/182/253
f 345/166/254 343/165/254 335/183/254 346/184/254
f 342/169/16 336/175/16 343/177/16 341/170/16
f 344/178/17 338/173/17 339/172/17 345/179/17
f 355/185/1 357/186/1 351/187/1 353/188/1
f 354/189/249 353/190/249 352/191/249
f 351/192/250 350/193/250 349/194/250
f 348/195/255 347/196/255 355/197/255
f 356/198/256 357/199/256 358/200/256
f 353/188/253 351/187/253 349/201/253 352/202/253
f 357/186/254 355/185/254 347/203/254 358/204/254
f 354/189/16 348/195/16 355/197/16 353/190/16
f 356/198/17 350/193/17 351/192/17 357/199/17
f 308/146/257 310/145/258 363/205/259 366/206/260
f 310/145/258 305/145/261 369/205/262 363/205/259
f 305/145/261 302/146/263 368/206/264 369/205/262
f 302/146/263 308/146/257 366/206/260 368/206/264
f 293/144/225 295/143/18 360/207/18 359/208/18
f 295/143/18 300/143/231 361/207/18 360/207/18
f 300/143/231 297/144/229 362/208/18 361/207/18
f 297/144/229 293/144/225 359/208/18 362/208/18
f 372/209/18 371/210/18 374/210/18 373/209/18
f 364/211/265 365/212/265 366/213/265 363/214/265
f 365/215/266 367/215/266 368/216/266 366/216/266
f 370/217/267 364/217/267 363/218/267 369/218/267
f 367/212/253 370/211/253 369/214/253 368/213/253
f 371/219/268 372/220/268 359/221/268 360/222/268
f 372/223/269 373/223/269 362/224/269 359/224/269
f 374/225/270 371/225/270 360/226/270 361/226/270
f 373/220/271 374/219/271 361/222/271 362/221/271
f 365/227/19 364/228/19 370/228/19 367/227/19
f 383/229/37 385/230/37 379/231/37 381/232/37
f 382/233/272 381/234/272 380/235/272
f 379/236/273 378/237/273 377/238/273
f 376/239/274 375/240/274 383/241/274
f 384/242/275 385/243/275 386/244/275
f 381/232/276 379/231/276 377/245/276 380/246/276
f 385/230/265 383/229/265 375/247/265 386/248/265
f 382/233/8 376/239/8 383/241/8 381/234/8
f 384/242/9 378/237/9 379/236/9 385/243/9
f 395/249/277 397/250/278 391/251/279 393/252/280
f 394/253/281 393/254/280 392/255/282
f 391/256/279 390/257/283 389/258/284
f 388/259/285 387/260/286 395/261/277
f 396/262/287 397/263/278 398/264/288
f 393/265/280 391/256/279 389/258/284 392/266/282
f 397/263/278 395/267/277 387/268/286 398/264/288
f 394/253/281 388/259/285 395/261/277 393/254/280
f 396/269/287 390/270/283 391/271/279 397/272/278
f 394/253/281 392/255/282 401/273/289
f 398/274/290 387/275/290 399/276/290 402/277/290
f 389/278/284 390/279/283 400/280/291
f 392/281/292 389/278/292 400/280/292 401/282/292
f 387/260/286 388/259/285 399/283/293
f 390/279/294 396/284/294 402/285/294 400/286/294
f 388/287/295 394/288/295 401/289/295 399/290/295
f 396/284/287 398/274/288 402/285/296
f 410/291/297 426/292/297 412/293/298 403/294/298
f 405/295/299 416/296/299 418/297/300 406/298/300
f 406/298/301 418/297/301 420/299/301 407/300/301
f 407/301/302 420/302/302 422/303/303 408/304/303
f 408/305/303 422/306/303 424/307/304 409/308/304
f 409/308/305 424/307/305 426/292/297 410/291/297
f 403/309/306 412/310/306 414/311/307 404/312/307
f 404/313/307 414/314/307 416/296/299 405/295/299
f 414/311/308 412/310/309 411/315/309 413/316/308
f 416/317/310 414/311/308 413/316/308 415/318/310
f 418/319/311 416/317/310 415/318/310 417/320/311
f 420/302/312 418/319/311 417/320/311 419/321/312
f 422/303/313 420/302/312 419/321/312 421/322/313
f 424/323/314 422/303/313 421/322/313 423/324/314
f 426/325/315 424/323/314 423/324/314 425/326/315
f 412/310/309 426/325/315 425/326/315 411/315/309
f 415/327/316 413/328/317 513/329/317 514/330/318
f 421/331/319 419/332/320 516/333/320 517/334/319
f 417/335/321 415/327/316 514/330/318 515/336/321
f 423/337/322 421/331/319 517/334/319 518/338/322
f 413/328/317 411/339/323 512/340/323 513/329/317
f 411/339/323 425/341/324 519/342/324 512/340/323
f 419/332/320 417/335/321 515/336/321 516/333/320
f 425/341/324 423/337/322 518/338/322 519/342/324
f 435/343/325 451/344/326 437/345/327 428/346/325
f 430/347/328 441/348/329 443/349/330 431/350/331
f 431/350/331 443/349/330 445/351/332 432/352/333
f 432/352/289 445/351/332 447/353/334 433/354/335
f 433/354/335 447/353/334 449/355/336 434/356/337
f 434/356/337 449/355/336 451/344/326 435/343/338
f 428/346/339 437/345/327 439/357/340 429/358/341
f 429/358/341 439/357/340 441/348/329 430/347/19
f 439/359/340 437/360/327 436/361/342 438/362/343
f 441/363/329 439/359/340 438/362/343 440/364/344
f 443/365/330 441/363/329 440/364/344 442/366/345
f 445/367/332 443/365/330 442/366/345 444/368/346
f 447/369/334 445/367/332 444/368/346 446/370/347
f 449/371/336 447/369/334 446/370/347 448/372/348
f 451/373/326 449/371/336 448/372/348 450/374/349
f 437/360/327 451/373/326 450/374/349 436/361/342
f 450/374/350 448/372/350 446/370/350 444/368/350
f 436/361/342 450/374/349 453/375/351 452/376/351
f 450/377/352 444/378/352 454/379/352 453/380/352
f 442/381/353 436/382/353 452/383/353 455/384/353
f 452/376/350 453/375/350 454/385/350 455/386/350
f 438/362/350 436/361/350 442/366/350 440/364/350
f 444/378/346 442/381/345 455/384/354 454/379/354
f 463/387/325 479/388/326 465/389/327 456/390/325
f 458/391/355 469/392/329 471/393/330 459/394/293
f 459/394/333 471/393/330 473/395/332 460/396/333
f 460/396/356 473/395/332 475/397/334 461/398/335
f 461/398/335 475/397/334 477/399/336 462/400/337
f 462/400/337 477/399/336 479/388/326 463/387/338
f 456/390/296 465/389/327 467/401/340 457/402/341
f 457/402/341 467/401/340 469/392/329 458/391/355
f 467/403/340 465/404/327 464/405/342 466/406/343
f 469/407/329 467/403/340 466/406/343 468/408/344
f 471/409/330 469/407/329 468/408/344 470/410/345
f 473/411/332 471/409/330 470/410/345 472/412/346
f 475/413/334 473/411/332 472/412/346 474/414/357
f 477/415/336 475/413/334 474/414/357 476/416/348
f 479/417/326 477/415/336 476/416/348 478/418/349
f 465/404/327 479/417/326 478/418/349 464/405/342
f 478/418/350 476/416/350 474/414/350 472/412/350
f 464/405/342 478/418/349 481/419/351 480/420/351
f 478/421/352 472/422/352 482/423/352 481/424/352
f 470/425/353 464/426/353 480/427/353 483/428/353
f 480/420/350 481/419/350 482/429/350 483/430/350
f 466/406/350 464/405/350 470/410/350 468/408/350
f 472/422/346 470/425/345 483/428/354 482/423/354
f 491/431/325 507/432/326 493/433/327 484/434/325
f 486/435/355 497/436/329 499/437/330 487/438/293
f 487/438/333 499/437/330 501/439/332 488/440/333
f 488/440/356 501/439/332 503/441/334 489/442/335
f 489/442/335 503/441/334 505/443/336 490/444/337
f 490/444/337 505/443/336 507/432/326 491/431/338
f 484/434/339 493/433/327 495/445/340 485/446/341
f 485/446/341 495/445/340 497/436/329 486/435/355
f 495/447/340 493/448/327 492/449/342 494/450/343
f 497/451/329 495/447/340 494/450/343 496/452/344
f 499/453/330 497/451/329 496/452/344 498/454/345
f 501/455/332 499/453/330 498/454/345 500/456/346
f 503/457/334 501/455/332 500/456/346 502/458/347
f 505/459/336 503/457/334 502/458/347 504/460/348
f 507/461/326 505/459/336 504/460/348 506/462/349
f 493/448/327 507/461/326 506/462/349 492/449/342
f 506/462/350 504/460/350 502/458/350 500/456/350
f 492/449/342 506/462/349 509/463/351 508/464/351
f 506/465/358 500/466/358 510/467/358 509/468/358
f 498/469/353 492/470/353 508/471/353 511/472/353
f 508/464/350 509/463/350 510/473/350 511/474/350
f 494/450/350 492/449/350 498/454/350 496/452/350
f 500/466/346 498/469/345 511/472/354 510/467/354
f 427/475/350 513/476/350 512/477/350
f 427/475/350 514/478/350 513/476/350
f 427/475/350 515/479/350 514/478/350
f 427/475/350 516/480/350 515/479/350
f 427/475/350 517/481/350 516/480/350
f 427/475/350 518/482/350 517/481/350
f 427/475/350 519/483/350 518/482/350
f 427/475/350 512/477/350 519/483/350
f 520/484/37 522/485/37 630/486/37 623/487/37
f 627/488/38 625/489/38 624/489/38 629/488/38
f 523/485/1 521/484/1 626/487/1 628/486/1
f 522/485/19 523/485/19 628/486/19 630/486/19
f 532/490/359 533/491/253 529/492/360
f 529/493/361 528/494/361 536/495/361 537/496/361
f 526/497/265 533/491/265 530/498/265 524/499/265
f 525/500/254 528/501/254 529/492/254 527/499/254
f 528/501/362 531/502/363 534/503/364 536/504/364
f 529/492/360 537/505/365 535/506/365 532/490/359
f 527/499/253 529/492/360 533/491/253 526/497/253
f 530/507/366 533/508/366 532/509/367 531/510/367
f 530/498/276 531/502/363 528/501/362
f 546/511/368 547/512/254 543/513/369
f 524/499/276 530/498/276 528/501/362 525/500/276
f 536/504/254 534/503/254 535/506/254 537/505/254
f 532/509/367 535/514/38 534/515/38 531/510/367
f 543/516/370 542/517/370 550/518/370 551/519/370
f 540/520/253 547/512/253 544/521/253 538/522/253
f 539/520/276 542/523/276 543/513/276 541/524/276
f 542/523/371 545/525/372 548/526/373 550/527/373
f 543/513/369 551/528/374 549/529/374 546/511/368
f 541/524/254 543/513/369 547/512/254 540/520/254
f 544/530/375 547/531/375 546/532/376 545/533/376
f 544/521/265 545/525/372 542/523/371
f 560/534/377 561/535/276 557/536/378
f 538/522/265 544/521/265 542/523/371 539/520/265
f 550/527/276 548/526/276 549/529/276 551/528/276
f 546/532/376 549/537/38 548/538/38 545/533/376
f 557/539/379 556/540/379 564/541/379 565/542/379
f 554/543/254 561/535/254 558/544/254 552/545/254
f 553/546/265 556/547/265 557/536/265 555/545/265
f 556/547/380 559/548/381 562/549/382 564/550/382
f 557/536/378 565/551/383 563/552/383 560/534/377
f 555/545/276 557/536/378 561/535/276 554/543/276
f 558/553/384 561/554/384 560/555/385 559/556/385
f 558/544/253 559/548/381 556/547/380
f 574/557/386 575/558/265 571/559/387
f 552/545/253 558/544/253 556/547/380 553/546/253
f 564/550/265 562/549/265 563/552/265 565/551/265
f 560/555/385 563/560/38 562/561/38 559/556/385
f 571/562/388 570/563/388 578/564/388 579/565/388
f 568/566/276 575/558/276 572/567/276 566/568/276
f 567/566/253 570/569/253 571/559/253 569/570/253
f 570/569/389 573/571/390 576/572/391 578/573/391
f 571/559/387 579/574/392 577/575/392 574/557/386
f 569/570/265 571/559/387 575/558/265 568/566/265
f 572/576/393 575/577/393 574/578/394 573/579/394
f 572/567/254 573/571/390 570/569/389
f 566/568/254 572/567/254 570/569/389 567/566/254
f 578/573/253 576/572/253 577/575/253 579/574/253
f 574/578/394 577/580/38 576/581/38 573/579/394
f 581/582/395 615/583/395 605/584/396 603/585/396
f 585/585/397 613/584/397 614/583/398 583/582/398
f 587/586/399 612/587/399 613/584/397 585/585/397
f 589/588/400 611/589/400 612/587/399 587/586/399
f 591/590/401 610/591/401 611/589/400 589/588/400
f 593/592/402 609/593/402 610/591/401 591/590/401
f 595/592/403 608/593/403 609/593/402 593/592/402
f 597/590/404 607/594/404 608/593/403 595/592/403
f 599/595/405 606/589/405 607/594/404 597/590/404
f 601/586/406 604/587/406 606/589/405 599/595/405
f 596/596/407 598/597/408 617/598/409 619/599/410
f 603/585/396 605/584/396 604/587/406 601/586/406
f 583/582/398 614/583/398 615/583/395 581/582/395
f 602/600/38 600/601/38 604/602/38 605/603/38
f 600/601/38 598/604/38 606/605/38 604/602/38
f 598/604/38 596/606/38 607/607/38 606/605/38
f 596/606/38 594/608/38 608/609/38 607/607/38
f 594/608/38 592/608/38 609/609/38 608/609/38
f 592/608/38 590/606/38 610/610/38 609/609/38
f 590/606/38 588/604/38 611/605/38 610/610/38
f 588/604/38 586/601/38 612/602/38 611/605/38
f 586/601/38 584/600/38 613/603/38 612/602/38
f 584/600/38 582/611/38 614/612/38 613/603/38
f 582/611/38 580/611/38 615/612/38 614/612/38
f 580/611/38 602/600/38 605/603/38 615/612/38
f 582/613/411 584/614/412 622/615/413
f 588/597/414 590/596/415 620/599/416 621/598/417
f 594/616/418 596/596/407 619/599/410
f 580/613/419 582/613/411 622/615/413 618/615/420
f 600/617/421 602/614/422 618/615/420 617/598/409
f 586/617/423 588/597/414 621/598/417
f 592/616/424 594/616/418 619/599/410 620/599/416
f 602/614/422 580/613/419 618/615/420
f 598/597/408 600/617/421 617/598/409
f 584/614/412 586/617/423 621/598/417 622/615/413
f 590/596/415 592/616/424 620/599/416
f 616/618/38 617/619/38 618/620/38
f 616/618/38 619/621/38 617/619/38
f 616/618/38 620/621/38 619/621/38
f 616/618/38 621/619/38 620/621/38
f 616/618/38 622/620/38 621/619/38
f 616/618/38 618/620/38 622/620/38
f 624/622/425 625/622/425 626/623/425 623/623/425
f 625/622/17 627/624/17 628/625/17 626/623/17
f 627/624/266 629/624/266 630/625/266 628/625/266
f 629/624/9 624/622/9 623/623/9 630/625/9
f 521/484/18 520/484/18 623/487/18 626/487/18
f 639/626/426 640/627/1 636/628/427
f 636/629/428 635/629/428 643/630/428 644/630/428
f 633/631/19 640/627/19 637/627/19 631/631/19
f 632/632/18 635/628/18 636/628/18 634/632/18
f 635/628/429 638/626/430 641/633/431 643/634/431
f 636/628/427 644/634/432 642/633/432 639/626/426
f 634/632/1 636/628/427 640/627/1 633/631/1
f 637/635/433 640/635/433 639/636/434 638/636/434
f 637/627/37 638/626/430 635/628/429
f 653/637/435 654/638/18 650/639/436
f 631/631/37 637/627/37 635/628/429 632/632/37
f 643/634/18 641/633/18 642/633/18 644/634/18
f 639/636/434 642/640/437 641/640/437 638/636/434
f 650/641/438 649/642/438 657/643/438 658/644/438
f 647/645/1 654/638/1 651/646/1 645/647/1
f 646/647/37 649/648/37 650/639/37 648/645/37
f 649/648/439 652/649/440 655/650/441 657/651/441
f 650/639/436 658/652/442 656/653/442 653/637/435
f 648/645/18 650/639/436 654/638/18 647/645/18
f 651/654/443 654/655/443 653/656/444 652/657/444
f 651/646/19 652/649/440 649/648/439
f 667/658/445 668/659/37 664/660/446
f 645/647/19 651/646/19 649/648/439 646/647/19
f 657/651/37 655/650/37 656/653/37 658/652/37
f 653/656/444 656/661/447 655/662/447 652/657/444
f 664/663/448 663/663/448 671/664/448 672/665/448
f 661/666/18 668/659/18 665/667/18 659/668/18
f 660/669/19 663/660/19 664/660/19 662/669/19
f 663/660/449 666/658/450 669/670/451 671/671/451
f 664/660/446 672/672/452 670/673/452 667/658/445
f 662/669/37 664/660/446 668/659/37 661/666/37
f 665/674/453 668/675/453 667/676/454 666/676/454
f 665/667/1 666/658/450 663/660/449
f 681/677/455 682/678/19 678/679/456
f 659/668/1 665/667/1 663/660/449 660/669/1
f 671/671/19 669/670/19 670/673/19 672/672/19
f 667/676/454 670/680/457 669/681/457 666/676/454
f 678/682/458 677/683/458 685/684/458 686/685/458
f 675/686/37 682/678/37 679/687/37 673/688/37
f 674/688/1 677/689/1 678/679/1 676/686/1
f 677/689/459 680/690/460 683/691/461 685/692/461
f 678/679/456 686/693/462 684/694/462 681/677/455
f 676/686/19 678/679/456 682/678/19 675/686/19
f 679/695/463 682/696/463 681/697/464 680/698/464
f 679/687/18 680/690/460 677/689/459
f 673/688/18 679/687/18 677/689/459 674/688/18
f 685/692/1 683/691/1 684/694/1 686/693/1
f 681/697/464 684/699/465 683/700/465 680/698/464
f 687/701/466 688/702/466 689/701/466
f 689/701/467 688/702/467 691/703/467 692/704/467
f 692/704/468 691/703/468 690/704/468
f 690/705/469 691/706/469 688/707/469 687/708/469
f 693/701/466 694/702/466 695/701/466
f 695/701/467 694/702/467 697/703/467 698/704/467
f 698/704/468 697/703/468 696/704/468
f 696/705/469 697/706/469 694/707/469 693/708/469
f 699/701/466 700/702/466 701/701/466
f 701/701/467 700/702/467 703/703/467 704/704/467
f 704/704/468 703/703/468 702/704/468
f 702/705/469 703/706/469 700/707/469 699/708/469
f 705/709/466 706/710/466 707/709/466
f 707/709/467 706/710/467 709/711/467 710/712/467
f 710/712/468 709/711/468 708/712/468
f 708/713/469 709/714/469 706/715/469 705/716/469
f 711/709/466 712/710/466 713/709/466
f 713/709/467 712/710/467 715/711/467 716/712/467
f 716/712/468 715/711/468 714/712/468
f 714/713/469 715/714/469 712/715/469 711/716/469
f 717/709/466 718/710/466 719/709/466
f 719/709/467 718/710/467 721/711/467 722/712/467
f 722/712/468 721/711/468 720/712/468
f 720/713/469 721/714/469 718/715/469 717/716/469
f 735/127/216 736/128/217 726/129/218 724/130/219
f 730/130/220 731/129/221 743/128/222 739/127/223
f 723/131/224 724/132/219 725/133/225
f 726/134/218 744/135/226 727/136/227
f 728/131/228 729/133/229 730/132/220
f 750/135/230 731/134/221 732/136/231
f 733/137/232 734/138/233 735/139/216
f 756/140/234 736/141/217 737/142/235
f 738/137/236 739/139/223 740/138/237
f 741/140/238 742/142/239 743/141/222
f 728/131/228 723/131/224 725/133/225 729/133/229
f 724/130/219 726/129/218 727/143/227 725/144/225
f 744/135/226 750/135/230 732/136/231 727/136/227
f 731/129/221 730/130/220 729/144/229 732/143/231
f 738/137/236 728/131/228 730/132/220 739/139/223
f 750/135/230 741/140/238 743/141/222 731/134/221
f 742/145/239 740/146/237 739/127/223 743/128/222
f 733/137/232 738/137/236 740/138/237 734/138/233
f 741/140/238 756/140/234 737/142/235 742/142/239
f 736/128/217 735/127/216 734/146/233 737/145/235
f 723/131/224 733/137/232 735/139/216 724/132/219
f 756/140/234 744/135/226 726/134/218 736/141/217
f 728/131/228 738/137/236 733/137/232 723/131/224
f 758/147/216 760/148/217 747/149/218 745/150/219
f 763/151/240 765/152/241 761/152/242 757/151/243
f 764/153/38 753/154/38 748/154/38 759/153/38
f 746/155/225 749/156/244 755/156/231 751/155/229
f 752/150/220 754/149/221 766/148/222 762/147/223
f 744/157/245 745/150/219 746/155/225
f 747/158/218 748/159/226 749/160/244
f 750/157/246 751/155/229 752/150/220
f 753/159/230 754/158/221 755/160/231
f 756/161/247 757/151/243 758/147/216
f 759/162/234 760/163/217 761/164/242
f 741/161/248 762/147/223 763/151/240
f 764/162/238 765/164/241 766/163/222
f 750/157/246 744/157/245 746/155/225 751/155/229
f 745/150/219 747/149/218 749/156/244 746/155/225
f 748/159/226 753/159/230 755/160/231 749/160/244
f 754/149/221 752/150/220 751/155/229 755/156/231
f 741/161/248 750/157/246 752/150/220 762/147/223
f 753/159/230 764/162/238 766/163/222 754/158/221
f 765/152/241 763/151/240 762/147/223 766/148/222
f 756/161/247 741/161/248 763/151/240 757/151/243
f 764/162/238 759/162/234 761/164/242 765/164/241
f 760/148/217 758/147/216 757/151/243 761/152/242
f 744/157/245 756/161/247 758/147/216 745/150/219
f 759/162/234 748/159/226 747/158/218 760/163/217
f 775/165/1 777/166/1 771/167/1 773/168/1
f 774/169/249 773/170/249 772/171/249
f 771/172/250 770/173/250 769/174/250
f 768/175/255 767/176/255 775/177/255
f 776/178/256 777/179/256 778/180/256
f 773/168/253 771/167/253 769/181/253 772/182/253
f 777/166/254 775/165/254 767/183/254 778/184/254
f 774/169/16 768/175/16 775/177/16 773/170/16
f 776/178/17 770/173/17 771/172/17 777/179/17
f 787/185/1 789/186/1 783/187/1 785/188/1
f 786/189/249 785/190/249 784/191/249
f 783/192/250 782/193/250 781/194/250
f 780/195/255 779/196/255 787/197/255
f 788/198/256 789/199/256 790/200/256
f 785/188/253 783/187/253 781/201/253 784/202/253
f 789/186/254 787/185/254 779/203/254 790/204/254
f 786/189/16 780/195/16 787/197/16 785/190/16
f 788/198/17 782/193/17 783/192/17 789/199/17
f 740/146/257 742/145/258 795/205/259 798/206/260
f 742/145/258 737/145/261 801/205/262 795/205/259
f 737/145/261 734/146/263 800/206/264 801/205/262
f 734/146/263 740/146/257 798/206/260 800/206/264
f 725/144/225 727/143/18 792/207/18 791/208/18
f 727/143/18 732/143/231 793/207/18 792/207/18
f 732/143/231 729/144/229 794/208/18 793/207/18
f 729/144/229 725/144/225 791/208/18 794/208/18
f 804/209/18 803/210/18 806/210/18 805/209/18
f 796/211/265 797/212/265 798/213/265 795/214/265
f 797/215/266 799/215/266 800/216/266 798/216/266
f 802/217/267 796/217/267 795/218/267 801/218/267
f 799/212/253 802/211/253 801/214/253 800/213/253
f 803/219/268 804/220/268 791/221/268 792/222/268
f 804/223/269 805/223/269 794/224/269 791/224/269
f 806/225/270 803/225/270 792/226/270 793/226/270
f 805/220/271 806/219/271 793/222/271 794/221/271
f 797/227/19 796/228/19 802/228/19 799/227/19
f 815/229/37 817/230/37 811/231/37 813/232/37
f 814/233/470 813/234/470 812/235/470
f 811/236/471 810/237/471 809/238/471
f 808/239/472 807/240/472 815/241/472
f 816/242/473 817/243/473 818/244/473
f 813/232/276 811/231/276 809/245/276 812/246/276
f 817/230/265 815/229/265 807/247/265 818/248/265
f 814/233/8 808/239/8 815/241/8 813/234/8
f 816/242/9 810/237/9 811/236/9 817/243/9
f 827/249/277 829/250/278 823/251/279 825/252/280
f 826/253/474 825/254/280 824/255/282
f 823/256/279 822/257/283 821/258/284
f 820/259/285 819/260/286 827/261/277
f 828/262/287 829/263/278 830/264/288
f 825/265/280 823/256/279 821/258/284 824/266/282
f 829/263/278 827/267/277 819/268/286 830/264/288
f 826/253/474 820/259/285 827/261/277 825/254/280
f 828/269/287 822/270/283 823/271/279 829/272/278
f 826/253/474 824/255/282 833/273/356
f 830/274/290 819/275/290 831/276/290 834/277/290
f 821/278/284 822/279/283 832/280/338
f 824/281/292 821/278/292 832/280/292 833/282/292
f 819/260/286 820/259/285 831/283/293
f 822/279/294 828/284/294 834/285/294 832/286/294
f 820/287/295 826/288/295 833/289/295 831/290/295
f 828/284/287 830/274/288 834/285/296
f 842/291/297 858/292/297 844/293/298 835/294/298
f 837/295/299 848/296/299 850/297/300 838/298/300
f 838/298/301 850/297/301 852/299/301 839/300/301
f 839/301/302 852/302/302 854/303/303 840/304/303
f 840/305/303 854/306/303 856/307/304 841/308/304
f 841/308/305 856/307/305 858/292/297 842/291/297
f 835/309/306 844/310/306 846/311/307 836/312/307
f 836/313/307 846/314/307 848/296/299 837/295/299
f 846/311/308 844/310/309 843/315/309 845/316/308
f 848/317/310 846/311/308 845/316/308 847/318/310
f 850/319/311 848/317/310 847/318/310 849/320/311
f 852/302/312 850/319/311 849/320/311 851/321/312
f 854/303/313 852/302/312 851/321/312 853/322/313
f 856/323/314 854/303/313 853/322/313 855/324/314
f 858/325/315 856/323/314 855/324/314 857/326/315
f 844/310/309 858/325/315 857/326/315 843/315/309
f 847/327/316 845/328/317 945/329/317 946/330/316
f 853/331/319 851/332/320 948/333/320 949/334/319
f 849/335/321 847/327/316 946/330/316 947/336/321
f 855/337/322 853/331/319 949/334/319 950/338/322
f 845/328/317 843/339/323 944/340/323 945/329/317
f 843/339/323 857/341/324 951/342/324 944/340/323
f 851/332/320 849/335/321 947/336/321 948/333/320
f 857/341/324 855/337/322 950/338/322 951/342/324
f 867/343/325 883/344/326 869/345/327 860/346/325
f 862/347/328 873/348/329 875/349/330 863/350/331
f 863/350/331 875/349/330 877/351/332 864/352/333
f 864/352/356 877/351/332 879/353/334 865/354/335
f 865/354/335 879/353/334 881/355/336 866/356/337
f 866/356/337 881/355/336 883/344/326 867/343/338
f 860/346/339 869/345/327 871/357/340 861/358/341
f 861/358/341 871/357/340 873/348/329 862/347/19
f 871/359/340 869/360/327 868/361/342 870/362/343
f 873/363/329 871/359/340 870/362/343 872/364/475
f 875/365/330 873/363/329 872/364/475 874/366/345
f 877/367/332 875/365/330 874/366/345 876/368/346
f 879/369/334 877/367/332 876/368/346 878/370/347
f 881/371/336 879/369/334 878/370/347 880/372/348
f 883/373/326 881/371/336 880/372/348 882/374/349
f 869/360/327 883/373/326 882/374/349 868/361/342
f 882/374/350 880/372/350 878/370/350 876/368/350
f 868/361/342 882/374/349 885/375/351 884/376/351
f 882/377/352 876/378/352 886/379/352 885/380/352
f 874/381/353 868/382/353 884/383/353 887/384/353
f 884/376/350 885/375/350 886/385/350 887/386/350
f 870/362/350 868/361/350 874/366/350 872/364/350
f 876/378/346 874/381/345 887/384/354 886/379/354
f 895/387/325 911/388/326 897/389/327 888/390/325
f 890/391/355 901/392/329 903/393/330 891/394/293
f 891/394/333 903/393/330 905/395/332 892/396/333
f 892/396/356 905/395/332 907/397/334 893/398/335
f 893/398/335 907/397/334 909/399/336 894/400/337
f 894/400/337 909/399/336 911/388/326 895/387/338
f 888/390/296 897/389/327 899/401/340 889/402/341
f 889/402/341 899/401/340 901/392/329 890/391/355
f 899/403/340 897/404/327 896/405/342 898/406/343
f 901/407/329 899/403/340 898/406/343 900/408/475
f 903/409/330 901/407/329 900/408/475 902/410/345
f 905/411/332 903/409/330 902/410/345 904/412/346
f 907/413/334 905/411/332 904/412/346 906/414/347
f 909/415/336 907/413/334 906/414/347 908/416/348
f 911/417/326 909/415/336 908/416/348 910/418/349
f 897/404/327 911/417/326 910/418/349 896/405/342
f 910/418/350 908/416/350 906/414/350 904/412/350
f 896/405/342 910/418/349 913/419/351 912/420/351
f 910/421/352 904/422/352 914/423/352 913/424/352
f 902/425/353 896/426/353 912/427/353 915/428/353
f 912/420/350 913/419/350 914/429/350 915/430/350
f 898/406/350 896/405/350 902/410/350 900/408/350
f 904/422/346 902/425/345 915/428/354 914/423/354
f 923/431/325 939/432/326 925/433/327 916/434/325
f 918/435/355 929/436/329 931/437/330 919/438/293
f 919/438/333 931/437/330 933/439/332 920/440/333
f 920/440/356 933/439/332 935/441/334 921/442/335
f 921/442/335 935/441/334 937/443/336 922/444/337
f 922/444/337 937/443/336 939/432/326 923/431/338
f 916/434/296 925/433/327 927/445/340 917/446/341
f 917/446/341 927/445/340 929/436/329 918/435/355
f 927/447/340 925/448/327 924/449/342 926/450/343
f 929/451/329 927/447/340 926/450/343 928/452/344
f 931/453/330 929/451/329 928/452/344 930/454/345
f 933/455/332 931/453/330 930/454/345 932/456/346
f 935/457/334 933/455/332 932/456/346 934/458/347
f 937/459/336 935/457/334 934/458/347 936/460/348
f 939/461/326 937/459/336 936/460/348 938/462/349
f 925/448/327 939/461/326 938/462/349 924/449/342
f 938/462/350 936/460/350 934/458/350 932/456/350
f 924/449/342 938/462/349 941/463/351 940/464/351
f 938/465/352 932/466/352 942/467/352 941/468/352
f 930/469/353 924/470/353 940/471/353 943/472/353
f 940/464/350 941/463/350 942/473/350 943/474/350
f 926/450/350 924/449/350 930/454/350 928/452/350
f 932/466/346 930/469/345 943/472/354 942/467/354
f 859/475/350 945/476/350 944/477/350
f 859/475/350 946/478/350 945/476/350
f 859/475/350 947/479/350 946/478/350
f 859/475/350 948/480/350 947/479/350
f 859/475/350 949/481/350 948/480/350
f 859/475/350 950/482/350 949/481/350
f 859/475/350 951/483/350 950/482/350
f 859/475/350 944/477/350 951/483/350
f 952/484/37 954/485/37 1062/486/37 1055/487/37
f 1059/488/38 1057/489/38 1056/489/38 1061/488/38
f 955/485/1 953/484/1 1058/487/1 1060/486/1
f 954/485/19 955/485/19 1060/486/19 1062/486/19
f 964/490/359 965/491/253 961/492/360
f 961/493/361 960/494/361 968/495/361 969/496/361
f 958/497/265 965/491/265 962/498/265 956/499/265
f 957/500/254 960/501/254 961/492/254 959/499/254
f 960/501/476 963/502/363 966/503/364 968/504/364
f 961/492/360 969/505/477 967/506/477 964/490/359
f 959/499/253 961/492/360 965/491/253 958/497/253
f 962/507/366 965/508/366 964/509/367 963/510/367
f 962/498/276 963/502/363 960/501/476
f 978/511/478 979/512/254 975/513/479
f 956/499/276 962/498/276 960/501/476 957/500/276
f 968/504/254 966/503/254 967/506/254 969/505/254
f 964/509/367 967/514/38 966/515/38 963/510/367
f 975/516/370 974/517/370 982/518/370 983/519/370
f 972/520/253 979/512/253 976/521/253 970/522/253
f 971/520/276 974/523/276 975/513/276 973/524/276
f 974/523/371 977/525/372 980/526/373 982/527/373
f 975/513/479 983/528/374 981/529/374 978/511/478
f 973/524/254 975/513/479 979/512/254 972/520/254
f 976/530/375 979/531/375 978/532/376 977/533/376
f 976/521/265 977/525/372 974/523/371
f 992/534/377 993/535/276 989/536/480
f 970/522/265 976/521/265 974/523/371 971/520/265
f 982/527/276 980/526/276 981/529/276 983/528/276
f 978/532/376 981/537/38 980/538/38 977/533/376
f 989/539/379 988/540/379 996/541/379 997/542/379
f 986/543/254 993/535/254 990/544/254 984/545/254
f 985/546/265 988/547/265 989/536/265 987/545/265
f 988/547/380 991/548/381 994/549/382 996/550/382
f 989/536/480 997/551/481 995/552/481 992/534/377
f 987/545/276 989/536/480 993/535/276 986/543/276
f 990/553/384 993/554/384 992/555/385 991/556/385
f 990/544/253 991/548/381 988/547/380
f 1006/557/386 1007/558/265 1003/559/387
f 984/545/253 990/544/253 988/547/380 985/546/253
f 996/550/265 994/549/265 995/552/265 997/551/265
f 992/555/385 995/560/38 994/561/38 991/556/385
f 1003/562/388 1002/563/388 1010/564/388 1011/565/388
f 1000/566/276 1007/558/276 1004/567/276 998/568/276
f 999/566/253 1002/569/253 1003/559/253 1001/570/253
f 1002/569/389 1005/571/390 1008/572/391 1010/573/391
f 1003/559/387 1011/574/392 1009/575/392 1006/557/386
f 1001/570/265 1003/559/387 1007/558/265 1000/566/265
f 1004/576/393 1007/577/393 1006/578/394 1005/579/394
f 1004/567/254 1005/571/390 1002/569/389
f 998/568/254 1004/567/254 1002/569/389 999/566/254
f 1010/573/253 1008/572/253 1009/575/253 1011/574/253
f 1006/578/394 1009/580/38 1008/581/38 1005/579/394
f 1013/582/482 1047/583/482 1037/584/396 1035/585/396
f 1017/585/397 1045/584/397 1046/583/483 1015/582/483
f 1019/586/484 1044/587/484 1045/584/397 1017/585/397
f 1021/588/485 1043/589/485 1044/587/484 1019/586/484
f 1023/590/401 1042/591/401 1043/589/485 1021/588/485
f 1025/592/402 1041/593/402 1042/591/401 1023/590/401
f 1027/592/403 1040/593/403 1041/593/402 1025/592/402
f 1029/590/404 1039/594/404 1040/593/403 1027/592/403
f 1031/595/405 1038/589/405 1039/594/404 1029/590/404
f 1033/586/406 1036/587/406 1038/589/405 1031/595/405
f 1028/596/407 1030/597/408 1049/598/409 1051/599/410
f 1035/585/396 1037/584/396 1036/587/406 1033/586/406
f 1015/582/483 1046/583/483 1047/583/482 1013/582/482
f 1034/600/38 1032/601/38 1036/602/38 1037/603/38
f 1032/601/38 1030/604/38 1038/605/38 1036/602/38
f 1030/604/38 1028/606/38 1039/607/38 1038/605/38
f 1028/606/38 1026/608/38 1040/609/38 1039/607/38
f 1026/608/38 1024/608/38 1041/609/38 1040/609/38
f 1024/608/38 1022/606/38 1042/610/38 1041/609/38
f 1022/606/38 1020/604/38 1043/605/38 1042/610/38
f 1020/604/38 1018/601/38 1044/602/38 1043/605/38
f 1018/601/38 1016/600/38 1045/603/38 1044/602/38
f 1016/600/38 1014/611/38 1046/612/38 1045/603/38
f 1014/611/38 1012/611/38 1047/612/38 1046/612/38
f 1012/611/38 1034/600/38 1037/603/38 1047/612/38
f 1014/613/411 1016/614/412 1054/615/413
f 1020/597/414 1022/596/415 1052/599/416 1053/598/417
f 1026/616/418 1028/596/407 1051/599/410
f 1012/613/419 1014/613/411 1054/615/413 1050/615/420
f 1032/617/421 1034/614/422 1050/615/420 1049/598/409
f 1018/617/423 1020/597/414 1053/598/417
f 1024/616/424 1026/616/418 1051/599/410 1052/599/416
f 1034/614/422 1012/613/419 1050/615/420
f 1030/597/408 1032/617/421 1049/598/409
f 1016/614/412 1018/617/423 1053/598/417 1054/615/413
f 1022/596/415 1024/616/424 1052/599/416
f 1048/618/38 1049/619/38 1050/620/38
f 1048/618/38 1051/621/38 1049/619/38
f 1048/618/38 1052/621/38 1051/621/38
f 1048/618/38 1053/619/38 1052/621/38
f 1048/618/38 1054/620/38 1053/619/38
f 1048/618/38 1050/620/38 1054/620/38
f 1056/622/425 1057/622/425 1058/623/425 1055/623/425
f 1057/622/17 1059/624/17 1060/625/17 1058/623/17
f 1059/624/266 1061/624/266 1062/625/266 1060/625/266
f 1061/624/9 1056/622/9 1055/623/9 1062/625/9
f 953/484/18 952/484/18 1055/487/18 1058/487/18
f 1071/626/426 1072/627/1 1068/628/427
f 1068/629/428 1067/629/428 1075/630/428 1076/630/428
f 1065/631/19 1072/627/19 1069/627/19 1063/631/19
f 1064/632/18 1067/628/18 1068/628/18 1066/632/18
f 1067/628/429 1070/626/430 1073/633/431 1075/634/431
f 1068/628/427 1076/634/432 1074/633/432 1071/626/426
f 1066/632/1 1068/628/427 1072/627/1 1065/631/1
f 1069/635/433 1072/635/433 1071/636/434 1070/636/434
f 1069/627/37 1070/626/430 1067/628/429
f 1085/637/435 1086/638/18 1082/639/436
f 1063/631/37 1069/627/37 1067/628/429 1064/632/37
f 1075/634/18 1073/633/18 1074/633/18 1076/634/18
f 1071/636/434 1074/640/437 1073/640/437 1070/636/434
f 1082/641/438 1081/642/438 1089/643/438 1090/644/438
f 1079/645/1 1086/638/1 1083/646/1 1077/647/1
f 1078/647/37 1081/648/37 1082/639/37 1080/645/37
f 1081/648/439 1084/649/440 1087/650/441 1089/651/441
f 1082/639/436 1090/652/442 1088/653/442 1085/637/435
f 1080/645/18 1082/639/436 1086/638/18 1079/645/18
f 1083/654/443 1086/655/443 1085/656/444 1084/657/444
f 1083/646/19 1084/649/440 1081/648/439
f 1099/658/445 1100/659/37 1096/660/446
f 1077/647/19 1083/646/19 1081/648/439 1078/647/19
f 1089/651/37 1087/650/37 1088/653/37 1090/652/37
f 1085/656/444 1088/661/447 1087/662/447 1084/657/444
f 1096/663/448 1095/663/448 1103/664/448 1104/665/448
f 1093/666/18 1100/659/18 1097/667/18 1091/668/18
f 1092/669/19 1095/660/19 1096/660/19 1094/669/19
f 1095/660/449 1098/658/450 1101/670/451 1103/671/451
f 1096/660/446 1104/672/452 1102/673/452 1099/658/445
f 1094/669/37 1096/660/446 1100/659/37 1093/666/37
f 1097/674/453 1100/675/453 1099/676/454 1098/676/454
f 1097/667/1 1098/658/450 1095/660/449
f 1113/677/455 1114/678/19 1110/679/456
f 1091/668/1 1097/667/1 1095/660/449 1092/669/1
f 1103/671/19 1101/670/19 1102/673/19 1104/672/19
f 1099/676/454 1102/680/457 1101/681/457 1098/676/454
f 1110/682/458 1109/683/458 1117/684/458 1118/685/458
f 1107/686/37 1114/678/37 1111/687/37 1105/688/37
f 1106/688/1 1109/689/1 1110/679/1 1108/686/1
f 1109/689/459 1112/690/486 1115/691/461 1117/692/461
f 1110/679/456 1118/693/462 1116/694/462 1113/677/455
f 1108/686/19 1110/679/456 1114/678/19 1107/686/19
f 1111/695/463 1114/696/463 1113/697/464 1112/698/464
f 1111/687/18 1112/690/486 1109/689/459
f 1105/688/18 1111/687/18 1109/689/459 1106/688/18
f 1117/692/1 1115/691/1 1116/694/1 1118/693/1
f 1113/697/464 1116/699/465 1115/700/465 1112/698/464
f 1119/701/466 1120/702/466 1121/701/466
f 1121/701/467 1120/702/467 1123/703/467 1124/704/467
f 1124/704/468 1123/703/468 1122/704/468
f 1122/705/469 1123/706/469 1120/707/469 1119/708/469
f 1125/701/466 1126/702/466 1127/701/466
f 1127/701/467 1126/702/467 1129/703/467 1130/704/467
f 1130/704/468 1129/703/468 1128/704/468
f 1128/705/469 1129/706/469 1126/707/469 1125/708/469
f 1131/701/466 1132/702/466 1133/701/466
f 1133/701/467 1132/702/467 1135/703/467 1136/704/467
f 1136/704/468 1135/703/468 1134/704/468
f 1134/705/469 1135/706/469 1132/707/469 1131/708/469
f 1137/709/466 1138/710/466 1139/709/466
f 1139/709/467 1138/710/467 1141/711/467 1142/712/467
f 1142/712/468 1141/711/468 1140/712/468
f 1140/713/469 1141/714/469 1138/715/469 1137/716/469
f 1143/709/466 1144/710/466 1145/709/466
f 1145/709/467 1144/710/467 1147/711/467 1148/712/467
f 1148/712/468 1147/711/468 1146/712/468
f 1146/713/469 1147/714/469 1144/715/469 1143/716/469
f 1149/709/466 1150/710/466 1151/709/466
f 1151/709/467 1150/710/467 1153/711/467 1154/712/467
f 1154/712/468 1153/711/468 1152/712/468
f 1152/713/469 1153/714/469 1150/715/469 1149/716/469
f 1167/127/216 1168/128/217 1158/129/218 1156/130/219
f 1162/130/220 1163/129/221 1175/128/222 1171/127/223
f 1155/131/224 1156/132/219 1157/133/225
f 1158/134/218 1176/135/226 1159/136/227
f 1160/131/228 1161/133/229 1162/132/220
f 1182/135/230 1163/134/221 1164/136/231
f 1165/137/232 1166/138/233 1167/139/216
f 1188/140/234 1168/141/217 1169/142/235
f 1170/137/236 1171/139/223 1172/138/237
f 1173/140/238 1174/142/239 1175/141/222
f 1160/131/228 1155/131/224 1157/133/225 1161/133/229
f 1156/130/219 1158/129/218 1159/143/227 1157/144/225
f 1176/135/226 1182/135/230 1164/136/231 1159/136/227
f 1163/129/221 1162/130/220 1161/144/229 1164/143/231
f 1170/137/236 1160/131/228 1162/132/220 1171/139/223
f 1182/135/230 1173/140/238 1175/141/222 1163/134/221
f 1174/145/239 1172/146/237 1171/127/223 1175/128/222
f 1165/137/232 1170/137/236 1172/138/237 1166/138/233
f 1173/140/238 1188/140/234 1169/142/235 1174/142/239
f 1168/128/217 1167/127/216 1166/146/233 1169/145/235
f 1155/131/224 1165/137/232 1167/139/216 1156/132/219
f 1188/140/234 1176/135/226 1158/134/218 1168/141/217
f 1160/131/228 1170/137/236 1165/137/232 1155/131/224
f 1190/147/216 1192/148/217 1179/149/218 1177/150/219
f 1195/151/240 1197/152/241 1193/152/242 1189/151/243
f 1196/153/38 1185/154/38 1180/154/38 1191/153/38
f 1178/155/225 1181/156/244 1187/156/231 1183/155/229
f 1184/150/220 1186/149/221 1198/148/222 1194/147/223
f 1176/157/245 1177/150/219 1178/155/225
f 1179/158/218 1180/159/226 1181/160/244
f 1182/157/246 1183/155/229 1184/150/220
f 1185/159/230 1186/158/221 1187/160/231
f 1188/161/247 1189/151/243 1190/147/216
f 1191/162/234 1192/163/217 1193/164/242
f 1173/161/248 1194/147/223 1195/151/240
f 1196/162/238 1197/164/241 1198/163/222
f 1182/157/246 1176/157/245 1178/155/225 1183/155/229
f 1177/150/219 1179/149/218 1181/156/244 1178/155/225
f 1180/159/226 1185/159/230 1187/160/231 1181/160/244
f 1186/149/221 1184/150/220 1183/155/229 1187/156/231
f 1173/161/248 1182/157/246 1184/150/220 1194/147/223
f 1185/159/230 1196/162/238 1198/163/222 1186/158/221
f 1197/152/241 1195/151/240 1194/147/223 1198/148/222
f 1188/161/247 1173/161/248 1195/151/240 1189/151/243
f 1196/162/238 1191/162/234 1193/164/242 1197/164/241
f 1192/148/217 1190/147/216 1189/151/243 1193/152/242
f 1176/157/245 1188/161/247 1190/147/216 1177/150/219
f 1191/162/234 1180/159/226 1179/158/218 1192/163/217
f 1207/165/1 1209/166/1 1203/167/1 1205/168/1
f 1206/169/249 1205/170/249 1204/171/249
f 1203/172/250 1202/173/250 1201/174/250
f 1200/175/255 1199/176/255 1207/177/255
f 1208/178/256 1209/179/256 1210/180/256
f 1205/168/253 1203/167/253 1201/181/253 1204/182/253
f 1209/166/254 1207/165/254 1199/183/254 1210/184/254
f 1206/169/16 1200/175/16 1207/177/16 1205/170/16
f 1208/178/17 1202/173/17 1203/172/17 1209/179/17
f 1219/185/1 1221/186/1 1215/187/1 1217/188/1
f 1218/189/249 1217/190/249 1216/191/249
f 1215/192/250 1214/193/250 1213/194/250
f 1212/195/255 1211/196/255 1219/197/255
f 1220/198/256 1221/199/256 1222/200/256
f 1217/188/253 1215/187/253 1213/201/253 1216/202/253
f 1221/186/254 1219/185/254 1211/203/254 1222/204/254
f 1218/189/16 1212/195/16 1219/197/16 1217/190/16
f 1220/198/17 1214/193/17 1215/192/17 1221/199/17
f 1172/146/257 1174/145/258 1227/205/259 1230/206/260
f 1174/145/258 1169/145/261 1233/205/262 1227/205/259
f 1169/145/261 1166/146/263 1232/206/264 1233/205/262
f 1166/146/263 1172/146/257 1230/206/260 1232/206/264
f 1157/144/225 1159/143/18 1224/207/18 1223/208/18
f 1159/143/18 1164/143/231 1225/207/18 1224/207/18
f 1164/143/231 1161/144/229 1226/208/18 1225/207/18
f 1161/144/229 1157/144/225 1223/208/18 1226/208/18
f 1236/209/18 1235/210/18 1238/210/18 1237/209/18
f 1228/211/265 1229/212/265 1230/213/265 1227/214/265
f 1229/215/266 1231/215/266 1232/216/266 1230/216/266
f 1234/217/267 1228/217/267 1227/218/267 1233/218/267
f 1231/212/253 1234/211/253 1233/214/253 1232/213/253
f 1235/219/268 1236/220/268 1223/221/268 1224/222/268
f 1236/223/269 1237/223/269 1226/224/269 1223/224/269
f 1238/225/270 1235/225/270 1224/226/270 1225/226/270
f 1237/220/271 1238/219/271 1225/222/271 1226/221/271
f 1229/227/19 1228/228/19 1234/228/19 1231/227/19
f 1247/229/37 1249/230/37 1243/231/37 1245/232/37
f 1246/233/470 1245/234/470 1244/235/470
f 1243/236/471 1242/237/471 1241/238/471
f 1240/239/472 1239/240/472 1247/241/472
f 1248/242/473 1249/243/473 1250/244/473
f 1245/232/276 1243/231/276 1241/245/276 1244/246/276
f 1249/230/265 1247/229/265 1239/247/265 1250/248/265
f 1246/233/8 1240/239/8 1247/241/8 1245/234/8
f 1248/242/9 1242/237/9 1243/236/9 1249/243/9
f 1259/249/277 1261/250/278 1255/251/279 1257/252/280
f 1258/253/474 1257/254/280 1256/255/282
f 1255/256/279 1254/257/283 1253/258/284
f 1252/259/285 1251/260/286 1259/261/277
f 1260/262/287 1261/263/278 1262/264/288
f 1257/265/280 1255/256/279 1253/258/284 1256/266/282
f 1261/263/278 1259/267/277 1251/268/286 1262/264/288
f 1258/253/474 1252/259/285 1259/261/277 1257/254/280
f 1260/269/287 1254/270/283 1255/271/279 1261/272/278
f 1258/253/474 1256/255/282 1265/273/356
f 1262/274/290 1251/275/290 1263/276/290 1266/277/290
f 1253/278/284 1254/279/283 1264/280/338
f 1256/281/292 1253/278/292 1264/280/292 1265/282/292
f 1251/260/286 1252/259/285 1263/283/293
f 1254/279/294 1260/284/294 1266/285/294 1264/286/294
f 1252/287/295 1258/288/295 1265/289/295 1263/290/295
f 1260/284/287 1262/274/288 1266/285/296
f 1274/291/297 1290/292/297 1276/293/298 1267/294/298
f 1269/295/299 1280/296/299 1282/297/300 1270/298/300
f 1270/298/301 1282/297/301 1284/299/301 1271/300/301
f 1271/301/302 1284/302/302 1286/303/303 1272/304/303
f 1272/305/303 1286/306/303 1288/307/304 1273/308/304
f 1273/308/305 1288/307/305 1290/292/297 1274/291/297
f 1267/309/306 1276/310/306 1278/311/307 1268/312/307
f 1268/313/307 1278/314/307 1280/296/299 1269/295/299
f 1278/311/308 1276/310/309 1275/315/309 1277/316/308
f 1280/317/310 1278/311/308 1277/316/308 1279/318/310
f 1282/319/311 1280/317/310 1279/318/310 1281/320/311
f 1284/302/312 1282/319/311 1281/320/311 1283/321/312
f 1286/303/313 1284/302/312 1283/321/312 1285/322/313
f 1288/323/314 1286/303/313 1285/322/313 1287/324/314
f 1290/325/315 1288/323/314 1287/324/314 1289/326/315
f 1276/310/309 1290/325/315 1289/326/315 1275/315/309
f 1279/327/316 1277/328/317 1377/329/317 1378/330/316
f 1285/331/319 1283/332/320 1380/333/320 1381/334/319
f 1281/335/321 1279/327/316 1378/330/316 1379/336/321
f 1287/337/322 1285/331/319 1381/334/319 1382/338/322
f 1277/328/317 1275/339/323 1376/340/323 1377/329/317
f 1275/339/323 1289/341/324 1383/342/324 1376/340/323
f 1283/332/320 1281/335/321 1379/336/321 1380/333/320
f 1289/341/324 1287/337/322 1382/338/322 1383/342/324
f 1299/343/325 1315/344/326 1301/345/327 1292/346/325
f 1294/347/328 1305/348/329 1307/349/330 1295/350/331
f 1295/350/331 1307/349/330 1309/351/332 1296/352/333
f 1296/352/356 1309/351/332 1311/353/334 1297/354/335
f 1297/354/335 1311/353/334 1313/355/336 1298/356/337
f 1298/356/337 1313/355/336 1315/344/326 1299/343/338
f 1292/346/339 1301/345/327 1303/357/340 1293/358/341
f 1293/358/341 1303/357/340 1305/348/329 1294/347/19
f 1303/359/340 1301/360/327 1300/361/342 1302/362/343
f 1305/363/329 1303/359/340 1302/362/343 1304/364/475
f 1307/365/330 1305/363/329 1304/364/475 1306/366/345
f 1309/367/332 1307/365/330 1306/366/345 1308/368/346
f 1311/369/334 1309/367/332 1308/368/346 1310/370/347
f 1313/371/336 1311/369/334 1310/370/347 1312/372/348
f 1315/373/326 1313/371/336 1312/372/348 1314/374/349
f 1301/360/327 1315/373/326 1314/374/349 1300/361/342
f 1314/374/350 1312/372/350 1310/370/350 1308/368/350
f 1300/361/342 1314/374/349 1317/375/351 1316/376/351
f 1314/377/352 1308/378/352 1318/379/352 1317/380/352
f 1306/381/353 1300/382/353 1316/383/353 1319/384/353
f 1316/376/350 1317/375/350 1318/385/350 1319/386/350
f 1302/362/350 1300/361/350 1306/366/350 1304/364/350
f 1308/378/346 1306/381/345 1319/384/354 1318/379/354
f 1327/387/325 1343/388/326 1329/389/327 1320/390/325
f 1322/391/355 1333/392/329 1335/393/330 1323/394/293
f 1323/394/333 1335/393/330 1337/395/332 1324/396/333
f 1324/396/356 1337/395/332 1339/397/334 1325/398/335
f 1325/398/335 1339/397/334 1341/399/336 1326/400/337
f 1326/400/337 1341/399/336 1343/388/326 1327/387/338
f 1320/390/296 1329/389/327 1331/401/340 1321/402/341
f 1321/402/341 1331/401/340 1333/392/329 1322/391/355
f 1331/403/340 1329/404/327 1328/405/342 1330/406/343
f 1333/407/329 1331/403/340 1330/406/343 1332/408/344
f 1335/409/330 1333/407/329 1332/408/344 1334/410/345
f 1337/411/332 1335/409/330 1334/410/345 1336/412/346
f 1339/413/334 1337/411/332 1336/412/346 1338/414/347
f 1341/415/336 1339/413/334 1338/414/347 1340/416/348
f 1343/417/326 1341/415/336 1340/416/348 1342/418/349
f 1329/404/327 1343/417/326 1342/418/349 1328/405/342
f 1342/418/350 1340/416/350 1338/414/350 1336/412/350
f 1328/405/342 1342/418/349 1345/419/351 1344/420/351
f 1342/421/352 1336/422/352 1346/423/352 1345/424/352
f 1334/425/353 1328/426/353 1344/427/353 1347/428/353
f 1344/420/350 1345/419/350 1346/429/350 1347/430/350
f 1330/406/350 1328/405/350 1334/410/350 1332/408/350
f 1336/422/346 1334/425/345 1347/428/354 1346/423/354
f 1355/431/325 1371/432/326 1357/433/327 1348/434/325
f 1350/435/355 1361/436/329 1363/437/330 1351/438/293
f 1351/438/333 1363/437/330 1365/439/332 1352/440/333
f 1352/440/356 1365/439/332 1367/441/334 1353/442/335
f 1353/442/335 1367/441/334 1369/443/336 1354/444/337
f 1354/444/337 1369/443/336 1371/432/326 1355/431/338
f 1348/434/296 1357/433/327 1359/445/340 1349/446/341
f 1349/446/341 1359/445/340 1361/436/329 1350/435/355
f 1359/447/340 1357/448/327 1356/449/342 1358/450/343
f 1361/451/329 1359/447/340 1358/450/343 1360/452/344
f 1363/453/330 1361/451/329 1360/452/344 1362/454/345
f 1365/455/332 1363/453/330 1362/454/345 1364/456/346
f 1367/457/334 1365/455/332 1364/456/346 1366/458/347
f 1369/459/336 1367/457/334 1366/458/347 1368/460/348
f 1371/461/326 1369/459/336 1368/460/348 1370/462/349
f 1357/448/327 1371/461/326 1370/462/349 1356/449/342
f 1370/462/350 1368/460/350 1366/458/350 1364/456/350
f 1356/449/342 1370/462/349 1373/463/351 1372/464/351
f 1370/465/352 1364/466/352 1374/467/352 1373/468/352
f 1362/469/353 1356/470/353 1372/471/353 1375/472/353
f 1372/464/350 1373/463/350 1374/473/350 1375/474/350
f 1358/450/350 1356/449/350 1362/454/350 1360/452/350
f 1364/466/346 1362/469/345 1375/472/354 1374/467/354
f 1291/475/350 1377/476/350 1376/477/350
f 1291/475/350 1378/478/350 1377/476/350
f 1291/475/350 1379/479/350 1378/478/350
f 1291/475/350 1380/480/350 1379/479/350
f 1291/475/350 1381/481/350 1380/480/350
f 1291/475/350 1382/482/350 1381/481/350
f 1291/475/350 1383/483/350 1382/482/350
f 1291/475/350 1376/477/350 1383/483/350
f 1384/484/37 1386/485/37 1494/486/37 1487/487/37
f 1491/488/38 1489/489/38 1488/489/38 1493/488/38
f 1387/485/1 1385/484/1 1490/487/1 1492/486/1
f 1386/485/19 1387/485/19 1492/486/19 1494/486/19
f 1396/490/359 1397/491/253 1393/492/360
f 1393/493/361 1392/494/361 1400/495/361 1401/496/361
f 1390/497/265 1397/491/265 1394/498/265 1388/499/265
f 1389/500/254 1392/501/254 1393/492/254 1391/499/254
f 1392/501/476 1395/502/363 1398/503/364 1400/504/364
f 1393/492/360 1401/505/477 1399/506/477 1396/490/359
f 1391/499/253 1393/492/360 1397/491/253 1390/497/253
f 1394/507/366 1397/508/366 1396/509/367 1395/510/367
f 1394/498/276 1395/502/363 1392/501/476
f 1410/511/478 1411/512/254 1407/513/479
f 1388/499/276 1394/498/276 1392/501/476 1389/500/276
f 1400/504/254 1398/503/254 1399/506/254 1401/505/254
f 1396/509/367 1399/514/38 1398/515/38 1395/510/367
f 1407/516/370 1406/517/370 1414/518/370 1415/519/370
f 1404/520/253 1411/512/253 1408/521/253 1402/522/253
f 1403/520/276 1406/523/276 1407/513/276 1405/524/276
f 1406/523/371 1409/525/372 1412/526/373 1414/527/373
f 1407/513/479 1415/528/374 1413/529/374 1410/511/478
f 1405/524/254 1407/513/479 1411/512/254 1404/520/254
f 1408/530/375 1411/531/375 1410/532/376 1409/533/376
f 1408/521/265 1409/525/372 1406/523/371
f 1424/534/377 1425/535/276 1421/536/480
f 1402/522/265 1408/521/265 1406/523/371 1403/520/265
f 1414/527/276 1412/526/276 1413/529/276 1415/528/276
f 1410/532/376 1413/537/38 1412/538/38 1409/533/376
f 1421/539/379 1420/540/379 1428/541/379 1429/542/379
f 1418/543/254 1425/535/254 1422/544/254 1416/545/254
f 1417/546/265 1420/547/265 1421/536/265 1419/545/265
f 1420/547/380 1423/548/381 1426/549/382 1428/550/382
f 1421/536/480 1429/551/481 1427/552/481 1424/534/377
f 1419/545/276 1421/536/480 1425/535/276 1418/543/276
f 1422/553/384 1425/554/384 1424/555/385 1423/556/385
f 1422/544/253 1423/548/381 1420/547/380
f 1438/557/386 1439/558/265 1435/559/387
f 1416/545/253 1422/544/253 1420/547/380 1417/546/253
f 1428/550/265 1426/549/265 1427/552/265 1429/551/265
f 1424/555/385 1427/560/38 1426/561/38 1423/556/385
f 1435/562/388 1434/563/388 1442/564/388 1443/565/388
f 1432/566/276 1439/558/276 1436/567/276 1430/568/276
f 1431/566/253 1434/569/253 1435/559/253 1433/570/253
f 1434/569/389 1437/571/390 1440/572/391 1442/573/391
f 1435/559/387 1443/574/392 1441/575/392 1438/557/386
f 1433/570/265 1435/559/387 1439/558/265 1432/566/265
f 1436/576/393 1439/577/393 1438/578/394 1437/579/394
f 1436/567/254 1437/571/390 1434/569/389
f 1430/568/254 1436/567/254 1434/569/389 1431/566/254
f 1442/573/253 1440/572/253 1441/575/253 1443/574/253
f 1438/578/394 1441/580/38 1440/581/38 1437/579/394
f 1445/582/482 1479/583/482 1469/584/396 1467/585/396
f 1449/585/397 1477/584/397 1478/583/483 1447/582/483
f 1451/586/484 1476/587/484 1477/584/397 1449/585/397
f 1453/588/485 1475/589/485 1476/587/484 1451/586/484
f 1455/590/401 1474/591/401 1475/589/485 1453/588/485
f 1457/592/402 1473/593/402 1474/591/401 1455/590/401
f 1459/592/403 1472/593/403 1473/593/402 1457/592/402
f 1461/590/404 1471/594/404 1472/593/403 1459/592/403
f 1463/595/405 1470/589/405 1471/594/404 1461/590/404
f 1465/586/406 1468/587/406 1470/589/405 1463/595/405
f 1460/596/407 1462/597/408 1481/598/409 1483/599/410
f 1467/585/396 1469/584/396 1468/587/406 1465/586/406
f 1447/582/483 1478/583/483 1479/583/482 1445/582/482
f 1466/600/38 1464/601/38 1468/602/38 1469/603/38
f 1464/601/38 1462/604/38 1470/605/38 1468/602/38
f 1462/604/38 1460/606/38 1471/607/38 1470/605/38
f 1460/606/38 1458/608/38 1472/609/38 1471/607/38
f 1458/608/38 1456/608/38 1473/609/38 1472/609/38
f 1456/608/38 1454/606/38 1474/610/38 1473/609/38
f 1454/606/38 1452/604/38 1475/605/38 1474/610/38
f 1452/604/38 1450/601/38 1476/602/38 1475/605/38
f 1450/601/38 1448/600/38 1477/603/38 1476/602/38
f 1448/600/38 1446/611/38 1478/612/38 1477/603/38
f 1446/611/38 1444/611/38 1479/612/38 1478/612/38
f 1444/611/38 1466/600/38 1469/603/38 1479/612/38
f 1446/613/411 1448/614/412 1486/615/413
f 1452/597/414 1454/596/415 1484/599/416 1485/598/417
f 1458/616/418 1460/596/407 1483/599/410
f 1444/613/419 1446/613/411 1486/615/413 1482/615/420
f 1464/617/421 1466/614/422 1482/615/420 1481/598/409
f 1450/617/423 1452/597/414 1485/598/417
f 1456/616/424 1458/616/418 1483/599/410 1484/599/416
f 1466/614/422 1444/613/419 1482/615/420
f 1462/597/408 1464/617/421 1481/598/409
f 1448/614/412 1450/617/423 1485/598/417 1486/615/413
f 1454/596/415 1456/616/424 1484/599/416
f 1480/618/38 1481/619/38 1482/620/38
f 1480/618/38 1483/621/38 1481/619/38
f 1480/618/38 1484/621/38 1483/621/38
f 1480/618/38 1485/619/38 1484/621/38
f 1480/618/38 1486/620/38 1485/619/38
f 1480/618/38 1482/620/38 1486/620/38
f 1488/622/425 1489/622/425 1490/623/425 1487/623/425
f 1489/622/17 1491/624/17 1492/625/17 1490/623/17
f 1491/624/266 1493/624/266 1494/625/266 1492/625/266
f 1493/624/9 1488/622/9 1487/623/9 1494/625/9
f 1385/484/18 1384/484/18 1487/487/18 1490/487/18
f 1503/626/426 1504/627/1 1500/628/427
f 1500/629/428 1499/629/428 1507/630/428 1508/630/428
f 1497/631/19 1504/627/19 1501/627/19 1495/631/19
f 1496/632/18 1499/628/18 1500/628/18 1498/632/18
f 1499/628/429 1502/626/430 1505/633/431 1507/634/431
f 1500/628/427 1508/634/432 1506/633/432 1503/626/426
f 1498/632/1 1500/628/427 1504/627/1 1497/631/1
f 1501/635/433 1504/635/433 1503/636/434 1502/636/434
f 1501/627/37 1502/626/430 1499/628/429
f 1517/637/435 1518/638/18 1514/639/436
f 1495/631/37 1501/627/37 1499/628/429 1496/632/37
f 1507/634/18 1505/633/18 1506/633/18 1508/634/18
f 1503/636/434 1506/640/437 1505/640/437 1502/636/434
f 1514/641/438 1513/642/438 1521/643/438 1522/644/438
f 1511/645/1 1518/638/1 1515/646/1 1509/647/1
f 1510/647/37 1513/648/37 1514/639/37 1512/645/37
f 1513/648/439 1516/649/440 1519/650/441 1521/651/441
f 1514/639/436 1522/652/442 1520/653/442 1517/637/435
f 1512/645/18 1514/639/436 1518/638/18 1511/645/18
f 1515/654/443 1518/655/443 1517/656/444 1516/657/444
f 1515/646/19 1516/649/440 1513/648/439
f 1531/658/445 1532/659/37 1528/660/446
f 1509/647/19 1515/646/19 1513/648/439 1510/647/19
f 1521/651/37 1519/650/37 1520/653/37 1522/652/37
f 1517/656/444 1520/661/447 1519/662/447 1516/657/444
f 1528/663/448 1527/663/448 1535/664/448 1536/665/448
f 1525/666/18 1532/659/18 1529/667/18 1523/668/18
f 1524/669/19 1527/660/19 1528/660/19 1526/669/19
f 1527/660/449 1530/658/450 1533/670/451 1535/671/451
f 1528/660/446 1536/672/452 1534/673/452 1531/658/445
f 1526/669/37 1528/660/446 1532/659/37 1525/666/37
f 1529/674/453 1532/675/453 1531/676/454 1530/676/454
f 1529/667/1 1530/658/450 1527/660/449
f 1545/677/455 1546/678/19 1542/679/456
f 1523/668/1 1529/667/1 1527/660/449 1524/669/1
f 1535/671/19 1533/670/19 1534/673/19 1536/672/19
f 1531/676/454 1534/680/457 1533/681/457 1530/676/454
f 1542/682/458 1541/683/458 1549/684/458 1550/685/458
f 1539/686/37 1546/678/37 1543/687/37 1537/688/37
f 1538/688/1 1541/689/1 1542/679/1 1540/686/1
f 1541/689/459 1544/690/486 1547/691/461 1549/692/461
f 1542/679/456 1550/693/462 1548/694/462 1545/677/455
f 1540/686/19 1542/679/456 1546/678/19 1539/686/19
f 1543/695/463 1546/696/463 1545/697/464 1544/698/464
f 1543/687/18 1544/690/486 1541/689/459
f 1537/688/18 1543/687/18 1541/689/459 1538/688/18
f 1549/692/1 1547/691/1 1548/694/1 1550/693/1
f 1545/697/464 1548/699/465 1547/700/465 1544/698/464
f 1551/701/466 1552/702/466 1553/701/466
f 1553/701/467 1552/702/467 1555/703/467 1556/704/467
f 1556/704/468 1555/703/468 1554/704/468
f 1554/705/469 1555/706/469 1552/707/469 1551/708/469
f 1557/701/466 1558/702/466 1559/701/466
f 1559/701/467 1558/702/467 1561/703/467 1562/704/467
f 1562/704/468 1561/703/468 1560/704/468
f 1560/705/469 1561/706/469 1558/707/469 1557/708/469
f 1563/701/466 1564/702/466 1565/701/466
f 1565/701/467 1564/702/467 1567/703/467 1568/704/467
f 1568/704/468 1567/703/468 1566/704/468
f 1566/705/469 1567/706/469 1564/707/469 1563/708/469
f 1569/709/466 1570/710/466 1571/709/466
f 1571/709/467 1570/710/467 1573/711/467 1574/712/467
f 1574/712/468 1573/711/468 1572/712/468
f 1572/713/469 1573/714/469 1570/715/469 1569/716/469
f 1575/709/466 1576/710/466 1577/709/466
f 1577/709/467 1576/710/467 1579/711/467 1580/712/467
f 1580/712/468 1579/711/468 1578/712/468
f 1578/713/469 1579/714/469 1576/715/469 1575/716/469
f 1581/709/466 1582/710/466 1583/709/466
f 1583/709/467 1582/710/467 1585/711/467 1586/712/467
f 1586/712/468 1585/711/468 1584/712/468
f 1584/713/487 1585/714/487 1582/715/487 1581/716/487
f 1599/127/216 1600/128/217 1590/129/218 1588/130/219
f 1594/130/220 1595/129/221 1607/128/222 1603/127/223
f 1587/131/224 1588/132/219 1589/133/225
f 1590/134/218 1608/135/226 1591/136/227
f 1592/131/228 1593/133/229 1594/132/220
f 1614/135/230 1595/134/221 1596/136/231
f 1597/137/232 1598/138/233 1599/139/216
f 1620/140/234 1600/141/217 1601/142/235
f 1602/137/236 1603/139/223 1604/138/237
f 1605/140/238 1606/142/239 1607/141/222
f 1592/131/228 1587/131/224 1589/133/225 1593/133/229
f 1588/130/219 1590/129/218 1591/143/227 1589/144/225
f 1608/135/226 1614/135/230 1596/136/231 1591/136/227
f 1595/129/221 1594/130/220 1593/144/229 1596/143/231
f 1602/137/236 1592/131/228 1594/132/220 1603/139/223
f 1614/135/230 1605/140/238 1607/141/222 1595/134/221
f 1606/145/239 1604/146/237 1603/127/223 1607/128/222
f 1597/137/232 1602/137/236 1604/138/237 1598/138/233
f 1605/140/238 1620/140/234 1601/142/235 1606/142/239
f 1600/128/217 1599/127/216 1598/146/233 1601/145/235
f 1587/131/224 1597/137/232 1599/139/216 1588/132/219
f 1620/140/234 1608/135/226 1590/134/218 1600/141/217
f 1592/131/228 1602/137/236 1597/137/232 1587/131/224
f 1622/147/216 1624/148/217 1611/149/218 1609/150/219
f 1627/151/240 1629/152/241 1625/152/242 1621/151/243
f 1628/153/38 1617/154/38 1612/154/38 1623/153/38
f 1610/155/225 1613/156/244 1619/156/231 1615/155/229
f 1616/150/220 1618/149/221 1630/148/222 1626/147/223
f 1608/157/245 1609/150/219 1610/155/225
f 1611/158/218 1612/159/226 1613/160/244
f 1614/157/246 1615/155/229 1616/150/220
f 1617/159/230 1618/158/221 1619/160/231
f 1620/161/247 1621/151/243 1622/147/216
f 1623/162/234 1624/163/217 1625/164/242
f 1605/161/248 1626/147/223 1627/151/240
f 1628/162/238 1629/164/241 1630/163/222
f 1614/157/246 1608/157/245 1610/155/225 1615/155/229
f 1609/150/219 1611/149/218 1613/156/244 1610/155/225
f 1612/159/226 1617/159/230 1619/160/231 1613/160/244
f 1618/149/221 1616/150/220 1615/155/229 1619/156/231
f 1605/161/248 1614/157/246 1616/150/220 1626/147/223
f 1617/159/230 1628/162/238 1630/163/222 1618/158/221
f 1629/152/241 1627/151/240 1626/147/223 1630/148/222
f 1620/161/247 1605/161/248 1627/151/240 1621/151/243
f 1628/162/238 1623/162/234 1625/164/242 1629/164/241
f 1624/148/217 1622/147/216 1621/151/243 1625/152/242
f 1608/157/245 1620/161/247 1622/147/216 1609/150/219
f 1623/162/234 1612/159/226 1611/158/218 1624/163/217
f 1639/165/1 1641/166/1 1635/167/1 1637/168/1
f 1638/169/249 1637/170/249 1636/171/249
f 1635/172/250 1634/173/250 1633/174/250
f 1632/175/251 1631/176/251 1639/177/251
f 1640/178/252 1641/179/252 1642/180/252
f 1637/168/253 1635/167/253 1633/181/253 1636/182/253
f 1641/166/254 1639/165/254 1631/183/254 1642/184/254
f 1638/169/16 1632/175/16 1639/177/16 1637/170/16
f 1640/178/17 1634/173/17 1635/172/17 1641/179/17
f 1651/185/1 1653/186/1 1647/187/1 1649/188/1
f 1650/189/249 1649/190/249 1648/191/249
f 1647/192/250 1646/193/250 1645/194/250
f 1644/195/488 1643/196/488 1651/197/488
f 1652/198/489 1653/199/489 1654/200/489
f 1649/188/253 1647/187/253 1645/201/253 1648/202/253
f 1653/186/254 1651/185/254 1643/203/254 1654/204/254
f 1650/189/16 1644/195/16 1651/197/16 1649/190/16
f 1652/198/17 1646/193/17 1647/192/17 1653/199/17
f 1604/146/257 1606/145/258 1659/205/259 1662/206/260
f 1606/145/258 1601/145/261 1665/205/262 1659/205/259
f 1601/145/261 1598/146/263 1664/206/264 1665/205/262
f 1598/146/263 1604/146/257 1662/206/260 1664/206/264
f 1589/144/225 1591/143/18 1656/207/18 1655/208/18
f 1591/143/18 1596/143/231 1657/207/18 1656/207/18
f 1596/143/231 1593/144/229 1658/208/18 1657/207/18
f 1593/144/229 1589/144/225 1655/208/18 1658/208/18
f 1668/209/18 1667/210/18 1670/210/18 1669/209/18
f 1660/211/265 1661/212/265 1662/213/265 1659/214/265
f 1661/215/266 1663/215/266 1664/216/266 1662/216/266
f 1666/217/267 1660/217/267 1659/218/267 1665/218/267
f 1663/212/253 1666/211/253 1665/214/253 1664/213/253
f 1667/219/490 1668/220/490 1655/221/490 1656/222/490
f 1668/223/269 1669/223/269 1658/224/269 1655/224/269
f 1670/225/270 1667/225/270 1656/226/270 1657/226/270
f 1669/220/271 1670/219/271 1657/222/271 1658/221/271
f 1661/227/19 1660/228/19 1666/228/19 1663/227/19
f 1679/229/37 1681/230/37 1675/231/37 1677/232/37
f 1678/233/470 1677/234/470 1676/235/470
f 1675/236/471 1674/237/471 1673/238/471
f 1672/239/491 1671/240/491 1679/241/491
f 1680/242/275 1681/243/275 1682/244/275
f 1677/232/276 1675/231/276 1673/245/276 1676/246/276
f 1681/230/265 1679/229/265 1671/247/265 1682/248/265
f 1678/233/8 1672/239/8 1679/241/8 1677/234/8
f 1680/242/9 1674/237/9 1675/236/9 1681/243/9
f 1691/249/277 1693/250/278 1687/251/279 1689/252/280
f 1690/253/281 1689/254/280 1688/255/282
f 1687/256/279 1686/257/283 1685/258/284
f 1684/259/285 1683/260/286 1691/261/277
f 1692/262/287 1693/263/278 1694/264/288
f 1689/265/280 1687/256/279 1685/258/284 1688/266/282
f 1693/263/278 1691/267/277 1683/268/286 1694/264/288
f 1690/253/281 1684/259/285 1691/261/277 1689/254/280
f 1692/269/287 1686/270/283 1687/271/279 1693/272/278
f 1690/253/281 1688/255/282 1697/273/289
f 1694/274/290 1683/275/290 1695/276/290 1698/277/290
f 1685/278/284 1686/279/283 1696/280/291
f 1688/281/292 1685/278/292 1696/280/292 1697/282/292
f 1683/260/286 1684/259/285 1695/283/293
f 1686/279/294 1692/284/294 1698/285/294 1696/286/294
f 1684/287/295 1690/288/295 1697/289/295 1695/290/295
f 1692/284/287 1694/274/288 1698/285/296
f 1706/291/297 1722/292/297 1708/293/298 1699/294/298
f 1701/295/299 1712/296/299 1714/297/300 1702/298/300
f 1702/298/301 1714/297/301 1716/299/301 1703/300/301
f 1703/301/302 1716/302/302 1718/303/303 1704/304/303
f 1704/305/303 1718/306/303 1720/307/304 1705/308/304
f 1705/308/305 1720/307/305 1722/292/297 1706/291/297
f 1699/309/306 1708/310/306 1710/311/307 1700/312/307
f 1700/313/307 1710/314/307 1712/296/299 1701/295/299
f 1710/311/308 1708/310/309 1707/315/309 1709/316/308
f 1712/317/310 1710/311/308 1709/316/308 1711/318/310
f 1714/319/311 1712/317/310 1711/318/310 1713/320/311
f 1716/302/492 1714/319/311 1713/320/311 1715/321/492
f 1718/303/313 1716/302/492 1715/321/492 1717/322/313
f 1720/323/314 1718/303/313 1717/322/313 1719/324/314
f 1722/325/315 1720/323/314 1719/324/314 1721/326/315
f 1708/310/309 1722/325/315 1721/326/315 1707/315/309
f 1711/327/316 1709/328/317 1809/329/317 1810/330/318
f 1717/331/319 1715/332/320 1812/333/320 1813/334/319
f 1713/335/321 1711/327/316 1810/330/318 1811/336/321
f 1719/337/322 1717/331/319 1813/334/319 1814/338/322
f 1709/328/317 1707/339/323 1808/340/323 1809/329/317
f 1707/339/323 1721/341/324 1815/342/324 1808/340/323
f 1715/332/320 1713/335/321 1811/336/321 1812/333/320
f 1721/341/324 1719/337/322 1814/338/322 1815/342/324
f 1731/343/325 1747/344/326 1733/345/327 1724/346/325
f 1726/347/328 1737/348/329 1739/349/330 1727/350/331
f 1727/350/331 1739/349/330 1741/351/332 1728/352/333
f 1728/352/356 1741/351/332 1743/353/334 1729/354/335
f 1729/354/335 1743/353/334 1745/355/336 1730/356/337
f 1730/356/337 1745/355/336 1747/344/326 1731/343/338
f 1724/346/339 1733/345/327 1735/357/340 1725/358/341
f 1725/358/341 1735/357/340 1737/348/329 1726/347/19
f 1735/359/340 1733/360/327 1732/361/342 1734/362/343
f 1737/363/329 1735/359/340 1734/362/343 1736/364/344
f 1739/365/330 1737/363/329 1736/364/344 1738/366/345
f 1741/367/332 1739/365/330 1738/366/345 1740/368/346
f 1743/369/334 1741/367/332 1740/368/346 1742/370/347
f 1745/371/336 1743/369/334 1742/370/347 1744/372/348
f 1747/373/326 1745/371/336 1744/372/348 1746/374/349
f 1733/360/327 1747/373/326 1746/374/349 1732/361/342
f 1746/374/350 1744/372/350 1742/370/350 1740/368/350
f 1732/361/342 1746/374/349 1749/375/351 1748/376/351
f 1746/377/352 1740/378/352 1750/379/352 1749/380/352
f 1738/381/353 1732/382/353 1748/383/353 1751/384/353
f 1748/376/350 1749/375/350 1750/385/350 1751/386/350
f 1734/362/350 1732/361/350 1738/366/350 1736/364/350
f 1740/378/346 1738/381/345 1751/384/354 1750/379/354
f 1759/387/325 1775/388/326 1761/389/327 1752/390/325
f 1754/391/355 1765/392/329 1767/393/330 1755/394/293
f 1755/394/333 1767/393/330 1769/395/332 1756/396/333
f 1756/396/356 1769/395/332 1771/397/334 1757/398/335
f 1757/398/335 1771/397/334 1773/399/336 1758/400/337
f 1758/400/337 1773/399/336 1775/388/326 1759/387/338
f 1752/390/296 1761/389/327 1763/401/340 1753/402/341
f 1753/402/341 1763/401/340 1765/392/329 1754/391/355
f 1763/403/340 1761/404/327 1760/405/342 1762/406/343
f 1765/407/329 1763/403/340 1762/406/343 1764/408/344
f 1767/409/330 1765/407/329 1764/408/344 1766/410/345
f 1769/411/332 1767/409/330 1766/410/345 1768/412/346
f 1771/413/334 1769/411/332 1768/412/346 1770/414/347
f 1773/415/336 1771/413/334 1770/414/347 1772/416/348
f 1775/417/326 1773/415/336 1772/416/348 1774/418/349
f 1761/404/327 1775/417/326 1774/418/349 1760/405/342
f 1774/418/350 1772/416/350 1770/414/350 1768/412/350
f 1760/405/342 1774/418/349 1777/419/351 1776/420/351
f 1774/421/352 1768/422/352 1778/423/352 1777/424/352
f 1766/425/353 1760/426/353 1776/427/353 1779/428/353
f 1776/420/350 1777/419/350 1778/429/350 1779/430/350
f 1762/406/350 1760/405/350 1766/410/350 1764/408/350
f 1768/422/346 1766/425/345 1779/428/354 1778/423/354
f 1787/431/325 1803/432/326 1789/433/327 1780/434/325
f 1782/435/355 1793/436/329 1795/437/330 1783/438/328
f 1783/438/333 1795/437/330 1797/439/332 1784/440/333
f 1784/440/356 1797/439/332 1799/441/334 1785/442/335
f 1785/442/335 1799/441/334 1801/443/336 1786/444/337
f 1786/444/337 1801/443/336 1803/432/326 1787/431/338
f 1780/434/339 1789/433/327 1791/445/340 1781/446/341
f 1781/446/341 1791/445/340 1793/436/329 1782/435/355
f 1791/447/340 1789/448/327 1788/449/342 1790/450/343
f 1793/451/329 1791/447/340 1790/450/343 1792/452/475
f 1795/453/330 1793/451/329 1792/452/475 1794/454/345
f 1797/455/332 1795/453/330 1794/454/345 1796/456/346
f 1799/457/334 1797/455/332 1796/456/346 1798/458/347
f 1801/459/336 1799/457/334 1798/458/347 1800/460/348
f 1803/461/326 1801/459/336 1800/460/348 1802/462/349
f 1789/448/327 1803/461/326 1802/462/349 1788/449/342
f 1802/462/350 1800/460/350 1798/458/350 1796/456/350
f 1788/449/342 1802/462/349 1805/463/351 1804/464/351
f 1802/465/352 1796/466/352 1806/467/352 1805/468/352
f 1794/469/353 1788/470/353 1804/471/353 1807/472/353
f 1804/464/350 1805/463/350 1806/473/350 1807/474/350
f 1790/450/350 1788/449/350 1794/454/350 1792/452/350
f 1796/466/346 1794/469/345 1807/472/354 1806/467/354
f 1723/475/350 1809/476/350 1808/477/350
f 1723/475/350 1810/478/350 1809/476/350
f 1723/475/350 1811/479/350 1810/478/350
f 1723/475/350 1812/480/350 1811/479/350
f 1723/475/350 1813/481/350 1812/480/350
f 1723/475/350 1814/482/350 1813/481/350
f 1723/475/350 1815/483/350 1814/482/350
f 1723/475/350 1808/477/350 1815/483/350
f 1816/484/37 1818/485/37 1926/486/37 1919/487/37
f 1923/488/38 1921/489/38 1920/489/38 1925/488/38
f 1819/485/1 1817/484/1 1922/487/1 1924/486/1
f 1818/485/19 1819/485/19 1924/486/19 1926/486/19
f 1828/490/359 1829/491/253 1825/492/360
f 1825/493/361 1824/494/361 1832/495/361 1833/496/361
f 1822/497/265 1829/491/265 1826/498/265 1820/499/265
f 1821/500/254 1824/501/254 1825/492/254 1823/499/254
f 1824/501/476 1827/502/363 1830/503/364 1832/504/364
f 1825/492/360 1833/505/365 1831/506/365 1828/490/359
f 1823/499/253 1825/492/360 1829/491/253 1822/497/253
f 1826/507/366 1829/508/366 1828/509/367 1827/510/367
f 1826/498/276 1827/502/363 1824/501/476
f 1842/511/368 1843/512/254 1839/513/369
f 1820/499/276 1826/498/276 1824/501/476 1821/500/276
f 1832/504/254 1830/503/254 1831/506/254 1833/505/254
f 1828/509/367 1831/514/38 1830/515/38 1827/510/367
f 1839/516/370 1838/517/370 1846/518/370 1847/519/370
f 1836/520/253 1843/512/253 1840/521/253 1834/522/253
f 1835/520/276 1838/523/276 1839/513/276 1837/524/276
f 1838/523/371 1841/525/372 1844/526/373 1846/527/373
f 1839/513/369 1847/528/374 1845/529/374 1842/511/368
f 1837/524/254 1839/513/369 1843/512/254 1836/520/254
f 1840/530/375 1843/531/375 1842/532/376 1841/533/376
f 1840/521/265 1841/525/372 1838/523/371
f 1856/534/377 1857/535/276 1853/536/378
f 1834/522/265 1840/521/265 1838/523/371 1835/520/265
f 1846/527/276 1844/526/276 1845/529/276 1847/528/276
f 1842/532/376 1845/537/38 1844/538/38 1841/533/376
f 1853/539/379 1852/540/379 1860/541/379 1861/542/379
f 1850/543/254 1857/535/254 1854/544/254 1848/545/254
f 1849/546/265 1852/547/265 1853/536/265 1851/545/265
f 1852/547/380 1855/548/381 1858/549/382 1860/550/382
f 1853/536/378 1861/551/481 1859/552/481 1856/534/377
f 1851/545/276 1853/536/378 1857/535/276 1850/543/276
f 1854/553/384 1857/554/384 1856/555/385 1855/556/385
f 1854/544/253 1855/548/381 1852/547/380
f 1870/557/386 1871/558/265 1867/559/387
f 1848/545/253 1854/544/253 1852/547/380 1849/546/253
f 1860/550/265 1858/549/265 1859/552/265 1861/551/265
f 1856/555/385 1859/560/38 1858/561/38 1855/556/385
f 1867/562/388 1866/563/388 1874/564/388 1875/565/388
f 1864/566/276 1871/558/276 1868/567/276 1862/568/276
f 1863/566/253 1866/569/253 1867/559/253 1865/570/253
f 1866/569/389 1869/571/390 1872/572/391 1874/573/391
f 1867/559/387 1875/574/392 1873/575/392 1870/557/386
f 1865/570/265 1867/559/387 1871/558/265 1864/566/265
f 1868/576/393 1871/577/393 1870/578/394 1869/579/394
f 1868/567/254 1869/571/390 1866/569/389
f 1862/568/254 1868/567/254 1866/569/389 1863/566/254
f 1874/573/253 1872/572/253 1873/575/253 1875/574/253
f 1870/578/394 1873/580/38 1872/581/38 1869/579/394
f 1877/582/482 1911/583/482 1901/584/396 1899/585/396
f 1881/585/397 1909/584/397 1910/583/483 1879/582/483
f 1883/586/484 1908/587/484 1909/584/397 1881/585/397
f 1885/588/400 1907/589/400 1908/587/484 1883/586/484
f 1887/590/401 1906/591/401 1907/589/400 1885/588/400
f 1889/592/402 1905/593/402 1906/591/401 1887/590/401
f 1891/592/403 1904/593/403 1905/593/402 1889/592/402
f 1893/590/404 1903/594/404 1904/593/403 1891/592/403
f 1895/595/405 1902/589/405 1903/594/404 1893/590/404
f 1897/586/406 1900/587/406 1902/589/405 1895/595/405
f 1892/596/407 1894/597/408 1913/598/409 1915/599/410
f 1899/585/396 1901/584/396 1900/587/406 1897/586/406
f 1879/582/483 1910/583/483 1911/583/482 1877/582/482
f 1898/600/38 1896/601/38 1900/602/38 1901/603/38
f 1896/601/38 1894/604/38 1902/605/38 1900/602/38
f 1894/604/38 1892/606/38 1903/607/38 1902/605/38
f 1892/606/38 1890/608/38 1904/609/38 1903/607/38
f 1890/608/38 1888/608/38 1905/609/38 1904/609/38
f 1888/608/38 1886/606/38 1906/610/38 1905/609/38
f 1886/606/38 1884/604/38 1907/605/38 1906/610/38
f 1884/604/38 1882/601/38 1908/602/38 1907/605/38
f 1882/601/38 1880/600/38 1909/603/38 1908/602/38
f 1880/600/38 1878/611/38 1910/612/38 1909/603/38
f 1878/611/38 1876/611/38 1911/612/38 1910/612/38
f 1876/611/38 1898/600/38 1901/603/38 1911/612/38
f 1878/613/411 1880/614/412 1918/615/413
f 1884/597/414 1886/596/415 1916/599/416 1917/598/417
f 1890/616/493 1892/596/407 1915/599/410
f 1876/613/419 1878/613/411 1918/615/413 1914/615/420
f 1896/617/421 1898/614/422 1914/615/420 1913/598/409
f 1882/617/423 1884/597/414 1917/598/417
f 1888/616/424 1890/616/493 1915/599/410 1916/599/416
f 1898/614/422 1876/613/419 1914/615/420
f 1894/597/408 1896/617/421 1913/598/409
f 1880/614/412 1882/617/423 1917/598/417 1918/615/413
f 1886/596/415 1888/616/424 1916/599/416
f 1912/618/38 1913/619/38 1914/620/38
f 1912/618/38 1915/621/38 1913/619/38
f 1912/618/38 1916/621/38 1915/621/38
f 1912/618/38 1917/619/38 1916/621/38
f 1912/618/38 1918/620/38 1917/619/38
f 1912/618/38 1914/620/38 1918/620/38
f 1920/622/425 1921/622/425 1922/623/425 1919/623/425
f 1921/622/17 1923/624/17 1924/625/17 1922/623/17
f 1923/624/266 1925/624/266 1926/625/266 1924/625/266
f 1925/624/9 1920/622/9 1919/623/9 1926/625/9
f 1817/484/18 1816/484/18 1919/487/18 1922/487/18
f 1935/626/426 1936/627/1 1932/628/427
f 1932/629/428 1931/629/428 1939/630/428 1940/630/428
f 1929/631/19 1936/627/19 1933/627/19 1927/631/19
f 1928/632/18 1931/628/18 1932/628/18 1930/632/18
f 1931/628/429 1934/626/430 1937/633/431 1939/634/431
f 1932/628/427 1940/634/432 1938/633/432 1935/626/426
f 1930/632/1 1932/628/427 1936/627/1 1929/631/1
f 1933/635/433 1936/635/433 1935/636/434 1934/636/434
f 1933/627/37 1934/626/430 1931/628/429
f 1949/637/435 1950/638/18 1946/639/436
f 1927/631/37 1933/627/37 1931/628/429 1928/632/37
f 1939/634/18 1937/633/18 1938/633/18 1940/634/18
f 1935/636/434 1938/640/437 1937/640/437 1934/636/434
f 1946/641/438 1945/642/438 1953/643/438 1954/644/438
f 1943/645/1 1950/638/1 1947/646/1 1941/647/1
f 1942/647/37 1945/648/37 1946/639/37 1944/645/37
f 1945/648/439 1948/649/440 1951/650/441 1953/651/441
f 1946/639/436 1954/652/494 1952/653/494 1949/637/435
f 1944/645/18 1946/639/436 1950/638/18 1943/645/18
f 1947/654/443 1950/655/443 1949/656/444 1948/657/444
f 1947/646/19 1948/649/440 1945/648/439
f 1963/658/445 1964/659/37 1960/660/446
f 1941/647/19 1947/646/19 1945/648/439 1942/647/19
f 1953/651/37 1951/650/37 1952/653/37 1954/652/37
f 1949/656/444 1952/661/447 1951/662/447 1948/657/444
f 1960/663/448 1959/663/448 1967/664/448 1968/665/448
f 1957/666/18 1964/659/18 1961/667/18 1955/668/18
f 1956/669/19 1959/660/19 1960/660/19 1958/669/19
f 1959/660/449 1962/658/450 1965/670/451 1967/671/451
f 1960/660/446 1968/672/452 1966/673/452 1963/658/445
f 1958/669/37 1960/660/446 1964/659/37 1957/666/37
f 1961/674/453 1964/675/453 1963/676/454 1962/676/454
f 1961/667/1 1962/658/450 1959/660/449
f 1977/677/455 1978/678/19 1974/679/456
f 1955/668/1 1961/667/1 1959/660/449 1956/669/1
f 1967/671/19 1965/670/19 1966/673/19 1968/672/19
f 1963/676/454 1966/680/457 1965/681/457 1962/676/454
f 1974/682/458 1973/683/458 1981/684/458 1982/685/458
f 1971/686/37 1978/678/37 1975/687/37 1969/688/37
f 1970/688/1 1973/689/1 1974/679/1 1972/686/1
f 1973/689/459 1976/690/495 1979/691/461 1981/692/461
f 1974/679/456 1982/693/462 1980/694/462 1977/677/455
f 1972/686/19 1974/679/456 1978/678/19 1971/686/19
f 1975/695/463 1978/696/463 1977/697/464 1976/698/464
f 1975/687/18 1976/690/495 1973/689/459
f 1969/688/18 1975/687/18 1973/689/459 1970/688/18
f 1981/692/1 1979/691/1 1980/694/1 1982/693/1
f 1977/697/464 1980/699/465 1979/700/465 1976/698/464
f 1983/701/466 1984/702/466 1985/701/466
f 1985/701/467 1984/702/467 1987/703/467 1988/704/467
f 1988/704/468 1987/703/468 1986/704/468
f 1986/705/469 1987/706/469 1984/707/469 1983/708/469
f 1989/701/466 1990/702/466 1991/701/466
f 1991/701/467 1990/702/467 1993/703/467 1994/704/467
f 1994/704/468 1993/703/468 1992/704/468
f 1992/705/469 1993/706/469 1990/707/469 1989/708/469
f 1995/701/466 1996/702/466 1997/701/466
f 1997/701/467 1996/702/467 1999/703/467 2000/704/467
f 2000/704/468 1999/703/468 1998/704/468
f 1998/705/469 1999/706/469 1996/707/469 1995/708/469
f 2001/709/466 2002/710/466 2003/709/466
f 2003/709/467 2002/710/467 2005/711/467 2006/712/467
f 2006/712/468 2005/711/468 2004/712/468
f 2004/713/469 2005/714/469 2002/715/469 2001/716/469
f 2007/709/466 2008/710/466 2009/709/466
f 2009/709/467 2008/710/467 2011/711/467 2012/712/467
f 2012/712/468 2011/711/468 2010/712/468
f 2010/713/469 2011/714/469 2008/715/469 2007/716/469
f 2013/709/466 2014/710/466 2015/709/466
f 2015/709/467 2014/710/467 2017/711/467 2018/712/467
f 2018/712/468 2017/711/468 2016/712/468
f 2016/713/469 2017/714/469 2014/715/469 2013/716/469
usemtl restaurant.033
f 2019/717/1 2020/718/1 2022/719/1 2021/720/1
f 2021/720/19 2022/719/19 2026/721/19 2025/722/19
f 2025/722/37 2026/721/37 2024/723/37 2023/724/37
f 2023/724/18 2024/723/18 2020/718/18 2019/717/18
f 2021/725/39 2025/726/39 2023/727/39 2019/728/39
f 2024/729/37 2026/730/37 2029/731/37 2030/732/37
f 2029/733/38 2028/734/38 2027/735/38 2030/736/38
f 2022/737/1 2020/738/1 2027/739/1 2028/740/1
f 2026/730/19 2022/737/19 2028/740/19 2029/731/19
f 2036/741/496 2033/742/496 2031/743/497 2032/744/497
f 2030/745/425 2027/746/425 2032/747/497 2031/748/497
f 2024/729/37 2030/732/37 2034/729/37
f 2033/749/496 2036/750/496 2035/751/498 2034/752/498
f 2020/753/39 2024/754/39 2034/754/498 2035/753/498
f 2035/738/1 2036/741/1 2032/744/1 2027/739/1
f 2049/755/225 2051/756/244 2040/757/18 2038/758/18
f 2039/759/220 2042/760/221 2045/760/1 2044/759/499
f 2053/761/37 2056/762/37 2052/762/37 2048/761/37
f 2037/763/228 2038/764/500 2039/765/220
f 2040/766/501 2041/767/230 2042/768/221
f 2047/769/224 2048/770/502 2049/771/225
f 2050/772/226 2051/773/244 2052/774/503
f 2043/775/504 2037/775/228 2039/776/220 2044/776/499
f 2038/758/500 2040/757/501 2042/777/221 2039/778/220
f 2041/779/230 2046/779/17 2045/780/17 2042/780/221
f 2047/781/224 2054/781/505 2053/782/8 2048/782/502
f 2055/783/9 2050/783/226 2052/784/503 2056/784/9
f 2051/756/244 2049/755/225 2048/785/502 2052/786/503
f 2037/763/228 2047/769/224 2049/771/225 2038/764/500
f 2050/772/226 2041/767/230 2040/766/501 2051/773/244
f 2043/775/504 2054/781/505 2047/781/224 2037/775/228
f 2066/787/225 2068/788/244 2059/789/18 2057/790/229
f 2071/791/506 2064/792/507 2060/792/508 2067/791/509
f 2058/793/220 2061/794/221 2063/794/1 2062/793/499
f 2070/795/510 2072/796/37 2069/796/37 2065/795/219
f 2041/797/246 2057/798/229 2058/799/220
f 2059/800/501 2060/801/508 2061/802/221
f 2050/803/245 2065/804/219 2066/805/225
f 2067/806/509 2068/807/244 2069/808/503
f 2046/809/16 2041/810/246 2058/811/220 2062/811/499
f 2057/790/229 2059/789/501 2061/812/221 2058/813/220
f 2060/792/508 2064/792/507 2063/814/17 2061/814/221
f 2050/815/245 2055/816/8 2070/817/510 2065/817/219
f 2071/791/506 2067/791/509 2069/818/503 2072/818/9
f 2068/788/244 2066/787/225 2065/819/219 2069/820/503
f 2041/797/246 2050/803/245 2066/805/225 2057/798/229
f 2067/806/509 2060/801/508 2059/800/501 2068/807/244
f 2030/732/37 2031/743/37 2033/742/37 2034/729/37
f 2020/738/1 2035/738/1 2027/739/1
f 2094/821/511 2096/822/512 2073/823/18
f 2095/824/513 2080/825/513 2079/826/514 2093/827/514
f 2085/828/515 2075/829/515 2074/830/516 2083/831/516
f 2089/832/517 2077/833/517 2076/834/518 2087/835/518
f 2079/836/519 2092/837/519 2090/838/520 2078/839/520
f 2081/840/521 2096/822/521 2094/821/522 2080/841/522
f 2076/842/523 2086/843/523 2084/844/524 2075/845/524
f 2074/846/525 2082/847/525 2096/822/521 2081/840/521
f 2075/845/524 2084/844/524 2082/847/525 2074/846/525
f 2077/848/526 2088/849/526 2086/843/523 2076/842/523
f 2097/850/527 2081/851/527 2080/825/513 2095/824/513
f 2096/822/512 2082/847/528 2073/823/18
f 2091/852/529 2078/853/529 2077/833/517 2089/832/517
f 2078/839/520 2090/838/520 2088/849/526 2077/848/526
f 2083/831/516 2074/830/516 2081/851/527 2097/850/527
f 2090/838/530 2092/837/531 2073/823/18
f 2080/841/522 2094/821/522 2092/837/519 2079/836/519
f 2087/835/518 2076/834/518 2075/829/515 2085/828/515
f 2093/827/514 2079/826/514 2078/853/529 2091/852/529
f 2086/843/532 2088/849/533 2073/823/18
f 2084/844/534 2086/843/532 2073/823/18
f 2088/849/533 2090/838/530 2073/823/18
f 2082/847/528 2084/844/534 2073/823/18
f 2092/837/531 2094/821/511 2073/823/18
f 2119/821/511 2121/822/512 2098/823/18
f 2120/824/513 2105/825/513 2104/826/514 2118/827/514
f 2110/828/515 2100/829/515 2099/830/516 2108/831/516
f 2114/832/517 2102/833/517 2101/834/518 2112/835/518
f 2104/836/519 2117/837/519 2115/838/520 2103/839/520
f 2106/840/521 2121/822/521 2119/821/522 2105/841/522
f 2101/842/523 2111/843/523 2109/844/524 2100/845/524
f 2099/846/525 2107/847/525 2121/822/521 2106/840/521
f 2100/845/524 2109/844/524 2107/847/525 2099/846/525
f 2102/848/526 2113/849/526 2111/843/523 2101/842/523
f 2122/850/527 2106/851/527 2105/825/513 2120/824/513
f 2121/822/512 2107/847/528 2098/823/18
f 2116/852/529 2103/853/529 2102/833/517 2114/832/517
f 2103/839/520 2115/838/520 2113/849/526 2102/848/526
f 2108/831/516 2099/830/516 2106/851/527 2122/850/527
f 2115/838/530 2117/837/531 2098/823/18
f 2105/841/522 2119/821/522 2117/837/519 2104/836/519
f 2112/835/518 2101/834/518 2100/829/515 2110/828/515
f 2118/827/514 2104/826/514 2103/853/529 2116/852/529
f 2111/843/532 2113/849/533 2098/823/18
f 2109/844/534 2111/843/532 2098/823/18
f 2113/849/533 2115/838/530 2098/823/18
f 2107/847/528 2109/844/534 2098/823/18
f 2117/837/531 2119/821/511 2098/823/18
f 2123/717/37 2124/718/37 2126/719/37 2125/720/37
f 2125/720/18 2126/719/18 2130/721/18 2129/722/18
f 2129/722/1 2130/721/1 2128/723/1 2127/724/1
f 2127/724/19 2128/723/19 2124/718/19 2123/717/19
f 2125/725/39 2129/726/39 2127/727/39 2123/728/39
f 2128/729/1 2130/730/1 2133/731/1 2134/732/1
f 2133/733/38 2132/734/38 2131/735/38 2134/736/38
f 2126/737/37 2124/738/37 2131/739/37 2132/740/37
f 2130/730/18 2126/737/18 2132/740/18 2133/731/18
f 2140/741/535 2137/742/535 2135/743/536 2136/744/536
f 2134/745/266 2131/746/266 2136/747/536 2135/748/536
f 2128/729/1 2134/732/1 2138/729/1
f 2137/749/535 2140/750/535 2139/751/537 2138/752/537
f 2124/753/39 2128/754/39 2138/754/537 2139/753/537
f 2139/738/37 2140/741/37 2136/744/37 2131/739/37
f 2153/755/240 2155/756/241 2144/757/19 2142/758/19
f 2143/759/216 2146/760/217 2149/760/37 2148/759/510
f 2157/761/1 2160/762/1 2156/762/1 2152/761/1
f 2141/763/232 2142/764/233 2143/765/216
f 2144/766/235 2145/767/234 2146/768/217
f 2151/769/236 2152/770/538 2153/771/240
f 2154/772/238 2155/773/241 2156/774/539
f 2147/775/505 2141/775/232 2143/776/216 2148/776/510
f 2142/758/233 2144/757/235 2146/777/217 2143/778/216
f 2145/779/234 2150/779/9 2149/780/9 2146/780/217
f 2151/781/236 2158/781/504 2157/782/16 2152/782/538
f 2159/783/17 2154/783/238 2156/784/539 2160/784/17
f 2155/756/241 2153/755/240 2152/785/538 2156/786/539
f 2141/763/232 2151/769/236 2153/771/240 2142/764/233
f 2154/772/238 2145/767/234 2144/766/235 2155/773/241
f 2147/775/505 2158/781/504 2151/781/236 2141/775/232
f 2170/787/240 2172/788/241 2163/789/19 2161/790/243
f 2175/791/507 2168/792/506 2164/792/540 2171/791/541
f 2162/793/216 2165/794/217 2167/794/37 2166/793/510
f 2174/795/499 2176/796/1 2173/796/1 2169/795/223
f 2145/797/247 2161/798/243 2162/799/216
f 2163/800/235 2164/801/540 2165/802/217
f 2154/803/248 2169/804/223 2170/805/240
f 2171/806/541 2172/807/241 2173/808/539
f 2150/809/8 2145/810/247 2162/811/216 2166/811/510
f 2161/790/243 2163/789/235 2165/812/217 2162/813/216
f 2164/792/540 2168/792/506 2167/814/9 2165/814/217
f 2154/815/248 2159/816/16 2174/817/499 2169/817/223
f 2175/791/507 2171/791/541 2173/818/539 2176/818/17
f 2172/788/241 2170/787/240 2169/819/223 2173/820/539
f 2145/797/247 2154/803/248 2170/805/240 2161/798/243
f 2171/806/541 2164/801/540 2163/800/235 2172/807/241
f 2134/732/1 2135/743/1 2137/742/1 2138/729/1
f 2124/738/37 2139/738/37 2131/739/37
f 2198/821/542 2200/822/543 2177/823/19
f 2199/824/544 2184/825/544 2183/826/524 2197/827/524
f 2189/828/519 2179/829/519 2178/830/522 2187/831/522
f 2193/832/526 2181/833/526 2180/834/520 2191/835/520
f 2183/836/515 2196/837/515 2194/838/518 2182/839/518
f 2185/840/527 2200/822/527 2198/821/545 2184/841/545
f 2180/842/529 2190/843/529 2188/844/546 2179/845/546
f 2178/846/547 2186/847/547 2200/822/527 2185/840/527
f 2179/845/546 2188/844/546 2186/847/547 2178/846/547
f 2181/848/517 2192/849/517 2190/843/529 2180/842/529
f 2201/850/521 2185/851/521 2184/825/544 2199/824/544
f 2200/822/543 2186/847/548 2177/823/19
f 2195/852/523 2182/853/523 2181/833/526 2193/832/526
f 2182/839/518 2194/838/518 2192/849/517 2181/848/517
f 2187/831/522 2178/830/522 2185/851/521 2201/850/521
f 2194/838/549 2196/837/550 2177/823/19
f 2184/841/545 2198/821/545 2196/837/515 2183/836/515
f 2191/835/520 2180/834/520 2179/829/519 2189/828/519
f 2197/827/524 2183/826/524 2182/853/523 2195/852/523
f 2190/843/551 2192/849/552 2177/823/19
f 2188/844/553 2190/843/551 2177/823/19
f 2192/849/552 2194/838/549 2177/823/19
f 2186/847/548 2188/844/553 2177/823/19
f 2196/837/550 2198/821/542 2177/823/19
f 2223/821/542 2225/822/543 2202/823/19
f 2224/824/544 2209/825/544 2208/826/524 2222/827/524
f 2214/828/519 2204/829/519 2203/830/522 2212/831/522
f 2218/832/526 2206/833/526 2205/834/520 2216/835/520
f 2208/836/515 2221/837/515 2219/838/518 2207/839/518
f 2210/840/527 2225/822/527 2223/821/545 2209/841/545
f 2205/842/529 2215/843/529 2213/844/546 2204/845/546
f 2203/846/547 2211/847/547 2225/822/527 2210/840/527
f 2204/845/546 2213/844/546 2211/847/547 2203/846/547
f 2206/848/517 2217/849/517 2215/843/529 2205/842/529
f 2226/850/521 2210/851/521 2209/825/544 2224/824/544
f 2225/822/543 2211/847/548 2202/823/19
f 2220/852/523 2207/853/523 2206/833/526 2218/832/526
f 2207/839/518 2219/838/518 2217/849/517 2206/848/517
f 2212/831/522 2203/830/522 2210/851/521 2226/850/521
f 2219/838/549 2221/837/550 2202/823/19
f 2209/841/545 2223/821/545 2221/837/515 2208/836/515
f 2216/835/520 2205/834/520 2204/829/519 2214/828/519
f 2222/827/524 2208/826/524 2207/853/523 2220/852/523
f 2215/843/551 2217/849/552 2202/823/19
f 2213/844/553 2215/843/551 2202/823/19
f 2217/849/552 2219/838/549 2202/823/19
f 2211/847/548 2213/844/553 2202/823/19
f 2221/837/550 2223/821/542 2202/823/19
f 2227/717/18 2228/718/18 2230/719/18 2229/720/18
f 2229/720/1 2230/719/1 2234/721/1 2233/722/1
f 2233/722/19 2234/721/19 2232/723/19 2231/724/19
f 2231/724/37 2232/723/37 2228/718/37 2227/717/37
f 2229/725/39 2233/726/39 2231/727/39 2227/728/39
f 2232/729/19 2234/730/19 2237/731/19 2238/732/19
f 2237/733/38 2236/734/38 2235/735/38 2238/736/38
f 2230/737/18 2228/738/18 2235/739/18 2236/740/18
f 2234/730/1 2230/737/1 2236/740/1 2237/731/1
f 2244/741/510 2241/742/510 2239/743/554 2240/744/554
f 2238/745/9 2235/746/9 2240/747/554 2239/748/554
f 2232/729/19 2238/732/19 2242/729/19
f 2241/749/510 2244/750/510 2243/751/505 2242/752/505
f 2228/753/39 2232/754/39 2242/754/505 2243/753/505
f 2243/738/18 2244/741/18 2240/744/18 2235/739/18
f 2257/755/216 2259/756/217 2248/757/37 2246/758/37
f 2247/759/225 2250/760/244 2253/760/18 2252/759/496
f 2261/761/19 2264/762/19 2260/762/19 2256/761/19
f 2245/763/224 2246/764/502 2247/765/225
f 2248/766/503 2249/767/226 2250/768/244
f 2255/769/232 2256/770/233 2257/771/216
f 2258/772/234 2259/773/217 2260/774/235
f 2251/775/498 2245/775/224 2247/776/225 2252/776/496
f 2246/758/502 2248/757/503 2250/777/244 2247/778/225
f 2249/779/226 2254/779/425 2253/780/425 2250/780/244
f 2255/781/232 2262/781/537 2261/782/267 2256/782/233
f 2263/783/266 2258/783/234 2260/784/235 2264/784/266
f 2259/756/217 2257/755/216 2256/785/233 2260/786/235
f 2245/763/224 2255/769/232 2257/771/216 2246/764/502
f 2258/772/234 2249/767/226 2248/766/503 2259/773/217
f 2251/775/498 2262/781/537 2255/781/232 2245/775/224
f 2274/787/216 2276/788/217 2267/789/37 2265/790/219
f 2279/791/555 2272/792/556 2268/792/509 2275/791/540
f 2266/793/225 2269/794/244 2271/794/18 2270/793/496
f 2278/795/535 2280/796/19 2277/796/19 2273/795/243
f 2249/797/245 2265/798/219 2266/799/225
f 2267/800/503 2268/801/509 2269/802/244
f 2258/803/247 2273/804/243 2274/805/216
f 2275/806/540 2276/807/217 2277/808/235
f 2254/809/557 2249/810/245 2266/811/225 2270/811/496
f 2265/790/219 2267/789/503 2269/812/244 2266/813/225
f 2268/792/509 2272/792/556 2271/814/425 2269/814/244
f 2258/815/247 2263/816/267 2278/817/535 2273/817/243
f 2279/791/555 2275/791/540 2277/818/235 2280/818/266
f 2276/788/217 2274/787/216 2273/819/243 2277/820/235
f 2249/797/245 2258/803/247 2274/805/216 2265/798/219
f 2275/806/540 2268/801/509 2267/800/503 2276/807/217
f 2238/732/19 2239/743/19 2241/742/19 2242/729/19
f 2228/738/18 2243/738/18 2235/739/18
f 2302/821/558 2304/822/559 2281/823/37
f 2303/824/560 2288/825/560 2287/826/561 2301/827/561
f 2293/828/562 2283/829/562 2282/830/563 2291/831/563
f 2297/832/564 2285/833/564 2284/834/565 2295/835/565
f 2287/836/566 2300/837/566 2298/838/567 2286/839/567
f 2289/840/568 2304/822/568 2302/821/569 2288/841/569
f 2284/842/570 2294/843/570 2292/844/571 2283/845/571
f 2282/846/572 2290/847/572 2304/822/568 2289/840/568
f 2283/845/571 2292/844/571 2290/847/572 2282/846/572
f 2285/848/573 2296/849/573 2294/843/570 2284/842/570
f 2305/850/574 2289/851/574 2288/825/560 2303/824/560
f 2304/822/559 2290/847/575 2281/823/37
f 2299/852/576 2286/853/576 2285/833/564 2297/832/564
f 2286/839/567 2298/838/567 2296/849/573 2285/848/573
f 2291/831/563 2282/830/563 2289/851/574 2305/850/574
f 2298/838/577 2300/837/578 2281/823/37
f 2288/841/569 2302/821/569 2300/837/566 2287/836/566
f 2295/835/565 2284/834/565 2283/829/562 2293/828/562
f 2301/827/561 2287/826/561 2286/853/576 2299/852/576
f 2294/843/579 2296/849/580 2281/823/37
f 2292/844/581 2294/843/579 2281/823/37
f 2296/849/580 2298/838/577 2281/823/37
f 2290/847/575 2292/844/581 2281/823/37
f 2300/837/578 2302/821/558 2281/823/37
f 2327/821/558 2329/822/559 2306/823/37
f 2328/824/560 2313/825/560 2312/826/561 2326/827/561
f 2318/828/562 2308/829/562 2307/830/563 2316/831/563
f 2322/832/564 2310/833/564 2309/834/565 2320/835/565
f 2312/836/566 2325/837/566 2323/838/567 2311/839/567
f 2314/840/568 2329/822/568 2327/821/569 2313/841/569
f 2309/842/570 2319/843/570 2317/844/571 2308/845/571
f 2307/846/572 2315/847/572 2329/822/568 2314/840/568
f 2308/845/571 2317/844/571 2315/847/572 2307/846/572
f 2310/848/573 2321/849/573 2319/843/570 2309/842/570
f 2330/850/574 2314/851/574 2313/825/560 2328/824/560
f 2329/822/559 2315/847/575 2306/823/37
f 2324/852/576 2311/853/576 2310/833/564 2322/832/564
f 2311/839/567 2323/838/567 2321/849/573 2310/848/573
f 2316/831/563 2307/830/563 2314/851/574 2330/850/574
f 2323/838/577 2325/837/578 2306/823/37
f 2313/841/569 2327/821/569 2325/837/566 2312/836/566
f 2320/835/565 2309/834/565 2308/829/562 2318/828/562
f 2326/827/561 2312/826/561 2311/853/576 2324/852/576
f 2319/843/579 2321/849/580 2306/823/37
f 2317/844/581 2319/843/579 2306/823/37
f 2321/849/580 2323/838/577 2306/823/37
f 2315/847/575 2317/844/581 2306/823/37
f 2325/837/578 2327/821/558 2306/823/37
f 2331/717/18 2332/718/18 2334/719/18 2333/720/18
f 2333/720/1 2334/719/1 2338/721/1 2337/722/1
f 2337/722/19 2338/721/19 2336/723/19 2335/724/19
f 2335/724/37 2336/723/37 2332/718/37 2331/717/37
f 2333/725/39 2337/726/39 2335/727/39 2331/728/39
f 2336/729/19 2338/730/19 2341/731/19 2342/732/19
f 2341/733/38 2340/734/38 2339/735/38 2342/736/38
f 2334/737/18 2332/738/18 2339/739/18 2340/740/18
f 2338/730/1 2334/737/1 2340/740/1 2341/731/1
f 2348/741/510 2345/742/510 2343/743/554 2344/744/554
f 2342/745/9 2339/746/9 2344/747/554 2343/748/554
f 2336/729/19 2342/732/19 2346/729/19
f 2345/749/510 2348/750/510 2347/751/505 2346/752/505
f 2332/753/39 2336/754/39 2346/754/505 2347/753/505
f 2347/738/18 2348/741/18 2344/744/18 2339/739/18
f 2361/755/216 2363/756/217 2352/757/37 2350/758/37
f 2351/759/225 2354/760/244 2357/760/18 2356/759/496
f 2365/761/19 2368/762/19 2364/762/19 2360/761/19
f 2349/763/224 2350/764/502 2351/765/225
f 2352/766/503 2353/767/226 2354/768/244
f 2359/769/232 2360/770/233 2361/771/216
f 2362/772/234 2363/773/217 2364/774/235
f 2355/775/498 2349/775/224 2351/776/225 2356/776/496
f 2350/758/502 2352/757/503 2354/777/244 2351/778/225
f 2353/779/226 2358/779/425 2357/780/425 2354/780/244
f 2359/781/232 2366/781/537 2365/782/267 2360/782/233
f 2367/783/266 2362/783/234 2364/784/235 2368/784/266
f 2363/756/217 2361/755/216 2360/785/233 2364/786/235
f 2349/763/224 2359/769/232 2361/771/216 2350/764/502
f 2362/772/234 2353/767/226 2352/766/503 2363/773/217
f 2355/775/498 2366/781/537 2359/781/232 2349/775/224
f 2378/787/216 2380/788/217 2371/789/37 2369/790/219
f 2383/791/555 2376/792/556 2372/792/509 2379/791/540
f 2370/793/225 2373/794/244 2375/794/18 2374/793/496
f 2382/795/535 2384/796/19 2381/796/19 2377/795/243
f 2353/797/245 2369/798/219 2370/799/225
f 2371/800/503 2372/801/509 2373/802/244
f 2362/803/247 2377/804/243 2378/805/216
f 2379/806/540 2380/807/217 2381/808/235
f 2358/809/557 2353/810/245 2370/811/225 2374/811/496
f 2369/790/219 2371/789/503 2373/812/244 2370/813/225
f 2372/792/509 2376/792/556 2375/814/425 2373/814/244
f 2362/815/247 2367/816/267 2382/817/535 2377/817/243
f 2383/791/555 2379/791/540 2381/818/235 2384/818/266
f 2380/788/217 2378/787/216 2377/819/243 2381/820/235
f 2353/797/245 2362/803/247 2378/805/216 2369/798/219
f 2379/806/540 2372/801/509 2371/800/503 2380/807/217
f 2342/732/19 2343/743/19 2345/742/19 2346/729/19
f 2332/738/18 2347/738/18 2339/739/18
f 2406/821/558 2408/822/559 2385/823/37
f 2407/824/560 2392/825/560 2391/826/561 2405/827/561
f 2397/828/562 2387/829/562 2386/830/563 2395/831/563
f 2401/832/564 2389/833/564 2388/834/565 2399/835/565
f 2391/836/566 2404/837/566 2402/838/567 2390/839/567
f 2393/840/568 2408/822/568 2406/821/569 2392/841/569
f 2388/842/570 2398/843/570 2396/844/571 2387/845/571
f 2386/846/572 2394/847/572 2408/822/568 2393/840/568
f 2387/845/571 2396/844/571 2394/847/572 2386/846/572
f 2389/848/573 2400/849/573 2398/843/570 2388/842/570
f 2409/850/574 2393/851/574 2392/825/560 2407/824/560
f 2408/822/559 2394/847/575 2385/823/37
f 2403/852/576 2390/853/576 2389/833/564 2401/832/564
f 2390/839/567 2402/838/567 2400/849/573 2389/848/573
f 2395/831/563 2386/830/563 2393/851/574 2409/850/574
f 2402/838/577 2404/837/578 2385/823/37
f 2392/841/569 2406/821/569 2404/837/566 2391/836/566
f 2399/835/565 2388/834/565 2387/829/562 2397/828/562
f 2405/827/561 2391/826/561 2390/853/576 2403/852/576
f 2398/843/579 2400/849/580 2385/823/37
f 2396/844/581 2398/843/579 2385/823/37
f 2400/849/580 2402/838/577 2385/823/37
f 2394/847/575 2396/844/581 2385/823/37
f 2404/837/578 2406/821/558 2385/823/37
f 2431/821/558 2433/822/559 2410/823/37
f 2432/824/560 2417/825/560 2416/826/561 2430/827/561
f 2422/828/562 2412/829/562 2411/830/563 2420/831/563
f 2426/832/564 2414/833/564 2413/834/565 2424/835/565
f 2416/836/566 2429/837/566 2427/838/567 2415/839/567
f 2418/840/568 2433/822/568 2431/821/569 2417/841/569
f 2413/842/570 2423/843/570 2421/844/571 2412/845/571
f 2411/846/572 2419/847/572 2433/822/568 2418/840/568
f 2412/845/571 2421/844/571 2419/847/572 2411/846/572
f 2414/848/573 2425/849/573 2423/843/570 2413/842/570
f 2434/850/574 2418/851/574 2417/825/560 2432/824/560
f 2433/822/559 2419/847/575 2410/823/37
f 2428/852/576 2415/853/576 2414/833/564 2426/832/564
f 2415/839/567 2427/838/567 2425/849/573 2414/848/573
f 2420/831/563 2411/830/563 2418/851/574 2434/850/574
f 2427/838/577 2429/837/578 2410/823/37
f 2417/841/569 2431/821/569 2429/837/566 2416/836/566
f 2424/835/565 2413/834/565 2412/829/562 2422/828/562
f 2430/827/561 2416/826/561 2415/853/576 2428/852/576
f 2423/843/579 2425/849/580 2410/823/37
f 2421/844/581 2423/843/579 2410/823/37
f 2425/849/580 2427/838/577 2410/823/37
f 2419/847/575 2421/844/581 2410/823/37
f 2429/837/578 2431/821/558 2410/823/37
f 2435/717/18 2436/718/18 2438/719/18 2437/720/18
f 2437/720/1 2438/719/1 2442/721/1 2441/722/1
f 2441/722/19 2442/721/19 2440/723/19 2439/724/19
f 2439/724/37 2440/723/37 2436/718/37 2435/717/37
f 2437/725/39 2441/726/39 2439/727/39 2435/728/39
f 2440/729/19 2442/730/19 2445/731/19 2446/732/19
f 2445/733/38 2444/734/38 2443/735/38 2446/736/38
f 2438/737/18 2436/738/18 2443/739/18 2444/740/18
f 2442/730/1 2438/737/1 2444/740/1 2445/731/1
f 2452/741/510 2449/742/510 2447/743/554 2448/744/554
f 2446/745/9 2443/746/9 2448/747/554 2447/748/554
f 2440/729/19 2446/732/19 2450/729/19
f 2449/749/510 2452/750/510 2451/751/505 2450/752/505
f 2436/753/39 2440/754/39 2450/754/505 2451/753/505
f 2451/738/18 2452/741/18 2448/744/18 2443/739/18
f 2465/755/216 2467/756/217 2456/757/37 2454/758/37
f 2455/759/225 2458/760/244 2461/760/18 2460/759/496
f 2469/761/19 2472/762/19 2468/762/19 2464/761/19
f 2453/763/224 2454/764/502 2455/765/225
f 2456/766/503 2457/767/226 2458/768/244
f 2463/769/232 2464/770/233 2465/771/216
f 2466/772/234 2467/773/217 2468/774/235
f 2459/775/498 2453/775/224 2455/776/225 2460/776/496
f 2454/758/502 2456/757/503 2458/777/244 2455/778/225
f 2457/779/226 2462/779/425 2461/780/425 2458/780/244
f 2463/781/232 2470/781/537 2469/782/267 2464/782/233
f 2471/783/266 2466/783/234 2468/784/235 2472/784/266
f 2467/756/217 2465/755/216 2464/785/233 2468/786/235
f 2453/763/224 2463/769/232 2465/771/216 2454/764/502
f 2466/772/234 2457/767/226 2456/766/503 2467/773/217
f 2459/775/498 2470/781/537 2463/781/232 2453/775/224
f 2482/787/216 2484/788/217 2475/789/37 2473/790/219
f 2487/791/555 2480/792/556 2476/792/509 2483/791/540
f 2474/793/225 2477/794/244 2479/794/18 2478/793/496
f 2486/795/535 2488/796/19 2485/796/19 2481/795/243
f 2457/797/245 2473/798/219 2474/799/225
f 2475/800/503 2476/801/509 2477/802/244
f 2466/803/247 2481/804/243 2482/805/216
f 2483/806/540 2484/807/217 2485/808/235
f 2462/809/557 2457/810/245 2474/811/225 2478/811/496
f 2473/790/219 2475/789/503 2477/812/244 2474/813/225
f 2476/792/509 2480/792/556 2479/814/425 2477/814/244
f 2466/815/247 2471/816/267 2486/817/535 2481/817/243
f 2487/791/555 2483/791/540 2485/818/235 2488/818/266
f 2484/788/217 2482/787/216 2481/819/243 2485/820/235
f 2457/797/245 2466/803/247 2482/805/216 2473/798/219
f 2483/806/540 2476/801/509 2475/800/503 2484/807/217
f 2446/732/19 2447/743/19 2449/742/19 2450/729/19
f 2436/738/18 2451/738/18 2443/739/18
f 2510/821/558 2512/822/559 2489/823/37
f 2511/824/560 2496/825/560 2495/826/561 2509/827/561
f 2501/828/562 2491/829/562 2490/830/563 2499/831/563
f 2505/832/564 2493/833/564 2492/834/565 2503/835/565
f 2495/836/566 2508/837/566 2506/838/567 2494/839/567
f 2497/840/568 2512/822/568 2510/821/569 2496/841/569
f 2492/842/570 2502/843/570 2500/844/571 2491/845/571
f 2490/846/572 2498/847/572 2512/822/568 2497/840/568
f 2491/845/571 2500/844/571 2498/847/572 2490/846/572
f 2493/848/573 2504/849/573 2502/843/570 2492/842/570
f 2513/850/574 2497/851/574 2496/825/560 2511/824/560
f 2512/822/559 2498/847/575 2489/823/37
f 2507/852/576 2494/853/576 2493/833/564 2505/832/564
f 2494/839/567 2506/838/567 2504/849/573 2493/848/573
f 2499/831/563 2490/830/563 2497/851/574 2513/850/574
f 2506/838/582 2508/837/578 2489/823/37
f 2496/841/569 2510/821/569 2508/837/566 2495/836/566
f 2503/835/565 2492/834/565 2491/829/562 2501/828/562
f 2509/827/561 2495/826/561 2494/853/576 2507/852/576
f 2502/843/579 2504/849/580 2489/823/37
f 2500/844/581 2502/843/579 2489/823/37
f 2504/849/580 2506/838/582 2489/823/37
f 2498/847/575 2500/844/581 2489/823/37
f 2508/837/578 2510/821/558 2489/823/37
f 2535/821/558 2537/822/559 2514/823/37
f 2536/824/560 2521/825/560 2520/826/561 2534/827/561
f 2526/828/562 2516/829/562 2515/830/563 2524/831/563
f 2530/832/564 2518/833/564 2517/834/565 2528/835/565
f 2520/836/566 2533/837/566 2531/838/567 2519/839/567
f 2522/840/568 2537/822/568 2535/821/569 2521/841/569
f 2517/842/570 2527/843/570 2525/844/571 2516/845/571
f 2515/846/572 2523/847/572 2537/822/568 2522/840/568
f 2516/845/571 2525/844/571 2523/847/572 2515/846/572
f 2518/848/573 2529/849/573 2527/843/570 2517/842/570
f 2538/850/574 2522/851/574 2521/825/560 2536/824/560
f 2537/822/559 2523/847/575 2514/823/37
f 2532/852/576 2519/853/576 2518/833/564 2530/832/564
f 2519/839/567 2531/838/567 2529/849/573 2518/848/573
f 2524/831/563 2515/830/563 2522/851/574 2538/850/574
f 2531/838/582 2533/837/578 2514/823/37
f 2521/841/569 2535/821/569 2533/837/566 2520/836/566
f 2528/835/565 2517/834/565 2516/829/562 2526/828/562
f 2534/827/561 2520/826/561 2519/853/576 2532/852/576
f 2527/843/579 2529/849/580 2514/823/37
f 2525/844/581 2527/843/579 2514/823/37
f 2529/849/580 2531/838/582 2514/823/37
f 2523/847/575 2525/844/581 2514/823/37
f 2533/837/578 2535/821/558 2514/823/37
f 2539/717/18 2540/718/18 2542/719/18 2541/720/18
f 2541/720/1 2542/719/1 2546/721/1 2545/722/1
f 2545/722/19 2546/721/19 2544/723/19 2543/724/19
f 2543/724/37 2544/723/37 2540/718/37 2539/717/37
f 2541/725/39 2545/726/39 2543/727/39 2539/728/39
f 2544/729/19 2546/730/19 2549/731/19 2550/732/19
f 2549/733/38 2548/734/38 2547/735/38 2550/736/38
f 2542/737/18 2540/738/18 2547/739/18 2548/740/18
f 2546/730/1 2542/737/1 2548/740/1 2549/731/1
f 2556/741/510 2553/742/510 2551/743/554 2552/744/554
f 2550/745/9 2547/746/9 2552/747/554 2551/748/554
f 2544/729/19 2550/732/19 2554/729/19
f 2553/749/510 2556/750/510 2555/751/505 2554/752/505
f 2540/753/39 2544/754/39 2554/754/505 2555/753/505
f 2555/738/18 2556/741/18 2552/744/18 2547/739/18
f 2569/755/216 2571/756/217 2560/757/37 2558/758/37
f 2559/759/225 2562/760/244 2565/760/18 2564/759/496
f 2573/761/19 2576/762/19 2572/762/19 2568/761/19
f 2557/763/224 2558/764/502 2559/765/225
f 2560/766/503 2561/767/226 2562/768/244
f 2567/769/232 2568/770/233 2569/771/216
f 2570/772/234 2571/773/217 2572/774/235
f 2563/775/498 2557/775/224 2559/776/225 2564/776/496
f 2558/758/502 2560/757/503 2562/777/244 2559/778/225
f 2561/779/226 2566/779/425 2565/780/425 2562/780/244
f 2567/781/232 2574/781/537 2573/782/267 2568/782/233
f 2575/783/266 2570/783/234 2572/784/235 2576/784/266
f 2571/756/217 2569/755/216 2568/785/233 2572/786/235
f 2557/763/224 2567/769/232 2569/771/216 2558/764/502
f 2570/772/234 2561/767/226 2560/766/503 2571/773/217
f 2563/775/498 2574/781/537 2567/781/232 2557/775/224
f 2586/787/216 2588/788/217 2579/789/37 2577/790/219
f 2591/791/555 2584/792/556 2580/792/509 2587/791/540
f 2578/793/225 2581/794/244 2583/794/18 2582/793/496
f 2590/795/535 2592/796/19 2589/796/19 2585/795/243
f 2561/797/245 2577/798/219 2578/799/225
f 2579/800/503 2580/801/509 2581/802/244
f 2570/803/247 2585/804/243 2586/805/216
f 2587/806/540 2588/807/217 2589/808/235
f 2566/809/557 2561/810/245 2578/811/225 2582/811/496
f 2577/790/219 2579/789/503 2581/812/244 2578/813/225
f 2580/792/509 2584/792/556 2583/814/425 2581/814/244
f 2570/815/247 2575/816/267 2590/817/535 2585/817/243
f 2591/791/555 2587/791/540 2589/818/235 2592/818/266
f 2588/788/217 2586/787/216 2585/819/243 2589/820/235
f 2561/797/245 2570/803/247 2586/805/216 2577/798/219
f 2587/806/540 2580/801/509 2579/800/503 2588/807/217
f 2550/732/19 2551/743/19 2553/742/19 2554/729/19
f 2540/738/18 2555/738/18 2547/739/18
f 2614/821/558 2616/822/559 2593/823/37
f 2615/824/560 2600/825/560 2599/826/561 2613/827/561
f 2605/828/562 2595/829/562 2594/830/563 2603/831/563
f 2609/832/564 2597/833/564 2596/834/565 2607/835/565
f 2599/836/566 2612/837/566 2610/838/567 2598/839/567
f 2601/840/568 2616/822/568 2614/821/569 2600/841/569
f 2596/842/570 2606/843/570 2604/844/571 2595/845/571
f 2594/846/572 2602/847/572 2616/822/568 2601/840/568
f 2595/845/571 2604/844/571 2602/847/572 2594/846/572
f 2597/848/573 2608/849/573 2606/843/570 2596/842/570
f 2617/850/574 2601/851/574 2600/825/560 2615/824/560
f 2616/822/559 2602/847/575 2593/823/37
f 2611/852/576 2598/853/576 2597/833/564 2609/832/564
f 2598/839/567 2610/838/567 2608/849/573 2597/848/573
f 2603/831/563 2594/830/563 2601/851/574 2617/850/574
f 2610/838/582 2612/837/578 2593/823/37
f 2600/841/569 2614/821/569 2612/837/566 2599/836/566
f 2607/835/565 2596/834/565 2595/829/562 2605/828/562
f 2613/827/561 2599/826/561 2598/853/576 2611/852/576
f 2606/843/579 2608/849/580 2593/823/37
f 2604/844/581 2606/843/579 2593/823/37
f 2608/849/580 2610/838/582 2593/823/37
f 2602/847/575 2604/844/581 2593/823/37
f 2612/837/578 2614/821/558 2593/823/37
f 2639/821/558 2641/822/559 2618/823/37
f 2640/824/560 2625/825/560 2624/826/561 2638/827/561
f 2630/828/562 2620/829/562 2619/830/563 2628/831/563
f 2634/832/564 2622/833/564 2621/834/565 2632/835/565
f 2624/836/566 2637/837/566 2635/838/567 2623/839/567
f 2626/840/568 2641/822/568 2639/821/569 2625/841/569
f 2621/842/570 2631/843/570 2629/844/571 2620/845/571
f 2619/846/572 2627/847/572 2641/822/568 2626/840/568
f 2620/845/571 2629/844/571 2627/847/572 2619/846/572
f 2622/848/573 2633/849/573 2631/843/570 2621/842/570
f 2642/850/574 2626/851/574 2625/825/560 2640/824/560
f 2641/822/559 2627/847/575 2618/823/37
f 2636/852/576 2623/853/576 2622/833/564 2634/832/564
f 2623/839/567 2635/838/567 2633/849/573 2622/848/573
f 2628/831/563 2619/830/563 2626/851/574 2642/850/574
f 2635/838/577 2637/837/578 2618/823/37
f 2625/841/569 2639/821/569 2637/837/566 2624/836/566
f 2632/835/565 2621/834/565 2620/829/562 2630/828/562
f 2638/827/561 2624/826/561 2623/853/576 2636/852/576
f 2631/843/579 2633/849/580 2618/823/37
f 2629/844/581 2631/843/579 2618/823/37
f 2633/849/580 2635/838/577 2618/823/37
f 2627/847/575 2629/844/581 2618/823/37
f 2637/837/578 2639/821/558 2618/823/37
f 2643/717/1 2644/718/1 2646/719/1 2645/720/1
f 2645/720/19 2646/719/19 2650/721/19 2649/722/19
f 2649/722/37 2650/721/37 2648/723/37 2647/724/37
f 2647/724/18 2648/723/18 2644/718/18 2643/717/18
f 2645/725/39 2649/726/39 2647/727/39 2643/728/39
f 2648/729/37 2650/730/37 2653/731/37 2654/732/37
f 2653/733/38 2652/734/38 2651/735/38 2654/736/38
f 2646/737/1 2644/738/1 2651/739/1 2652/740/1
f 2650/730/19 2646/737/19 2652/740/19 2653/731/19
f 2660/741/496 2657/742/496 2655/743/497 2656/744/497
f 2654/745/425 2651/746/425 2656/747/497 2655/748/497
f 2648/729/37 2654/732/37 2658/729/37
f 2657/749/496 2660/750/496 2659/751/498 2658/752/498
f 2644/753/39 2648/754/39 2658/754/498 2659/753/498
f 2659/738/1 2660/741/1 2656/744/1 2651/739/1
f 2673/755/225 2675/756/244 2664/757/18 2662/758/18
f 2663/759/220 2666/760/221 2669/760/1 2668/759/499
f 2677/761/37 2680/762/37 2676/762/37 2672/761/37
f 2661/763/228 2662/764/500 2663/765/220
f 2664/766/501 2665/767/230 2666/768/221
f 2671/769/224 2672/770/502 2673/771/225
f 2674/772/226 2675/773/244 2676/774/503
f 2667/775/504 2661/775/228 2663/776/220 2668/776/499
f 2662/758/500 2664/757/501 2666/777/221 2663/778/220
f 2665/779/230 2670/779/17 2669/780/17 2666/780/221
f 2671/781/224 2678/781/505 2677/782/8 2672/782/502
f 2679/783/9 2674/783/226 2676/784/503 2680/784/9
f 2675/756/244 2673/755/225 2672/785/502 2676/786/503
f 2661/763/228 2671/769/224 2673/771/225 2662/764/500
f 2674/772/226 2665/767/230 2664/766/501 2675/773/244
f 2667/775/504 2678/781/505 2671/781/224 2661/775/228
f 2690/787/225 2692/788/244 2683/789/18 2681/790/229
f 2695/791/506 2688/792/507 2684/792/508 2691/791/509
f 2682/793/220 2685/794/221 2687/794/1 2686/793/499
f 2694/795/510 2696/796/37 2693/796/37 2689/795/219
f 2665/797/246 2681/798/229 2682/799/220
f 2683/800/501 2684/801/508 2685/802/221
f 2674/803/245 2689/804/219 2690/805/225
f 2691/806/509 2692/807/244 2693/808/503
f 2670/809/16 2665/810/246 2682/811/220 2686/811/499
f 2681/790/229 2683/789/501 2685/812/221 2682/813/220
f 2684/792/508 2688/792/507 2687/814/17 2685/814/221
f 2674/815/245 2679/816/8 2694/817/510 2689/817/219
f 2695/791/506 2691/791/509 2693/818/503 2696/818/9
f 2692/788/244 2690/787/225 2689/819/219 2693/820/503
f 2665/797/246 2674/803/245 2690/805/225 2681/798/229
f 2691/806/509 2684/801/508 2683/800/501 2692/807/244
f 2654/732/37 2655/743/37 2657/742/37 2658/729/37
f 2644/738/1 2659/738/1 2651/739/1
f 2718/821/511 2720/822/512 2697/823/18
f 2719/824/513 2704/825/513 2703/826/546 2717/827/546
f 2709/828/515 2699/829/515 2698/830/545 2707/831/545
f 2713/832/517 2701/833/517 2700/834/518 2711/835/518
f 2703/836/519 2716/837/519 2714/838/520 2702/839/520
f 2705/840/583 2720/822/583 2718/821/522 2704/841/522
f 2700/842/523 2710/843/523 2708/844/524 2699/845/524
f 2698/846/525 2706/847/525 2720/822/583 2705/840/583
f 2699/845/524 2708/844/524 2706/847/525 2698/846/525
f 2701/848/526 2712/849/526 2710/843/523 2700/842/523
f 2721/850/527 2705/851/527 2704/825/513 2719/824/513
f 2720/822/512 2706/847/528 2697/823/18
f 2715/852/529 2702/853/529 2701/833/517 2713/832/517
f 2702/839/520 2714/838/520 2712/849/526 2701/848/526
f 2707/831/545 2698/830/545 2705/851/527 2721/850/527
f 2714/838/530 2716/837/531 2697/823/18
f 2704/841/522 2718/821/522 2716/837/519 2703/836/519
f 2711/835/518 2700/834/518 2699/829/515 2709/828/515
f 2717/827/546 2703/826/546 2702/853/529 2715/852/529
f 2710/843/532 2712/849/533 2697/823/18
f 2708/844/534 2710/843/532 2697/823/18
f 2712/849/533 2714/838/530 2697/823/18
f 2706/847/528 2708/844/534 2697/823/18
f 2716/837/531 2718/821/511 2697/823/18
f 2743/821/511 2745/822/512 2722/823/18
f 2744/824/513 2729/825/513 2728/826/514 2742/827/514
f 2734/828/515 2724/829/515 2723/830/545 2732/831/545
f 2738/832/517 2726/833/517 2725/834/518 2736/835/518
f 2728/836/519 2741/837/519 2739/838/520 2727/839/520
f 2730/840/521 2745/822/521 2743/821/522 2729/841/522
f 2725/842/523 2735/843/523 2733/844/524 2724/845/524
f 2723/846/525 2731/847/525 2745/822/521 2730/840/521
f 2724/845/524 2733/844/524 2731/847/525 2723/846/525
f 2726/848/526 2737/849/526 2735/843/523 2725/842/523
f 2746/850/527 2730/851/527 2729/825/513 2744/824/513
f 2745/822/512 2731/847/528 2722/823/18
f 2740/852/529 2727/853/529 2726/833/517 2738/832/517
f 2727/839/520 2739/838/520 2737/849/526 2726/848/526
f 2732/831/545 2723/830/545 2730/851/527 2746/850/527
f 2739/838/530 2741/837/531 2722/823/18
f 2729/841/522 2743/821/522 2741/837/519 2728/836/519
f 2736/835/518 2725/834/518 2724/829/515 2734/828/515
f 2742/827/514 2728/826/514 2727/853/529 2740/852/529
f 2735/843/532 2737/849/533 2722/823/18
f 2733/844/534 2735/843/532 2722/823/18
f 2737/849/533 2739/838/530 2722/823/18
f 2731/847/528 2733/844/534 2722/823/18
f 2741/837/531 2743/821/511 2722/823/18
f 2747/717/1 2748/718/1 2750/719/1 2749/720/1
f 2749/720/19 2750/719/19 2754/721/19 2753/722/19
f 2753/722/37 2754/721/37 2752/723/37 2751/724/37
f 2751/724/18 2752/723/18 2748/718/18 2747/717/18
f 2749/725/39 2753/726/39 2751/727/39 2747/728/39
f 2752/729/37 2754/730/37 2757/731/37 2758/732/37
f 2757/733/38 2756/734/38 2755/735/38 2758/736/38
f 2750/737/1 2748/738/1 2755/739/1 2756/740/1
f 2754/730/19 2750/737/19 2756/740/19 2757/731/19
f 2764/741/496 2761/742/496 2759/743/497 2760/744/497
f 2758/745/425 2755/746/425 2760/747/497 2759/748/497
f 2752/729/37 2758/732/37 2762/729/37
f 2761/749/496 2764/750/496 2763/751/498 2762/752/498
f 2748/753/39 2752/754/39 2762/754/498 2763/753/498
f 2763/738/1 2764/741/1 2760/744/1 2755/739/1
f 2777/755/225 2779/756/244 2768/757/18 2766/758/18
f 2767/759/220 2770/760/221 2773/760/1 2772/759/499
f 2781/761/37 2784/762/37 2780/762/37 2776/761/37
f 2765/763/228 2766/764/500 2767/765/220
f 2768/766/501 2769/767/230 2770/768/221
f 2775/769/224 2776/770/502 2777/771/225
f 2778/772/226 2779/773/244 2780/774/503
f 2771/775/504 2765/775/228 2767/776/220 2772/776/499
f 2766/758/500 2768/757/501 2770/777/221 2767/778/220
f 2769/779/230 2774/779/17 2773/780/17 2770/780/221
f 2775/781/224 2782/781/505 2781/782/8 2776/782/502
f 2783/783/9 2778/783/226 2780/784/503 2784/784/9
f 2779/756/244 2777/755/225 2776/785/502 2780/786/503
f 2765/763/228 2775/769/224 2777/771/225 2766/764/500
f 2778/772/226 2769/767/230 2768/766/501 2779/773/244
f 2771/775/504 2782/781/505 2775/781/224 2765/775/228
f 2794/787/225 2796/788/244 2787/789/18 2785/790/229
f 2799/791/506 2792/792/507 2788/792/508 2795/791/509
f 2786/793/220 2789/794/221 2791/794/1 2790/793/499
f 2798/795/510 2800/796/37 2797/796/37 2793/795/219
f 2769/797/246 2785/798/229 2786/799/220
f 2787/800/501 2788/801/508 2789/802/221
f 2778/803/245 2793/804/219 2794/805/225
f 2795/806/509 2796/807/244 2797/808/503
f 2774/809/16 2769/810/246 2786/811/220 2790/811/499
f 2785/790/229 2787/789/501 2789/812/221 2786/813/220
f 2788/792/508 2792/792/507 2791/814/17 2789/814/221
f 2778/815/245 2783/816/8 2798/817/510 2793/817/219
f 2799/791/506 2795/791/509 2797/818/503 2800/818/9
f 2796/788/244 2794/787/225 2793/819/219 2797/820/503
f 2769/797/246 2778/803/245 2794/805/225 2785/798/229
f 2795/806/509 2788/801/508 2787/800/501 2796/807/244
f 2758/732/37 2759/743/37 2761/742/37 2762/729/37
f 2748/738/1 2763/738/1 2755/739/1
f 2822/821/511 2824/822/512 2801/823/18
f 2823/824/513 2808/825/513 2807/826/546 2821/827/546
f 2813/828/515 2803/829/515 2802/830/545 2811/831/545
f 2817/832/517 2805/833/517 2804/834/518 2815/835/518
f 2807/836/519 2820/837/519 2818/838/520 2806/839/520
f 2809/840/583 2824/822/583 2822/821/522 2808/841/522
f 2804/842/523 2814/843/523 2812/844/524 2803/845/524
f 2802/846/525 2810/847/525 2824/822/583 2809/840/583
f 2803/845/524 2812/844/524 2810/847/525 2802/846/525
f 2805/848/526 2816/849/526 2814/843/523 2804/842/523
f 2825/850/527 2809/851/527 2808/825/513 2823/824/513
f 2824/822/512 2810/847/528 2801/823/18
f 2819/852/529 2806/853/529 2805/833/517 2817/832/517
f 2806/839/520 2818/838/520 2816/849/526 2805/848/526
f 2811/831/545 2802/830/545 2809/851/527 2825/850/527
f 2818/838/530 2820/837/531 2801/823/18
f 2808/841/522 2822/821/522 2820/837/519 2807/836/519
f 2815/835/518 2804/834/518 2803/829/515 2813/828/515
f 2821/827/546 2807/826/546 2806/853/529 2819/852/529
f 2814/843/532 2816/849/533 2801/823/18
f 2812/844/534 2814/843/532 2801/823/18
f 2816/849/533 2818/838/530 2801/823/18
f 2810/847/528 2812/844/534 2801/823/18
f 2820/837/531 2822/821/511 2801/823/18
f 2847/821/511 2849/822/512 2826/823/18
f 2848/824/513 2833/825/513 2832/826/514 2846/827/514
f 2838/828/515 2828/829/515 2827/830/545 2836/831/545
f 2842/832/517 2830/833/517 2829/834/518 2840/835/518
f 2832/836/519 2845/837/519 2843/838/520 2831/839/520
f 2834/840/583 2849/822/583 2847/821/522 2833/841/522
f 2829/842/523 2839/843/523 2837/844/524 2828/845/524
f 2827/846/525 2835/847/525 2849/822/583 2834/840/583
f 2828/845/524 2837/844/524 2835/847/525 2827/846/525
f 2830/848/526 2841/849/526 2839/843/523 2829/842/523
f 2850/850/527 2834/851/527 2833/825/513 2848/824/513
f 2849/822/512 2835/847/528 2826/823/18
f 2844/852/529 2831/853/529 2830/833/517 2842/832/517
f 2831/839/520 2843/838/520 2841/849/526 2830/848/526
f 2836/831/545 2827/830/545 2834/851/527 2850/850/527
f 2843/838/530 2845/837/531 2826/823/18
f 2833/841/522 2847/821/522 2845/837/519 2832/836/519
f 2840/835/518 2829/834/518 2828/829/515 2838/828/515
f 2846/827/514 2832/826/514 2831/853/529 2844/852/529
f 2839/843/532 2841/849/533 2826/823/18
f 2837/844/534 2839/843/532 2826/823/18
f 2841/849/533 2843/838/530 2826/823/18
f 2835/847/528 2837/844/534 2826/823/18
f 2845/837/531 2847/821/511 2826/823/18
f 2851/717/1 2852/718/1 2854/719/1 2853/720/1
f 2853/720/19 2854/719/19 2858/721/19 2857/722/19
f 2857/722/37 2858/721/37 2856/723/37 2855/724/37
f 2855/724/18 2856/723/18 2852/718/18 2851/717/18
f 2853/725/39 2857/726/39 2855/727/39 2851/728/39
f 2856/729/37 2858/730/37 2861/731/37 2862/732/37
f 2861/733/38 2860/734/38 2859/735/38 2862/736/38
f 2854/737/1 2852/738/1 2859/739/1 2860/740/1
f 2858/730/19 2854/737/19 2860/740/19 2861/731/19
f 2868/741/496 2865/742/496 2863/743/497 2864/744/497
f 2862/745/425 2859/746/425 2864/747/497 2863/748/497
f 2856/729/37 2862/732/37 2866/729/37
f 2865/749/496 2868/750/496 2867/751/498 2866/752/498
f 2852/753/39 2856/754/39 2866/754/498 2867/753/498
f 2867/738/1 2868/741/1 2864/744/1 2859/739/1
f 2881/755/225 2883/756/244 2872/757/18 2870/758/18
f 2871/759/220 2874/760/221 2877/760/1 2876/759/499
f 2885/761/37 2888/762/37 2884/762/37 2880/761/37
f 2869/763/228 2870/764/500 2871/765/220
f 2872/766/501 2873/767/230 2874/768/221
f 2879/769/224 2880/770/502 2881/771/225
f 2882/772/226 2883/773/244 2884/774/503
f 2875/775/504 2869/775/228 2871/776/220 2876/776/499
f 2870/758/500 2872/757/501 2874/777/221 2871/778/220
f 2873/779/230 2878/779/17 2877/780/17 2874/780/221
f 2879/781/224 2886/781/505 2885/782/8 2880/782/502
f 2887/783/9 2882/783/226 2884/784/503 2888/784/9
f 2883/756/244 2881/755/225 2880/785/502 2884/786/503
f 2869/763/228 2879/769/224 2881/771/225 2870/764/500
f 2882/772/226 2873/767/230 2872/766/501 2883/773/244
f 2875/775/504 2886/781/505 2879/781/224 2869/775/228
f 2898/787/225 2900/788/244 2891/789/18 2889/790/229
f 2903/791/506 2896/792/507 2892/792/508 2899/791/509
f 2890/793/220 2893/794/221 2895/794/1 2894/793/499
f 2902/795/510 2904/796/37 2901/796/37 2897/795/219
f 2873/797/246 2889/798/229 2890/799/220
f 2891/800/501 2892/801/508 2893/802/221
f 2882/803/245 2897/804/219 2898/805/225
f 2899/806/509 2900/807/244 2901/808/503
f 2878/809/16 2873/810/246 2890/811/220 2894/811/499
f 2889/790/229 2891/789/501 2893/812/221 2890/813/220
f 2892/792/508 2896/792/507 2895/814/17 2893/814/221
f 2882/815/245 2887/816/8 2902/817/510 2897/817/219
f 2903/791/506 2899/791/509 2901/818/503 2904/818/9
f 2900/788/244 2898/787/225 2897/819/219 2901/820/503
f 2873/797/246 2882/803/245 2898/805/225 2889/798/229
f 2899/806/509 2892/801/508 2891/800/501 2900/807/244
f 2862/732/37 2863/743/37 2865/742/37 2866/729/37
f 2852/738/1 2867/738/1 2859/739/1
f 2926/821/511 2928/822/512 2905/823/18
f 2927/824/513 2912/825/513 2911/826/546 2925/827/546
f 2917/828/515 2907/829/515 2906/830/516 2915/831/516
f 2921/832/517 2909/833/517 2908/834/518 2919/835/518
f 2911/836/519 2924/837/519 2922/838/520 2910/839/520
f 2913/840/521 2928/822/521 2926/821/584 2912/841/584
f 2908/842/523 2918/843/523 2916/844/524 2907/845/524
f 2906/846/525 2914/847/525 2928/822/521 2913/840/521
f 2907/845/524 2916/844/524 2914/847/525 2906/846/525
f 2909/848/526 2920/849/526 2918/843/523 2908/842/523
f 2929/850/527 2913/851/527 2912/825/513 2927/824/513
f 2928/822/512 2914/847/528 2905/823/18
f 2923/852/529 2910/853/529 2909/833/517 2921/832/517
f 2910/839/520 2922/838/520 2920/849/526 2909/848/526
f 2915/831/516 2906/830/516 2913/851/527 2929/850/527
f 2922/838/530 2924/837/531 2905/823/18
f 2912/841/584 2926/821/584 2924/837/519 2911/836/519
f 2919/835/518 2908/834/518 2907/829/515 2917/828/515
f 2925/827/546 2911/826/546 2910/853/529 2923/852/529
f 2918/843/532 2920/849/533 2905/823/18
f 2916/844/534 2918/843/532 2905/823/18
f 2920/849/533 2922/838/530 2905/823/18
f 2914/847/528 2916/844/534 2905/823/18
f 2924/837/531 2926/821/511 2905/823/18
f 2951/821/511 2953/822/512 2930/823/18
f 2952/824/513 2937/825/513 2936/826/514 2950/827/514
f 2942/828/515 2932/829/515 2931/830/516 2940/831/516
f 2946/832/517 2934/833/517 2933/834/518 2944/835/518
f 2936/836/519 2949/837/519 2947/838/520 2935/839/520
f 2938/840/521 2953/822/521 2951/821/584 2937/841/584
f 2933/842/523 2943/843/523 2941/844/524 2932/845/524
f 2931/846/525 2939/847/525 2953/822/521 2938/840/521
f 2932/845/524 2941/844/524 2939/847/525 2931/846/525
f 2934/848/526 2945/849/526 2943/843/523 2933/842/523
f 2954/850/527 2938/851/527 2937/825/513 2952/824/513
f 2953/822/512 2939/847/528 2930/823/18
f 2948/852/529 2935/853/529 2934/833/517 2946/832/517
f 2935/839/520 2947/838/520 2945/849/526 2934/848/526
f 2940/831/516 2931/830/516 2938/851/527 2954/850/527
f 2947/838/530 2949/837/531 2930/823/18
f 2937/841/584 2951/821/584 2949/837/519 2936/836/519
f 2944/835/518 2933/834/518 2932/829/515 2942/828/515
f 2950/827/514 2936/826/514 2935/853/529 2948/852/529
f 2943/843/532 2945/849/533 2930/823/18
f 2941/844/534 2943/843/532 2930/823/18
f 2945/849/533 2947/838/530 2930/823/18
f 2939/847/528 2941/844/534 2930/823/18
f 2949/837/531 2951/821/511 2930/823/18
f 2955/717/1 2956/718/1 2958/719/1 2957/720/1
f 2957/720/19 2958/719/19 2962/721/19 2961/722/19
f 2961/722/37 2962/721/37 2960/723/37 2959/724/37
f 2959/724/18 2960/723/18 2956/718/18 2955/717/18
f 2957/725/39 2961/726/39 2959/727/39 2955/728/39
f 2960/729/37 2962/730/37 2965/731/37 2966/732/37
f 2965/733/38 2964/734/38 2963/735/38 2966/736/38
f 2958/737/1 2956/738/1 2963/739/1 2964/740/1
f 2962/730/19 2958/737/19 2964/740/19 2965/731/19
f 2972/741/496 2969/742/496 2967/743/497 2968/744/497
f 2966/745/425 2963/746/425 2968/747/497 2967/748/497
f 2960/729/37 2966/732/37 2970/729/37
f 2969/749/496 2972/750/496 2971/751/498 2970/752/498
f 2956/753/39 2960/754/39 2970/754/498 2971/753/498
f 2971/738/1 2972/741/1 2968/744/1 2963/739/1
f 2985/755/225 2987/756/244 2976/757/18 2974/758/18
f 2975/759/220 2978/760/221 2981/760/1 2980/759/499
f 2989/761/37 2992/762/37 2988/762/37 2984/761/37
f 2973/763/228 2974/764/500 2975/765/220
f 2976/766/501 2977/767/230 2978/768/221
f 2983/769/224 2984/770/502 2985/771/225
f 2986/772/226 2987/773/244 2988/774/503
f 2979/775/504 2973/775/228 2975/776/220 2980/776/499
f 2974/758/500 2976/757/501 2978/777/221 2975/778/220
f 2977/779/230 2982/779/17 2981/780/17 2978/780/221
f 2983/781/224 2990/781/505 2989/782/8 2984/782/502
f 2991/783/9 2986/783/226 2988/784/503 2992/784/9
f 2987/756/244 2985/755/225 2984/785/502 2988/786/503
f 2973/763/228 2983/769/224 2985/771/225 2974/764/500
f 2986/772/226 2977/767/230 2976/766/501 2987/773/244
f 2979/775/504 2990/781/505 2983/781/224 2973/775/228
f 3002/787/225 3004/788/244 2995/789/18 2993/790/229
f 3007/791/506 3000/792/507 2996/792/508 3003/791/509
f 2994/793/220 2997/794/221 2999/794/1 2998/793/499
f 3006/795/510 3008/796/37 3005/796/37 3001/795/219
f 2977/797/246 2993/798/229 2994/799/220
f 2995/800/501 2996/801/508 2997/802/221
f 2986/803/245 3001/804/219 3002/805/225
f 3003/806/509 3004/807/244 3005/808/503
f 2982/809/16 2977/810/246 2994/811/220 2998/811/499
f 2993/790/229 2995/789/501 2997/812/221 2994/813/220
f 2996/792/508 3000/792/507 2999/814/17 2997/814/221
f 2986/815/245 2991/816/8 3006/817/510 3001/817/219
f 3007/791/506 3003/791/509 3005/818/503 3008/818/9
f 3004/788/244 3002/787/225 3001/819/219 3005/820/503
f 2977/797/246 2986/803/245 3002/805/225 2993/798/229
f 3003/806/509 2996/801/508 2995/800/501 3004/807/244
f 2966/732/37 2967/743/37 2969/742/37 2970/729/37
f 2956/738/1 2971/738/1 2963/739/1
f 3030/821/511 3032/822/512 3009/823/18
f 3031/824/513 3016/825/513 3015/826/514 3029/827/514
f 3021/828/515 3011/829/515 3010/830/516 3019/831/516
f 3025/832/517 3013/833/517 3012/834/518 3023/835/518
f 3015/836/519 3028/837/519 3026/838/520 3014/839/520
f 3017/840/521 3032/822/521 3030/821/522 3016/841/522
f 3012/842/523 3022/843/523 3020/844/524 3011/845/524
f 3010/846/525 3018/847/525 3032/822/521 3017/840/521
f 3011/845/524 3020/844/524 3018/847/525 3010/846/525
f 3013/848/526 3024/849/526 3022/843/523 3012/842/523
f 3033/850/527 3017/851/527 3016/825/513 3031/824/513
f 3032/822/512 3018/847/528 3009/823/18
f 3027/852/529 3014/853/529 3013/833/517 3025/832/517
f 3014/839/520 3026/838/520 3024/849/526 3013/848/526
f 3019/831/516 3010/830/516 3017/851/527 3033/850/527
f 3026/838/530 3028/837/531 3009/823/18
f 3016/841/522 3030/821/522 3028/837/519 3015/836/519
f 3023/835/518 3012/834/518 3011/829/515 3021/828/515
f 3029/827/514 3015/826/514 3014/853/529 3027/852/529
f 3022/843/532 3024/849/533 3009/823/18
f 3020/844/534 3022/843/532 3009/823/18
f 3024/849/533 3026/838/530 3009/823/18
f 3018/847/528 3020/844/534 3009/823/18
f 3028/837/531 3030/821/511 3009/823/18
f 3055/821/511 3057/822/512 3034/823/18
f 3056/824/513 3041/825/513 3040/826/514 3054/827/514
f 3046/828/515 3036/829/515 3035/830/516 3044/831/516
f 3050/832/517 3038/833/517 3037/834/518 3048/835/518
f 3040/836/519 3053/837/519 3051/838/520 3039/839/520
f 3042/840/521 3057/822/521 3055/821/522 3041/841/522
f 3037/842/523 3047/843/523 3045/844/524 3036/845/524
f 3035/846/525 3043/847/525 3057/822/521 3042/840/521
f 3036/845/524 3045/844/524 3043/847/525 3035/846/525
f 3038/848/526 3049/849/526 3047/843/523 3037/842/523
f 3058/850/527 3042/851/527 3041/825/513 3056/824/513
f 3057/822/512 3043/847/528 3034/823/18
f 3052/852/529 3039/853/529 3038/833/517 3050/832/517
f 3039/839/520 3051/838/520 3049/849/526 3038/848/526
f 3044/831/516 3035/830/516 3042/851/527 3058/850/527
f 3051/838/530 3053/837/531 3034/823/18
f 3041/841/522 3055/821/522 3053/837/519 3040/836/519
f 3048/835/518 3037/834/518 3036/829/515 3046/828/515
f 3054/827/514 3040/826/514 3039/853/529 3052/852/529
f 3047/843/532 3049/849/533 3034/823/18
f 3045/844/534 3047/843/532 3034/823/18
f 3049/849/533 3051/838/530 3034/823/18
f 3043/847/528 3045/844/534 3034/823/18
f 3053/837/531 3055/821/511 3034/823/18
f 3059/717/1 3060/718/1 3062/719/1 3061/720/1
f 3061/720/19 3062/719/19 3066/721/19 3065/722/19
f 3065/722/37 3066/721/37 3064/723/37 3063/724/37
f 3063/724/18 3064/723/18 3060/718/18 3059/717/18
f 3061/725/39 3065/726/39 3063/727/39 3059/728/39
f 3064/729/37 3066/730/37 3069/731/37 3070/732/37
f 3069/733/38 3068/734/38 3067/735/38 3070/736/38
f 3062/737/1 3060/738/1 3067/739/1 3068/740/1
f 3066/730/19 3062/737/19 3068/740/19 3069/731/19
f 3076/741/496 3073/742/496 3071/743/497 3072/744/497
f 3070/745/425 3067/746/425 3072/747/497 3071/748/497
f 3064/729/37 3070/732/37 3074/729/37
f 3073/749/496 3076/750/496 3075/751/498 3074/752/498
f 3060/753/39 3064/754/39 3074/754/498 3075/753/498
f 3075/738/1 3076/741/1 3072/744/1 3067/739/1
f 3089/755/225 3091/756/244 3080/757/18 3078/758/18
f 3079/759/220 3082/760/221 3085/760/1 3084/759/499
f 3093/761/37 3096/762/37 3092/762/37 3088/761/37
f 3077/763/228 3078/764/500 3079/765/220
f 3080/766/501 3081/767/230 3082/768/221
f 3087/769/224 3088/770/502 3089/771/225
f 3090/772/226 3091/773/244 3092/774/503
f 3083/775/504 3077/775/228 3079/776/220 3084/776/499
f 3078/758/500 3080/757/501 3082/777/221 3079/778/220
f 3081/779/230 3086/779/17 3085/780/17 3082/780/221
f 3087/781/224 3094/781/505 3093/782/8 3088/782/502
f 3095/783/9 3090/783/226 3092/784/503 3096/784/9
f 3091/756/244 3089/755/225 3088/785/502 3092/786/503
f 3077/763/228 3087/769/224 3089/771/225 3078/764/500
f 3090/772/226 3081/767/230 3080/766/501 3091/773/244
f 3083/775/504 3094/781/505 3087/781/224 3077/775/228
f 3106/787/225 3108/788/244 3099/789/18 3097/790/229
f 3111/791/506 3104/792/507 3100/792/508 3107/791/509
f 3098/793/220 3101/794/221 3103/794/1 3102/793/499
f 3110/795/510 3112/796/37 3109/796/37 3105/795/219
f 3081/797/246 3097/798/229 3098/799/220
f 3099/800/501 3100/801/508 3101/802/221
f 3090/803/245 3105/804/219 3106/805/225
f 3107/806/509 3108/807/244 3109/808/503
f 3086/809/16 3081/810/246 3098/811/220 3102/811/499
f 3097/790/229 3099/789/501 3101/812/221 3098/813/220
f 3100/792/508 3104/792/507 3103/814/17 3101/814/221
f 3090/815/245 3095/816/8 3110/817/510 3105/817/219
f 3111/791/506 3107/791/509 3109/818/503 3112/818/9
f 3108/788/244 3106/787/225 3105/819/219 3109/820/503
f 3081/797/246 3090/803/245 3106/805/225 3097/798/229
f 3107/806/509 3100/801/508 3099/800/501 3108/807/244
f 3070/732/37 3071/743/37 3073/742/37 3074/729/37
f 3060/738/1 3075/738/1 3067/739/1
f 3134/821/511 3136/822/512 3113/823/18
f 3135/824/513 3120/825/513 3119/826/514 3133/827/514
f 3125/828/515 3115/829/515 3114/830/516 3123/831/516
f 3129/832/517 3117/833/517 3116/834/518 3127/835/518
f 3119/836/519 3132/837/519 3130/838/520 3118/839/520
f 3121/840/521 3136/822/521 3134/821/522 3120/841/522
f 3116/842/523 3126/843/523 3124/844/524 3115/845/524
f 3114/846/525 3122/847/525 3136/822/521 3121/840/521
f 3115/845/524 3124/844/524 3122/847/525 3114/846/525
f 3117/848/526 3128/849/526 3126/843/523 3116/842/523
f 3137/850/527 3121/851/527 3120/825/513 3135/824/513
f 3136/822/512 3122/847/528 3113/823/18
f 3131/852/529 3118/853/529 3117/833/517 3129/832/517
f 3118/839/520 3130/838/520 3128/849/526 3117/848/526
f 3123/831/516 3114/830/516 3121/851/527 3137/850/527
f 3130/838/530 3132/837/531 3113/823/18
f 3120/841/522 3134/821/522 3132/837/519 3119/836/519
f 3127/835/518 3116/834/518 3115/829/515 3125/828/515
f 3133/827/514 3119/826/514 3118/853/529 3131/852/529
f 3126/843/532 3128/849/533 3113/823/18
f 3124/844/534 3126/843/532 3113/823/18
f 3128/849/533 3130/838/530 3113/823/18
f 3122/847/528 3124/844/534 3113/823/18
f 3132/837/531 3134/821/511 3113/823/18
f 3159/821/511 3161/822/512 3138/823/18
f 3160/824/513 3145/825/513 3144/826/514 3158/827/514
f 3150/828/515 3140/829/515 3139/830/516 3148/831/516
f 3154/832/517 3142/833/517 3141/834/518 3152/835/518
f 3144/836/519 3157/837/519 3155/838/520 3143/839/520
f 3146/840/521 3161/822/521 3159/821/522 3145/841/522
f 3141/842/523 3151/843/523 3149/844/524 3140/845/524
f 3139/846/525 3147/847/525 3161/822/521 3146/840/521
f 3140/845/524 3149/844/524 3147/847/525 3139/846/525
f 3142/848/526 3153/849/526 3151/843/523 3141/842/523
f 3162/850/527 3146/851/527 3145/825/513 3160/824/513
f 3161/822/512 3147/847/528 3138/823/18
f 3156/852/529 3143/853/529 3142/833/517 3154/832/517
f 3143/839/520 3155/838/520 3153/849/526 3142/848/526
f 3148/831/516 3139/830/516 3146/851/527 3162/850/527
f 3155/838/530 3157/837/531 3138/823/18
f 3145/841/522 3159/821/522 3157/837/519 3144/836/519
f 3152/835/518 3141/834/518 3140/829/515 3150/828/515
f 3158/827/514 3144/826/514 3143/853/529 3156/852/529
f 3151/843/532 3153/849/533 3138/823/18
f 3149/844/534 3151/843/532 3138/823/18
f 3153/849/533 3155/838/530 3138/823/18
f 3147/847/528 3149/844/534 3138/823/18
f 3157/837/531 3159/821/511 3138/823/18
f 3163/717/1 3164/718/1 3166/719/1 3165/720/1
f 3165/720/19 3166/719/19 3170/721/19 3169/722/19
f 3169/722/37 3170/721/37 3168/723/37 3167/724/37
f 3167/724/18 3168/723/18 3164/718/18 3163/717/18
f 3165/725/39 3169/726/39 3167/727/39 3163/728/39
f 3168/729/37 3170/730/37 3173/731/37 3174/732/37
f 3173/733/38 3172/734/38 3171/735/38 3174/736/38
f 3166/737/1 3164/738/1 3171/739/1 3172/740/1
f 3170/730/19 3166/737/19 3172/740/19 3173/731/19
f 3180/741/496 3177/742/496 3175/743/497 3176/744/497
f 3174/745/425 3171/746/425 3176/747/497 3175/748/497
f 3168/729/37 3174/732/37 3178/729/37
f 3177/749/496 3180/750/496 3179/751/498 3178/752/498
f 3164/753/39 3168/754/39 3178/754/498 3179/753/498
f 3179/738/1 3180/741/1 3176/744/1 3171/739/1
f 3193/755/225 3195/756/244 3184/757/18 3182/758/18
f 3183/759/220 3186/760/221 3189/760/1 3188/759/499
f 3197/761/37 3200/762/37 3196/762/37 3192/761/37
f 3181/763/228 3182/764/500 3183/765/220
f 3184/766/501 3185/767/230 3186/768/221
f 3191/769/224 3192/770/502 3193/771/225
f 3194/772/226 3195/773/244 3196/774/503
f 3187/775/504 3181/775/228 3183/776/220 3188/776/499
f 3182/758/500 3184/757/501 3186/777/221 3183/778/220
f 3185/779/230 3190/779/17 3189/780/17 3186/780/221
f 3191/781/224 3198/781/505 3197/782/8 3192/782/502
f 3199/783/9 3194/783/226 3196/784/503 3200/784/9
f 3195/756/244 3193/755/225 3192/785/502 3196/786/503
f 3181/763/228 3191/769/224 3193/771/225 3182/764/500
f 3194/772/226 3185/767/230 3184/766/501 3195/773/244
f 3187/775/504 3198/781/505 3191/781/224 3181/775/228
f 3210/787/225 3212/788/244 3203/789/18 3201/790/229
f 3215/791/506 3208/792/507 3204/792/508 3211/791/509
f 3202/793/220 3205/794/221 3207/794/1 3206/793/499
f 3214/795/510 3216/796/37 3213/796/37 3209/795/219
f 3185/797/246 3201/798/229 3202/799/220
f 3203/800/501 3204/801/508 3205/802/221
f 3194/803/245 3209/804/219 3210/805/225
f 3211/806/509 3212/807/244 3213/808/503
f 3190/809/16 3185/810/246 3202/811/220 3206/811/499
f 3201/790/229 3203/789/501 3205/812/221 3202/813/220
f 3204/792/508 3208/792/507 3207/814/17 3205/814/221
f 3194/815/245 3199/816/8 3214/817/510 3209/817/219
f 3215/791/506 3211/791/509 3213/818/503 3216/818/9
f 3212/788/244 3210/787/225 3209/819/219 3213/820/503
f 3185/797/246 3194/803/245 3210/805/225 3201/798/229
f 3211/806/509 3204/801/508 3203/800/501 3212/807/244
f 3174/732/37 3175/743/37 3177/742/37 3178/729/37
f 3164/738/1 3179/738/1 3171/739/1
f 3238/821/511 3240/822/512 3217/823/18
f 3239/824/513 3224/825/513 3223/826/514 3237/827/514
f 3229/828/515 3219/829/515 3218/830/516 3227/831/516
f 3233/832/517 3221/833/517 3220/834/518 3231/835/518
f 3223/836/519 3236/837/519 3234/838/520 3222/839/520
f 3225/840/521 3240/822/521 3238/821/522 3224/841/522
f 3220/842/523 3230/843/523 3228/844/524 3219/845/524
f 3218/846/525 3226/847/525 3240/822/521 3225/840/521
f 3219/845/524 3228/844/524 3226/847/525 3218/846/525
f 3221/848/526 3232/849/526 3230/843/523 3220/842/523
f 3241/850/527 3225/851/527 3224/825/513 3239/824/513
f 3240/822/512 3226/847/528 3217/823/18
f 3235/852/529 3222/853/529 3221/833/517 3233/832/517
f 3222/839/520 3234/838/520 3232/849/526 3221/848/526
f 3227/831/516 3218/830/516 3225/851/527 3241/850/527
f 3234/838/530 3236/837/531 3217/823/18
f 3224/841/522 3238/821/522 3236/837/519 3223/836/519
f 3231/835/518 3220/834/518 3219/829/515 3229/828/515
f 3237/827/514 3223/826/514 3222/853/529 3235/852/529
f 3230/843/532 3232/849/533 3217/823/18
f 3228/844/534 3230/843/532 3217/823/18
f 3232/849/533 3234/838/530 3217/823/18
f 3226/847/528 3228/844/534 3217/823/18
f 3236/837/531 3238/821/511 3217/823/18
f 3263/821/511 3265/822/512 3242/823/18
f 3264/824/513 3249/825/513 3248/826/514 3262/827/514
f 3254/828/515 3244/829/515 3243/830/516 3252/831/516
f 3258/832/517 3246/833/517 3245/834/518 3256/835/518
f 3248/836/519 3261/837/519 3259/838/520 3247/839/520
f 3250/840/521 3265/822/521 3263/821/522 3249/841/522
f 3245/842/523 3255/843/523 3253/844/524 3244/845/524
f 3243/846/525 3251/847/525 3265/822/521 3250/840/521
f 3244/845/524 3253/844/524 3251/847/525 3243/846/525
f 3246/848/526 3257/849/526 3255/843/523 3245/842/523
f 3266/850/527 3250/851/527 3249/825/513 3264/824/513
f 3265/822/512 3251/847/528 3242/823/18
f 3260/852/529 3247/853/529 3246/833/517 3258/832/517
f 3247/839/520 3259/838/520 3257/849/526 3246/848/526
f 3252/831/516 3243/830/516 3250/851/527 3266/850/527
f 3259/838/530 3261/837/531 3242/823/18
f 3249/841/522 3263/821/522 3261/837/519 3248/836/519
f 3256/835/518 3245/834/518 3244/829/515 3254/828/515
f 3262/827/514 3248/826/514 3247/853/529 3260/852/529
f 3255/843/532 3257/849/533 3242/823/18
f 3253/844/534 3255/843/532 3242/823/18
f 3257/849/533 3259/838/530 3242/823/18
f 3251/847/528 3253/844/534 3242/823/18
f 3261/837/531 3263/821/511 3242/823/18
f 3267/717/37 3268/718/37 3270/719/37 3269/720/37
f 3269/720/18 3270/719/18 3274/721/18 3273/722/18
f 3273/722/1 3274/721/1 3272/723/1 3271/724/1
f 3271/724/19 3272/723/19 3268/718/19 3267/717/19
f 3269/725/39 3273/726/39 3271/727/39 3267/728/39
f 3272/729/1 3274/730/1 3277/731/1 3278/732/1
f 3277/733/38 3276/734/38 3275/735/38 3278/736/38
f 3270/737/37 3268/738/37 3275/739/37 3276/740/37
f 3274/730/18 3270/737/18 3276/740/18 3277/731/18
f 3284/741/535 3281/742/535 3279/743/536 3280/744/536
f 3278/745/266 3275/746/266 3280/747/536 3279/748/536
f 3272/729/1 3278/732/1 3282/729/1
f 3281/749/535 3284/750/535 3283/751/537 3282/752/537
f 3268/753/39 3272/754/39 3282/754/537 3283/753/537
f 3283/738/37 3284/741/37 3280/744/37 3275/739/37
f 3297/755/240 3299/756/241 3288/757/19 3286/758/19
f 3287/759/216 3290/760/217 3293/760/37 3292/759/510
f 3301/761/1 3304/762/1 3300/762/1 3296/761/1
f 3285/763/232 3286/764/233 3287/765/216
f 3288/766/235 3289/767/234 3290/768/217
f 3295/769/236 3296/770/538 3297/771/240
f 3298/772/238 3299/773/241 3300/774/539
f 3291/775/505 3285/775/232 3287/776/216 3292/776/510
f 3286/758/233 3288/757/235 3290/777/217 3287/778/216
f 3289/779/234 3294/779/9 3293/780/9 3290/780/217
f 3295/781/236 3302/781/504 3301/782/16 3296/782/538
f 3303/783/17 3298/783/238 3300/784/539 3304/784/17
f 3299/756/241 3297/755/240 3296/785/538 3300/786/539
f 3285/763/232 3295/769/236 3297/771/240 3286/764/233
f 3298/772/238 3289/767/234 3288/766/235 3299/773/241
f 3291/775/505 3302/781/504 3295/781/236 3285/775/232
f 3314/787/240 3316/788/241 3307/789/19 3305/790/243
f 3319/791/507 3312/792/506 3308/792/540 3315/791/541
f 3306/793/216 3309/794/217 3311/794/37 3310/793/510
f 3318/795/499 3320/796/1 3317/796/1 3313/795/223
f 3289/797/247 3305/798/243 3306/799/216
f 3307/800/235 3308/801/540 3309/802/217
f 3298/803/248 3313/804/223 3314/805/240
f 3315/806/541 3316/807/241 3317/808/539
f 3294/809/8 3289/810/247 3306/811/216 3310/811/510
f 3305/790/243 3307/789/235 3309/812/217 3306/813/216
f 3308/792/540 3312/792/506 3311/814/9 3309/814/217
f 3298/815/248 3303/816/16 3318/817/499 3313/817/223
f 3319/791/507 3315/791/541 3317/818/539 3320/818/17
f 3316/788/241 3314/787/240 3313/819/223 3317/820/539
f 3289/797/247 3298/803/248 3314/805/240 3305/798/243
f 3315/806/541 3308/801/540 3307/800/235 3316/807/241
f 3278/732/1 3279/743/1 3281/742/1 3282/729/1
f 3268/738/37 3283/738/37 3275/739/37
f 3342/821/542 3344/822/543 3321/823/19
f 3343/824/544 3328/825/544 3327/826/524 3341/827/524
f 3333/828/519 3323/829/519 3322/830/522 3331/831/522
f 3337/832/526 3325/833/526 3324/834/520 3335/835/520
f 3327/836/515 3340/837/515 3338/838/518 3326/839/518
f 3329/840/527 3344/822/527 3342/821/545 3328/841/545
f 3324/842/529 3334/843/529 3332/844/546 3323/845/546
f 3322/846/547 3330/847/547 3344/822/527 3329/840/527
f 3323/845/546 3332/844/546 3330/847/547 3322/846/547
f 3325/848/517 3336/849/517 3334/843/529 3324/842/529
f 3345/850/521 3329/851/521 3328/825/544 3343/824/544
f 3344/822/543 3330/847/548 3321/823/19
f 3339/852/523 3326/853/523 3325/833/526 3337/832/526
f 3326/839/518 3338/838/518 3336/849/517 3325/848/517
f 3331/831/522 3322/830/522 3329/851/521 3345/850/521
f 3338/838/549 3340/837/550 3321/823/19
f 3328/841/545 3342/821/545 3340/837/515 3327/836/515
f 3335/835/520 3324/834/520 3323/829/519 3333/828/519
f 3341/827/524 3327/826/524 3326/853/523 3339/852/523
f 3334/843/551 3336/849/552 3321/823/19
f 3332/844/553 3334/843/551 3321/823/19
f 3336/849/552 3338/838/549 3321/823/19
f 3330/847/548 3332/844/553 3321/823/19
f 3340/837/550 3342/821/542 3321/823/19
f 3367/821/542 3369/822/543 3346/823/19
f 3368/824/544 3353/825/544 3352/826/524 3366/827/524
f 3358/828/519 3348/829/519 3347/830/522 3356/831/522
f 3362/832/526 3350/833/526 3349/834/520 3360/835/520
f 3352/836/515 3365/837/515 3363/838/518 3351/839/518
f 3354/840/527 3369/822/527 3367/821/545 3353/841/545
f 3349/842/529 3359/843/529 3357/844/546 3348/845/546
f 3347/846/547 3355/847/547 3369/822/527 3354/840/527
f 3348/845/546 3357/844/546 3355/847/547 3347/846/547
f 3350/848/517 3361/849/517 3359/843/529 3349/842/529
f 3370/850/521 3354/851/521 3353/825/544 3368/824/544
f 3369/822/543 3355/847/548 3346/823/19
f 3364/852/523 3351/853/523 3350/833/526 3362/832/526
f 3351/839/518 3363/838/518 3361/849/517 3350/848/517
f 3356/831/522 3347/830/522 3354/851/521 3370/850/521
f 3363/838/549 3365/837/550 3346/823/19
f 3353/841/545 3367/821/545 3365/837/515 3352/836/515
f 3360/835/520 3349/834/520 3348/829/519 3358/828/519
f 3366/827/524 3352/826/524 3351/853/523 3364/852/523
f 3359/843/551 3361/849/552 3346/823/19
f 3357/844/553 3359/843/551 3346/823/19
f 3361/849/552 3363/838/549 3346/823/19
f 3355/847/548 3357/844/553 3346/823/19
f 3365/837/550 3367/821/542 3346/823/19
f 3371/717/37 3372/718/37 3374/719/37 3373/720/37
f 3373/720/18 3374/719/18 3378/721/18 3377/722/18
f 3377/722/1 3378/721/1 3376/723/1 3375/724/1
f 3375/724/19 3376/723/19 3372/718/19 3371/717/19
f 3373/725/39 3377/726/39 3375/727/39 3371/728/39
f 3376/729/1 3378/730/1 3381/731/1 3382/732/1
f 3381/733/38 3380/734/38 3379/735/38 3382/736/38
f 3374/737/37 3372/738/37 3379/739/37 3380/740/37
f 3378/730/18 3374/737/18 3380/740/18 3381/731/18
f 3388/741/535 3385/742/535 3383/743/536 3384/744/536
f 3382/745/266 3379/746/266 3384/747/536 3383/748/536
f 3376/729/1 3382/732/1 3386/729/1
f 3385/749/535 3388/750/535 3387/751/537 3386/752/537
f 3372/753/39 3376/754/39 3386/754/537 3387/753/537
f 3387/738/37 3388/741/37 3384/744/37 3379/739/37
f 3401/755/240 3403/756/241 3392/757/19 3390/758/19
f 3391/759/216 3394/760/217 3397/760/37 3396/759/510
f 3405/761/1 3408/762/1 3404/762/1 3400/761/1
f 3389/763/232 3390/764/233 3391/765/216
f 3392/766/235 3393/767/234 3394/768/217
f 3399/769/236 3400/770/538 3401/771/240
f 3402/772/238 3403/773/241 3404/774/539
f 3395/775/505 3389/775/232 3391/776/216 3396/776/510
f 3390/758/233 3392/757/235 3394/777/217 3391/778/216
f 3393/779/234 3398/779/9 3397/780/9 3394/780/217
f 3399/781/236 3406/781/504 3405/782/16 3400/782/538
f 3407/783/17 3402/783/238 3404/784/539 3408/784/17
f 3403/756/241 3401/755/240 3400/785/538 3404/786/539
f 3389/763/232 3399/769/236 3401/771/240 3390/764/233
f 3402/772/238 3393/767/234 3392/766/235 3403/773/241
f 3395/775/505 3406/781/504 3399/781/236 3389/775/232
f 3418/787/240 3420/788/241 3411/789/19 3409/790/243
f 3423/791/507 3416/792/506 3412/792/540 3419/791/541
f 3410/793/216 3413/794/217 3415/794/37 3414/793/510
f 3422/795/499 3424/796/1 3421/796/1 3417/795/223
f 3393/797/247 3409/798/243 3410/799/216
f 3411/800/235 3412/801/540 3413/802/217
f 3402/803/248 3417/804/223 3418/805/240
f 3419/806/541 3420/807/241 3421/808/539
f 3398/809/8 3393/810/247 3410/811/216 3414/811/510
f 3409/790/243 3411/789/235 3413/812/217 3410/813/216
f 3412/792/540 3416/792/506 3415/814/9 3413/814/217
f 3402/815/248 3407/816/16 3422/817/499 3417/817/223
f 3423/791/507 3419/791/541 3421/818/539 3424/818/17
f 3420/788/241 3418/787/240 3417/819/223 3421/820/539
f 3393/797/247 3402/803/248 3418/805/240 3409/798/243
f 3419/806/541 3412/801/540 3411/800/235 3420/807/241
f 3382/732/1 3383/743/1 3385/742/1 3386/729/1
f 3372/738/37 3387/738/37 3379/739/37
f 3446/821/542 3448/822/543 3425/823/19
f 3447/824/544 3432/825/544 3431/826/524 3445/827/524
f 3437/828/519 3427/829/519 3426/830/522 3435/831/522
f 3441/832/526 3429/833/526 3428/834/520 3439/835/520
f 3431/836/515 3444/837/515 3442/838/518 3430/839/518
f 3433/840/527 3448/822/527 3446/821/516 3432/841/516
f 3428/842/529 3438/843/529 3436/844/546 3427/845/546
f 3426/846/547 3434/847/547 3448/822/527 3433/840/527
f 3427/845/546 3436/844/546 3434/847/547 3426/846/547
f 3429/848/517 3440/849/517 3438/843/529 3428/842/529
f 3449/850/521 3433/851/521 3432/825/544 3447/824/544
f 3448/822/543 3434/847/548 3425/823/19
f 3443/852/523 3430/853/523 3429/833/526 3441/832/526
f 3430/839/518 3442/838/518 3440/849/517 3429/848/517
f 3435/831/522 3426/830/522 3433/851/521 3449/850/521
f 3442/838/549 3444/837/550 3425/823/19
f 3432/841/516 3446/821/516 3444/837/515 3431/836/515
f 3439/835/520 3428/834/520 3427/829/519 3437/828/519
f 3445/827/524 3431/826/524 3430/853/523 3443/852/523
f 3438/843/551 3440/849/552 3425/823/19
f 3436/844/553 3438/843/551 3425/823/19
f 3440/849/552 3442/838/549 3425/823/19
f 3434/847/548 3436/844/553 3425/823/19
f 3444/837/550 3446/821/542 3425/823/19
f 3471/821/542 3473/822/543 3450/823/19
f 3472/824/544 3457/825/544 3456/826/524 3470/827/524
f 3462/828/519 3452/829/519 3451/830/584 3460/831/584
f 3466/832/526 3454/833/526 3453/834/520 3464/835/520
f 3456/836/515 3469/837/515 3467/838/518 3455/839/518
f 3458/840/527 3473/822/527 3471/821/516 3457/841/516
f 3453/842/529 3463/843/529 3461/844/546 3452/845/546
f 3451/846/547 3459/847/547 3473/822/527 3458/840/527
f 3452/845/546 3461/844/546 3459/847/547 3451/846/547
f 3454/848/517 3465/849/517 3463/843/529 3453/842/529
f 3474/850/521 3458/851/521 3457/825/544 3472/824/544
f 3473/822/543 3459/847/548 3450/823/19
f 3468/852/523 3455/853/523 3454/833/526 3466/832/526
f 3455/839/518 3467/838/518 3465/849/517 3454/848/517
f 3460/831/584 3451/830/584 3458/851/521 3474/850/521
f 3467/838/549 3469/837/550 3450/823/19
f 3457/841/516 3471/821/516 3469/837/515 3456/836/515
f 3464/835/520 3453/834/520 3452/829/519 3462/828/519
f 3470/827/524 3456/826/524 3455/853/523 3468/852/523
f 3463/843/551 3465/849/552 3450/823/19
f 3461/844/553 3463/843/551 3450/823/19
f 3465/849/552 3467/838/549 3450/823/19
f 3459/847/548 3461/844/553 3450/823/19
f 3469/837/550 3471/821/542 3450/823/19
f 3475/717/37 3476/718/37 3478/719/37 3477/720/37
f 3477/720/18 3478/719/18 3482/721/18 3481/722/18
f 3481/722/1 3482/721/1 3480/723/1 3479/724/1
f 3479/724/19 3480/723/19 3476/718/19 3475/717/19
f 3477/725/39 3481/726/39 3479/727/39 3475/728/39
f 3480/729/1 3482/730/1 3485/731/1 3486/732/1
f 3485/733/38 3484/734/38 3483/735/38 3486/736/38
f 3478/737/37 3476/738/37 3483/739/37 3484/740/37
f 3482/730/18 3478/737/18 3484/740/18 3485/731/18
f 3492/741/535 3489/742/535 3487/743/536 3488/744/536
f 3486/745/266 3483/746/266 3488/747/536 3487/748/536
f 3480/729/1 3486/732/1 3490/729/1
f 3489/749/535 3492/750/535 3491/751/537 3490/752/537
f 3476/753/39 3480/754/39 3490/754/537 3491/753/537
f 3491/738/37 3492/741/37 3488/744/37 3483/739/37
f 3505/755/240 3507/756/241 3496/757/19 3494/758/19
f 3495/759/216 3498/760/217 3501/760/37 3500/759/510
f 3509/761/1 3512/762/1 3508/762/1 3504/761/1
f 3493/763/232 3494/764/233 3495/765/216
f 3496/766/235 3497/767/234 3498/768/217
f 3503/769/236 3504/770/538 3505/771/240
f 3506/772/238 3507/773/241 3508/774/539
f 3499/775/505 3493/775/232 3495/776/216 3500/776/510
f 3494/758/233 3496/757/235 3498/777/217 3495/778/216
f 3497/779/234 3502/779/9 3501/780/9 3498/780/217
f 3503/781/236 3510/781/504 3509/782/16 3504/782/538
f 3511/783/17 3506/783/238 3508/784/539 3512/784/17
f 3507/756/241 3505/755/240 3504/785/538 3508/786/539
f 3493/763/232 3503/769/236 3505/771/240 3494/764/233
f 3506/772/238 3497/767/234 3496/766/235 3507/773/241
f 3499/775/505 3510/781/504 3503/781/236 3493/775/232
f 3522/787/240 3524/788/241 3515/789/19 3513/790/243
f 3527/791/507 3520/792/506 3516/792/540 3523/791/541
f 3514/793/216 3517/794/217 3519/794/37 3518/793/510
f 3526/795/499 3528/796/1 3525/796/1 3521/795/223
f 3497/797/247 3513/798/243 3514/799/216
f 3515/800/235 3516/801/540 3517/802/217
f 3506/803/248 3521/804/223 3522/805/240
f 3523/806/541 3524/807/241 3525/808/539
f 3502/809/8 3497/810/247 3514/811/216 3518/811/510
f 3513/790/243 3515/789/235 3517/812/217 3514/813/216
f 3516/792/540 3520/792/506 3519/814/9 3517/814/217
f 3506/815/248 3511/816/16 3526/817/499 3521/817/223
f 3527/791/507 3523/791/541 3525/818/539 3528/818/17
f 3524/788/241 3522/787/240 3521/819/223 3525/820/539
f 3497/797/247 3506/803/248 3522/805/240 3513/798/243
f 3523/806/541 3516/801/540 3515/800/235 3524/807/241
f 3486/732/1 3487/743/1 3489/742/1 3490/729/1
f 3476/738/37 3491/738/37 3483/739/37
f 3550/821/542 3552/822/543 3529/823/19
f 3551/824/544 3536/825/544 3535/826/585 3549/827/585
f 3541/828/519 3531/829/519 3530/830/584 3539/831/584
f 3545/832/526 3533/833/526 3532/834/520 3543/835/520
f 3535/836/586 3548/837/586 3546/838/518 3534/839/518
f 3537/840/527 3552/822/527 3550/821/516 3536/841/516
f 3532/842/529 3542/843/529 3540/844/546 3531/845/546
f 3530/846/547 3538/847/547 3552/822/527 3537/840/527
f 3531/845/546 3540/844/546 3538/847/547 3530/846/547
f 3533/848/517 3544/849/517 3542/843/529 3532/842/529
f 3553/850/521 3537/851/521 3536/825/544 3551/824/544
f 3552/822/543 3538/847/548 3529/823/19
f 3547/852/523 3534/853/523 3533/833/526 3545/832/526
f 3534/839/518 3546/838/518 3544/849/517 3533/848/517
f 3539/831/584 3530/830/584 3537/851/521 3553/850/521
f 3546/838/549 3548/837/550 3529/823/19
f 3536/841/516 3550/821/516 3548/837/586 3535/836/586
f 3543/835/520 3532/834/520 3531/829/519 3541/828/519
f 3549/827/585 3535/826/585 3534/853/523 3547/852/523
f 3542/843/551 3544/849/552 3529/823/19
f 3540/844/553 3542/843/551 3529/823/19
f 3544/849/552 3546/838/549 3529/823/19
f 3538/847/548 3540/844/553 3529/823/19
f 3548/837/550 3550/821/542 3529/823/19
f 3575/821/542 3577/822/543 3554/823/19
f 3576/824/544 3561/825/544 3560/826/585 3574/827/585
f 3566/828/519 3556/829/519 3555/830/584 3564/831/584
f 3570/832/526 3558/833/526 3557/834/520 3568/835/520
f 3560/836/586 3573/837/586 3571/838/518 3559/839/518
f 3562/840/527 3577/822/527 3575/821/516 3561/841/516
f 3557/842/529 3567/843/529 3565/844/546 3556/845/546
f 3555/846/547 3563/847/547 3577/822/527 3562/840/527
f 3556/845/546 3565/844/546 3563/847/547 3555/846/547
f 3558/848/517 3569/849/517 3567/843/529 3557/842/529
f 3578/850/521 3562/851/521 3561/825/544 3576/824/544
f 3577/822/543 3563/847/548 3554/823/19
f 3572/852/523 3559/853/523 3558/833/526 3570/832/526
f 3559/839/518 3571/838/518 3569/849/517 3558/848/517
f 3564/831/584 3555/830/584 3562/851/521 3578/850/521
f 3571/838/549 3573/837/550 3554/823/19
f 3561/841/516 3575/821/516 3573/837/586 3560/836/586
f 3568/835/520 3557/834/520 3556/829/519 3566/828/519
f 3574/827/585 3560/826/585 3559/853/523 3572/852/523
f 3567/843/551 3569/849/552 3554/823/19
f 3565/844/553 3567/843/551 3554/823/19
f 3569/849/552 3571/838/549 3554/823/19
f 3563/847/548 3565/844/553 3554/823/19
f 3573/837/550 3575/821/542 3554/823/19
f 3579/717/37 3580/718/37 3582/719/37 3581/720/37
f 3581/720/18 3582/719/18 3586/721/18 3585/722/18
f 3585/722/1 3586/721/1 3584/723/1 3583/724/1
f 3583/724/19 3584/723/19 3580/718/19 3579/717/19
f 3581/725/39 3585/726/39 3583/727/39 3579/728/39
f 3584/729/1 3586/730/1 3589/731/1 3590/732/1
f 3589/733/38 3588/734/38 3587/735/38 3590/736/38
f 3582/737/37 3580/738/37 3587/739/37 3588/740/37
f 3586/730/18 3582/737/18 3588/740/18 3589/731/18
f 3596/741/535 3593/742/535 3591/743/536 3592/744/536
f 3590/745/266 3587/746/266 3592/747/536 3591/748/536
f 3584/729/1 3590/732/1 3594/729/1
f 3593/749/535 3596/750/535 3595/751/537 3594/752/537
f 3580/753/39 3584/754/39 3594/754/537 3595/753/537
f 3595/738/37 3596/741/37 3592/744/37 3587/739/37
f 3609/755/240 3611/756/241 3600/757/19 3598/758/19
f 3599/759/216 3602/760/217 3605/760/37 3604/759/510
f 3613/761/1 3616/762/1 3612/762/1 3608/761/1
f 3597/763/232 3598/764/233 3599/765/216
f 3600/766/235 3601/767/234 3602/768/217
f 3607/769/236 3608/770/538 3609/771/240
f 3610/772/238 3611/773/241 3612/774/539
f 3603/775/505 3597/775/232 3599/776/216 3604/776/510
f 3598/758/233 3600/757/235 3602/777/217 3599/778/216
f 3601/779/234 3606/779/9 3605/780/9 3602/780/217
f 3607/781/236 3614/781/504 3613/782/16 3608/782/538
f 3615/783/17 3610/783/238 3612/784/539 3616/784/17
f 3611/756/241 3609/755/240 3608/785/538 3612/786/539
f 3597/763/232 3607/769/236 3609/771/240 3598/764/233
f 3610/772/238 3601/767/234 3600/766/235 3611/773/241
f 3603/775/505 3614/781/504 3607/781/236 3597/775/232
f 3626/787/240 3628/788/241 3619/789/19 3617/790/243
f 3631/791/507 3624/792/506 3620/792/540 3627/791/541
f 3618/793/216 3621/794/217 3623/794/37 3622/793/510
f 3630/795/499 3632/796/1 3629/796/1 3625/795/223
f 3601/797/247 3617/798/243 3618/799/216
f 3619/800/235 3620/801/540 3621/802/217
f 3610/803/248 3625/804/223 3626/805/240
f 3627/806/541 3628/807/241 3629/808/539
f 3606/809/8 3601/810/247 3618/811/216 3622/811/510
f 3617/790/243 3619/789/235 3621/812/217 3618/813/216
f 3620/792/540 3624/792/506 3623/814/9 3621/814/217
f 3610/815/248 3615/816/16 3630/817/499 3625/817/223
f 3631/791/507 3627/791/541 3629/818/539 3632/818/17
f 3628/788/241 3626/787/240 3625/819/223 3629/820/539
f 3601/797/247 3610/803/248 3626/805/240 3617/798/243
f 3627/806/541 3620/801/540 3619/800/235 3628/807/241
f 3590/732/1 3591/743/1 3593/742/1 3594/729/1
f 3580/738/37 3595/738/37 3587/739/37
f 3654/821/542 3656/822/543 3633/823/19
f 3655/824/544 3640/825/544 3639/826/585 3653/827/585
f 3645/828/519 3635/829/519 3634/830/584 3643/831/584
f 3649/832/526 3637/833/526 3636/834/520 3647/835/520
f 3639/836/586 3652/837/586 3650/838/518 3638/839/518
f 3641/840/527 3656/822/527 3654/821/516 3640/841/516
f 3636/842/529 3646/843/529 3644/844/546 3635/845/546
f 3634/846/547 3642/847/547 3656/822/527 3641/840/527
f 3635/845/546 3644/844/546 3642/847/547 3634/846/547
f 3637/848/517 3648/849/517 3646/843/529 3636/842/529
f 3657/850/521 3641/851/521 3640/825/544 3655/824/544
f 3656/822/543 3642/847/548 3633/823/19
f 3651/852/523 3638/853/523 3637/833/526 3649/832/526
f 3638/839/518 3650/838/518 3648/849/517 3637/848/517
f 3643/831/584 3634/830/584 3641/851/521 3657/850/521
f 3650/838/549 3652/837/550 3633/823/19
f 3640/841/516 3654/821/516 3652/837/586 3639/836/586
f 3647/835/520 3636/834/520 3635/829/519 3645/828/519
f 3653/827/585 3639/826/585 3638/853/523 3651/852/523
f 3646/843/551 3648/849/552 3633/823/19
f 3644/844/553 3646/843/551 3633/823/19
f 3648/849/552 3650/838/549 3633/823/19
f 3642/847/548 3644/844/553 3633/823/19
f 3652/837/550 3654/821/542 3633/823/19
f 3679/821/542 3681/822/543 3658/823/19
f 3680/824/544 3665/825/544 3664/826/585 3678/827/585
f 3670/828/519 3660/829/519 3659/830/584 3668/831/584
f 3674/832/526 3662/833/526 3661/834/520 3672/835/520
f 3664/836/586 3677/837/586 3675/838/518 3663/839/518
f 3666/840/527 3681/822/527 3679/821/516 3665/841/516
f 3661/842/529 3671/843/529 3669/844/546 3660/845/546
f 3659/846/547 3667/847/547 3681/822/527 3666/840/527
f 3660/845/546 3669/844/546 3667/847/547 3659/846/547
f 3662/848/517 3673/849/517 3671/843/529 3661/842/529
f 3682/850/521 3666/851/521 3665/825/544 3680/824/544
f 3681/822/543 3667/847/548 3658/823/19
f 3676/852/523 3663/853/523 3662/833/526 3674/832/526
f 3663/839/518 3675/838/518 3673/849/517 3662/848/517
f 3668/831/584 3659/830/584 3666/851/521 3682/850/521
f 3675/838/549 3677/837/550 3658/823/19
f 3665/841/516 3679/821/516 3677/837/586 3664/836/586
f 3672/835/520 3661/834/520 3660/829/519 3670/828/519
f 3678/827/585 3664/826/585 3663/853/523 3676/852/523
f 3671/843/551 3673/849/552 3658/823/19
f 3669/844/553 3671/843/551 3658/823/19
f 3673/849/552 3675/838/549 3658/823/19
f 3667/847/548 3669/844/553 3658/823/19
f 3677/837/550 3679/821/542 3658/823/19
f 3683/717/37 3684/718/37 3686/719/37 3685/720/37
f 3685/720/18 3686/719/18 3690/721/18 3689/722/18
f 3689/722/1 3690/721/1 3688/723/1 3687/724/1
f 3687/724/19 3688/723/19 3684/718/19 3683/717/19
f 3685/725/39 3689/726/39 3687/727/39 3683/728/39
f 3688/729/1 3690/730/1 3693/731/1 3694/732/1
f 3693/733/38 3692/734/38 3691/735/38 3694/736/38
f 3686/737/37 3684/738/37 3691/739/37 3692/740/37
f 3690/730/18 3686/737/18 3692/740/18 3693/731/18
f 3700/741/535 3697/742/535 3695/743/536 3696/744/536
f 3694/745/266 3691/746/266 3696/747/536 3695/748/536
f 3688/729/1 3694/732/1 3698/729/1
f 3697/749/535 3700/750/535 3699/751/537 3698/752/537
f 3684/753/39 3688/754/39 3698/754/537 3699/753/537
f 3699/738/37 3700/741/37 3696/744/37 3691/739/37
f 3713/755/240 3715/756/241 3704/757/19 3702/758/19
f 3703/759/216 3706/760/217 3709/760/37 3708/759/510
f 3717/761/1 3720/762/1 3716/762/1 3712/761/1
f 3701/763/232 3702/764/233 3703/765/216
f 3704/766/235 3705/767/234 3706/768/217
f 3711/769/236 3712/770/538 3713/771/240
f 3714/772/238 3715/773/241 3716/774/539
f 3707/775/505 3701/775/232 3703/776/216 3708/776/510
f 3702/758/233 3704/757/235 3706/777/217 3703/778/216
f 3705/779/234 3710/779/9 3709/780/9 3706/780/217
f 3711/781/236 3718/781/504 3717/782/16 3712/782/538
f 3719/783/17 3714/783/238 3716/784/539 3720/784/17
f 3715/756/241 3713/755/240 3712/785/538 3716/786/539
f 3701/763/232 3711/769/236 3713/771/240 3702/764/233
f 3714/772/238 3705/767/234 3704/766/235 3715/773/241
f 3707/775/505 3718/781/504 3711/781/236 3701/775/232
f 3730/787/240 3732/788/241 3723/789/19 3721/790/243
f 3735/791/507 3728/792/506 3724/792/540 3731/791/541
f 3722/793/216 3725/794/217 3727/794/37 3726/793/510
f 3734/795/499 3736/796/1 3733/796/1 3729/795/223
f 3705/797/247 3721/798/243 3722/799/216
f 3723/800/235 3724/801/540 3725/802/217
f 3714/803/248 3729/804/223 3730/805/240
f 3731/806/541 3732/807/241 3733/808/539
f 3710/809/8 3705/810/247 3722/811/216 3726/811/510
f 3721/790/243 3723/789/235 3725/812/217 3722/813/216
f 3724/792/540 3728/792/506 3727/814/9 3725/814/217
f 3714/815/248 3719/816/16 3734/817/499 3729/817/223
f 3735/791/507 3731/791/541 3733/818/539 3736/818/17
f 3732/788/241 3730/787/240 3729/819/223 3733/820/539
f 3705/797/247 3714/803/248 3730/805/240 3721/798/243
f 3731/806/541 3724/801/540 3723/800/235 3732/807/241
f 3694/732/1 3695/743/1 3697/742/1 3698/729/1
f 3684/738/37 3699/738/37 3691/739/37
f 3758/821/542 3760/822/543 3737/823/19
f 3759/824/544 3744/825/544 3743/826/524 3757/827/524
f 3749/828/519 3739/829/519 3738/830/522 3747/831/522
f 3753/832/526 3741/833/526 3740/834/520 3751/835/520
f 3743/836/515 3756/837/515 3754/838/518 3742/839/518
f 3745/840/527 3760/822/527 3758/821/545 3744/841/545
f 3740/842/529 3750/843/529 3748/844/546 3739/845/546
f 3738/846/547 3746/847/547 3760/822/527 3745/840/527
f 3739/845/546 3748/844/546 3746/847/547 3738/846/547
f 3741/848/517 3752/849/517 3750/843/529 3740/842/529
f 3761/850/521 3745/851/521 3744/825/544 3759/824/544
f 3760/822/543 3746/847/548 3737/823/19
f 3755/852/523 3742/853/523 3741/833/526 3753/832/526
f 3742/839/518 3754/838/518 3752/849/517 3741/848/517
f 3747/831/522 3738/830/522 3745/851/521 3761/850/521
f 3754/838/549 3756/837/550 3737/823/19
f 3744/841/545 3758/821/545 3756/837/515 3743/836/515
f 3751/835/520 3740/834/520 3739/829/519 3749/828/519
f 3757/827/524 3743/826/524 3742/853/523 3755/852/523
f 3750/843/551 3752/849/552 3737/823/19
f 3748/844/553 3750/843/551 3737/823/19
f 3752/849/552 3754/838/549 3737/823/19
f 3746/847/548 3748/844/553 3737/823/19
f 3756/837/550 3758/821/542 3737/823/19
f 3783/821/542 3785/822/543 3762/823/19
f 3784/824/544 3769/825/544 3768/826/524 3782/827/524
f 3774/828/519 3764/829/519 3763/830/522 3772/831/522
f 3778/832/526 3766/833/526 3765/834/520 3776/835/520
f 3768/836/515 3781/837/515 3779/838/518 3767/839/518
f 3770/840/527 3785/822/527 3783/821/545 3769/841/545
f 3765/842/529 3775/843/529 3773/844/546 3764/845/546
f 3763/846/547 3771/847/547 3785/822/527 3770/840/527
f 3764/845/546 3773/844/546 3771/847/547 3763/846/547
f 3766/848/517 3777/849/517 3775/843/529 3765/842/529
f 3786/850/521 3770/851/521 3769/825/544 3784/824/544
f 3785/822/543 3771/847/548 3762/823/19
f 3780/852/523 3767/853/523 3766/833/526 3778/832/526
f 3767/839/518 3779/838/518 3777/849/517 3766/848/517
f 3772/831/522 3763/830/522 3770/851/521 3786/850/521
f 3779/838/549 3781/837/550 3762/823/19
f 3769/841/545 3783/821/545 3781/837/515 3768/836/515
f 3776/835/520 3765/834/520 3764/829/519 3774/828/519
f 3782/827/524 3768/826/524 3767/853/523 3780/852/523
f 3775/843/551 3777/849/552 3762/823/19
f 3773/844/553 3775/843/551 3762/823/19
f 3777/849/552 3779/838/549 3762/823/19
f 3771/847/548 3773/844/553 3762/823/19
f 3781/837/550 3783/821/542 3762/823/19
f 3787/717/37 3788/718/37 3790/719/37 3789/720/37
f 3789/720/18 3790/719/18 3794/721/18 3793/722/18
f 3793/722/1 3794/721/1 3792/723/1 3791/724/1
f 3791/724/19 3792/723/19 3788/718/19 3787/717/19
f 3789/725/39 3793/726/39 3791/727/39 3787/728/39
f 3792/729/1 3794/730/1 3797/731/1 3798/732/1
f 3797/733/38 3796/734/38 3795/735/38 3798/736/38
f 3790/737/37 3788/738/37 3795/739/37 3796/740/37
f 3794/730/18 3790/737/18 3796/740/18 3797/731/18
f 3804/741/535 3801/742/535 3799/743/536 3800/744/536
f 3798/745/266 3795/746/266 3800/747/536 3799/748/536
f 3792/729/1 3798/732/1 3802/729/1
f 3801/749/535 3804/750/535 3803/751/537 3802/752/537
f 3788/753/39 3792/754/39 3802/754/537 3803/753/537
f 3803/738/37 3804/741/37 3800/744/37 3795/739/37
f 3817/755/240 3819/756/241 3808/757/19 3806/758/19
f 3807/759/216 3810/760/217 3813/760/37 3812/759/510
f 3821/761/1 3824/762/1 3820/762/1 3816/761/1
f 3805/763/232 3806/764/233 3807/765/216
f 3808/766/235 3809/767/234 3810/768/217
f 3815/769/236 3816/770/538 3817/771/240
f 3818/772/238 3819/773/241 3820/774/539
f 3811/775/505 3805/775/232 3807/776/216 3812/776/510
f 3806/758/233 3808/757/235 3810/777/217 3807/778/216
f 3809/779/234 3814/779/9 3813/780/9 3810/780/217
f 3815/781/236 3822/781/504 3821/782/16 3816/782/538
f 3823/783/17 3818/783/238 3820/784/539 3824/784/17
f 3819/756/241 3817/755/240 3816/785/538 3820/786/539
f 3805/763/232 3815/769/236 3817/771/240 3806/764/233
f 3818/772/238 3809/767/234 3808/766/235 3819/773/241
f 3811/775/505 3822/781/504 3815/781/236 3805/775/232
f 3834/787/240 3836/788/241 3827/789/19 3825/790/243
f 3839/791/507 3832/792/506 3828/792/540 3835/791/541
f 3826/793/216 3829/794/217 3831/794/37 3830/793/510
f 3838/795/499 3840/796/1 3837/796/1 3833/795/223
f 3809/797/247 3825/798/243 3826/799/216
f 3827/800/235 3828/801/540 3829/802/217
f 3818/803/248 3833/804/223 3834/805/240
f 3835/806/541 3836/807/241 3837/808/539
f 3814/809/8 3809/810/247 3826/811/216 3830/811/510
f 3825/790/243 3827/789/235 3829/812/217 3826/813/216
f 3828/792/540 3832/792/506 3831/814/9 3829/814/217
f 3818/815/248 3823/816/16 3838/817/499 3833/817/223
f 3839/791/507 3835/791/541 3837/818/539 3840/818/17
f 3836/788/241 3834/787/240 3833/819/223 3837/820/539
f 3809/797/247 3818/803/248 3834/805/240 3825/798/243
f 3835/806/541 3828/801/540 3827/800/235 3836/807/241
f 3798/732/1 3799/743/1 3801/742/1 3802/729/1
f 3788/738/37 3803/738/37 3795/739/37
f 3862/821/542 3864/822/543 3841/823/19
f 3863/824/544 3848/825/544 3847/826/524 3861/827/524
f 3853/828/519 3843/829/519 3842/830/522 3851/831/522
f 3857/832/526 3845/833/526 3844/834/520 3855/835/520
f 3847/836/515 3860/837/515 3858/838/518 3846/839/518
f 3849/840/527 3864/822/527 3862/821/545 3848/841/545
f 3844/842/529 3854/843/529 3852/844/546 3843/845/546
f 3842/846/547 3850/847/547 3864/822/527 3849/840/527
f 3843/845/546 3852/844/546 3850/847/547 3842/846/547
f 3845/848/517 3856/849/517 3854/843/529 3844/842/529
f 3865/850/521 3849/851/521 3848/825/544 3863/824/544
f 3864/822/543 3850/847/548 3841/823/19
f 3859/852/523 3846/853/523 3845/833/526 3857/832/526
f 3846/839/518 3858/838/518 3856/849/517 3845/848/517
f 3851/831/522 3842/830/522 3849/851/521 3865/850/521
f 3858/838/549 3860/837/550 3841/823/19
f 3848/841/545 3862/821/545 3860/837/515 3847/836/515
f 3855/835/520 3844/834/520 3843/829/519 3853/828/519
f 3861/827/524 3847/826/524 3846/853/523 3859/852/523
f 3854/843/551 3856/849/552 3841/823/19
f 3852/844/553 3854/843/551 3841/823/19
f 3856/849/552 3858/838/549 3841/823/19
f 3850/847/548 3852/844/553 3841/823/19
f 3860/837/550 3862/821/542 3841/823/19
f 3887/821/542 3889/822/543 3866/823/19
f 3888/824/544 3873/825/544 3872/826/524 3886/827/524
f 3878/828/519 3868/829/519 3867/830/522 3876/831/522
f 3882/832/526 3870/833/526 3869/834/520 3880/835/520
f 3872/836/515 3885/837/515 3883/838/518 3871/839/518
f 3874/840/527 3889/822/527 3887/821/545 3873/841/545
f 3869/842/529 3879/843/529 3877/844/546 3868/845/546
f 3867/846/547 3875/847/547 3889/822/527 3874/840/527
f 3868/845/546 3877/844/546 3875/847/547 3867/846/547
f 3870/848/517 3881/849/517 3879/843/529 3869/842/529
f 3890/850/521 3874/851/521 3873/825/544 3888/824/544
f 3889/822/543 3875/847/548 3866/823/19
f 3884/852/523 3871/853/523 3870/833/526 3882/832/526
f 3871/839/518 3883/838/518 3881/849/517 3870/848/517
f 3876/831/522 3867/830/522 3874/851/521 3890/850/521
f 3883/838/549 3885/837/550 3866/823/19
f 3873/841/545 3887/821/545 3885/837/515 3872/836/515
f 3880/835/520 3869/834/520 3868/829/519 3878/828/519
f 3886/827/524 3872/826/524 3871/853/523 3884/852/523
f 3879/843/551 3881/849/552 3866/823/19
f 3877/844/553 3879/843/551 3866/823/19
f 3881/849/552 3883/838/549 3866/823/19
f 3875/847/548 3877/844/553 3866/823/19
f 3885/837/550 3887/821/542 3866/823/19
f 3891/717/18 3892/718/18 3894/719/18 3893/720/18
f 3893/720/1 3894/719/1 3898/721/1 3897/722/1
f 3897/722/19 3898/721/19 3896/723/19 3895/724/19
f 3895/724/37 3896/723/37 3892/718/37 3891/717/37
f 3893/725/39 3897/726/39 3895/727/39 3891/728/39
f 3896/729/19 3898/730/19 3901/731/19 3902/732/19
f 3901/733/38 3900/734/38 3899/735/38 3902/736/38
f 3894/737/18 3892/738/18 3899/739/18 3900/740/18
f 3898/730/1 3894/737/1 3900/740/1 3901/731/1
f 3908/741/510 3905/742/510 3903/743/554 3904/744/554
f 3902/745/9 3899/746/9 3904/747/554 3903/748/554
f 3896/729/19 3902/732/19 3906/729/19
f 3905/749/510 3908/750/510 3907/751/505 3906/752/505
f 3892/753/39 3896/754/39 3906/754/505 3907/753/505
f 3907/738/18 3908/741/18 3904/744/18 3899/739/18
f 3921/755/216 3923/756/217 3912/757/37 3910/758/37
f 3911/759/225 3914/760/244 3917/760/18 3916/759/496
f 3925/761/19 3928/762/19 3924/762/19 3920/761/19
f 3909/763/224 3910/764/502 3911/765/225
f 3912/766/503 3913/767/226 3914/768/244
f 3919/769/232 3920/770/233 3921/771/216
f 3922/772/234 3923/773/217 3924/774/235
f 3915/775/498 3909/775/224 3911/776/225 3916/776/496
f 3910/758/502 3912/757/503 3914/777/244 3911/778/225
f 3913/779/226 3918/779/425 3917/780/425 3914/780/244
f 3919/781/232 3926/781/537 3925/782/267 3920/782/233
f 3927/783/266 3922/783/234 3924/784/235 3928/784/266
f 3923/756/217 3921/755/216 3920/785/233 3924/786/235
f 3909/763/224 3919/769/232 3921/771/216 3910/764/502
f 3922/772/234 3913/767/226 3912/766/503 3923/773/217
f 3915/775/498 3926/781/537 3919/781/232 3909/775/224
f 3938/787/216 3940/788/217 3931/789/37 3929/790/219
f 3943/791/555 3936/792/556 3932/792/509 3939/791/540
f 3930/793/225 3933/794/244 3935/794/18 3934/793/496
f 3942/795/535 3944/796/19 3941/796/19 3937/795/243
f 3913/797/245 3929/798/219 3930/799/225
f 3931/800/503 3932/801/509 3933/802/244
f 3922/803/247 3937/804/243 3938/805/216
f 3939/806/540 3940/807/217 3941/808/235
f 3918/809/557 3913/810/245 3930/811/225 3934/811/496
f 3929/790/219 3931/789/503 3933/812/244 3930/813/225
f 3932/792/509 3936/792/556 3935/814/425 3933/814/244
f 3922/815/247 3927/816/267 3942/817/535 3937/817/243
f 3943/791/555 3939/791/540 3941/818/235 3944/818/266
f 3940/788/217 3938/787/216 3937/819/243 3941/820/235
f 3913/797/245 3922/803/247 3938/805/216 3929/798/219
f 3939/806/540 3932/801/509 3931/800/503 3940/807/217
f 3902/732/19 3903/743/19 3905/742/19 3906/729/19
f 3892/738/18 3907/738/18 3899/739/18
f 3966/821/558 3968/822/559 3945/823/37
f 3967/824/560 3952/825/560 3951/826/561 3965/827/561
f 3957/828/562 3947/829/562 3946/830/563 3955/831/563
f 3961/832/564 3949/833/564 3948/834/565 3959/835/565
f 3951/836/566 3964/837/566 3962/838/567 3950/839/567
f 3953/840/568 3968/822/568 3966/821/569 3952/841/569
f 3948/842/570 3958/843/570 3956/844/571 3947/845/571
f 3946/846/572 3954/847/572 3968/822/568 3953/840/568
f 3947/845/571 3956/844/571 3954/847/572 3946/846/572
f 3949/848/573 3960/849/573 3958/843/570 3948/842/570
f 3969/850/574 3953/851/574 3952/825/560 3967/824/560
f 3968/822/559 3954/847/575 3945/823/37
f 3963/852/576 3950/853/576 3949/833/564 3961/832/564
f 3950/839/567 3962/838/567 3960/849/573 3949/848/573
f 3955/831/563 3946/830/563 3953/851/574 3969/850/574
f 3962/838/582 3964/837/578 3945/823/37
f 3952/841/569 3966/821/569 3964/837/566 3951/836/566
f 3959/835/565 3948/834/565 3947/829/562 3957/828/562
f 3965/827/561 3951/826/561 3950/853/576 3963/852/576
f 3958/843/579 3960/849/580 3945/823/37
f 3956/844/581 3958/843/579 3945/823/37
f 3960/849/580 3962/838/582 3945/823/37
f 3954/847/575 3956/844/581 3945/823/37
f 3964/837/578 3966/821/558 3945/823/37
f 3991/821/558 3993/822/559 3970/823/37
f 3992/824/560 3977/825/560 3976/826/587 3990/827/587
f 3982/828/562 3972/829/562 3971/830/563 3980/831/563
f 3986/832/564 3974/833/564 3973/834/565 3984/835/565
f 3976/836/566 3989/837/566 3987/838/567 3975/839/567
f 3978/840/568 3993/822/568 3991/821/569 3977/841/569
f 3973/842/570 3983/843/570 3981/844/571 3972/845/571
f 3971/846/572 3979/847/572 3993/822/568 3978/840/568
f 3972/845/571 3981/844/571 3979/847/572 3971/846/572
f 3974/848/573 3985/849/573 3983/843/570 3973/842/570
f 3994/850/574 3978/851/574 3977/825/560 3992/824/560
f 3993/822/559 3979/847/575 3970/823/37
f 3988/852/576 3975/853/576 3974/833/564 3986/832/564
f 3975/839/567 3987/838/567 3985/849/573 3974/848/573
f 3980/831/563 3971/830/563 3978/851/574 3994/850/574
f 3987/838/582 3989/837/578 3970/823/37
f 3977/841/569 3991/821/569 3989/837/566 3976/836/566
f 3984/835/565 3973/834/565 3972/829/562 3982/828/562
f 3990/827/587 3976/826/587 3975/853/576 3988/852/576
f 3983/843/579 3985/849/580 3970/823/37
f 3981/844/581 3983/843/579 3970/823/37
f 3985/849/580 3987/838/582 3970/823/37
f 3979/847/575 3981/844/581 3970/823/37
f 3989/837/578 3991/821/558 3970/823/37
f 3995/717/18 3996/718/18 3998/719/18 3997/720/18
f 3997/720/1 3998/719/1 4002/721/1 4001/722/1
f 4001/722/19 4002/721/19 4000/723/19 3999/724/19
f 3999/724/37 4000/723/37 3996/718/37 3995/717/37
f 3997/725/39 4001/726/39 3999/727/39 3995/728/39
f 4000/729/19 4002/730/19 4005/731/19 4006/732/19
f 4005/733/38 4004/734/38 4003/735/38 4006/736/38
f 3998/737/18 3996/738/18 4003/739/18 4004/740/18
f 4002/730/1 3998/737/1 4004/740/1 4005/731/1
f 4012/741/510 4009/742/510 4007/743/554 4008/744/554
f 4006/745/9 4003/746/9 4008/747/554 4007/748/554
f 4000/729/19 4006/732/19 4010/729/19
f 4009/749/510 4012/750/510 4011/751/505 4010/752/505
f 3996/753/39 4000/754/39 4010/754/505 4011/753/505
f 4011/738/18 4012/741/18 4008/744/18 4003/739/18
f 4025/755/216 4027/756/217 4016/757/37 4014/758/37
f 4015/759/225 4018/760/244 4021/760/18 4020/759/496
f 4029/761/19 4032/762/19 4028/762/19 4024/761/19
f 4013/763/224 4014/764/502 4015/765/225
f 4016/766/503 4017/767/226 4018/768/244
f 4023/769/232 4024/770/233 4025/771/216
f 4026/772/234 4027/773/217 4028/774/235
f 4019/775/498 4013/775/224 4015/776/225 4020/776/496
f 4014/758/502 4016/757/503 4018/777/244 4015/778/225
f 4017/779/226 4022/779/425 4021/780/425 4018/780/244
f 4023/781/232 4030/781/537 4029/782/267 4024/782/233
f 4031/783/266 4026/783/234 4028/784/235 4032/784/266
f 4027/756/217 4025/755/216 4024/785/233 4028/786/235
f 4013/763/224 4023/769/232 4025/771/216 4014/764/502
f 4026/772/234 4017/767/226 4016/766/503 4027/773/217
f 4019/775/498 4030/781/537 4023/781/232 4013/775/224
f 4042/787/216 4044/788/217 4035/789/37 4033/790/219
f 4047/791/555 4040/792/556 4036/792/509 4043/791/540
f 4034/793/225 4037/794/244 4039/794/18 4038/793/496
f 4046/795/535 4048/796/19 4045/796/19 4041/795/243
f 4017/797/245 4033/798/219 4034/799/225
f 4035/800/503 4036/801/509 4037/802/244
f 4026/803/247 4041/804/243 4042/805/216
f 4043/806/540 4044/807/217 4045/808/235
f 4022/809/557 4017/810/245 4034/811/225 4038/811/496
f 4033/790/219 4035/789/503 4037/812/244 4034/813/225
f 4036/792/509 4040/792/556 4039/814/425 4037/814/244
f 4026/815/247 4031/816/267 4046/817/535 4041/817/243
f 4047/791/555 4043/791/540 4045/818/235 4048/818/266
f 4044/788/217 4042/787/216 4041/819/243 4045/820/235
f 4017/797/245 4026/803/247 4042/805/216 4033/798/219
f 4043/806/540 4036/801/509 4035/800/503 4044/807/217
f 4006/732/19 4007/743/19 4009/742/19 4010/729/19
f 3996/738/18 4011/738/18 4003/739/18
f 4070/821/558 4072/822/559 4049/823/37
f 4071/824/560 4056/825/560 4055/826/561 4069/827/561
f 4061/828/562 4051/829/562 4050/830/563 4059/831/563
f 4065/832/564 4053/833/564 4052/834/565 4063/835/565
f 4055/836/566 4068/837/566 4066/838/567 4054/839/567
f 4057/840/568 4072/822/568 4070/821/569 4056/841/569
f 4052/842/570 4062/843/570 4060/844/571 4051/845/571
f 4050/846/572 4058/847/572 4072/822/568 4057/840/568
f 4051/845/571 4060/844/571 4058/847/572 4050/846/572
f 4053/848/573 4064/849/573 4062/843/570 4052/842/570
f 4073/850/574 4057/851/574 4056/825/560 4071/824/560
f 4072/822/559 4058/847/575 4049/823/37
f 4067/852/576 4054/853/576 4053/833/564 4065/832/564
f 4054/839/567 4066/838/567 4064/849/573 4053/848/573
f 4059/831/563 4050/830/563 4057/851/574 4073/850/574
f 4066/838/577 4068/837/578 4049/823/37
f 4056/841/569 4070/821/569 4068/837/566 4055/836/566
f 4063/835/565 4052/834/565 4051/829/562 4061/828/562
f 4069/827/561 4055/826/561 4054/853/576 4067/852/576
f 4062/843/579 4064/849/580 4049/823/37
f 4060/844/581 4062/843/579 4049/823/37
f 4064/849/580 4066/838/577 4049/823/37
f 4058/847/575 4060/844/581 4049/823/37
f 4068/837/578 4070/821/558 4049/823/37
f 4095/821/558 4097/822/559 4074/823/37
f 4096/824/560 4081/825/560 4080/826/561 4094/827/561
f 4086/828/562 4076/829/562 4075/830/563 4084/831/563
f 4090/832/564 4078/833/564 4077/834/565 4088/835/565
f 4080/836/566 4093/837/566 4091/838/567 4079/839/567
f 4082/840/568 4097/822/568 4095/821/569 4081/841/569
f 4077/842/570 4087/843/570 4085/844/571 4076/845/571
f 4075/846/572 4083/847/572 4097/822/568 4082/840/568
f 4076/845/571 4085/844/571 4083/847/572 4075/846/572
f 4078/848/573 4089/849/573 4087/843/570 4077/842/570
f 4098/850/574 4082/851/574 4081/825/560 4096/824/560
f 4097/822/559 4083/847/575 4074/823/37
f 4092/852/576 4079/853/576 4078/833/564 4090/832/564
f 4079/839/567 4091/838/567 4089/849/573 4078/848/573
f 4084/831/563 4075/830/563 4082/851/574 4098/850/574
f 4091/838/577 4093/837/578 4074/823/37
f 4081/841/569 4095/821/569 4093/837/566 4080/836/566
f 4088/835/565 4077/834/565 4076/829/562 4086/828/562
f 4094/827/561 4080/826/561 4079/853/576 4092/852/576
f 4087/843/579 4089/849/580 4074/823/37
f 4085/844/581 4087/843/579 4074/823/37
f 4089/849/580 4091/838/577 4074/823/37
f 4083/847/575 4085/844/581 4074/823/37
f 4093/837/578 4095/821/558 4074/823/37
f 4099/717/18 4100/718/18 4102/719/18 4101/720/18
f 4101/720/1 4102/719/1 4106/721/1 4105/722/1
f 4105/722/19 4106/721/19 4104/723/19 4103/724/19
f 4103/724/37 4104/723/37 4100/718/37 4099/717/37
f 4101/725/39 4105/726/39 4103/727/39 4099/728/39
f 4104/729/19 4106/730/19 4109/731/19 4110/732/19
f 4109/733/38 4108/734/38 4107/735/38 4110/736/38
f 4102/737/18 4100/738/18 4107/739/18 4108/740/18
f 4106/730/1 4102/737/1 4108/740/1 4109/731/1
f 4116/741/510 4113/742/510 4111/743/554 4112/744/554
f 4110/745/9 4107/746/9 4112/747/554 4111/748/554
f 4104/729/19 4110/732/19 4114/729/19
f 4113/749/510 4116/750/510 4115/751/505 4114/752/505
f 4100/753/39 4104/754/39 4114/754/505 4115/753/505
f 4115/738/18 4116/741/18 4112/744/18 4107/739/18
f 4129/755/216 4131/756/217 4120/757/37 4118/758/37
f 4119/759/225 4122/760/244 4125/760/18 4124/759/496
f 4133/761/19 4136/762/19 4132/762/19 4128/761/19
f 4117/763/224 4118/764/502 4119/765/225
f 4120/766/503 4121/767/226 4122/768/244
f 4127/769/232 4128/770/233 4129/771/216
f 4130/772/234 4131/773/217 4132/774/235
f 4123/775/498 4117/775/224 4119/776/225 4124/776/496
f 4118/758/502 4120/757/503 4122/777/244 4119/778/225
f 4121/779/226 4126/779/425 4125/780/425 4122/780/244
f 4127/781/232 4134/781/537 4133/782/267 4128/782/233
f 4135/783/266 4130/783/234 4132/784/235 4136/784/266
f 4131/756/217 4129/755/216 4128/785/233 4132/786/235
f 4117/763/224 4127/769/232 4129/771/216 4118/764/502
f 4130/772/234 4121/767/226 4120/766/503 4131/773/217
f 4123/775/498 4134/781/537 4127/781/232 4117/775/224
f 4146/787/216 4148/788/217 4139/789/37 4137/790/219
f 4151/791/555 4144/792/556 4140/792/509 4147/791/540
f 4138/793/225 4141/794/244 4143/794/18 4142/793/496
f 4150/795/535 4152/796/19 4149/796/19 4145/795/243
f 4121/797/245 4137/798/219 4138/799/225
f 4139/800/503 4140/801/509 4141/802/244
f 4130/803/247 4145/804/243 4146/805/216
f 4147/806/540 4148/807/217 4149/808/235
f 4126/809/557 4121/810/245 4138/811/225 4142/811/496
f 4137/790/219 4139/789/503 4141/812/244 4138/813/225
f 4140/792/509 4144/792/556 4143/814/425 4141/814/244
f 4130/815/247 4135/816/267 4150/817/535 4145/817/243
f 4151/791/555 4147/791/540 4149/818/235 4152/818/266
f 4148/788/217 4146/787/216 4145/819/243 4149/820/235
f 4121/797/245 4130/803/247 4146/805/216 4137/798/219
f 4147/806/540 4140/801/509 4139/800/503 4148/807/217
f 4110/732/19 4111/743/19 4113/742/19 4114/729/19
f 4100/738/18 4115/738/18 4107/739/18
f 4174/821/558 4176/822/559 4153/823/37
f 4175/824/560 4160/825/560 4159/826/561 4173/827/561
f 4165/828/562 4155/829/562 4154/830/563 4163/831/563
f 4169/832/564 4157/833/564 4156/834/565 4167/835/565
f 4159/836/566 4172/837/566 4170/838/567 4158/839/567
f 4161/840/568 4176/822/568 4174/821/569 4160/841/569
f 4156/842/570 4166/843/570 4164/844/571 4155/845/571
f 4154/846/572 4162/847/572 4176/822/568 4161/840/568
f 4155/845/571 4164/844/571 4162/847/572 4154/846/572
f 4157/848/573 4168/849/573 4166/843/570 4156/842/570
f 4177/850/574 4161/851/574 4160/825/560 4175/824/560
f 4176/822/559 4162/847/575 4153/823/37
f 4171/852/576 4158/853/576 4157/833/564 4169/832/564
f 4158/839/567 4170/838/567 4168/849/573 4157/848/573
f 4163/831/563 4154/830/563 4161/851/574 4177/850/574
f 4170/838/577 4172/837/578 4153/823/37
f 4160/841/569 4174/821/569 4172/837/566 4159/836/566
f 4167/835/565 4156/834/565 4155/829/562 4165/828/562
f 4173/827/561 4159/826/561 4158/853/576 4171/852/576
f 4166/843/579 4168/849/580 4153/823/37
f 4164/844/581 4166/843/579 4153/823/37
f 4168/849/580 4170/838/577 4153/823/37
f 4162/847/575 4164/844/581 4153/823/37
f 4172/837/578 4174/821/558 4153/823/37
f 4199/821/558 4201/822/559 4178/823/37
f 4200/824/560 4185/825/560 4184/826/561 4198/827/561
f 4190/828/562 4180/829/562 4179/830/563 4188/831/563
f 4194/832/564 4182/833/564 4181/834/565 4192/835/565
f 4184/836/566 4197/837/566 4195/838/567 4183/839/567
f 4186/840/568 4201/822/568 4199/821/569 4185/841/569
f 4181/842/570 4191/843/570 4189/844/571 4180/845/571
f 4179/846/572 4187/847/572 4201/822/568 4186/840/568
f 4180/845/571 4189/844/571 4187/847/572 4179/846/572
f 4182/848/573 4193/849/573 4191/843/570 4181/842/570
f 4202/850/574 4186/851/574 4185/825/560 4200/824/560
f 4201/822/559 4187/847/575 4178/823/37
f 4196/852/576 4183/853/576 4182/833/564 4194/832/564
f 4183/839/567 4195/838/567 4193/849/573 4182/848/573
f 4188/831/563 4179/830/563 4186/851/574 4202/850/574
f 4195/838/577 4197/837/578 4178/823/37
f 4185/841/569 4199/821/569 4197/837/566 4184/836/566
f 4192/835/565 4181/834/565 4180/829/562 4190/828/562
f 4198/827/561 4184/826/561 4183/853/576 4196/852/576
f 4191/843/579 4193/849/580 4178/823/37
f 4189/844/581 4191/843/579 4178/823/37
f 4193/849/580 4195/838/577 4178/823/37
f 4187/847/575 4189/844/581 4178/823/37
f 4197/837/578 4199/821/558 4178/823/37
f 4203/717/18 4204/718/18 4206/719/18 4205/720/18
f 4205/720/1 4206/719/1 4210/721/1 4209/722/1
f 4209/722/19 4210/721/19 4208/723/19 4207/724/19
f 4207/724/37 4208/723/37 4204/718/37 4203/717/37
f 4205/725/39 4209/726/39 4207/727/39 4203/728/39
f 4208/729/19 4210/730/19 4213/731/19 4214/732/19
f 4213/733/38 4212/734/38 4211/735/38 4214/736/38
f 4206/737/18 4204/738/18 4211/739/18 4212/740/18
f 4210/730/1 4206/737/1 4212/740/1 4213/731/1
f 4220/741/510 4217/742/510 4215/743/554 4216/744/554
f 4214/745/9 4211/746/9 4216/747/554 4215/748/554
f 4208/729/19 4214/732/19 4218/729/19
f 4217/749/510 4220/750/510 4219/751/505 4218/752/505
f 4204/753/39 4208/754/39 4218/754/505 4219/753/505
f 4219/738/18 4220/741/18 4216/744/18 4211/739/18
f 4233/755/216 4235/756/217 4224/757/37 4222/758/37
f 4223/759/225 4226/760/244 4229/760/18 4228/759/496
f 4237/761/19 4240/762/19 4236/762/19 4232/761/19
f 4221/763/224 4222/764/502 4223/765/225
f 4224/766/503 4225/767/226 4226/768/244
f 4231/769/232 4232/770/233 4233/771/216
f 4234/772/234 4235/773/217 4236/774/235
f 4227/775/498 4221/775/224 4223/776/225 4228/776/496
f 4222/758/502 4224/757/503 4226/777/244 4223/778/225
f 4225/779/226 4230/779/425 4229/780/425 4226/780/244
f 4231/781/232 4238/781/537 4237/782/267 4232/782/233
f 4239/783/266 4234/783/234 4236/784/235 4240/784/266
f 4235/756/217 4233/755/216 4232/785/233 4236/786/235
f 4221/763/224 4231/769/232 4233/771/216 4222/764/502
f 4234/772/234 4225/767/226 4224/766/503 4235/773/217
f 4227/775/498 4238/781/537 4231/781/232 4221/775/224
f 4250/787/216 4252/788/217 4243/789/37 4241/790/219
f 4255/791/555 4248/792/556 4244/792/509 4251/791/540
f 4242/793/225 4245/794/244 4247/794/18 4246/793/496
f 4254/795/535 4256/796/19 4253/796/19 4249/795/243
f 4225/797/245 4241/798/219 4242/799/225
f 4243/800/503 4244/801/509 4245/802/244
f 4234/803/247 4249/804/243 4250/805/216
f 4251/806/540 4252/807/217 4253/808/235
f 4230/809/557 4225/810/245 4242/811/225 4246/811/496
f 4241/790/219 4243/789/503 4245/812/244 4242/813/225
f 4244/792/509 4248/792/556 4247/814/425 4245/814/244
f 4234/815/247 4239/816/267 4254/817/535 4249/817/243
f 4255/791/555 4251/791/540 4253/818/235 4256/818/266
f 4252/788/217 4250/787/216 4249/819/243 4253/820/235
f 4225/797/245 4234/803/247 4250/805/216 4241/798/219
f 4251/806/540 4244/801/509 4243/800/503 4252/807/217
f 4214/732/19 4215/743/19 4217/742/19 4218/729/19
f 4204/738/18 4219/738/18 4211/739/18
f 4278/821/558 4280/822/559 4257/823/37
f 4279/824/560 4264/825/560 4263/826/561 4277/827/561
f 4269/828/562 4259/829/562 4258/830/563 4267/831/563
f 4273/832/564 4261/833/564 4260/834/565 4271/835/565
f 4263/836/566 4276/837/566 4274/838/567 4262/839/567
f 4265/840/568 4280/822/568 4278/821/569 4264/841/569
f 4260/842/570 4270/843/570 4268/844/571 4259/845/571
f 4258/846/572 4266/847/572 4280/822/568 4265/840/568
f 4259/845/571 4268/844/571 4266/847/572 4258/846/572
f 4261/848/573 4272/849/573 4270/843/570 4260/842/570
f 4281/850/574 4265/851/574 4264/825/560 4279/824/560
f 4280/822/559 4266/847/575 4257/823/37
f 4275/852/576 4262/853/576 4261/833/564 4273/832/564
f 4262/839/567 4274/838/567 4272/849/573 4261/848/573
f 4267/831/563 4258/830/563 4265/851/574 4281/850/574
f 4274/838/582 4276/837/578 4257/823/37
f 4264/841/569 4278/821/569 4276/837/566 4263/836/566
f 4271/835/565 4260/834/565 4259/829/562 4269/828/562
f 4277/827/561 4263/826/561 4262/853/576 4275/852/576
f 4270/843/579 4272/849/580 4257/823/37
f 4268/844/581 4270/843/579 4257/823/37
f 4272/849/580 4274/838/582 4257/823/37
f 4266/847/575 4268/844/581 4257/823/37
f 4276/837/578 4278/821/558 4257/823/37
f 4303/821/558 4305/822/559 4282/823/37
f 4304/824/560 4289/825/560 4288/826/587 4302/827/587
f 4294/828/562 4284/829/562 4283/830/563 4292/831/563
f 4298/832/564 4286/833/564 4285/834/565 4296/835/565
f 4288/836/566 4301/837/566 4299/838/567 4287/839/567
f 4290/840/568 4305/822/568 4303/821/569 4289/841/569
f 4285/842/570 4295/843/570 4293/844/571 4284/845/571
f 4283/846/572 4291/847/572 4305/822/568 4290/840/568
f 4284/845/571 4293/844/571 4291/847/572 4283/846/572
f 4286/848/573 4297/849/573 4295/843/570 4285/842/570
f 4306/850/574 4290/851/574 4289/825/560 4304/824/560
f 4305/822/559 4291/847/575 4282/823/37
f 4300/852/576 4287/853/576 4286/833/564 4298/832/564
f 4287/839/567 4299/838/567 4297/849/573 4286/848/573
f 4292/831/563 4283/830/563 4290/851/574 4306/850/574
f 4299/838/582 4301/837/578 4282/823/37
f 4289/841/569 4303/821/569 4301/837/566 4288/836/566
f 4296/835/565 4285/834/565 4284/829/562 4294/828/562
f 4302/827/587 4288/826/587 4287/853/576 4300/852/576
f 4295/843/579 4297/849/580 4282/823/37
f 4293/844/581 4295/843/579 4282/823/37
f 4297/849/580 4299/838/582 4282/823/37
f 4291/847/575 4293/844/581 4282/823/37
f 4301/837/578 4303/821/558 4282/823/37
f 4903/717/1 4904/718/1 4906/719/1 4905/720/1
f 4905/720/19 4906/719/19 4910/721/19 4909/722/19
f 4909/722/37 4910/721/37 4908/723/37 4907/724/37
f 4907/724/18 4908/723/18 4904/718/18 4903/717/18
f 4905/725/39 4909/726/39 4907/727/39 4903/728/39
f 4908/729/37 4910/730/37 4913/731/37 4914/732/37
f 4913/733/38 4912/734/38 4911/735/38 4914/736/38
f 4906/737/1 4904/738/1 4911/739/1 4912/740/1
f 4910/730/19 4906/737/19 4912/740/19 4913/731/19
f 4920/741/496 4917/742/496 4915/743/497 4916/744/497
f 4914/745/425 4911/746/425 4916/747/497 4915/748/497
f 4908/729/37 4914/732/37 4918/729/37
f 4917/749/496 4920/750/496 4919/751/498 4918/752/498
f 4904/753/39 4908/754/39 4918/754/498 4919/753/498
f 4919/738/1 4920/741/1 4916/744/1 4911/739/1
f 4933/755/225 4935/756/244 4924/757/18 4922/758/18
f 4923/759/220 4926/760/221 4929/760/1 4928/759/499
f 4937/761/37 4940/762/37 4936/762/37 4932/761/37
f 4921/763/228 4922/764/500 4923/765/220
f 4924/766/501 4925/767/230 4926/768/221
f 4931/769/224 4932/770/1039 4933/771/225
f 4934/772/226 4935/773/244 4936/774/1040
f 4927/775/504 4921/775/228 4923/776/220 4928/776/499
f 4922/758/500 4924/757/501 4926/777/221 4923/778/220
f 4925/779/230 4930/779/17 4929/780/17 4926/780/221
f 4931/781/224 4938/781/505 4937/782/8 4932/782/1039
f 4939/783/9 4934/783/226 4936/784/1040 4940/784/9
f 4935/756/244 4933/755/225 4932/785/1039 4936/786/1040
f 4921/763/228 4931/769/224 4933/771/225 4922/764/500
f 4934/772/226 4925/767/230 4924/766/501 4935/773/244
f 4927/775/504 4938/781/505 4931/781/224 4921/775/228
f 4950/787/225 4952/788/244 4943/789/18 4941/790/229
f 4955/791/506 4948/792/507 4944/792/508 4951/791/509
f 4942/793/220 4945/794/221 4947/794/1 4946/793/499
f 4954/795/510 4956/796/37 4953/796/37 4949/795/219
f 4925/797/246 4941/798/229 4942/799/220
f 4943/800/501 4944/801/508 4945/802/221
f 4934/803/245 4949/804/219 4950/805/225
f 4951/806/509 4952/807/244 4953/808/503
f 4930/809/16 4925/810/246 4942/811/220 4946/811/499
f 4941/790/229 4943/789/501 4945/812/221 4942/813/220
f 4944/792/508 4948/792/507 4947/814/17 4945/814/221
f 4934/815/245 4939/816/8 4954/817/510 4949/817/219
f 4955/791/506 4951/791/509 4953/818/503 4956/818/9
f 4952/788/244 4950/787/225 4949/819/219 4953/820/503
f 4925/797/246 4934/803/245 4950/805/225 4941/798/229
f 4951/806/509 4944/801/508 4943/800/501 4952/807/244
f 4914/732/37 4915/743/37 4917/742/37 4918/729/37
f 4904/738/1 4919/738/1 4911/739/1
f 4978/821/511 4980/822/512 4957/823/18
f 4979/824/513 4964/825/513 4963/826/514 4977/827/514
f 4969/828/515 4959/829/515 4958/830/516 4967/831/516
f 4973/832/517 4961/833/517 4960/834/518 4971/835/518
f 4963/836/519 4976/837/519 4974/838/520 4962/839/520
f 4965/840/521 4980/822/521 4978/821/522 4964/841/522
f 4960/842/523 4970/843/523 4968/844/524 4959/845/524
f 4958/846/525 4966/847/525 4980/822/521 4965/840/521
f 4959/845/524 4968/844/524 4966/847/525 4958/846/525
f 4961/848/526 4972/849/526 4970/843/523 4960/842/523
f 4981/850/527 4965/851/527 4964/825/513 4979/824/513
f 4980/822/512 4966/847/528 4957/823/18
f 4975/852/529 4962/853/529 4961/833/517 4973/832/517
f 4962/839/520 4974/838/520 4972/849/526 4961/848/526
f 4967/831/516 4958/830/516 4965/851/527 4981/850/527
f 4974/838/530 4976/837/531 4957/823/18
f 4964/841/522 4978/821/522 4976/837/519 4963/836/519
f 4971/835/518 4960/834/518 4959/829/515 4969/828/515
f 4977/827/514 4963/826/514 4962/853/529 4975/852/529
f 4970/843/532 4972/849/533 4957/823/18
f 4968/844/534 4970/843/532 4957/823/18
f 4972/849/533 4974/838/530 4957/823/18
f 4966/847/528 4968/844/534 4957/823/18
f 4976/837/531 4978/821/511 4957/823/18
f 5003/821/511 5005/822/512 4982/823/18
f 5004/824/513 4989/825/513 4988/826/514 5002/827/514
f 4994/828/515 4984/829/515 4983/830/516 4992/831/516
f 4998/832/517 4986/833/517 4985/834/518 4996/835/518
f 4988/836/519 5001/837/519 4999/838/520 4987/839/520
f 4990/840/521 5005/822/521 5003/821/522 4989/841/522
f 4985/842/523 4995/843/523 4993/844/524 4984/845/524
f 4983/846/525 4991/847/525 5005/822/521 4990/840/521
f 4984/845/524 4993/844/524 4991/847/525 4983/846/525
f 4986/848/526 4997/849/526 4995/843/523 4985/842/523
f 5006/850/527 4990/851/527 4989/825/513 5004/824/513
f 5005/822/512 4991/847/528 4982/823/18
f 5000/852/529 4987/853/529 4986/833/517 4998/832/517
f 4987/839/520 4999/838/520 4997/849/526 4986/848/526
f 4992/831/516 4983/830/516 4990/851/527 5006/850/527
f 4999/838/530 5001/837/531 4982/823/18
f 4989/841/522 5003/821/522 5001/837/519 4988/836/519
f 4996/835/518 4985/834/518 4984/829/515 4994/828/515
f 5002/827/514 4988/826/514 4987/853/529 5000/852/529
f 4995/843/532 4997/849/533 4982/823/18
f 4993/844/534 4995/843/532 4982/823/18
f 4997/849/533 4999/838/530 4982/823/18
f 4991/847/528 4993/844/534 4982/823/18
f 5001/837/531 5003/821/511 4982/823/18
f 5007/717/1 5008/718/1 5010/719/1 5009/720/1
f 5009/720/19 5010/719/19 5014/721/19 5013/722/19
f 5013/722/37 5014/721/37 5012/723/37 5011/724/37
f 5011/724/18 5012/723/18 5008/718/18 5007/717/18
f 5009/725/39 5013/726/39 5011/727/39 5007/728/39
f 5012/729/37 5014/730/37 5017/731/37 5018/732/37
f 5017/733/38 5016/734/38 5015/735/38 5018/736/38
f 5010/737/1 5008/738/1 5015/739/1 5016/740/1
f 5014/730/19 5010/737/19 5016/740/19 5017/731/19
f 5024/741/496 5021/742/496 5019/743/497 5020/744/497
f 5018/745/425 5015/746/425 5020/747/497 5019/748/497
f 5012/729/37 5018/732/37 5022/729/37
f 5021/749/496 5024/750/496 5023/751/498 5022/752/498
f 5008/753/39 5012/754/39 5022/754/498 5023/753/498
f 5023/738/1 5024/741/1 5020/744/1 5015/739/1
f 5037/755/225 5039/756/244 5028/757/18 5026/758/18
f 5027/759/220 5030/760/221 5033/760/1 5032/759/499
f 5041/761/37 5044/762/37 5040/762/37 5036/761/37
f 5025/763/228 5026/764/500 5027/765/220
f 5028/766/501 5029/767/230 5030/768/221
f 5035/769/224 5036/770/502 5037/771/225
f 5038/772/226 5039/773/244 5040/774/503
f 5031/775/504 5025/775/228 5027/776/220 5032/776/499
f 5026/758/500 5028/757/501 5030/777/221 5027/778/220
f 5029/779/230 5034/779/17 5033/780/17 5030/780/221
f 5035/781/224 5042/781/505 5041/782/8 5036/782/502
f 5043/783/9 5038/783/226 5040/784/503 5044/784/9
f 5039/756/244 5037/755/225 5036/785/502 5040/786/503
f 5025/763/228 5035/769/224 5037/771/225 5026/764/500
f 5038/772/226 5029/767/230 5028/766/501 5039/773/244
f 5031/775/504 5042/781/505 5035/781/224 5025/775/228
f 5054/787/225 5056/788/244 5047/789/18 5045/790/229
f 5059/791/506 5052/792/507 5048/792/508 5055/791/509
f 5046/793/220 5049/794/221 5051/794/1 5050/793/499
f 5058/795/510 5060/796/37 5057/796/37 5053/795/219
f 5029/797/246 5045/798/229 5046/799/220
f 5047/800/501 5048/801/508 5049/802/221
f 5038/803/245 5053/804/219 5054/805/225
f 5055/806/509 5056/807/244 5057/808/503
f 5034/809/16 5029/810/246 5046/811/220 5050/811/499
f 5045/790/229 5047/789/501 5049/812/221 5046/813/220
f 5048/792/508 5052/792/507 5051/814/17 5049/814/221
f 5038/815/245 5043/816/8 5058/817/510 5053/817/219
f 5059/791/506 5055/791/509 5057/818/503 5060/818/9
f 5056/788/244 5054/787/225 5053/819/219 5057/820/503
f 5029/797/246 5038/803/245 5054/805/225 5045/798/229
f 5055/806/509 5048/801/508 5047/800/501 5056/807/244
f 5018/732/37 5019/743/37 5021/742/37 5022/729/37
f 5008/738/1 5023/738/1 5015/739/1
f 5082/821/511 5084/822/512 5061/823/18
f 5083/824/513 5068/825/513 5067/826/546 5081/827/546
f 5073/828/515 5063/829/515 5062/830/516 5071/831/516
f 5077/832/517 5065/833/517 5064/834/518 5075/835/518
f 5067/836/519 5080/837/519 5078/838/520 5066/839/520
f 5069/840/521 5084/822/521 5082/821/584 5068/841/584
f 5064/842/523 5074/843/523 5072/844/524 5063/845/524
f 5062/846/525 5070/847/525 5084/822/521 5069/840/521
f 5063/845/524 5072/844/524 5070/847/525 5062/846/525
f 5065/848/526 5076/849/526 5074/843/523 5064/842/523
f 5085/850/527 5069/851/527 5068/825/513 5083/824/513
f 5084/822/512 5070/847/528 5061/823/18
f 5079/852/529 5066/853/529 5065/833/517 5077/832/517
f 5066/839/520 5078/838/520 5076/849/526 5065/848/526
f 5071/831/516 5062/830/516 5069/851/527 5085/850/527
f 5078/838/530 5080/837/531 5061/823/18
f 5068/841/584 5082/821/584 5080/837/519 5067/836/519
f 5075/835/518 5064/834/518 5063/829/515 5073/828/515
f 5081/827/546 5067/826/546 5066/853/529 5079/852/529
f 5074/843/532 5076/849/533 5061/823/18
f 5072/844/534 5074/843/532 5061/823/18
f 5076/849/533 5078/838/530 5061/823/18
f 5070/847/528 5072/844/534 5061/823/18
f 5080/837/531 5082/821/511 5061/823/18
f 5107/821/511 5109/822/512 5086/823/18
f 5108/824/513 5093/825/513 5092/826/514 5106/827/514
f 5098/828/515 5088/829/515 5087/830/516 5096/831/516
f 5102/832/517 5090/833/517 5089/834/518 5100/835/518
f 5092/836/519 5105/837/519 5103/838/520 5091/839/520
f 5094/840/521 5109/822/521 5107/821/584 5093/841/584
f 5089/842/523 5099/843/523 5097/844/524 5088/845/524
f 5087/846/525 5095/847/525 5109/822/521 5094/840/521
f 5088/845/524 5097/844/524 5095/847/525 5087/846/525
f 5090/848/526 5101/849/526 5099/843/523 5089/842/523
f 5110/850/527 5094/851/527 5093/825/513 5108/824/513
f 5109/822/512 5095/847/528 5086/823/18
f 5104/852/529 5091/853/529 5090/833/517 5102/832/517
f 5091/839/520 5103/838/520 5101/849/526 5090/848/526
f 5096/831/516 5087/830/516 5094/851/527 5110/850/527
f 5103/838/530 5105/837/531 5086/823/18
f 5093/841/584 5107/821/584 5105/837/519 5092/836/519
f 5100/835/518 5089/834/518 5088/829/515 5098/828/515
f 5106/827/514 5092/826/514 5091/853/529 5104/852/529
f 5099/843/532 5101/849/533 5086/823/18
f 5097/844/534 5099/843/532 5086/823/18
f 5101/849/533 5103/838/530 5086/823/18
f 5095/847/528 5097/844/534 5086/823/18
f 5105/837/531 5107/821/511 5086/823/18
f 5111/717/37 5112/718/37 5114/719/37 5113/720/37
f 5113/720/18 5114/719/18 5118/721/18 5117/722/18
f 5117/722/1 5118/721/1 5116/723/1 5115/724/1
f 5115/724/19 5116/723/19 5112/718/19 5111/717/19
f 5113/725/39 5117/726/39 5115/727/39 5111/728/39
f 5116/729/1 5118/730/1 5121/731/1 5122/732/1
f 5121/733/38 5120/734/38 5119/735/38 5122/736/38
f 5114/737/37 5112/738/37 5119/739/37 5120/740/37
f 5118/730/18 5114/737/18 5120/740/18 5121/731/18
f 5128/741/535 5125/742/535 5123/743/536 5124/744/536
f 5122/745/266 5119/746/266 5124/747/536 5123/748/536
f 5116/729/1 5122/732/1 5126/729/1
f 5125/749/535 5128/750/535 5127/751/537 5126/752/537
f 5112/753/39 5116/754/39 5126/754/537 5127/753/537
f 5127/738/37 5128/741/37 5124/744/37 5119/739/37
f 5141/755/240 5143/756/241 5132/757/19 5130/758/19
f 5131/759/216 5134/760/217 5137/760/37 5136/759/510
f 5145/761/1 5148/762/1 5144/762/1 5140/761/1
f 5129/763/232 5130/764/233 5131/765/216
f 5132/766/235 5133/767/234 5134/768/217
f 5139/769/236 5140/770/538 5141/771/240
f 5142/772/238 5143/773/241 5144/774/539
f 5135/775/505 5129/775/232 5131/776/216 5136/776/510
f 5130/758/233 5132/757/235 5134/777/217 5131/778/216
f 5133/779/234 5138/779/9 5137/780/9 5134/780/217
f 5139/781/236 5146/781/504 5145/782/16 5140/782/538
f 5147/783/17 5142/783/238 5144/784/539 5148/784/17
f 5143/756/241 5141/755/240 5140/785/538 5144/786/539
f 5129/763/232 5139/769/236 5141/771/240 5130/764/233
f 5142/772/238 5133/767/234 5132/766/235 5143/773/241
f 5135/775/505 5146/781/504 5139/781/236 5129/775/232
f 5158/787/240 5160/788/241 5151/789/19 5149/790/243
f 5163/791/507 5156/792/506 5152/792/540 5159/791/541
f 5150/793/216 5153/794/217 5155/794/37 5154/793/510
f 5162/795/499 5164/796/1 5161/796/1 5157/795/223
f 5133/797/247 5149/798/243 5150/799/216
f 5151/800/235 5152/801/540 5153/802/217
f 5142/803/248 5157/804/223 5158/805/240
f 5159/806/541 5160/807/241 5161/808/539
f 5138/809/8 5133/810/247 5150/811/216 5154/811/510
f 5149/790/243 5151/789/235 5153/812/217 5150/813/216
f 5152/792/540 5156/792/506 5155/814/9 5153/814/217
f 5142/815/248 5147/816/16 5162/817/499 5157/817/223
f 5163/791/507 5159/791/541 5161/818/539 5164/818/17
f 5160/788/241 5158/787/240 5157/819/223 5161/820/539
f 5133/797/247 5142/803/248 5158/805/240 5149/798/243
f 5159/806/541 5152/801/540 5151/800/235 5160/807/241
f 5122/732/1 5123/743/1 5125/742/1 5126/729/1
f 5112/738/37 5127/738/37 5119/739/37
f 5186/821/542 5188/822/543 5165/823/19
f 5187/824/544 5172/825/544 5171/826/524 5185/827/524
f 5177/828/519 5167/829/519 5166/830/522 5175/831/522
f 5181/832/526 5169/833/526 5168/834/520 5179/835/520
f 5171/836/515 5184/837/515 5182/838/518 5170/839/518
f 5173/840/527 5188/822/527 5186/821/516 5172/841/516
f 5168/842/529 5178/843/529 5176/844/546 5167/845/546
f 5166/846/547 5174/847/547 5188/822/527 5173/840/527
f 5167/845/546 5176/844/546 5174/847/547 5166/846/547
f 5169/848/517 5180/849/517 5178/843/529 5168/842/529
f 5189/850/521 5173/851/521 5172/825/544 5187/824/544
f 5188/822/543 5174/847/548 5165/823/19
f 5183/852/523 5170/853/523 5169/833/526 5181/832/526
f 5170/839/518 5182/838/518 5180/849/517 5169/848/517
f 5175/831/522 5166/830/522 5173/851/521 5189/850/521
f 5182/838/549 5184/837/550 5165/823/19
f 5172/841/516 5186/821/516 5184/837/515 5171/836/515
f 5179/835/520 5168/834/520 5167/829/519 5177/828/519
f 5185/827/524 5171/826/524 5170/853/523 5183/852/523
f 5178/843/551 5180/849/552 5165/823/19
f 5176/844/553 5178/843/551 5165/823/19
f 5180/849/552 5182/838/549 5165/823/19
f 5174/847/548 5176/844/553 5165/823/19
f 5184/837/550 5186/821/542 5165/823/19
f 5211/821/542 5213/822/543 5190/823/19
f 5212/824/544 5197/825/544 5196/826/585 5210/827/585
f 5202/828/519 5192/829/519 5191/830/584 5200/831/584
f 5206/832/526 5194/833/526 5193/834/520 5204/835/520
f 5196/836/515 5209/837/515 5207/838/518 5195/839/518
f 5198/840/527 5213/822/527 5211/821/545 5197/841/545
f 5193/842/529 5203/843/529 5201/844/546 5192/845/546
f 5191/846/547 5199/847/547 5213/822/527 5198/840/527
f 5192/845/546 5201/844/546 5199/847/547 5191/846/547
f 5194/848/517 5205/849/517 5203/843/529 5193/842/529
f 5214/850/521 5198/851/521 5197/825/544 5212/824/544
f 5213/822/543 5199/847/548 5190/823/19
f 5208/852/523 5195/853/523 5194/833/526 5206/832/526
f 5195/839/518 5207/838/518 5205/849/517 5194/848/517
f 5200/831/584 5191/830/584 5198/851/521 5214/850/521
f 5207/838/549 5209/837/550 5190/823/19
f 5197/841/545 5211/821/545 5209/837/515 5196/836/515
f 5204/835/520 5193/834/520 5192/829/519 5202/828/519
f 5210/827/585 5196/826/585 5195/853/523 5208/852/523
f 5203/843/551 5205/849/552 5190/823/19
f 5201/844/553 5203/843/551 5190/823/19
f 5205/849/552 5207/838/549 5190/823/19
f 5199/847/548 5201/844/553 5190/823/19
f 5209/837/550 5211/821/542 5190/823/19
f 5215/717/37 5216/718/37 5218/719/37 5217/720/37
f 5217/720/18 5218/719/18 5222/721/18 5221/722/18
f 5221/722/1 5222/721/1 5220/723/1 5219/724/1
f 5219/724/19 5220/723/19 5216/718/19 5215/717/19
f 5217/725/39 5221/726/39 5219/727/39 5215/728/39
f 5220/729/1 5222/730/1 5225/731/1 5226/732/1
f 5225/733/38 5224/734/38 5223/735/38 5226/736/38
f 5218/737/37 5216/738/37 5223/739/37 5224/740/37
f 5222/730/18 5218/737/18 5224/740/18 5225/731/18
f 5232/741/535 5229/742/535 5227/743/536 5228/744/536
f 5226/745/266 5223/746/266 5228/747/536 5227/748/536
f 5220/729/1 5226/732/1 5230/729/1
f 5229/749/535 5232/750/535 5231/751/537 5230/752/537
f 5216/753/39 5220/754/39 5230/754/537 5231/753/537
f 5231/738/37 5232/741/37 5228/744/37 5223/739/37
f 5245/755/240 5247/756/241 5236/757/19 5234/758/19
f 5235/759/216 5238/760/217 5241/760/37 5240/759/510
f 5249/761/1 5252/762/1 5248/762/1 5244/761/1
f 5233/763/232 5234/764/233 5235/765/216
f 5236/766/235 5237/767/234 5238/768/217
f 5243/769/236 5244/770/538 5245/771/240
f 5246/772/238 5247/773/241 5248/774/539
f 5239/775/505 5233/775/232 5235/776/216 5240/776/510
f 5234/758/233 5236/757/235 5238/777/217 5235/778/216
f 5237/779/234 5242/779/9 5241/780/9 5238/780/217
f 5243/781/236 5250/781/504 5249/782/16 5244/782/538
f 5251/783/17 5246/783/238 5248/784/539 5252/784/17
f 5247/756/241 5245/755/240 5244/785/538 5248/786/539
f 5233/763/232 5243/769/236 5245/771/240 5234/764/233
f 5246/772/238 5237/767/234 5236/766/235 5247/773/241
f 5239/775/505 5250/781/504 5243/781/236 5233/775/232
f 5262/787/240 5264/788/241 5255/789/19 5253/790/243
f 5267/791/507 5260/792/506 5256/792/540 5263/791/541
f 5254/793/216 5257/794/217 5259/794/37 5258/793/510
f 5266/795/499 5268/796/1 5265/796/1 5261/795/223
f 5237/797/247 5253/798/243 5254/799/216
f 5255/800/235 5256/801/540 5257/802/217
f 5246/803/248 5261/804/223 5262/805/240
f 5263/806/541 5264/807/241 5265/808/539
f 5242/809/8 5237/810/247 5254/811/216 5258/811/510
f 5253/790/243 5255/789/235 5257/812/217 5254/813/216
f 5256/792/540 5260/792/506 5259/814/9 5257/814/217
f 5246/815/248 5251/816/16 5266/817/499 5261/817/223
f 5267/791/507 5263/791/541 5265/818/539 5268/818/17
f 5264/788/241 5262/787/240 5261/819/223 5265/820/539
f 5237/797/247 5246/803/248 5262/805/240 5253/798/243
f 5263/806/541 5256/801/540 5255/800/235 5264/807/241
f 5226/732/1 5227/743/1 5229/742/1 5230/729/1
f 5216/738/37 5231/738/37 5223/739/37
f 5290/821/542 5292/822/543 5269/823/19
f 5291/824/544 5276/825/544 5275/826/524 5289/827/524
f 5281/828/519 5271/829/519 5270/830/522 5279/831/522
f 5285/832/526 5273/833/526 5272/834/520 5283/835/520
f 5275/836/515 5288/837/515 5286/838/518 5274/839/518
f 5277/840/527 5292/822/527 5290/821/516 5276/841/516
f 5272/842/529 5282/843/529 5280/844/546 5271/845/546
f 5270/846/547 5278/847/547 5292/822/527 5277/840/527
f 5271/845/546 5280/844/546 5278/847/547 5270/846/547
f 5273/848/517 5284/849/517 5282/843/529 5272/842/529
f 5293/850/521 5277/851/521 5276/825/544 5291/824/544
f 5292/822/543 5278/847/548 5269/823/19
f 5287/852/523 5274/853/523 5273/833/526 5285/832/526
f 5274/839/518 5286/838/518 5284/849/517 5273/848/517
f 5279/831/522 5270/830/522 5277/851/521 5293/850/521
f 5286/838/549 5288/837/550 5269/823/19
f 5276/841/516 5290/821/516 5288/837/515 5275/836/515
f 5283/835/520 5272/834/520 5271/829/519 5281/828/519
f 5289/827/524 5275/826/524 5274/853/523 5287/852/523
f 5282/843/551 5284/849/552 5269/823/19
f 5280/844/553 5282/843/551 5269/823/19
f 5284/849/552 5286/838/549 5269/823/19
f 5278/847/548 5280/844/553 5269/823/19
f 5288/837/550 5290/821/542 5269/823/19
f 5315/821/542 5317/822/543 5294/823/19
f 5316/824/544 5301/825/544 5300/826/585 5314/827/585
f 5306/828/519 5296/829/519 5295/830/522 5304/831/522
f 5310/832/526 5298/833/526 5297/834/520 5308/835/520
f 5300/836/515 5313/837/515 5311/838/518 5299/839/518
f 5302/840/527 5317/822/527 5315/821/545 5301/841/545
f 5297/842/529 5307/843/529 5305/844/546 5296/845/546
f 5295/846/547 5303/847/547 5317/822/527 5302/840/527
f 5296/845/546 5305/844/546 5303/847/547 5295/846/547
f 5298/848/517 5309/849/517 5307/843/529 5297/842/529
f 5318/850/521 5302/851/521 5301/825/544 5316/824/544
f 5317/822/543 5303/847/548 5294/823/19
f 5312/852/523 5299/853/523 5298/833/526 5310/832/526
f 5299/839/518 5311/838/518 5309/849/517 5298/848/517
f 5304/831/522 5295/830/522 5302/851/521 5318/850/521
f 5311/838/549 5313/837/550 5294/823/19
f 5301/841/545 5315/821/545 5313/837/515 5300/836/515
f 5308/835/520 5297/834/520 5296/829/519 5306/828/519
f 5314/827/585 5300/826/585 5299/853/523 5312/852/523
f 5307/843/551 5309/849/552 5294/823/19
f 5305/844/553 5307/843/551 5294/823/19
f 5309/849/552 5311/838/549 5294/823/19
f 5303/847/548 5305/844/553 5294/823/19
f 5313/837/550 5315/821/542 5294/823/19
usemtl restaurant.036
f 4307/717/19 4308/718/19 4310/719/19 4309/720/19
f 4312/730/1 4310/737/1 4314/740/1 4315/731/1
f 4316/732/18 4323/854/18 4312/730/18 4315/731/18
f 4320/855/37 4321/856/37 4308/718/37 4307/717/37
f 4309/720/1 4310/719/1 4312/721/1 4311/722/1
f 4313/735/39 4317/857/39 4316/736/39 4314/734/39
f 4310/737/19 4308/738/19 4313/739/19 4314/740/19
f 4321/858/19 4320/859/19 4319/859/19 4318/860/19
f 4314/734/39 4316/736/39 4315/733/39
f 4313/739/19 4325/738/19 4324/741/19 4327/744/19
f 4316/732/37 4317/861/37 4318/862/37 4323/854/37
f 4326/863/38 4325/753/38 4308/753/38 4318/864/38
f 4322/724/37 4323/865/37 4318/860/37 4319/859/37
f 4309/725/38 4311/726/38 4320/866/38
f 4324/750/588 4325/751/588 4326/867/588
f 4327/747/589 4317/868/589 4313/746/589
f 4326/869/37 4318/862/37 4317/861/37
f 4313/739/19 4308/738/19 4325/738/19
f 4324/741/37 4326/869/37 4317/861/37 4327/744/37
f 4318/864/38 4308/753/38 4321/870/38
f 4312/721/18 4323/865/18 4322/724/18 4311/722/18
f 4307/728/38 4309/725/38 4320/866/38
f 4322/727/38 4319/866/38 4320/866/38
f 4311/726/38 4322/727/38 4320/866/38
f 4328/717/18 4329/718/18 4331/719/18 4330/720/18
f 4333/730/37 4331/737/37 4335/740/37 4336/731/37
f 4337/732/19 4344/854/19 4333/730/19 4336/731/19
f 4341/855/1 4342/856/1 4329/718/1 4328/717/1
f 4330/720/37 4331/719/37 4333/721/37 4332/722/37
f 4334/735/39 4338/857/39 4337/736/39 4335/734/39
f 4331/737/18 4329/738/18 4334/739/18 4335/740/18
f 4342/858/18 4341/859/18 4340/859/18 4339/860/18
f 4335/734/39 4337/736/39 4336/733/39
f 4334/739/18 4346/738/18 4345/741/18 4348/744/18
f 4337/732/1 4338/861/1 4339/862/1 4344/854/1
f 4347/863/38 4346/753/38 4329/753/38 4339/864/38
f 4343/724/1 4344/865/1 4339/860/1 4340/859/1
f 4330/725/38 4332/726/38 4341/866/38
f 4345/750/590 4346/751/590 4347/867/590
f 4348/747/591 4338/868/591 4334/746/591
f 4347/869/1 4339/862/1 4338/861/1
f 4334/739/18 4329/738/18 4346/738/18
f 4345/741/1 4347/869/1 4338/861/1 4348/744/1
f 4339/864/38 4329/753/38 4342/870/38
f 4333/721/19 4344/865/19 4343/724/19 4332/722/19
f 4328/728/38 4330/725/38 4341/866/38
f 4343/727/38 4340/866/38 4341/866/38
f 4332/726/38 4343/727/38 4341/866/38
f 5319/717/19 5320/718/19 5322/719/19 5321/720/19
f 5324/730/37 5322/737/37 5326/740/37 5327/731/37
f 5328/732/18 5335/854/18 5324/730/18 5327/731/18
f 5332/855/1 5333/856/1 5320/718/1 5319/717/1
f 5321/720/37 5322/719/37 5324/721/37 5323/722/37
f 5325/735/38 5329/857/38 5328/736/38 5326/734/38
f 5322/737/19 5320/738/19 5325/739/19 5326/740/19
f 5333/858/19 5332/859/19 5331/859/19 5330/860/19
f 5326/734/38 5328/736/38 5327/733/38
f 5325/739/19 5337/738/19 5336/741/19 5339/744/19
f 5328/732/1 5329/861/1 5330/862/1 5335/854/1
f 5338/863/39 5337/753/39 5320/753/39 5330/864/39
f 5334/724/1 5335/865/1 5330/860/1 5331/859/1
f 5321/725/39 5323/726/39 5332/866/39
f 5336/750/1041 5337/751/1041 5338/867/1041
f 5339/747/1042 5329/868/1042 5325/746/1042
f 5338/869/1 5330/862/1 5329/861/1
f 5325/739/19 5320/738/19 5337/738/19
f 5336/741/1 5338/869/1 5329/861/1 5339/744/1
f 5330/864/39 5320/753/39 5333/870/39
f 5324/721/18 5335/865/18 5334/724/18 5323/722/18
f 5319/728/39 5321/725/39 5332/866/39
f 5334/727/39 5331/866/39 5332/866/39
f 5323/726/39 5334/727/39 5332/866/39
f 5340/717/18 5341/718/18 5343/719/18 5342/720/18
f 5345/730/1 5343/737/1 5347/740/1 5348/731/1
f 5349/732/19 5356/854/19 5345/730/19 5348/731/19
f 5353/855/37 5354/856/37 5341/718/37 5340/717/37
f 5342/720/1 5343/719/1 5345/721/1 5344/722/1
f 5346/735/38 5350/857/38 5349/736/38 5347/734/38
f 5343/737/18 5341/738/18 5346/739/18 5347/740/18
f 5354/858/18 5353/859/18 5352/859/18 5351/860/18
f 5347/734/38 5349/736/38 5348/733/38
f 5346/739/18 5358/738/18 5357/741/18 5360/744/18
f 5349/732/37 5350/861/37 5351/862/37 5356/854/37
f 5359/863/39 5358/753/39 5341/753/39 5351/864/39
f 5355/724/37 5356/865/37 5351/860/37 5352/859/37
f 5342/725/39 5344/726/39 5353/866/39
f 5357/750/1043 5358/751/1043 5359/867/1043
f 5360/747/1044 5350/868/1044 5346/746/1044
f 5359/869/37 5351/862/37 5350/861/37
f 5346/739/18 5341/738/18 5358/738/18
f 5357/741/37 5359/869/37 5350/861/37 5360/744/37
f 5351/864/39 5341/753/39 5354/870/39
f 5345/721/19 5356/865/19 5355/724/19 5344/722/19
f 5340/728/39 5342/725/39 5353/866/39
f 5355/727/39 5352/866/39 5353/866/39
f 5344/726/39 5355/727/39 5353/866/39
f 7422/1/37 7384/2/37 7374/3/37 7415/4/37
f 7364/5/1506 7352/6/1506 7354/7/1506 7365/8/1506
f 7366/9/1507 7353/10/1508 7352/11/1509 7364/12/1509
f 7364/12/16 7358/13/16 7360/14/16 7366/9/16
f 7365/8/17 7359/15/17 7358/16/17 7364/5/17
f 7349/12/1510 7361/17/1510 7363/18/1511 7350/9/1512
f 7351/8/1513 7362/19/1513 7361/20/1513 7349/5/1513
f 7355/13/8 7349/12/8 7350/9/8 7356/14/8
f 7357/15/9 7351/8/9 7349/5/9 7355/16/9
f 7361/17/19 7352/11/19 7353/10/1514 7363/18/1514
f 7362/19/1515 7354/7/1515 7352/6/19 7361/20/19
f 7358/13/18 7355/13/18 7356/14/18 7360/14/18
f 7359/15/18 7357/15/18 7355/16/18 7358/16/18
f 7382/28/1516 7370/105/1516 7372/106/1516 7383/27/1516
f 7384/26/1517 7371/99/1518 7370/100/1519 7382/25/1519
f 7370/105/1520 7379/102/1521 7381/101/1522 7372/106/1523
f 7371/99/18 7380/108/18 7379/107/1521 7370/100/1520
f 7373/21/19 7376/21/19 7378/22/19 7374/22/19
f 7375/23/19 7377/23/19 7376/24/19 7373/24/19
f 7382/25/8 7373/21/8 7374/22/8 7384/26/8
f 7383/27/9 7375/23/9 7373/24/9 7382/28/9
f 7367/25/1524 7379/107/1524 7380/108/1525 7368/26/1526
f 7369/27/1527 7381/101/1527 7379/102/1527 7367/28/1527
f 7376/21/16 7367/25/16 7368/26/16 7378/22/16
f 7377/23/17 7369/27/17 7367/28/17 7376/24/17
f 7366/29/1507 7424/30/1528 7423/31/1528 7353/32/1508
f 7392/33/1529 7365/34/1530 7354/35/1530 7396/36/1529
f 7362/37/1515 7390/38/19 7396/36/19 7354/35/1515
f 7357/39/37 7385/40/37 7394/33/37 7351/34/37
f 7351/34/1531 7394/33/1532 7390/38/1532 7362/37/1531
f 7359/39/18 7386/40/18 7385/40/18 7357/39/18
f 7384/2/1517 7422/1/1533 7421/95/1533 7371/94/1518
f 7369/44/1534 7393/43/1535 7389/1916/1535 7381/110/1534
f 7377/41/1 7388/42/1 7393/43/1 7369/44/1
f 7391/43/1536 7383/44/1537 7372/103/1537 7395/1917/1536
f 7395/1917/1538 7372/103/1523 7381/110/1522 7389/1916/1538
f 7377/41/19 7375/41/19 7387/42/19 7388/42/19
f 7413/45/37 7356/46/37 7350/29/37 7420/30/37
f 7387/47/38 7385/48/38 7386/48/38 7388/47/38
f 7419/49/19 7363/50/1514 7353/32/1514 7423/31/19
f 7416/4/1 7378/3/1 7368/2/1 7418/1/1
f 7414/45/18 7360/46/18 7356/46/18 7413/45/18
f 7371/94/18 7421/95/18 7417/96/18 7380/97/18
f 7415/51/39 7416/51/39 7414/52/39 7413/52/39
f 7418/1/1539 7368/2/1526 7380/97/1525 7417/96/1539
f 7420/30/1540 7350/29/1512 7363/50/1511 7419/49/1540
f 7424/30/1 7366/29/1 7360/46/1 7414/45/1
f 7399/53/1 7403/54/1 7401/55/1 7397/56/1
f 7400/57/1 7398/58/1 7402/59/1 7404/60/1
f 7400/57/1 7404/60/1 7403/54/1 7399/53/1
f 7402/59/1 7398/58/1 7397/56/1 7401/55/1
f 7407/53/37 7405/56/37 7409/55/37 7411/54/37
f 7408/57/37 7412/60/37 7410/59/37 7406/58/37
f 7408/57/37 7407/53/37 7411/54/37 7412/60/37
f 7410/59/37 7409/55/37 7405/56/37 7406/58/37
f 7435/61/1541 7436/62/1541 7390/38/1532 7394/33/1532
f 7393/43/1535 7443/71/1542 7444/109/1542 7389/1916/1535
f 7433/63/19 7419/49/19 7423/31/19 7446/64/19
f 7427/65/37 7413/45/37 7420/30/37 7434/66/37
f 7429/67/1 7416/4/1 7418/1/1 7442/68/1
f 7416/4/19 7415/4/19 7374/3/19 7378/3/19
f 7365/34/1 7392/33/1 7386/40/1 7359/39/1
f 7383/44/37 7391/43/37 7387/42/37 7375/41/37
f 7434/66/1543 7420/30/1540 7419/49/1540 7433/63/1543
f 7442/68/1544 7418/1/1539 7417/96/1539 7441/98/1544
f 7425/65/1 7414/45/1 7416/4/1 7429/67/1
f 7437/68/37 7422/1/37 7415/4/37 7430/67/37
f 7445/66/1 7424/30/1 7414/45/1 7425/65/1
f 7430/67/37 7415/4/37 7413/45/37 7427/65/37
f 7428/69/1 7386/40/1 7392/33/1 7448/61/1
f 7432/70/37 7387/42/37 7391/43/37 7440/71/37
f 7446/64/1545 7445/66/1546 7467/66/1546 7468/64/1547
f 7435/72/39 7426/73/39 7428/73/39 7448/72/39
f 7436/62/19 7447/74/19 7396/36/19 7390/38/19
f 7385/40/37 7426/69/37 7435/61/37 7394/33/37
f 7386/40/1 7428/69/1 7431/70/1 7388/42/1
f 7387/42/37 7432/70/37 7426/69/37 7385/40/37
f 7426/73/39 7432/75/39 7431/75/39 7428/73/39
f 7441/98/1548 7438/76/1549 7464/76/1550 7465/98/1551
f 7433/63/1552 7446/64/1545 7468/64/1547 7461/63/1553
f 7427/65/37 7434/66/37 7462/66/37 7458/65/37
f 7432/75/39 7440/77/39 7443/77/39 7431/75/39
f 7436/78/1554 7435/72/1554 7448/72/1554 7447/79/1554
f 7422/1/1533 7437/68/1555 7438/76/1555 7421/95/1533
f 7440/71/1556 7391/43/1536 7395/1917/1536 7439/104/1556
f 7424/30/1528 7445/66/1557 7446/64/1557 7423/31/1528
f 7448/61/1558 7392/33/1529 7396/36/1529 7447/74/1558
f 7421/95/18 7438/76/18 7441/98/18 7417/96/18
f 7439/104/1559 7395/1917/1538 7389/1916/1538 7444/109/1559
f 7425/65/1 7429/67/1 7459/67/1 7457/65/1
f 7440/77/1560 7439/111/1560 7444/1918/1560 7443/77/1560
f 7443/71/1 7393/43/1 7388/42/1 7431/70/1
f 7404/80/39 7412/80/39 7411/81/39 7403/81/39
f 7403/82/19 7411/82/19 7409/83/19 7401/83/19
f 7402/84/18 7410/84/18 7412/85/18 7404/85/18
f 7401/86/38 7409/87/38 7410/88/38 7402/89/38
f 7452/90/1 7449/91/1 7456/92/1 7454/93/1
f 7453/90/37 7455/91/37 7450/92/37 7451/93/37
f 7460/118/1561 7458/119/1562 7457/119/1562 7459/118/1561
f 7463/120/1563 7460/118/1561 7459/118/1561 7466/120/1563
f 7458/119/1562 7462/121/1564 7467/121/1564 7457/119/1562
f 7464/124/1565 7463/120/1565 7466/120/1565 7465/125/1565
f 7462/121/1566 7461/122/1566 7468/123/1566 7467/121/1566
f 7442/68/1567 7441/98/1548 7465/98/1551 7466/68/1567
f 7445/66/1 7425/65/1 7457/65/1 7467/66/1
f 7430/67/37 7427/65/37 7458/65/37 7460/67/37
f 7434/66/1568 7433/63/1552 7461/63/1553 7462/66/1568
f 7437/68/37 7430/67/37 7460/67/37 7463/68/37
f 7438/76/1549 7437/68/1569 7463/68/1569 7464/76/1550
f 7429/67/1 7442/68/1 7466/68/1 7459/67/1
usemtl restaurant.002
f 4415/871/19 4352/872/19 4428/872/19 4441/871/19
f 4351/873/39 4349/874/39 4420/875/592 4422/876/593
f 4434/877/18 4424/878/18 4350/878/18 4412/877/18
f 4350/879/425 4424/879/594 4430/880/595 4353/880/425
f 4352/881/1 4350/879/1 4353/880/596 4354/882/596
f 4353/883/18 4430/883/18 4458/884/18 4453/884/18
f 4442/885/37 4427/886/37 4425/887/37 4433/888/37
f 4362/343/38 4378/344/597 4364/345/598 4355/346/38
f 4357/347/267 4368/348/599 4370/349/600 4358/350/267
f 4358/350/39 4370/349/600 4372/351/601 4359/352/39
f 4359/352/557 4372/351/601 4374/353/602 4360/354/557
f 4360/354/18 4374/353/602 4376/355/603 4361/356/18
f 4361/356/425 4376/355/603 4378/344/597 4362/343/425
f 4355/346/266 4364/345/598 4366/357/604 4356/358/266
f 4356/358/19 4366/357/604 4368/348/599 4357/347/19
f 4366/359/604 4364/360/598 4363/361/605 4365/362/606
f 4368/363/599 4366/359/604 4365/362/606 4367/364/607
f 4370/365/600 4368/363/599 4367/364/607 4369/366/608
f 4372/367/601 4370/365/600 4369/366/608 4371/368/609
f 4374/369/602 4372/367/601 4371/368/609 4373/370/610
f 4376/371/603 4374/369/602 4373/370/610 4375/372/611
f 4378/373/597 4376/371/603 4375/372/611 4377/374/612
f 4364/360/598 4378/373/597 4377/374/612 4363/361/605
f 4377/374/37 4375/372/37 4373/370/37 4371/368/37
f 4363/361/605 4377/374/612 4380/375/613 4379/376/613
f 4377/377/614 4371/378/614 4381/379/614 4380/380/614
f 4369/381/615 4363/382/615 4379/383/615 4382/384/615
f 4379/376/37 4380/375/37 4381/385/37 4382/386/37
f 4365/362/37 4363/361/37 4369/366/37 4367/364/37
f 4371/378/609 4369/381/608 4382/384/616 4381/379/616
f 4390/431/38 4406/432/597 4392/433/598 4383/434/38
f 4385/435/267 4396/436/599 4398/437/600 4386/438/267
f 4386/438/39 4398/437/600 4400/439/601 4387/440/39
f 4387/440/557 4400/439/601 4402/441/602 4388/442/557
f 4388/442/18 4402/441/602 4404/443/603 4389/444/18
f 4389/444/425 4404/443/603 4406/432/597 4390/431/425
f 4383/434/266 4392/433/598 4394/445/604 4384/446/266
f 4384/446/19 4394/445/604 4396/436/599 4385/435/19
f 4394/447/604 4392/448/598 4391/449/605 4393/450/606
f 4396/451/599 4394/447/604 4393/450/606 4395/452/607
f 4398/453/600 4396/451/599 4395/452/607 4397/454/608
f 4400/455/601 4398/453/600 4397/454/608 4399/456/609
f 4402/457/602 4400/455/601 4399/456/609 4401/458/610
f 4404/459/603 4402/457/602 4401/458/610 4403/460/611
f 4406/461/597 4404/459/603 4403/460/611 4405/462/612
f 4392/448/598 4406/461/597 4405/462/612 4391/449/605
f 4405/462/37 4403/460/37 4401/458/37 4399/456/37
f 4391/449/605 4405/462/612 4408/463/613 4407/464/613
f 4405/465/614 4399/466/614 4409/467/614 4408/468/614
f 4397/469/615 4391/470/615 4407/471/615 4410/472/615
f 4407/464/37 4408/463/37 4409/473/37 4410/474/37
f 4393/450/37 4391/449/37 4397/454/37 4395/452/37
f 4399/466/609 4397/469/608 4410/472/616 4409/467/616
f 4442/889/617 4433/890/618 4438/891/619 4443/892/620
f 4429/893/37 4432/894/37 4456/895/37 4457/896/37
f 4431/897/19 4354/897/19 4454/898/19 4455/898/19
f 4354/897/596 4353/883/596 4453/884/621 4454/898/621
f 4426/899/622 4423/900/622 4445/901/622 4446/902/622
f 4428/881/623 4352/881/266 4354/882/266 4431/882/624
f 4412/877/1 4350/878/1 4352/872/1 4415/871/1
f 4425/903/625 4427/904/626 4432/905/627 4429/906/628
f 4434/907/629 4412/907/630 4413/908/630 4437/908/631
f 4449/909/18 4435/910/18 4411/910/18 4419/909/18
f 4417/911/39 4418/912/39 4446/913/39 4445/914/39
f 4421/915/19 4414/916/19 4440/916/19 4450/915/19
f 4412/877/1 4415/871/1 4416/917/1 4413/918/1
f 4413/919/1 4416/920/1 4414/921/1 4411/922/1
f 4437/923/632 4413/923/633 4411/924/633 4435/924/634
f 4443/925/635 4438/926/636 4436/927/637 4439/928/638
f 4351/929/639 4426/899/639 4446/902/639 4418/930/639
f 4451/931/37 4439/932/37 4436/933/37 4448/934/37
f 4419/909/1 4411/910/1 4414/916/1 4421/915/1
f 4415/935/640 4441/935/641 4444/936/642 4416/936/640
f 4416/937/643 4444/937/644 4440/938/645 4414/938/643
f 4420/939/592 4447/940/646 4449/909/647 4419/909/648
f 4349/941/649 4351/929/649 4418/930/649 4417/942/649
f 4426/943/39 4351/873/39 4422/876/593 4452/944/650
f 4423/945/39 4426/943/39 4452/944/650 4447/946/646
f 4447/940/646 4452/947/650 4451/931/651 4448/934/652
f 4422/948/16 4420/939/16 4419/909/16 4421/915/16
f 4452/947/650 4422/948/593 4421/915/653 4450/915/654
f 4423/900/655 4349/941/655 4417/942/655 4445/901/655
f 4428/949/623 4431/950/624 4432/951/627 4427/952/626
f 4430/953/595 4424/954/594 4425/955/625 4429/956/628
f 4456/957/656 4432/905/656 4431/882/656 4455/958/656
f 4429/906/657 4457/959/657 4458/960/657 4430/880/657
f 4444/917/642 4441/871/641 4442/885/617 4443/961/620
f 4434/877/629 4437/918/631 4438/962/619 4433/888/618
f 4440/963/645 4444/964/644 4443/965/635 4439/966/638
f 4437/967/632 4435/968/634 4436/969/637 4438/970/636
f 4441/971/658 4428/972/658 4427/973/658 4442/974/658
f 4424/975/659 4434/976/659 4433/977/659 4425/978/659
f 4447/979/646 4448/980/652 4449/981/647
f 4451/982/651 4452/983/650 4450/984/654
f 4448/980/660 4436/927/660 4435/924/660 4449/981/660
f 4450/984/661 4440/938/661 4439/928/661 4451/982/661
f 4349/874/39 4423/945/39 4447/946/646 4420/875/592
f 4453/884/662 4458/884/663 4466/884/664
f 4455/898/665 4454/898/666 4463/898/667
f 4456/957/668 4455/958/665 4463/958/667 4464/957/669
f 4457/896/670 4456/895/668 4464/895/669 4465/896/671
f 4458/960/663 4457/959/670 4465/959/671 4466/960/664
f 4460/985/672 4459/986/673 4461/987/674 4462/988/675
f 4459/986/673 4460/985/672 4454/989/676 4453/990/677
f 4462/991/675 4464/992/1 4463/989/672
f 4461/993/674 4466/990/678 4465/994/1
f 4461/993/674 4459/986/673 4453/990/677 4466/990/678
f 4462/991/675 4461/987/674 4465/994/1 4464/992/1
f 4460/985/672 4462/988/675 4463/989/672 4454/989/676
usemtl restaurant.029
f 4598/995/37 4601/996/37 4469/997/37 4467/998/37
f 4483/999/19 4485/1000/19 4481/1000/19 4477/1001/19
f 4591/1002/38 4474/1003/38 4470/1003/38 4600/1002/38
f 4468/1004/18 4471/1005/18 4476/1005/18 4472/1006/18
f 4590/1007/1 4593/1008/1 4486/1009/1 4482/1010/1
f 4620/1011/19 4618/1011/19 4621/1012/19 4615/1012/19
f 4469/1013/679 4470/1003/679 4471/1014/679
f 4473/1015/1 4589/1016/1 4620/1017/1 4606/1018/1
f 4474/1003/252 4475/1013/252 4476/1014/252
f 4618/1011/19 4595/1019/19 4598/1020/19
f 4479/1021/680 4480/1022/680 4481/1023/680
f 4598/995/681 4467/998/681 4605/1018/681 4618/1017/681
f 4484/1021/682 4485/1023/682 4486/1022/682
f 4472/1024/254 4473/1025/254 4606/1026/254 4608/1027/254
f 4467/1028/276 4469/1013/276 4471/1014/276 4468/1029/276
f 4470/1003/425 4474/1003/425 4476/1014/425 4471/1014/425
f 4475/1013/254 4473/1025/254 4472/1024/254 4476/1014/254
f 4588/1030/19 4595/1030/19 4618/1031/19 4620/1031/19
f 4592/1032/17 4484/1021/17 4486/1022/17 4593/1033/17
f 4485/1023/253 4483/1034/253 4482/1035/253 4486/1022/253
f 4477/1036/683 4478/1037/683 4609/1038/683 4611/1039/683
f 4484/1021/266 4479/1021/266 4481/1023/266 4485/1023/266
f 4480/1022/265 4478/1037/265 4477/1036/265 4481/1023/265
f 4587/1040/18 4590/1041/18 4616/1042/18
f 4600/1002/9 4470/1003/9 4469/1013/9 4601/1043/9
f 4482/1035/253 4483/1034/253 4612/1039/253 4614/1038/253
f 4512/1044/684 4494/1045/685 4493/1046/686 4511/1047/687
f 4514/1048/688 4491/1049/689 4490/1050/690 4513/1051/691
f 4516/1044/692 4498/1045/693 4497/1052/694 4515/1053/695
f 4518/1054/696 4487/1055/697 4488/1046/698 4517/1047/699
f 4519/1053/700 4495/1052/701 4494/1045/685 4512/1044/684
f 4520/1054/702 4492/1055/703 4491/1049/689 4514/1048/688
f 4517/1047/699 4488/1046/698 4498/1045/693 4516/1044/692
f 4521/1048/704 4489/1049/705 4487/1055/697 4518/1054/696
f 4522/1056/706 4496/1057/707 4495/1052/701 4519/1053/700
f 4511/1047/687 4493/1046/686 4492/1055/703 4520/1054/702
f 4513/1051/691 4490/1050/690 4489/1049/705 4521/1048/704
f 4515/1053/695 4497/1052/694 4496/1057/707 4522/1056/706
f 4500/1058/708 4488/1058/698 4487/1059/697 4499/1060/709
f 4499/1060/709 4487/1059/697 4489/1061/705 4501/1062/710
f 4501/1062/710 4489/1061/705 4490/1063/690 4502/1064/711
f 4502/1064/711 4490/1063/690 4491/1061/689 4503/1062/712
f 4503/1062/712 4491/1061/689 4492/1059/703 4504/1060/713
f 4504/1060/713 4492/1059/703 4493/1058/686 4505/1058/714
f 4505/1058/714 4493/1058/686 4494/1065/685 4506/1066/715
f 4506/1066/715 4494/1065/685 4495/1067/701 4507/1068/716
f 4507/1068/716 4495/1067/701 4496/1069/707 4508/1070/717
f 4508/1070/717 4496/1069/707 4497/1067/694 4509/1068/718
f 4509/1068/718 4497/1067/694 4498/1065/693 4510/1066/719
f 4510/1066/719 4498/1065/693 4488/1058/698 4500/1058/708
f 4515/1071/695 4522/1072/706 4570/1073/720 4563/1074/721
f 4513/1075/691 4521/1076/704 4569/1077/722 4561/1078/723
f 4511/1079/687 4520/1080/702 4568/1081/724 4559/1082/725
f 4522/1072/706 4519/1071/700 4567/1074/726 4570/1073/720
f 4521/1083/704 4518/1080/696 4566/1081/727 4569/1084/722
f 4517/1079/699 4516/1085/692 4564/1086/728 4565/1082/729
f 4514/1087/688 4583/1088/730 4584/1088/731 4520/1089/702
f 4519/1071/700 4512/1085/684 4560/1086/732 4567/1074/726
f 4518/1080/696 4517/1079/699 4565/1082/729 4566/1081/727
f 4516/1085/692 4515/1071/695 4563/1074/721 4564/1086/728
f 4514/1076/688 4513/1075/691 4561/1078/723 4562/1077/733
f 4503/1090/712 4527/1091/734 4526/1092/39 4502/1093/711
f 4510/1094/719 4534/1095/735 4533/1096/736 4509/1097/718
f 4499/1098/709 4523/1099/737 4524/1100/37 4500/1101/708
f 4507/1097/716 4531/1096/738 4530/1095/739 4506/1094/715
f 4504/1098/713 4528/1099/740 4527/1091/734 4503/1090/712
f 4500/1101/708 4524/1100/37 4534/1095/735 4510/1094/719
f 4501/1090/710 4525/1091/741 4523/1099/737 4499/1098/709
f 4508/1102/717 4532/1103/38 4531/1096/738 4507/1097/716
f 4505/1101/714 4529/1100/1 4528/1099/740 4504/1098/713
f 4502/1093/711 4526/1092/39 4525/1091/741 4501/1090/710
f 4509/1097/718 4533/1096/736 4532/1103/38 4508/1102/717
f 4506/1094/715 4530/1095/739 4529/1100/1 4505/1101/714
f 4560/1104/732 4559/1105/725 4541/1106/742 4542/1107/743
f 4562/1108/733 4561/1109/723 4538/1110/744 4539/1111/745
f 4564/1104/728 4563/1112/721 4545/1113/746 4546/1107/747
f 4566/1114/727 4565/1105/729 4536/1106/748 4535/1115/749
f 4567/1112/726 4560/1104/732 4542/1107/743 4543/1113/750
f 4568/1114/724 4562/1108/733 4539/1111/745 4540/1115/751
f 4565/1105/729 4564/1104/728 4546/1107/747 4536/1106/748
f 4569/1108/722 4566/1114/727 4535/1115/749 4537/1111/752
f 4570/1116/720 4567/1112/726 4543/1113/750 4544/1117/753
f 4559/1105/725 4568/1114/724 4540/1115/751 4541/1106/742
f 4561/1109/723 4569/1108/722 4537/1111/752 4538/1110/744
f 4563/1112/721 4570/1116/720 4544/1117/753 4545/1113/746
f 4548/1118/754 4547/1119/755 4535/1120/749 4536/1118/748
f 4547/1119/755 4549/1121/756 4537/1122/752 4535/1120/749
f 4549/1121/756 4550/1123/757 4538/1124/744 4537/1122/752
f 4550/1123/757 4551/1121/758 4539/1122/745 4538/1124/744
f 4551/1121/758 4552/1119/759 4540/1120/751 4539/1122/745
f 4552/1119/759 4553/1118/760 4541/1118/742 4540/1120/751
f 4553/1118/760 4554/1125/761 4542/1126/743 4541/1118/742
f 4554/1125/761 4555/1127/762 4543/1128/750 4542/1126/743
f 4555/1127/762 4556/1129/763 4544/1130/753 4543/1128/750
f 4556/1129/763 4557/1127/764 4545/1128/746 4544/1130/753
f 4557/1127/764 4558/1125/765 4546/1126/747 4545/1128/746
f 4558/1125/765 4548/1118/754 4536/1118/748 4546/1126/747
f 4551/1131/758 4550/1132/757 4574/1133/39 4575/1134/734
f 4558/1135/765 4557/1136/764 4581/1137/736 4582/1138/735
f 4547/1139/755 4548/1140/754 4572/1141/37 4571/1142/737
f 4555/1136/762 4554/1135/761 4578/1138/739 4579/1137/738
f 4552/1139/759 4551/1131/758 4575/1134/734 4576/1142/740
f 4548/1140/754 4558/1135/765 4582/1138/735 4572/1141/37
f 4549/1131/756 4547/1139/755 4571/1142/737 4573/1134/741
f 4556/1143/763 4555/1136/762 4579/1137/738 4580/1144/38
f 4553/1140/760 4552/1139/759 4576/1142/740 4577/1141/1
f 4550/1132/757 4549/1131/756 4573/1134/741 4574/1133/39
f 4557/1136/764 4556/1143/763 4580/1144/38 4581/1137/736
f 4554/1135/761 4553/1140/760 4577/1141/1 4578/1138/739
f 4512/1085/684 4511/1079/687 4559/1082/725 4560/1086/732
f 4584/1145/731 4583/1145/730 4585/1146/766 4586/1146/767
f 4568/1147/724 4586/1148/767 4585/1148/766 4562/1149/733
f 4520/1080/702 4584/1150/731 4586/1151/767 4568/1081/724
f 4562/1084/733 4585/1151/766 4583/1150/730 4514/1083/688
f 4622/1042/18 4616/1042/18 4619/1152/18 4617/1152/18
f 4588/1153/39 4587/1154/39 4596/1154/39 4595/1153/39
f 4479/1021/9 4599/1032/9 4602/1033/9 4480/1022/9
f 4599/1032/9 4600/1002/9 4601/1043/9 4602/1033/9
f 4590/1007/1 4482/1010/1 4614/1155/1 4616/1156/1
f 4595/1019/8 4596/1040/8 4597/1157/8 4598/1020/8
f 4474/1003/17 4591/1002/17 4594/1043/17 4475/1013/17
f 4591/1002/17 4592/1032/17 4593/1033/17 4594/1043/17
f 4468/1004/18 4472/1006/18 4608/1158/18 4603/1158/18
f 4587/1040/16 4588/1019/16 4589/1159/16 4590/1041/16
f 4473/1015/1 4475/997/1 4594/996/1 4589/1016/1
f 4589/1016/1 4594/996/1 4593/1008/1 4590/1007/1
f 4484/1021/38 4592/1032/38 4599/1032/38 4479/1021/38
f 4592/1032/38 4591/1002/38 4600/1002/38 4599/1032/38
f 4478/1160/37 4480/1009/37 4602/1008/37 4597/1161/37
f 4597/1161/37 4602/1008/37 4601/996/37 4598/995/37
f 4604/1162/766 4605/1026/766 4603/1027/766
f 4607/1162/251 4608/1027/251 4606/1026/251
f 4610/1163/274 4611/1039/274 4609/1038/274
f 4613/1163/768 4614/1038/768 4612/1039/768
f 4607/1162/557 4604/1162/557 4603/1027/557 4608/1027/557
f 4615/1012/16 4607/1162/16 4606/1026/16 4620/1011/16
f 4610/1163/267 4613/1163/267 4612/1039/267 4611/1039/267
f 4617/1152/8 4610/1163/8 4609/1038/8 4622/1042/8
f 4619/1164/39 4613/1165/39 4610/1165/39 4617/1164/39
f 4607/1166/39 4615/1167/39 4621/1167/39 4604/1166/39
f 4604/1162/8 4621/1012/8 4618/1011/8 4605/1026/8
f 4613/1163/16 4619/1152/16 4616/1042/16 4614/1038/16
f 4478/1160/681 4597/1161/681 4622/1156/681 4609/1155/681
f 4597/1157/18 4596/1040/18 4622/1042/18
f 4467/1028/769 4468/1029/769 4603/1027/769 4605/1026/769
f 4483/999/19 4477/1001/19 4611/1168/19 4612/1168/19
f 4589/1159/19 4588/1019/19 4620/1011/19
f 4596/1169/18 4587/1169/18 4616/1170/18 4622/1170/18
f 4674/1171/770 4698/1172/771 4697/1173/772 4675/1174/773
f 4675/1174/773 4697/1173/772 4699/1175/774 4677/1176/775
f 4677/1176/775 4699/1175/774 4700/1177/776 4679/1178/777
f 4679/1178/777 4700/1177/776 4701/1175/778 4681/1176/779
f 4681/1176/779 4701/1175/778 4702/1173/780 4683/1174/781
f 4683/1174/781 4702/1173/780 4703/1172/782 4685/1171/783
f 4685/1171/783 4703/1172/782 4704/1179/784 4687/1180/785
f 4687/1180/785 4704/1179/784 4705/1181/786 4689/1182/787
f 4689/1182/787 4705/1181/786 4706/1183/788 4691/1184/789
f 4691/1184/789 4706/1183/788 4707/1181/790 4693/1182/791
f 4693/1182/791 4707/1181/790 4708/1179/792 4695/1180/793
f 4695/1180/793 4708/1179/792 4698/1172/771 4674/1171/770
f 4640/1185/794 4639/1186/795 4709/1187/796 4720/1188/797
f 4639/1186/795 4645/1189/798 4710/1190/799 4709/1187/796
f 4649/1191/800 4648/1192/801 4712/1193/802 4711/1194/803
f 4652/1195/804 4640/1185/794 4720/1188/797 4719/1196/805
f 4645/1189/798 4649/1191/800 4711/1194/803 4710/1190/799
f 4655/1197/806 4652/1195/804 4719/1196/805 4718/1198/807
f 4658/1195/808 4655/1197/806 4718/1198/807 4717/1196/809
f 4661/1185/810 4658/1195/808 4717/1196/809 4716/1188/811
f 4664/1186/812 4661/1185/810 4716/1188/811 4715/1187/813
f 4667/1189/814 4664/1186/812 4715/1187/813 4714/1190/815
f 4670/1191/816 4667/1189/814 4714/1190/815 4713/1194/817
f 4648/1192/801 4670/1191/816 4713/1194/817 4712/1193/802
f 4627/1199/818 4628/1200/819 4672/1201/820 4646/1202/821
f 4646/1203/821 4672/1204/820 4671/1205/822 4647/1206/823
f 4647/1206/823 4671/1205/822 4670/1207/816 4648/1208/801
f 4628/1200/819 4629/1209/824 4669/1210/825 4672/1201/820
f 4672/1204/820 4669/1211/825 4668/1212/826 4671/1205/822
f 4671/1205/822 4668/1212/826 4667/1213/814 4670/1207/816
f 4629/1209/824 4630/1214/827 4666/1215/828 4669/1210/825
f 4669/1211/825 4666/1216/828 4665/1217/829 4668/1212/826
f 4668/1212/826 4665/1217/829 4664/1218/812 4667/1213/814
f 4630/1214/827 4631/1219/830 4663/1220/831 4666/1215/828
f 4666/1216/828 4663/1221/831 4662/1222/832 4665/1217/829
f 4665/1217/829 4662/1222/832 4661/1223/810 4664/1218/812
f 4631/1219/830 4632/1224/833 4660/1225/834 4663/1220/831
f 4663/1221/831 4660/1226/834 4659/1227/835 4662/1222/832
f 4662/1222/832 4659/1227/835 4658/1228/808 4661/1223/810
f 4632/1224/833 4633/1229/836 4657/1230/837 4660/1225/834
f 4660/1226/834 4657/1231/837 4656/1232/838 4659/1227/835
f 4659/1227/835 4656/1232/838 4655/1233/806 4658/1228/808
f 4633/1229/836 4634/1224/839 4654/1225/840 4657/1230/837
f 4657/1231/837 4654/1226/840 4653/1227/841 4656/1232/838
f 4656/1232/838 4653/1227/841 4652/1228/804 4655/1233/806
f 4625/1209/842 4626/1200/843 4651/1201/844 4643/1210/845
f 4643/1211/845 4651/1204/844 4650/1205/846 4644/1212/847
f 4644/1212/847 4650/1205/846 4649/1207/800 4645/1213/798
f 4634/1224/839 4635/1219/848 4642/1220/849 4654/1225/840
f 4654/1226/840 4642/1221/849 4641/1222/850 4653/1227/841
f 4653/1227/841 4641/1222/850 4640/1223/794 4652/1228/804
f 4626/1200/843 4627/1199/818 4646/1202/821 4651/1201/844
f 4651/1204/844 4646/1203/821 4647/1206/823 4650/1205/846
f 4650/1205/846 4647/1206/823 4648/1208/801 4649/1207/800
f 4623/1214/851 4625/1209/842 4643/1210/845 4637/1215/852
f 4637/1216/852 4643/1211/845 4644/1212/847 4638/1217/853
f 4638/1217/853 4644/1212/847 4645/1213/798 4639/1218/795
f 4635/1219/848 4623/1214/851 4637/1215/852 4642/1220/849
f 4642/1221/849 4637/1216/852 4638/1217/853 4641/1222/850
f 4641/1222/850 4638/1217/853 4639/1218/795 4640/1223/794
f 4635/1234/848 4696/1235/854 4673/1236/855 4623/1237/851
f 4696/1238/854 4695/1239/793 4674/1240/770 4673/1241/855
f 4634/1242/839 4694/1243/856 4696/1235/854 4635/1234/848
f 4694/1244/856 4693/1245/791 4695/1239/793 4696/1238/854
f 4633/1246/836 4692/1247/857 4694/1243/856 4634/1242/839
f 4692/1248/857 4691/1249/789 4693/1245/791 4694/1244/856
f 4632/1242/833 4690/1243/858 4692/1247/857 4633/1246/836
f 4690/1244/858 4689/1245/787 4691/1249/789 4692/1248/857
f 4631/1234/830 4688/1235/859 4690/1243/858 4632/1242/833
f 4688/1238/859 4687/1239/785 4689/1245/787 4690/1244/858
f 4630/1237/827 4686/1236/860 4688/1235/859 4631/1234/830
f 4686/1241/860 4685/1240/783 4687/1239/785 4688/1238/859
f 4629/1250/824 4684/1251/861 4686/1236/860 4630/1237/827
f 4684/1252/861 4683/1253/781 4685/1240/783 4686/1241/860
f 4628/1254/819 4682/1255/862 4684/1251/861 4629/1250/824
f 4682/1256/862 4681/1257/779 4683/1253/781 4684/1252/861
f 4627/1258/818 4680/1259/863 4682/1255/862 4628/1254/819
f 4680/1260/863 4679/1261/777 4681/1257/779 4682/1256/862
f 4626/1254/843 4678/1255/864 4680/1259/863 4627/1258/818
f 4678/1256/864 4677/1257/775 4679/1261/777 4680/1260/863
f 4625/1250/842 4676/1251/865 4678/1255/864 4626/1254/843
f 4676/1252/865 4675/1253/773 4677/1257/775 4678/1256/864
f 4623/1237/851 4673/1236/855 4676/1251/865 4625/1250/842
f 4673/1241/855 4674/1240/770 4675/1253/773 4676/1252/865
f 4624/1262/38 4697/1263/772 4698/1264/771
f 4624/1262/38 4699/1265/774 4697/1263/772
f 4624/1262/38 4700/1266/776 4699/1265/774
f 4624/1262/38 4701/1265/778 4700/1266/776
f 4624/1262/38 4702/1263/780 4701/1265/778
f 4624/1262/38 4703/1264/782 4702/1263/780
f 4624/1262/38 4704/1267/784 4703/1264/782
f 4624/1262/38 4705/1268/786 4704/1267/784
f 4624/1262/38 4706/1269/788 4705/1268/786
f 4624/1262/38 4707/1268/790 4706/1269/788
f 4624/1262/38 4708/1267/792 4707/1268/790
f 4624/1262/38 4698/1264/771 4708/1267/792
f 4636/1270/39 4709/1270/796 4710/1271/799
f 4636/1270/39 4710/1271/799 4711/1272/803
f 4636/1270/39 4711/1272/803 4712/1273/802
f 4636/1270/39 4712/1273/802 4713/1272/817
f 4636/1270/39 4713/1272/817 4714/1271/815
f 4636/1270/39 4714/1271/815 4715/1270/813
f 4636/1270/39 4715/1270/813 4716/1274/811
f 4636/1270/39 4716/1274/811 4717/1275/809
f 4636/1270/39 4717/1275/809 4718/1276/807
f 4636/1270/39 4718/1276/807 4719/1275/805
f 4636/1270/39 4719/1275/805 4720/1274/797
f 4636/1270/39 4720/1274/797 4709/1270/796
f 4760/1277/866 4784/1278/867 4783/1279/868 4761/1280/869
f 4761/1280/869 4783/1279/868 4785/1281/870 4763/1282/871
f 4763/1282/871 4785/1281/870 4786/1283/872 4765/1284/873
f 4765/1284/873 4786/1283/872 4787/1281/874 4767/1282/875
f 4767/1282/875 4787/1281/874 4788/1279/876 4769/1280/877
f 4769/1280/877 4788/1279/876 4789/1278/878 4771/1277/879
f 4771/1277/879 4789/1278/878 4790/1285/880 4773/1286/881
f 4773/1286/881 4790/1285/880 4791/1287/882 4775/1288/883
f 4775/1288/883 4791/1287/882 4792/1289/884 4777/1290/885
f 4777/1290/885 4792/1289/884 4793/1287/886 4779/1288/887
f 4779/1288/887 4793/1287/886 4794/1285/888 4781/1286/889
f 4781/1286/889 4794/1285/888 4784/1278/867 4760/1277/866
f 4737/1291/890 4736/1292/891 4795/1293/892 4806/1294/893
f 4736/1292/891 4740/1295/894 4796/1296/895 4795/1293/892
f 4743/1297/896 4742/1298/897 4798/1299/898 4797/1300/899
f 4745/1301/900 4737/1291/890 4806/1294/893 4805/1302/901
f 4740/1295/894 4743/1297/896 4797/1300/899 4796/1296/895
f 4747/1303/902 4745/1301/900 4805/1302/901 4804/1304/903
f 4807/1301/904 4747/1303/902 4804/1304/903 4803/1302/905
f 4816/1291/906 4807/1301/904 4803/1302/905 4802/1294/907
f 4814/1292/908 4816/1291/906 4802/1294/907 4801/1293/909
f 4812/1295/910 4814/1292/908 4801/1293/909 4800/1296/911
f 4809/1297/912 4812/1295/910 4800/1296/911 4799/1300/913
f 4742/1298/897 4809/1297/912 4799/1300/913 4798/1299/898
f 4725/1305/914 4726/1306/915 4810/1307/916 4741/1308/917
f 4755/1309/918 4757/1310/919 4758/1311/919 4756/1312/918
f 4726/1306/915 4727/1313/920 4811/1314/921 4810/1307/916
f 4753/1315/922 4755/1309/918 4756/1312/918 4754/1316/922
f 4727/1313/920 4728/1317/923 4813/1318/924 4811/1314/921
f 4751/1319/925 4753/1315/922 4754/1316/922 4752/1320/925
f 4728/1317/923 4729/1321/926 4815/1322/927 4813/1318/924
f 4749/1323/928 4751/1319/925 4752/1320/925 4750/1324/928
f 4729/1321/926 4730/1325/929 4808/1326/930 4815/1322/927
f 4747/1327/902 4807/1328/904 4808/1329/930 4748/1330/931
f 4730/1325/929 4731/1331/932 4748/1332/931 4808/1326/930
f 4745/1328/900 4747/1327/902 4748/1330/931 4746/1329/933
f 4731/1331/932 4732/1325/934 4746/1326/933 4748/1332/931
f 4743/1333/896 4740/1334/894 4739/1335/935 4744/1336/936
f 4723/1313/937 4724/1306/938 4744/1307/936 4739/1314/935
f 4737/1337/890 4745/1328/900 4746/1329/933 4738/1338/939
f 4732/1325/934 4733/1321/940 4738/1322/939 4746/1326/933
f 4741/1339/917 4742/1340/897 4743/1333/896 4744/1336/936
f 4724/1306/938 4725/1305/914 4741/1308/917 4744/1307/936
f 4739/1335/935 4740/1334/894 4736/1341/891 4735/1342/941
f 4721/1317/942 4723/1313/937 4739/1314/935 4735/1318/941
f 4735/1342/941 4736/1341/891 4737/1337/890 4738/1338/939
f 4733/1321/940 4721/1317/942 4735/1318/941 4738/1322/939
f 4733/1343/940 4782/1344/943 4759/1345/944 4721/1346/942
f 4782/1347/943 4781/1348/889 4760/1349/866 4759/1350/944
f 4732/1351/934 4780/1352/945 4782/1344/943 4733/1343/940
f 4780/1353/945 4779/1354/887 4781/1348/889 4782/1347/943
f 4731/1355/932 4778/1356/946 4780/1352/945 4732/1351/934
f 4778/1357/946 4777/1358/885 4779/1354/887 4780/1353/945
f 4730/1351/929 4776/1352/947 4778/1356/946 4731/1355/932
f 4776/1353/947 4775/1354/883 4777/1358/885 4778/1357/946
f 4729/1343/926 4774/1344/948 4776/1352/947 4730/1351/929
f 4774/1347/948 4773/1348/881 4775/1354/883 4776/1353/947
f 4728/1346/923 4772/1345/949 4774/1344/948 4729/1343/926
f 4772/1350/949 4771/1349/879 4773/1348/881 4774/1347/948
f 4727/1359/920 4770/1360/950 4772/1345/949 4728/1346/923
f 4770/1361/950 4769/1362/877 4771/1349/879 4772/1350/949
f 4726/1363/915 4768/1364/951 4770/1360/950 4727/1359/920
f 4768/1365/951 4767/1366/875 4769/1362/877 4770/1361/950
f 4725/1367/914 4766/1368/952 4768/1364/951 4726/1363/915
f 4766/1369/952 4765/1370/873 4767/1366/875 4768/1365/951
f 4724/1363/938 4764/1364/953 4766/1368/952 4725/1367/914
f 4764/1365/953 4763/1366/871 4765/1370/873 4766/1369/952
f 4723/1359/937 4762/1360/954 4764/1364/953 4724/1363/938
f 4762/1361/954 4761/1362/869 4763/1366/871 4764/1365/953
f 4721/1346/942 4759/1345/944 4762/1360/954 4723/1359/937
f 4759/1350/944 4760/1349/866 4761/1362/869 4762/1361/954
f 4722/1371/38 4783/1372/868 4784/1373/867
f 4722/1371/38 4785/1374/870 4783/1372/868
f 4722/1371/38 4786/1375/872 4785/1374/870
f 4722/1371/38 4787/1374/874 4786/1375/872
f 4722/1371/38 4788/1372/876 4787/1374/874
f 4722/1371/38 4789/1373/878 4788/1372/876
f 4722/1371/38 4790/1376/880 4789/1373/878
f 4722/1371/38 4791/1377/882 4790/1376/880
f 4722/1371/38 4792/1378/884 4791/1377/882
f 4722/1371/38 4793/1377/886 4792/1378/884
f 4722/1371/38 4794/1376/888 4793/1377/886
f 4722/1371/38 4784/1373/867 4794/1376/888
f 4734/1379/39 4795/1379/892 4796/1380/895
f 4734/1379/39 4796/1380/895 4797/1381/899
f 4734/1379/39 4797/1381/899 4798/1382/898
f 4734/1379/39 4798/1382/898 4799/1381/913
f 4734/1379/39 4799/1381/913 4800/1380/911
f 4734/1379/39 4800/1380/911 4801/1379/909
f 4734/1379/39 4801/1379/909 4802/1383/907
f 4734/1379/39 4802/1383/907 4803/1384/905
f 4734/1379/39 4803/1384/905 4804/1385/903
f 4734/1379/39 4804/1385/903 4805/1384/901
f 4734/1379/39 4805/1384/901 4806/1383/893
f 4734/1379/39 4806/1383/893 4795/1379/892
f 4809/1333/912 4742/1340/897 4741/1339/917 4810/1336/916
f 4749/1386/928 4750/1387/928 4808/1329/930 4807/1328/904
f 4758/1388/919 4757/1389/919 4809/1333/912 4810/1336/916
f 4756/1390/918 4758/1388/919 4810/1336/916 4811/1335/921
f 4757/1389/919 4755/1391/918 4812/1334/910 4809/1333/912
f 4754/1392/922 4756/1390/918 4811/1335/921 4813/1342/924
f 4755/1391/918 4753/1393/922 4814/1341/908 4812/1334/910
f 4752/1394/925 4754/1392/922 4813/1342/924 4815/1338/927
f 4753/1393/922 4751/1395/925 4816/1337/906 4814/1341/908
f 4750/1387/928 4752/1394/925 4815/1338/927 4808/1329/930
f 4751/1395/925 4749/1386/928 4807/1328/904 4816/1337/906
f 4856/1396/955 4880/1397/956 4879/1398/957 4857/1399/958
f 4857/1399/958 4879/1398/957 4881/1400/959 4859/1401/960
f 4859/1401/960 4881/1400/959 4882/1402/961 4861/1403/962
f 4861/1403/962 4882/1402/961 4883/1400/963 4863/1401/964
f 4863/1401/964 4883/1400/963 4884/1398/965 4865/1399/966
f 4865/1399/966 4884/1398/965 4885/1397/967 4867/1396/968
f 4867/1396/968 4885/1397/967 4886/1404/969 4869/1405/970
f 4869/1405/970 4886/1404/969 4887/1406/971 4871/1407/972
f 4871/1407/972 4887/1406/971 4888/1408/973 4873/1409/974
f 4873/1409/974 4888/1408/973 4889/1406/975 4875/1407/976
f 4875/1407/976 4889/1406/975 4890/1404/977 4877/1405/978
f 4877/1405/978 4890/1404/977 4880/1397/956 4856/1396/955
f 4833/1410/979 4832/1411/980 4891/1412/981 4902/1413/982
f 4832/1411/980 4836/1414/983 4892/1415/984 4891/1412/981
f 4839/1416/985 4838/1417/986 4894/1418/987 4893/1419/988
f 4841/1420/989 4833/1410/979 4902/1413/982 4901/1421/990
f 4836/1414/983 4839/1416/985 4893/1419/988 4892/1415/984
f 4843/1422/991 4841/1420/989 4901/1421/990 4900/1423/992
f 4845/1420/993 4843/1422/991 4900/1423/992 4899/1421/994
f 4847/1410/995 4845/1420/993 4899/1421/994 4898/1413/996
f 4849/1411/997 4847/1410/995 4898/1413/996 4897/1412/998
f 4851/1414/999 4849/1411/997 4897/1412/998 4896/1415/1000
f 4853/1416/1001 4851/1414/999 4896/1415/1000 4895/1419/1002
f 4838/1417/986 4853/1416/1001 4895/1419/1002 4894/1418/987
f 4821/1424/1003 4822/1425/1004 4854/1426/1005 4837/1427/1006
f 4851/1428/999 4853/1429/1001 4854/1430/1005 4852/1431/1007
f 4822/1425/1004 4823/1432/1008 4852/1433/1007 4854/1426/1005
f 4849/1434/997 4851/1428/999 4852/1431/1007 4850/1435/1009
f 4823/1432/1008 4824/1436/1010 4850/1437/1009 4852/1433/1007
f 4847/1438/995 4849/1434/997 4850/1435/1009 4848/1439/1011
f 4824/1436/1010 4825/1440/1012 4848/1441/1011 4850/1437/1009
f 4845/1442/993 4847/1438/995 4848/1439/1011 4846/1443/1013
f 4825/1440/1012 4826/1444/1014 4846/1445/1013 4848/1441/1011
f 4843/1446/991 4845/1442/993 4846/1443/1013 4844/1447/1015
f 4826/1444/1014 4827/1448/1016 4844/1449/1015 4846/1445/1013
f 4841/1442/989 4843/1446/991 4844/1447/1015 4842/1443/1017
f 4827/1448/1016 4828/1444/1018 4842/1445/1017 4844/1449/1015
f 4839/1429/985 4836/1428/983 4835/1431/1019 4840/1430/1020
f 4819/1432/1021 4820/1425/1022 4840/1426/1020 4835/1433/1019
f 4833/1438/979 4841/1442/989 4842/1443/1017 4834/1439/1023
f 4828/1444/1018 4829/1440/1024 4834/1441/1023 4842/1445/1017
f 4837/1450/1006 4838/1451/986 4839/1429/985 4840/1430/1020
f 4820/1425/1022 4821/1424/1003 4837/1427/1006 4840/1426/1020
f 4835/1431/1019 4836/1428/983 4832/1434/980 4831/1435/1025
f 4817/1436/1026 4819/1432/1021 4835/1433/1019 4831/1437/1025
f 4831/1435/1025 4832/1434/980 4833/1438/979 4834/1439/1023
f 4829/1440/1024 4817/1436/1026 4831/1437/1025 4834/1441/1023
f 4829/1452/1024 4878/1453/1027 4855/1454/1028 4817/1455/1026
f 4878/1456/1027 4877/1457/978 4856/1458/955 4855/1459/1028
f 4828/1460/1018 4876/1461/1029 4878/1453/1027 4829/1452/1024
f 4876/1462/1029 4875/1463/976 4877/1457/978 4878/1456/1027
f 4827/1464/1016 4874/1465/1030 4876/1461/1029 4828/1460/1018
f 4874/1466/1030 4873/1467/974 4875/1463/976 4876/1462/1029
f 4826/1460/1014 4872/1461/1031 4874/1465/1030 4827/1464/1016
f 4872/1462/1031 4871/1463/972 4873/1467/974 4874/1466/1030
f 4825/1452/1012 4870/1453/1032 4872/1461/1031 4826/1460/1014
f 4870/1456/1032 4869/1457/970 4871/1463/972 4872/1462/1031
f 4824/1455/1010 4868/1454/1033 4870/1453/1032 4825/1452/1012
f 4868/1459/1033 4867/1458/968 4869/1457/970 4870/1456/1032
f 4823/1468/1008 4866/1469/1034 4868/1454/1033 4824/1455/1010
f 4866/1470/1034 4865/1471/966 4867/1458/968 4868/1459/1033
f 4822/1472/1004 4864/1473/1035 4866/1469/1034 4823/1468/1008
f 4864/1474/1035 4863/1475/964 4865/1471/966 4866/1470/1034
f 4821/1476/1003 4862/1477/1036 4864/1473/1035 4822/1472/1004
f 4862/1478/1036 4861/1479/962 4863/1475/964 4864/1474/1035
f 4820/1472/1022 4860/1473/1037 4862/1477/1036 4821/1476/1003
f 4860/1474/1037 4859/1475/960 4861/1479/962 4862/1478/1036
f 4819/1468/1021 4858/1469/1038 4860/1473/1037 4820/1472/1022
f 4858/1470/1038 4857/1471/958 4859/1475/960 4860/1474/1037
f 4817/1455/1026 4855/1454/1028 4858/1469/1038 4819/1468/1021
f 4855/1459/1028 4856/1458/955 4857/1471/958 4858/1470/1038
f 4818/1480/38 4879/1481/957 4880/1480/956
f 4818/1480/38 4881/1482/959 4879/1481/957
f 4818/1480/38 4882/1483/961 4881/1482/959
f 4818/1480/38 4883/1482/963 4882/1483/961
f 4818/1480/38 4884/1481/965 4883/1482/963
f 4818/1480/38 4885/1480/967 4884/1481/965
f 4818/1480/38 4886/1484/969 4885/1480/967
f 4818/1480/38 4887/1485/971 4886/1484/969
f 4818/1480/38 4888/1486/973 4887/1485/971
f 4818/1480/38 4889/1485/975 4888/1486/973
f 4818/1480/38 4890/1484/977 4889/1485/975
f 4818/1480/38 4880/1480/956 4890/1484/977
f 4830/1487/39 4891/1487/981 4892/1488/984
f 4830/1487/39 4892/1488/984 4893/1489/988
f 4830/1487/39 4893/1489/988 4894/1490/987
f 4830/1487/39 4894/1490/987 4895/1489/1002
f 4830/1487/39 4895/1489/1002 4896/1488/1000
f 4830/1487/39 4896/1488/1000 4897/1487/998
f 4830/1487/39 4897/1487/998 4898/1491/996
f 4830/1487/39 4898/1491/996 4899/1492/994
f 4830/1487/39 4899/1492/994 4900/1493/992
f 4830/1487/39 4900/1493/992 4901/1492/990
f 4830/1487/39 4901/1492/990 4902/1491/982
f 4830/1487/39 4902/1491/982 4891/1487/981
f 4853/1429/1001 4838/1451/986 4837/1450/1006 4854/1430/1005
s 0
usemtl restaurant.001
f 5585/1494/1045 5362/1495/1045 5364/1496/1045 5586/1497/1045
f 5586/1497/1046 5364/1496/1046 5366/1498/1046 5587/1499/1046
f 5587/1499/1047 5366/1498/1047 5368/1500/1047 5588/1501/1047
f 5588/1501/1048 5368/1500/1048 5370/1502/1048 5589/1503/1048
f 5589/1503/1049 5370/1502/1049 5372/1504/1049 5590/1505/1049
f 5590/1505/1050 5372/1504/1050 5374/1506/1050 5591/1507/1050
f 5591/1507/1051 5374/1506/1051 5376/1508/1051 5592/1509/1051
f 5592/1509/1052 5376/1508/1052 5378/1510/1052 5593/1511/1052
f 5593/1511/1053 5378/1510/1053 5380/1512/1053 5594/1513/1053
f 5594/1513/1054 5380/1512/1054 5382/1514/1054 5595/1515/1054
f 5595/1515/1055 5382/1514/1055 5384/1516/1055 5596/1517/1055
f 5596/1517/1056 5384/1516/1056 5386/1518/1056 5597/1519/1056
f 5597/1519/1057 5386/1518/1057 5388/1520/1057 5598/1521/1057
f 5598/1521/1058 5388/1520/1058 5390/1522/1058 5599/1523/1058
f 5599/1523/1059 5390/1522/1059 5392/1524/1059 5600/1525/1059
f 5600/1525/1060 5392/1524/1060 5394/1526/1060 5601/1527/1060
f 5601/1527/1061 5394/1526/1061 5396/1528/1061 5602/1529/1061
f 5602/1529/1062 5396/1528/1062 5398/1530/1062 5603/1531/1062
f 5603/1531/1063 5398/1530/1063 5400/1532/1063 5604/1533/1063
f 5604/1533/1064 5400/1532/1064 5402/1534/1064 5605/1535/1064
f 5605/1535/1065 5402/1534/1065 5404/1536/1065 5606/1537/1065
f 5606/1537/1066 5404/1536/1066 5406/1538/1066 5607/1539/1066
f 5607/1539/1067 5406/1538/1067 5408/1540/1067 5608/1541/1067
f 5608/1541/1068 5408/1540/1068 5410/1542/1068 5609/1543/1068
f 5609/1543/1069 5410/1542/1069 5412/1544/1069 5610/1545/1069
f 5610/1545/1070 5412/1544/1070 5414/1546/1070 5611/1547/1070
f 5611/1547/1071 5414/1546/1071 5416/1548/1071 5612/1549/1071
f 5612/1549/1072 5416/1548/1072 5418/1550/1072 5613/1551/1072
f 5613/1551/1073 5418/1550/1073 5420/1552/1073 5614/1553/1073
f 5614/1553/1074 5420/1552/1074 5422/1554/1074 5615/1555/1074
f 5364/1556/39 5362/1557/39 5424/1558/39 5422/1559/39 5420/1560/39 5418/1561/39 5416/1562/39 5414/1563/39 5412/1564/39 5410/1565/39 5408/1566/39 5406/1567/39 5404/1568/39 5402/1569/39 5400/1570/39 5398/1571/39 5396/1572/39 5394/1573/39 5392/1574/39 5390/1575/39 5388/1576/39 5386/1577/39 5384/1578/39 5382/1579/39 5380/1580/39 5378/1581/39 5376/1582/39 5374/1583/39 5372/1584/39 5370/1585/39 5368/1586/39 5366/1587/39
f 5615/1555/1075 5422/1554/1075 5424/1588/1075 5616/1589/1075
f 5616/1589/1076 5424/1588/1076 5362/1590/1076 5585/1591/1076
f 5397/1592/1077 5399/1593/1077 5444/1593/1077 5443/1592/1077
f 5451/1594/1078 5452/1595/1078 5484/1595/1078 5483/1594/1078
f 5415/1595/1079 5417/1596/1079 5453/1596/1079 5452/1595/1079
f 5371/1597/1080 5373/1598/1080 5431/1598/1080 5430/1597/1080
f 5389/1599/1081 5391/1600/1081 5440/1600/1081 5439/1599/1081
f 5407/1601/1082 5409/1602/1082 5449/1602/1082 5448/1601/1082
f 5363/1603/1083 5365/1604/1083 5427/1604/1083 5426/1603/1083
f 5381/1605/1084 5383/1606/1084 5436/1606/1084 5435/1605/1084
f 5399/1593/1085 5401/1607/1085 5445/1607/1085 5444/1593/1085
f 5417/1596/1086 5419/1608/1086 5454/1608/1086 5453/1596/1086
f 5373/1598/1087 5375/1609/1087 5432/1609/1087 5431/1598/1087
f 5391/1600/1088 5393/1610/1088 5441/1610/1088 5440/1600/1088
f 5409/1602/1089 5411/1611/1089 5450/1611/1089 5449/1602/1089
f 5365/1604/1090 5367/1612/1090 5428/1612/1090 5427/1604/1090
f 5383/1606/1091 5385/1613/1091 5437/1613/1091 5436/1606/1091
f 5401/1607/1092 5403/1614/1092 5446/1614/1092 5445/1607/1092
f 5419/1608/1093 5421/1615/1093 5455/1615/1093 5454/1608/1093
f 5375/1609/1094 5377/1616/1094 5433/1616/1094 5432/1609/1094
f 5393/1610/1095 5395/1617/1095 5442/1617/1095 5441/1610/1095
f 5411/1611/1096 5413/1594/1096 5451/1594/1096 5450/1611/1096
f 5367/1612/1097 5369/1618/1097 5429/1618/1097 5428/1612/1097
f 5385/1613/1098 5387/1619/1098 5438/1619/1098 5437/1613/1098
f 5403/1614/1099 5405/1620/1099 5447/1620/1099 5446/1614/1099
f 5421/1615/1100 5423/1621/1100 5456/1621/1100 5455/1615/1100
f 5377/1616/1101 5379/1622/1101 5434/1622/1101 5433/1616/1101
f 5395/1617/1102 5397/1592/1102 5443/1592/1102 5442/1617/1102
f 5413/1594/1103 5415/1595/1103 5452/1595/1103 5451/1594/1103
f 5369/1618/1104 5371/1597/1104 5430/1597/1104 5429/1618/1104
f 5387/1619/1105 5389/1599/1105 5439/1599/1105 5438/1619/1105
f 5405/1620/1106 5407/1601/1106 5448/1601/1106 5447/1620/1106
f 5361/1623/1107 5363/1603/1107 5426/1603/1107 5425/1623/1107
f 5423/1621/1108 5361/1624/1108 5425/1624/1108 5456/1621/1108
f 5379/1622/1109 5381/1605/1109 5435/1605/1109 5434/1622/1109
f 5457/1623/38 5458/1603/38 5459/1604/38 5460/1612/38 5461/1618/38 5462/1597/38 5463/1598/38 5464/1609/38 5465/1616/38 5466/1622/38 5467/1605/38 5468/1606/38 5469/1613/38 5470/1619/38 5471/1599/38 5472/1600/38 5473/1610/38 5474/1617/38 5475/1592/38 5476/1593/38 5477/1607/38 5478/1614/38 5479/1620/38 5480/1601/38 5481/1602/38 5482/1611/38 5483/1594/38 5484/1595/38 5485/1596/38 5486/1608/38 5487/1615/38 5488/1621/38
f 5438/1619/1110 5439/1599/1110 5471/1599/1110 5470/1619/1110
f 5425/1623/1111 5426/1603/1111 5458/1603/1111 5457/1623/1111
f 5452/1595/1112 5453/1596/1112 5485/1596/1112 5484/1595/1112
f 5439/1599/1113 5440/1600/1113 5472/1600/1113 5471/1599/1113
f 5426/1603/1114 5427/1604/1114 5459/1604/1114 5458/1603/1114
f 5453/1596/1115 5454/1608/1115 5486/1608/1115 5485/1596/1115
f 5440/1600/1116 5441/1610/1116 5473/1610/1116 5472/1600/1116
f 5427/1604/1117 5428/1612/1117 5460/1612/1117 5459/1604/1117
f 5454/1608/1118 5455/1615/1118 5487/1615/1118 5486/1608/1118
f 5441/1610/1119 5442/1617/1119 5474/1617/1119 5473/1610/1119
f 5428/1612/1120 5429/1618/1120 5461/1618/1120 5460/1612/1120
f 5455/1615/1121 5456/1621/1121 5488/1621/1121 5487/1615/1121
f 5442/1617/1122 5443/1592/1122 5475/1592/1122 5474/1617/1122
f 5429/1618/1123 5430/1597/1123 5462/1597/1123 5461/1618/1123
f 5456/1621/1124 5425/1624/1124 5457/1624/1124 5488/1621/1124
f 5443/1592/1125 5444/1593/1125 5476/1593/1125 5475/1592/1125
f 5430/1597/1126 5431/1598/1126 5463/1598/1126 5462/1597/1126
f 5444/1593/1127 5445/1607/1127 5477/1607/1127 5476/1593/1127
f 5431/1598/1128 5432/1609/1128 5464/1609/1128 5463/1598/1128
f 5445/1607/1129 5446/1614/1129 5478/1614/1129 5477/1607/1129
f 5432/1609/1130 5433/1616/1130 5465/1616/1130 5464/1609/1130
f 5446/1614/1131 5447/1620/1131 5479/1620/1131 5478/1614/1131
f 5433/1616/1132 5434/1622/1132 5466/1622/1132 5465/1616/1132
f 5447/1620/1133 5448/1601/1133 5480/1601/1133 5479/1620/1133
f 5434/1622/1134 5435/1605/1134 5467/1605/1134 5466/1622/1134
f 5448/1601/1135 5449/1602/1135 5481/1602/1135 5480/1601/1135
f 5435/1605/1136 5436/1606/1136 5468/1606/1136 5467/1605/1136
f 5449/1602/1137 5450/1611/1137 5482/1611/1137 5481/1602/1137
f 5436/1606/1138 5437/1613/1138 5469/1613/1138 5468/1606/1138
f 5450/1611/1139 5451/1594/1139 5483/1594/1139 5482/1611/1139
f 5437/1613/1140 5438/1619/1140 5470/1619/1140 5469/1613/1140
f 5423/1621/1076 5520/1625/1076 5489/1626/1076 5361/1624/1076
f 5421/1615/1075 5519/1627/1075 5520/1625/1075 5423/1621/1075
f 5419/1608/1074 5518/1628/1074 5519/1627/1074 5421/1615/1074
f 5417/1596/1073 5517/1629/1073 5518/1628/1073 5419/1608/1073
f 5415/1595/1072 5516/1630/1072 5517/1629/1072 5417/1596/1072
f 5413/1594/1071 5515/1631/1071 5516/1630/1071 5415/1595/1071
f 5411/1611/1070 5514/1632/1070 5515/1631/1070 5413/1594/1070
f 5409/1602/1069 5513/1633/1069 5514/1632/1069 5411/1611/1069
f 5407/1601/1068 5512/1634/1068 5513/1633/1068 5409/1602/1068
f 5405/1620/1067 5511/1635/1067 5512/1634/1067 5407/1601/1067
f 5403/1614/1066 5510/1636/1066 5511/1635/1066 5405/1620/1066
f 5401/1607/1065 5509/1637/1065 5510/1636/1065 5403/1614/1065
f 5399/1593/1064 5508/1638/1064 5509/1637/1064 5401/1607/1064
f 5397/1592/1063 5507/1639/1063 5508/1638/1063 5399/1593/1063
f 5395/1617/1062 5506/1640/1062 5507/1639/1062 5397/1592/1062
f 5393/1610/1061 5505/1641/1061 5506/1640/1061 5395/1617/1061
f 5391/1600/1060 5504/1642/1060 5505/1641/1060 5393/1610/1060
f 5389/1599/1059 5503/1643/1059 5504/1642/1059 5391/1600/1059
f 5387/1619/1058 5502/1644/1058 5503/1643/1058 5389/1599/1058
f 5385/1613/1057 5501/1645/1057 5502/1644/1057 5387/1619/1057
f 5383/1606/1056 5500/1646/1056 5501/1645/1056 5385/1613/1056
f 5381/1605/1055 5499/1647/1055 5500/1646/1055 5383/1606/1055
f 5379/1622/1054 5498/1648/1054 5499/1647/1054 5381/1605/1054
f 5377/1616/1053 5497/1649/1053 5498/1648/1053 5379/1622/1053
f 5375/1609/1052 5496/1650/1052 5497/1649/1052 5377/1616/1052
f 5373/1598/1051 5495/1651/1051 5496/1650/1051 5375/1609/1051
f 5371/1597/1050 5494/1652/1050 5495/1651/1050 5373/1598/1050
f 5369/1618/1049 5493/1653/1049 5494/1652/1049 5371/1597/1049
f 5367/1612/1048 5492/1654/1048 5493/1653/1048 5369/1618/1048
f 5365/1604/1047 5491/1655/1047 5492/1654/1047 5367/1612/1047
f 5363/1603/1046 5490/1656/1046 5491/1655/1046 5365/1604/1046
f 5361/1623/1045 5489/1657/1045 5490/1656/1045 5363/1603/1045
f 5520/1658/1076 5552/1659/1076 5521/1660/1076 5489/1661/1076
f 5519/1662/1075 5551/1663/1075 5552/1659/1075 5520/1658/1075
f 5518/1664/1074 5550/1665/1074 5551/1663/1074 5519/1662/1074
f 5517/1666/1073 5549/1667/1073 5550/1665/1073 5518/1664/1073
f 5516/1668/1072 5548/1669/1072 5549/1667/1072 5517/1666/1072
f 5515/1670/1071 5547/1671/1071 5548/1669/1071 5516/1668/1071
f 5514/1672/1070 5546/1673/1070 5547/1671/1070 5515/1670/1070
f 5513/1674/1069 5545/1675/1069 5546/1673/1069 5514/1672/1069
f 5512/1676/1068 5544/1677/1068 5545/1675/1068 5513/1674/1068
f 5511/1678/1067 5543/1679/1067 5544/1677/1067 5512/1676/1067
f 5510/1680/1066 5542/1681/1066 5543/1679/1066 5511/1678/1066
f 5509/1682/1065 5541/1683/1065 5542/1681/1065 5510/1680/1065
f 5508/1684/1064 5540/1685/1064 5541/1683/1064 5509/1682/1064
f 5507/1686/1063 5539/1687/1063 5540/1685/1063 5508/1684/1063
f 5506/1688/1062 5538/1689/1062 5539/1687/1062 5507/1686/1062
f 5505/1690/1061 5537/1691/1061 5538/1689/1061 5506/1688/1061
f 5504/1692/1060 5536/1693/1060 5537/1691/1060 5505/1690/1060
f 5503/1694/1059 5535/1695/1059 5536/1693/1059 5504/1692/1059
f 5502/1696/1058 5534/1697/1058 5535/1695/1058 5503/1694/1058
f 5501/1698/1057 5533/1699/1057 5534/1697/1057 5502/1696/1057
f 5500/1700/1056 5532/1701/1056 5533/1699/1056 5501/1698/1056
f 5499/1702/1055 5531/1703/1055 5532/1701/1055 5500/1700/1055
f 5498/1704/1054 5530/1705/1054 5531/1703/1054 5499/1702/1054
f 5497/1706/1053 5529/1707/1053 5530/1705/1053 5498/1704/1053
f 5496/1708/1052 5528/1709/1052 5529/1707/1052 5497/1706/1052
f 5495/1710/1051 5527/1711/1051 5528/1709/1051 5496/1708/1051
f 5494/1712/1050 5526/1713/1050 5527/1711/1050 5495/1710/1050
f 5493/1714/1049 5525/1715/1049 5526/1713/1049 5494/1712/1049
f 5492/1716/1048 5524/1717/1048 5525/1715/1048 5493/1714/1048
f 5491/1718/1047 5523/1719/1047 5524/1717/1047 5492/1716/1047
f 5490/1720/1046 5522/1721/1046 5523/1719/1046 5491/1718/1046
f 5489/1722/1045 5521/1723/1045 5522/1721/1045 5490/1720/1045
f 5552/1724/1076 5584/1725/1076 5553/1726/1076 5521/1727/1076
f 5551/1728/1075 5583/1729/1075 5584/1725/1075 5552/1724/1075
f 5550/1730/1074 5582/1731/1074 5583/1729/1074 5551/1728/1074
f 5549/1732/1073 5581/1733/1073 5582/1731/1073 5550/1730/1073
f 5548/1734/1072 5580/1735/1072 5581/1733/1072 5549/1732/1072
f 5547/1736/1071 5579/1737/1071 5580/1735/1071 5548/1734/1071
f 5546/1738/1070 5578/1739/1070 5579/1737/1070 5547/1736/1070
f 5545/1740/1069 5577/1741/1069 5578/1739/1069 5546/1738/1069
f 5544/1742/1068 5576/1743/1068 5577/1741/1068 5545/1740/1068
f 5543/1744/1067 5575/1745/1067 5576/1743/1067 5544/1742/1067
f 5542/1746/1066 5574/1747/1066 5575/1745/1066 5543/1744/1066
f 5541/1748/1065 5573/1749/1065 5574/1747/1065 5542/1746/1065
f 5540/1750/1064 5572/1751/1064 5573/1749/1064 5541/1748/1064
f 5539/1752/1063 5571/1753/1063 5572/1751/1063 5540/1750/1063
f 5538/1754/1062 5570/1755/1062 5571/1753/1062 5539/1752/1062
f 5537/1756/1061 5569/1757/1061 5570/1755/1061 5538/1754/1061
f 5536/1758/1060 5568/1759/1060 5569/1757/1060 5537/1756/1060
f 5535/1760/1059 5567/1761/1059 5568/1759/1059 5536/1758/1059
f 5534/1762/1058 5566/1763/1058 5567/1761/1058 5535/1760/1058
f 5533/1764/1057 5565/1765/1057 5566/1763/1057 5534/1762/1057
f 5532/1766/1056 5564/1767/1056 5565/1765/1056 5533/1764/1056
f 5531/1768/1055 5563/1769/1055 5564/1767/1055 5532/1766/1055
f 5530/1770/1054 5562/1771/1054 5563/1769/1054 5531/1768/1054
f 5529/1772/1053 5561/1773/1053 5562/1771/1053 5530/1770/1053
f 5528/1774/1052 5560/1775/1052 5561/1773/1052 5529/1772/1052
f 5527/1776/1051 5559/1777/1051 5560/1775/1051 5528/1774/1051
f 5526/1778/1050 5558/1779/1050 5559/1777/1050 5527/1776/1050
f 5525/1780/1049 5557/1781/1049 5558/1779/1049 5526/1778/1049
f 5524/1782/1048 5556/1783/1048 5557/1781/1048 5525/1780/1048
f 5523/1784/1047 5555/1785/1047 5556/1783/1047 5524/1782/1047
f 5522/1786/1046 5554/1787/1046 5555/1785/1046 5523/1784/1046
f 5521/1788/1045 5553/1789/1045 5554/1787/1045 5522/1786/1045
f 5584/1790/1076 5616/1791/1076 5585/1792/1076 5553/1793/1076
f 5583/1794/1075 5615/1795/1075 5616/1791/1075 5584/1790/1075
f 5582/1796/1074 5614/1797/1074 5615/1795/1074 5583/1794/1074
f 5581/1798/1073 5613/1799/1073 5614/1797/1073 5582/1796/1073
f 5580/1800/1072 5612/1801/1072 5613/1799/1072 5581/1798/1072
f 5579/1802/1071 5611/1803/1071 5612/1801/1071 5580/1800/1071
f 5578/1804/1070 5610/1805/1070 5611/1803/1070 5579/1802/1070
f 5577/1806/1069 5609/1807/1069 5610/1805/1069 5578/1804/1069
f 5576/1808/1068 5608/1809/1068 5609/1807/1068 5577/1806/1068
f 5575/1810/1067 5607/1811/1067 5608/1809/1067 5576/1808/1067
f 5574/1812/1066 5606/1813/1066 5607/1811/1066 5575/1810/1066
f 5573/1814/1065 5605/1815/1065 5606/1813/1065 5574/1812/1065
f 5572/1816/1064 5604/1817/1064 5605/1815/1064 5573/1814/1064
f 5571/1818/1063 5603/1819/1063 5604/1817/1063 5572/1816/1063
f 5570/1820/1062 5602/1821/1062 5603/1819/1062 5571/1818/1062
f 5569/1822/1061 5601/1823/1061 5602/1821/1061 5570/1820/1061
f 5568/1824/1060 5600/1825/1060 5601/1823/1060 5569/1822/1060
f 5567/1826/1059 5599/1827/1059 5600/1825/1059 5568/1824/1059
f 5566/1828/1058 5598/1829/1058 5599/1827/1058 5567/1826/1058
f 5565/1830/1057 5597/1831/1057 5598/1829/1057 5566/1828/1057
f 5564/1832/1056 5596/1833/1056 5597/1831/1056 5565/1830/1056
f 5563/1834/1055 5595/1835/1055 5596/1833/1055 5564/1832/1055
f 5562/1836/1054 5594/1837/1054 5595/1835/1054 5563/1834/1054
f 5561/1838/1053 5593/1839/1053 5594/1837/1053 5562/1836/1053
f 5560/1840/1052 5592/1841/1052 5593/1839/1052 5561/1838/1052
f 5559/1842/1051 5591/1843/1051 5592/1841/1051 5560/1840/1051
f 5558/1844/1050 5590/1845/1050 5591/1843/1050 5559/1842/1050
f 5557/1846/1049 5589/1847/1049 5590/1845/1049 5558/1844/1049
f 5556/1848/1048 5588/1849/1048 5589/1847/1048 5557/1846/1048
f 5555/1850/1047 5587/1851/1047 5588/1849/1047 5556/1848/1047
f 5554/1852/1046 5586/1853/1046 5587/1851/1046 5555/1850/1046
f 5553/1854/1045 5585/1855/1045 5586/1853/1045 5554/1852/1045
f 5841/1494/1045 5618/1495/1045 5620/1496/1045 5842/1497/1045
f 5842/1497/1046 5620/1496/1046 5622/1498/1046 5843/1499/1046
f 5843/1499/1047 5622/1498/1047 5624/1500/1047 5844/1501/1047
f 5844/1501/1048 5624/1500/1048 5626/1502/1048 5845/1503/1048
f 5845/1503/1049 5626/1502/1049 5628/1504/1049 5846/1505/1049
f 5846/1505/1050 5628/1504/1050 5630/1506/1050 5847/1507/1050
f 5847/1507/1051 5630/1506/1051 5632/1508/1051 5848/1509/1051
f 5848/1509/1052 5632/1508/1052 5634/1510/1052 5849/1511/1052
f 5849/1511/1053 5634/1510/1053 5636/1512/1053 5850/1513/1053
f 5850/1513/1054 5636/1512/1054 5638/1514/1054 5851/1515/1054
f 5851/1515/1055 5638/1514/1055 5640/1516/1055 5852/1517/1055
f 5852/1517/1056 5640/1516/1056 5642/1518/1056 5853/1519/1056
f 5853/1519/1057 5642/1518/1057 5644/1520/1057 5854/1521/1057
f 5854/1521/1058 5644/1520/1058 5646/1522/1058 5855/1523/1058
f 5855/1523/1059 5646/1522/1059 5648/1524/1059 5856/1525/1059
f 5856/1525/1060 5648/1524/1060 5650/1526/1060 5857/1527/1060
f 5857/1527/1061 5650/1526/1061 5652/1528/1061 5858/1529/1061
f 5858/1529/1062 5652/1528/1062 5654/1530/1062 5859/1531/1062
f 5859/1531/1063 5654/1530/1063 5656/1532/1063 5860/1533/1063
f 5860/1533/1064 5656/1532/1064 5658/1534/1064 5861/1535/1064
f 5861/1535/1065 5658/1534/1065 5660/1536/1065 5862/1537/1065
f 5862/1537/1066 5660/1536/1066 5662/1538/1066 5863/1539/1066
f 5863/1539/1067 5662/1538/1067 5664/1540/1067 5864/1541/1067
f 5864/1541/1068 5664/1540/1068 5666/1542/1068 5865/1543/1068
f 5865/1543/1069 5666/1542/1069 5668/1544/1069 5866/1545/1069
f 5866/1545/1070 5668/1544/1070 5670/1546/1070 5867/1547/1070
f 5867/1547/1071 5670/1546/1071 5672/1548/1071 5868/1549/1071
f 5868/1549/1072 5672/1548/1072 5674/1550/1072 5869/1551/1072
f 5869/1551/1073 5674/1550/1073 5676/1552/1073 5870/1553/1073
f 5870/1553/1074 5676/1552/1074 5678/1554/1074 5871/1555/1074
f 5620/1556/39 5618/1557/39 5680/1558/39 5678/1559/39 5676/1560/39 5674/1561/39 5672/1562/39 5670/1563/39 5668/1564/39 5666/1565/39 5664/1566/39 5662/1567/39 5660/1568/39 5658/1569/39 5656/1570/39 5654/1571/39 5652/1572/39 5650/1573/39 5648/1574/39 5646/1575/39 5644/1576/39 5642/1577/39 5640/1578/39 5638/1579/39 5636/1580/39 5634/1581/39 5632/1582/39 5630/1583/39 5628/1584/39 5626/1585/39 5624/1586/39 5622/1587/39
f 5871/1555/1075 5678/1554/1075 5680/1588/1075 5872/1589/1075
f 5872/1589/1076 5680/1588/1076 5618/1590/1076 5841/1591/1076
f 5653/1592/1077 5655/1593/1077 5700/1593/1077 5699/1592/1077
f 5707/1594/1078 5708/1595/1078 5740/1595/1078 5739/1594/1078
f 5671/1595/1079 5673/1596/1079 5709/1596/1079 5708/1595/1079
f 5627/1597/1080 5629/1598/1080 5687/1598/1080 5686/1597/1080
f 5645/1599/1081 5647/1600/1081 5696/1600/1081 5695/1599/1081
f 5663/1601/1082 5665/1602/1082 5705/1602/1082 5704/1601/1082
f 5619/1603/1083 5621/1604/1083 5683/1604/1083 5682/1603/1083
f 5637/1605/1084 5639/1606/1084 5692/1606/1084 5691/1605/1084
f 5655/1593/1085 5657/1607/1085 5701/1607/1085 5700/1593/1085
f 5673/1596/1086 5675/1608/1086 5710/1608/1086 5709/1596/1086
f 5629/1598/1087 5631/1609/1087 5688/1609/1087 5687/1598/1087
f 5647/1600/1088 5649/1610/1088 5697/1610/1088 5696/1600/1088
f 5665/1602/1089 5667/1611/1089 5706/1611/1089 5705/1602/1089
f 5621/1604/1090 5623/1612/1090 5684/1612/1090 5683/1604/1090
f 5639/1606/1091 5641/1613/1091 5693/1613/1091 5692/1606/1091
f 5657/1607/1092 5659/1614/1092 5702/1614/1092 5701/1607/1092
f 5675/1608/1093 5677/1615/1093 5711/1615/1093 5710/1608/1093
f 5631/1609/1094 5633/1616/1094 5689/1616/1094 5688/1609/1094
f 5649/1610/1095 5651/1617/1095 5698/1617/1095 5697/1610/1095
f 5667/1611/1096 5669/1594/1096 5707/1594/1096 5706/1611/1096
f 5623/1612/1097 5625/1618/1097 5685/1618/1097 5684/1612/1097
f 5641/1613/1098 5643/1619/1098 5694/1619/1098 5693/1613/1098
f 5659/1614/1099 5661/1620/1099 5703/1620/1099 5702/1614/1099
f 5677/1615/1100 5679/1621/1100 5712/1621/1100 5711/1615/1100
f 5633/1616/1101 5635/1622/1101 5690/1622/1101 5689/1616/1101
f 5651/1617/1102 5653/1592/1102 5699/1592/1102 5698/1617/1102
f 5669/1594/1103 5671/1595/1103 5708/1595/1103 5707/1594/1103
f 5625/1618/1104 5627/1597/1104 5686/1597/1104 5685/1618/1104
f 5643/1619/1105 5645/1599/1105 5695/1599/1105 5694/1619/1105
f 5661/1620/1106 5663/1601/1106 5704/1601/1106 5703/1620/1106
f 5617/1623/1107 5619/1603/1107 5682/1603/1107 5681/1623/1107
f 5679/1621/1108 5617/1624/1108 5681/1624/1108 5712/1621/1108
f 5635/1622/1109 5637/1605/1109 5691/1605/1109 5690/1622/1109
f 5713/1623/38 5714/1603/38 5715/1604/38 5716/1612/38 5717/1618/38 5718/1597/38 5719/1598/38 5720/1609/38 5721/1616/38 5722/1622/38 5723/1605/38 5724/1606/38 5725/1613/38 5726/1619/38 5727/1599/38 5728/1600/38 5729/1610/38 5730/1617/38 5731/1592/38 5732/1593/38 5733/1607/38 5734/1614/38 5735/1620/38 5736/1601/38 5737/1602/38 5738/1611/38 5739/1594/38 5740/1595/38 5741/1596/38 5742/1608/38 5743/1615/38 5744/1621/38
f 5694/1619/1110 5695/1599/1110 5727/1599/1110 5726/1619/1110
f 5681/1623/1111 5682/1603/1111 5714/1603/1111 5713/1623/1111
f 5708/1595/1112 5709/1596/1112 5741/1596/1112 5740/1595/1112
f 5695/1599/1113 5696/1600/1113 5728/1600/1113 5727/1599/1113
f 5682/1603/1114 5683/1604/1114 5715/1604/1114 5714/1603/1114
f 5709/1596/1115 5710/1608/1115 5742/1608/1115 5741/1596/1115
f 5696/1600/1116 5697/1610/1116 5729/1610/1116 5728/1600/1116
f 5683/1604/1117 5684/1612/1117 5716/1612/1117 5715/1604/1117
f 5710/1608/1118 5711/1615/1118 5743/1615/1118 5742/1608/1118
f 5697/1610/1119 5698/1617/1119 5730/1617/1119 5729/1610/1119
f 5684/1612/1120 5685/1618/1120 5717/1618/1120 5716/1612/1120
f 5711/1615/1121 5712/1621/1121 5744/1621/1121 5743/1615/1121
f 5698/1617/1122 5699/1592/1122 5731/1592/1122 5730/1617/1122
f 5685/1618/1123 5686/1597/1123 5718/1597/1123 5717/1618/1123
f 5712/1621/1124 5681/1624/1124 5713/1624/1124 5744/1621/1124
f 5699/1592/1125 5700/1593/1125 5732/1593/1125 5731/1592/1125
f 5686/1597/1126 5687/1598/1126 5719/1598/1126 5718/1597/1126
f 5700/1593/1127 5701/1607/1127 5733/1607/1127 5732/1593/1127
f 5687/1598/1128 5688/1609/1128 5720/1609/1128 5719/1598/1128
f 5701/1607/1129 5702/1614/1129 5734/1614/1129 5733/1607/1129
f 5688/1609/1130 5689/1616/1130 5721/1616/1130 5720/1609/1130
f 5702/1614/1131 5703/1620/1131 5735/1620/1131 5734/1614/1131
f 5689/1616/1132 5690/1622/1132 5722/1622/1132 5721/1616/1132
f 5703/1620/1133 5704/1601/1133 5736/1601/1133 5735/1620/1133
f 5690/1622/1134 5691/1605/1134 5723/1605/1134 5722/1622/1134
f 5704/1601/1135 5705/1602/1135 5737/1602/1135 5736/1601/1135
f 5691/1605/1136 5692/1606/1136 5724/1606/1136 5723/1605/1136
f 5705/1602/1137 5706/1611/1137 5738/1611/1137 5737/1602/1137
f 5692/1606/1138 5693/1613/1138 5725/1613/1138 5724/1606/1138
f 5706/1611/1139 5707/1594/1139 5739/1594/1139 5738/1611/1139
f 5693/1613/1140 5694/1619/1140 5726/1619/1140 5725/1613/1140
f 5679/1621/1076 5776/1625/1076 5745/1626/1076 5617/1624/1076
f 5677/1615/1075 5775/1627/1075 5776/1625/1075 5679/1621/1075
f 5675/1608/1074 5774/1628/1074 5775/1627/1074 5677/1615/1074
f 5673/1596/1073 5773/1629/1073 5774/1628/1073 5675/1608/1073
f 5671/1595/1072 5772/1630/1072 5773/1629/1072 5673/1596/1072
f 5669/1594/1071 5771/1631/1071 5772/1630/1071 5671/1595/1071
f 5667/1611/1070 5770/1632/1070 5771/1631/1070 5669/1594/1070
f 5665/1602/1069 5769/1633/1069 5770/1632/1069 5667/1611/1069
f 5663/1601/1068 5768/1634/1068 5769/1633/1068 5665/1602/1068
f 5661/1620/1067 5767/1635/1067 5768/1634/1067 5663/1601/1067
f 5659/1614/1066 5766/1636/1066 5767/1635/1066 5661/1620/1066
f 5657/1607/1065 5765/1637/1065 5766/1636/1065 5659/1614/1065
f 5655/1593/1064 5764/1638/1064 5765/1637/1064 5657/1607/1064
f 5653/1592/1063 5763/1639/1063 5764/1638/1063 5655/1593/1063
f 5651/1617/1062 5762/1640/1062 5763/1639/1062 5653/1592/1062
f 5649/1610/1061 5761/1641/1061 5762/1640/1061 5651/1617/1061
f 5647/1600/1060 5760/1642/1060 5761/1641/1060 5649/1610/1060
f 5645/1599/1059 5759/1643/1059 5760/1642/1059 5647/1600/1059
f 5643/1619/1058 5758/1644/1058 5759/1643/1058 5645/1599/1058
f 5641/1613/1057 5757/1645/1057 5758/1644/1057 5643/1619/1057
f 5639/1606/1056 5756/1646/1056 5757/1645/1056 5641/1613/1056
f 5637/1605/1055 5755/1647/1055 5756/1646/1055 5639/1606/1055
f 5635/1622/1054 5754/1648/1054 5755/1647/1054 5637/1605/1054
f 5633/1616/1053 5753/1649/1053 5754/1648/1053 5635/1622/1053
f 5631/1609/1052 5752/1650/1052 5753/1649/1052 5633/1616/1052
f 5629/1598/1051 5751/1651/1051 5752/1650/1051 5631/1609/1051
f 5627/1597/1050 5750/1652/1050 5751/1651/1050 5629/1598/1050
f 5625/1618/1049 5749/1653/1049 5750/1652/1049 5627/1597/1049
f 5623/1612/1048 5748/1654/1048 5749/1653/1048 5625/1618/1048
f 5621/1604/1047 5747/1655/1047 5748/1654/1047 5623/1612/1047
f 5619/1603/1046 5746/1656/1046 5747/1655/1046 5621/1604/1046
f 5617/1623/1045 5745/1657/1045 5746/1656/1045 5619/1603/1045
f 5776/1658/1076 5808/1659/1076 5777/1660/1076 5745/1661/1076
f 5775/1662/1075 5807/1663/1075 5808/1659/1075 5776/1658/1075
f 5774/1664/1074 5806/1665/1074 5807/1663/1074 5775/1662/1074
f 5773/1666/1073 5805/1667/1073 5806/1665/1073 5774/1664/1073
f 5772/1668/1072 5804/1669/1072 5805/1667/1072 5773/1666/1072
f 5771/1670/1071 5803/1671/1071 5804/1669/1071 5772/1668/1071
f 5770/1672/1070 5802/1673/1070 5803/1671/1070 5771/1670/1070
f 5769/1674/1069 5801/1675/1069 5802/1673/1069 5770/1672/1069
f 5768/1676/1068 5800/1677/1068 5801/1675/1068 5769/1674/1068
f 5767/1678/1067 5799/1679/1067 5800/1677/1067 5768/1676/1067
f 5766/1680/1066 5798/1681/1066 5799/1679/1066 5767/1678/1066
f 5765/1682/1065 5797/1683/1065 5798/1681/1065 5766/1680/1065
f 5764/1684/1064 5796/1685/1064 5797/1683/1064 5765/1682/1064
f 5763/1686/1063 5795/1687/1063 5796/1685/1063 5764/1684/1063
f 5762/1688/1062 5794/1689/1062 5795/1687/1062 5763/1686/1062
f 5761/1690/1061 5793/1691/1061 5794/1689/1061 5762/1688/1061
f 5760/1692/1060 5792/1693/1060 5793/1691/1060 5761/1690/1060
f 5759/1694/1059 5791/1695/1059 5792/1693/1059 5760/1692/1059
f 5758/1696/1058 5790/1697/1058 5791/1695/1058 5759/1694/1058
f 5757/1698/1057 5789/1699/1057 5790/1697/1057 5758/1696/1057
f 5756/1700/1056 5788/1701/1056 5789/1699/1056 5757/1698/1056
f 5755/1702/1055 5787/1703/1055 5788/1701/1055 5756/1700/1055
f 5754/1704/1054 5786/1705/1054 5787/1703/1054 5755/1702/1054
f 5753/1706/1053 5785/1707/1053 5786/1705/1053 5754/1704/1053
f 5752/1708/1052 5784/1709/1052 5785/1707/1052 5753/1706/1052
f 5751/1710/1051 5783/1711/1051 5784/1709/1051 5752/1708/1051
f 5750/1712/1050 5782/1713/1050 5783/1711/1050 5751/1710/1050
f 5749/1714/1049 5781/1715/1049 5782/1713/1049 5750/1712/1049
f 5748/1716/1048 5780/1717/1048 5781/1715/1048 5749/1714/1048
f 5747/1718/1047 5779/1719/1047 5780/1717/1047 5748/1716/1047
f 5746/1720/1046 5778/1721/1046 5779/1719/1046 5747/1718/1046
f 5745/1722/1045 5777/1723/1045 5778/1721/1045 5746/1720/1045
f 5808/1724/1076 5840/1725/1076 5809/1726/1076 5777/1727/1076
f 5807/1728/1075 5839/1729/1075 5840/1725/1075 5808/1724/1075
f 5806/1730/1074 5838/1731/1074 5839/1729/1074 5807/1728/1074
f 5805/1732/1073 5837/1733/1073 5838/1731/1073 5806/1730/1073
f 5804/1734/1072 5836/1735/1072 5837/1733/1072 5805/1732/1072
f 5803/1736/1071 5835/1737/1071 5836/1735/1071 5804/1734/1071
f 5802/1738/1070 5834/1739/1070 5835/1737/1070 5803/1736/1070
f 5801/1740/1069 5833/1741/1069 5834/1739/1069 5802/1738/1069
f 5800/1742/1068 5832/1743/1068 5833/1741/1068 5801/1740/1068
f 5799/1744/1067 5831/1745/1067 5832/1743/1067 5800/1742/1067
f 5798/1746/1066 5830/1747/1066 5831/1745/1066 5799/1744/1066
f 5797/1748/1065 5829/1749/1065 5830/1747/1065 5798/1746/1065
f 5796/1750/1064 5828/1751/1064 5829/1749/1064 5797/1748/1064
f 5795/1752/1063 5827/1753/1063 5828/1751/1063 5796/1750/1063
f 5794/1754/1062 5826/1755/1062 5827/1753/1062 5795/1752/1062
f 5793/1756/1061 5825/1757/1061 5826/1755/1061 5794/1754/1061
f 5792/1758/1060 5824/1759/1060 5825/1757/1060 5793/1756/1060
f 5791/1760/1059 5823/1761/1059 5824/1759/1059 5792/1758/1059
f 5790/1762/1058 5822/1763/1058 5823/1761/1058 5791/1760/1058
f 5789/1764/1057 5821/1765/1057 5822/1763/1057 5790/1762/1057
f 5788/1766/1056 5820/1767/1056 5821/1765/1056 5789/1764/1056
f 5787/1768/1055 5819/1769/1055 5820/1767/1055 5788/1766/1055
f 5786/1770/1054 5818/1771/1054 5819/1769/1054 5787/1768/1054
f 5785/1772/1053 5817/1773/1053 5818/1771/1053 5786/1770/1053
f 5784/1774/1052 5816/1775/1052 5817/1773/1052 5785/1772/1052
f 5783/1776/1051 5815/1777/1051 5816/1775/1051 5784/1774/1051
f 5782/1778/1050 5814/1779/1050 5815/1777/1050 5783/1776/1050
f 5781/1780/1049 5813/1781/1049 5814/1779/1049 5782/1778/1049
f 5780/1782/1048 5812/1783/1048 5813/1781/1048 5781/1780/1048
f 5779/1784/1047 5811/1785/1047 5812/1783/1047 5780/1782/1047
f 5778/1786/1046 5810/1787/1046 5811/1785/1046 5779/1784/1046
f 5777/1788/1045 5809/1789/1045 5810/1787/1045 5778/1786/1045
f 5840/1790/1076 5872/1791/1076 5841/1792/1076 5809/1793/1076
f 5839/1794/1075 5871/1795/1075 5872/1791/1075 5840/1790/1075
f 5838/1796/1074 5870/1797/1074 5871/1795/1074 5839/1794/1074
f 5837/1798/1073 5869/1799/1073 5870/1797/1073 5838/1796/1073
f 5836/1800/1072 5868/1801/1072 5869/1799/1072 5837/1798/1072
f 5835/1802/1071 5867/1803/1071 5868/1801/1071 5836/1800/1071
f 5834/1804/1070 5866/1805/1070 5867/1803/1070 5835/1802/1070
f 5833/1806/1069 5865/1807/1069 5866/1805/1069 5834/1804/1069
f 5832/1808/1068 5864/1809/1068 5865/1807/1068 5833/1806/1068
f 5831/1810/1067 5863/1811/1067 5864/1809/1067 5832/1808/1067
f 5830/1812/1066 5862/1813/1066 5863/1811/1066 5831/1810/1066
f 5829/1814/1065 5861/1815/1065 5862/1813/1065 5830/1812/1065
f 5828/1816/1064 5860/1817/1064 5861/1815/1064 5829/1814/1064
f 5827/1818/1063 5859/1819/1063 5860/1817/1063 5828/1816/1063
f 5826/1820/1062 5858/1821/1062 5859/1819/1062 5827/1818/1062
f 5825/1822/1061 5857/1823/1061 5858/1821/1061 5826/1820/1061
f 5824/1824/1060 5856/1825/1060 5857/1823/1060 5825/1822/1060
f 5823/1826/1059 5855/1827/1059 5856/1825/1059 5824/1824/1059
f 5822/1828/1058 5854/1829/1058 5855/1827/1058 5823/1826/1058
f 5821/1830/1057 5853/1831/1057 5854/1829/1057 5822/1828/1057
f 5820/1832/1056 5852/1833/1056 5853/1831/1056 5821/1830/1056
f 5819/1834/1055 5851/1835/1055 5852/1833/1055 5820/1832/1055
f 5818/1836/1054 5850/1837/1054 5851/1835/1054 5819/1834/1054
f 5817/1838/1053 5849/1839/1053 5850/1837/1053 5818/1836/1053
f 5816/1840/1052 5848/1841/1052 5849/1839/1052 5817/1838/1052
f 5815/1842/1051 5847/1843/1051 5848/1841/1051 5816/1840/1051
f 5814/1844/1050 5846/1845/1050 5847/1843/1050 5815/1842/1050
f 5813/1846/1049 5845/1847/1049 5846/1845/1049 5814/1844/1049
f 5812/1848/1048 5844/1849/1048 5845/1847/1048 5813/1846/1048
f 5811/1850/1047 5843/1851/1047 5844/1849/1047 5812/1848/1047
f 5810/1852/1046 5842/1853/1046 5843/1851/1046 5811/1850/1046
f 5809/1854/1045 5841/1855/1045 5842/1853/1045 5810/1852/1045
f 6417/1494/1045 6194/1495/1045 6196/1496/1045 6418/1497/1045
f 6418/1497/1046 6196/1496/1046 6198/1498/1046 6419/1499/1046
f 6419/1499/1047 6198/1498/1047 6200/1500/1047 6420/1501/1047
f 6420/1501/1048 6200/1500/1048 6202/1502/1048 6421/1503/1048
f 6421/1503/1049 6202/1502/1049 6204/1504/1049 6422/1505/1049
f 6422/1505/1050 6204/1504/1050 6206/1506/1050 6423/1507/1050
f 6423/1507/1051 6206/1506/1051 6208/1508/1051 6424/1509/1051
f 6424/1509/1052 6208/1508/1052 6210/1510/1052 6425/1511/1052
f 6425/1511/1053 6210/1510/1053 6212/1512/1053 6426/1513/1053
f 6426/1513/1054 6212/1512/1054 6214/1514/1054 6427/1515/1054
f 6427/1515/1055 6214/1514/1055 6216/1516/1055 6428/1517/1055
f 6428/1517/1056 6216/1516/1056 6218/1518/1056 6429/1519/1056
f 6429/1519/1057 6218/1518/1057 6220/1520/1057 6430/1521/1057
f 6430/1521/1058 6220/1520/1058 6222/1522/1058 6431/1523/1058
f 6431/1523/1059 6222/1522/1059 6224/1524/1059 6432/1525/1059
f 6432/1525/1060 6224/1524/1060 6226/1526/1060 6433/1527/1060
f 6433/1527/1061 6226/1526/1061 6228/1528/1061 6434/1529/1061
f 6434/1529/1062 6228/1528/1062 6230/1530/1062 6435/1531/1062
f 6435/1531/1063 6230/1530/1063 6232/1532/1063 6436/1533/1063
f 6436/1533/1064 6232/1532/1064 6234/1534/1064 6437/1535/1064
f 6437/1535/1065 6234/1534/1065 6236/1536/1065 6438/1537/1065
f 6438/1537/1066 6236/1536/1066 6238/1538/1066 6439/1539/1066
f 6439/1539/1067 6238/1538/1067 6240/1540/1067 6440/1541/1067
f 6440/1541/1068 6240/1540/1068 6242/1542/1068 6441/1543/1068
f 6441/1543/1069 6242/1542/1069 6244/1544/1069 6442/1545/1069
f 6442/1545/1070 6244/1544/1070 6246/1546/1070 6443/1547/1070
f 6443/1547/1071 6246/1546/1071 6248/1548/1071 6444/1549/1071
f 6444/1549/1072 6248/1548/1072 6250/1550/1072 6445/1551/1072
f 6445/1551/1073 6250/1550/1073 6252/1552/1073 6446/1553/1073
f 6446/1553/1074 6252/1552/1074 6254/1554/1074 6447/1555/1074
f 6196/1556/39 6194/1557/39 6256/1558/39 6254/1559/39 6252/1560/39 6250/1561/39 6248/1562/39 6246/1563/39 6244/1564/39 6242/1565/39 6240/1566/39 6238/1567/39 6236/1568/39 6234/1569/39 6232/1570/39 6230/1571/39 6228/1572/39 6226/1573/39 6224/1574/39 6222/1575/39 6220/1576/39 6218/1577/39 6216/1578/39 6214/1579/39 6212/1580/39 6210/1581/39 6208/1582/39 6206/1583/39 6204/1584/39 6202/1585/39 6200/1586/39 6198/1587/39
f 6447/1555/1075 6254/1554/1075 6256/1588/1075 6448/1589/1075
f 6448/1589/1076 6256/1588/1076 6194/1590/1076 6417/1591/1076
f 6229/1592/1077 6231/1593/1077 6276/1593/1077 6275/1592/1077
f 6283/1594/1078 6284/1595/1078 6316/1595/1078 6315/1594/1078
f 6247/1595/1079 6249/1596/1079 6285/1596/1079 6284/1595/1079
f 6203/1597/1080 6205/1598/1080 6263/1598/1080 6262/1597/1080
f 6221/1599/1081 6223/1600/1081 6272/1600/1081 6271/1599/1081
f 6239/1601/1082 6241/1602/1082 6281/1602/1082 6280/1601/1082
f 6195/1603/1083 6197/1604/1083 6259/1604/1083 6258/1603/1083
f 6213/1605/1084 6215/1606/1084 6268/1606/1084 6267/1605/1084
f 6231/1593/1085 6233/1607/1085 6277/1607/1085 6276/1593/1085
f 6249/1596/1086 6251/1608/1086 6286/1608/1086 6285/1596/1086
f 6205/1598/1087 6207/1609/1087 6264/1609/1087 6263/1598/1087
f 6223/1600/1088 6225/1610/1088 6273/1610/1088 6272/1600/1088
f 6241/1602/1089 6243/1611/1089 6282/1611/1089 6281/1602/1089
f 6197/1604/1090 6199/1612/1090 6260/1612/1090 6259/1604/1090
f 6215/1606/1091 6217/1613/1091 6269/1613/1091 6268/1606/1091
f 6233/1607/1092 6235/1614/1092 6278/1614/1092 6277/1607/1092
f 6251/1608/1093 6253/1615/1093 6287/1615/1093 6286/1608/1093
f 6207/1609/1094 6209/1616/1094 6265/1616/1094 6264/1609/1094
f 6225/1610/1095 6227/1617/1095 6274/1617/1095 6273/1610/1095
f 6243/1611/1096 6245/1594/1096 6283/1594/1096 6282/1611/1096
f 6199/1612/1097 6201/1618/1097 6261/1618/1097 6260/1612/1097
f 6217/1613/1098 6219/1619/1098 6270/1619/1098 6269/1613/1098
f 6235/1614/1099 6237/1620/1099 6279/1620/1099 6278/1614/1099
f 6253/1615/1100 6255/1621/1100 6288/1621/1100 6287/1615/1100
f 6209/1616/1101 6211/1622/1101 6266/1622/1101 6265/1616/1101
f 6227/1617/1102 6229/1592/1102 6275/1592/1102 6274/1617/1102
f 6245/1594/1103 6247/1595/1103 6284/1595/1103 6283/1594/1103
f 6201/1618/1104 6203/1597/1104 6262/1597/1104 6261/1618/1104
f 6219/1619/1105 6221/1599/1105 6271/1599/1105 6270/1619/1105
f 6237/1620/1106 6239/1601/1106 6280/1601/1106 6279/1620/1106
f 6193/1623/1107 6195/1603/1107 6258/1603/1107 6257/1623/1107
f 6255/1621/1108 6193/1624/1108 6257/1624/1108 6288/1621/1108
f 6211/1622/1109 6213/1605/1109 6267/1605/1109 6266/1622/1109
f 6289/1623/38 6290/1603/38 6291/1604/38 6292/1612/38 6293/1618/38 6294/1597/38 6295/1598/38 6296/1609/38 6297/1616/38 6298/1622/38 6299/1605/38 6300/1606/38 6301/1613/38 6302/1619/38 6303/1599/38 6304/1600/38 6305/1610/38 6306/1617/38 6307/1592/38 6308/1593/38 6309/1607/38 6310/1614/38 6311/1620/38 6312/1601/38 6313/1602/38 6314/1611/38 6315/1594/38 6316/1595/38 6317/1596/38 6318/1608/38 6319/1615/38 6320/1621/38
f 6270/1619/1110 6271/1599/1110 6303/1599/1110 6302/1619/1110
f 6257/1623/1111 6258/1603/1111 6290/1603/1111 6289/1623/1111
f 6284/1595/1112 6285/1596/1112 6317/1596/1112 6316/1595/1112
f 6271/1599/1113 6272/1600/1113 6304/1600/1113 6303/1599/1113
f 6258/1603/1114 6259/1604/1114 6291/1604/1114 6290/1603/1114
f 6285/1596/1115 6286/1608/1115 6318/1608/1115 6317/1596/1115
f 6272/1600/1116 6273/1610/1116 6305/1610/1116 6304/1600/1116
f 6259/1604/1117 6260/1612/1117 6292/1612/1117 6291/1604/1117
f 6286/1608/1118 6287/1615/1118 6319/1615/1118 6318/1608/1118
f 6273/1610/1119 6274/1617/1119 6306/1617/1119 6305/1610/1119
f 6260/1612/1120 6261/1618/1120 6293/1618/1120 6292/1612/1120
f 6287/1615/1121 6288/1621/1121 6320/1621/1121 6319/1615/1121
f 6274/1617/1122 6275/1592/1122 6307/1592/1122 6306/1617/1122
f 6261/1618/1123 6262/1597/1123 6294/1597/1123 6293/1618/1123
f 6288/1621/1124 6257/1624/1124 6289/1624/1124 6320/1621/1124
f 6275/1592/1125 6276/1593/1125 6308/1593/1125 6307/1592/1125
f 6262/1597/1126 6263/1598/1126 6295/1598/1126 6294/1597/1126
f 6276/1593/1127 6277/1607/1127 6309/1607/1127 6308/1593/1127
f 6263/1598/1128 6264/1609/1128 6296/1609/1128 6295/1598/1128
f 6277/1607/1129 6278/1614/1129 6310/1614/1129 6309/1607/1129
f 6264/1609/1130 6265/1616/1130 6297/1616/1130 6296/1609/1130
f 6278/1614/1131 6279/1620/1131 6311/1620/1131 6310/1614/1131
f 6265/1616/1132 6266/1622/1132 6298/1622/1132 6297/1616/1132
f 6279/1620/1133 6280/1601/1133 6312/1601/1133 6311/1620/1133
f 6266/1622/1134 6267/1605/1134 6299/1605/1134 6298/1622/1134
f 6280/1601/1135 6281/1602/1135 6313/1602/1135 6312/1601/1135
f 6267/1605/1136 6268/1606/1136 6300/1606/1136 6299/1605/1136
f 6281/1602/1137 6282/1611/1137 6314/1611/1137 6313/1602/1137
f 6268/1606/1138 6269/1613/1138 6301/1613/1138 6300/1606/1138
f 6282/1611/1139 6283/1594/1139 6315/1594/1139 6314/1611/1139
f 6269/1613/1140 6270/1619/1140 6302/1619/1140 6301/1613/1140
f 6255/1621/1076 6352/1625/1076 6321/1626/1076 6193/1624/1076
f 6253/1615/1075 6351/1627/1075 6352/1625/1075 6255/1621/1075
f 6251/1608/1074 6350/1628/1074 6351/1627/1074 6253/1615/1074
f 6249/1596/1073 6349/1629/1073 6350/1628/1073 6251/1608/1073
f 6247/1595/1072 6348/1630/1072 6349/1629/1072 6249/1596/1072
f 6245/1594/1071 6347/1631/1071 6348/1630/1071 6247/1595/1071
f 6243/1611/1070 6346/1632/1070 6347/1631/1070 6245/1594/1070
f 6241/1602/1069 6345/1633/1069 6346/1632/1069 6243/1611/1069
f 6239/1601/1068 6344/1634/1068 6345/1633/1068 6241/1602/1068
f 6237/1620/1067 6343/1635/1067 6344/1634/1067 6239/1601/1067
f 6235/1614/1066 6342/1636/1066 6343/1635/1066 6237/1620/1066
f 6233/1607/1065 6341/1637/1065 6342/1636/1065 6235/1614/1065
f 6231/1593/1064 6340/1638/1064 6341/1637/1064 6233/1607/1064
f 6229/1592/1063 6339/1639/1063 6340/1638/1063 6231/1593/1063
f 6227/1617/1062 6338/1640/1062 6339/1639/1062 6229/1592/1062
f 6225/1610/1061 6337/1641/1061 6338/1640/1061 6227/1617/1061
f 6223/1600/1060 6336/1642/1060 6337/1641/1060 6225/1610/1060
f 6221/1599/1059 6335/1643/1059 6336/1642/1059 6223/1600/1059
f 6219/1619/1058 6334/1644/1058 6335/1643/1058 6221/1599/1058
f 6217/1613/1057 6333/1645/1057 6334/1644/1057 6219/1619/1057
f 6215/1606/1056 6332/1646/1056 6333/1645/1056 6217/1613/1056
f 6213/1605/1055 6331/1647/1055 6332/1646/1055 6215/1606/1055
f 6211/1622/1054 6330/1648/1054 6331/1647/1054 6213/1605/1054
f 6209/1616/1053 6329/1649/1053 6330/1648/1053 6211/1622/1053
f 6207/1609/1052 6328/1650/1052 6329/1649/1052 6209/1616/1052
f 6205/1598/1051 6327/1651/1051 6328/1650/1051 6207/1609/1051
f 6203/1597/1050 6326/1652/1050 6327/1651/1050 6205/1598/1050
f 6201/1618/1049 6325/1653/1049 6326/1652/1049 6203/1597/1049
f 6199/1612/1048 6324/1654/1048 6325/1653/1048 6201/1618/1048
f 6197/1604/1047 6323/1655/1047 6324/1654/1047 6199/1612/1047
f 6195/1603/1046 6322/1656/1046 6323/1655/1046 6197/1604/1046
f 6193/1623/1045 6321/1657/1045 6322/1656/1045 6195/1603/1045
f 6352/1658/1076 6384/1659/1076 6353/1660/1076 6321/1661/1076
f 6351/1662/1075 6383/1663/1075 6384/1659/1075 6352/1658/1075
f 6350/1664/1074 6382/1665/1074 6383/1663/1074 6351/1662/1074
f 6349/1666/1073 6381/1667/1073 6382/1665/1073 6350/1664/1073
f 6348/1668/1072 6380/1669/1072 6381/1667/1072 6349/1666/1072
f 6347/1670/1071 6379/1671/1071 6380/1669/1071 6348/1668/1071
f 6346/1672/1070 6378/1673/1070 6379/1671/1070 6347/1670/1070
f 6345/1674/1069 6377/1675/1069 6378/1673/1069 6346/1672/1069
f 6344/1676/1068 6376/1677/1068 6377/1675/1068 6345/1674/1068
f 6343/1678/1067 6375/1679/1067 6376/1677/1067 6344/1676/1067
f 6342/1680/1066 6374/1681/1066 6375/1679/1066 6343/1678/1066
f 6341/1682/1065 6373/1683/1065 6374/1681/1065 6342/1680/1065
f 6340/1684/1064 6372/1685/1064 6373/1683/1064 6341/1682/1064
f 6339/1686/1063 6371/1687/1063 6372/1685/1063 6340/1684/1063
f 6338/1688/1062 6370/1689/1062 6371/1687/1062 6339/1686/1062
f 6337/1690/1061 6369/1691/1061 6370/1689/1061 6338/1688/1061
f 6336/1692/1060 6368/1693/1060 6369/1691/1060 6337/1690/1060
f 6335/1694/1059 6367/1695/1059 6368/1693/1059 6336/1692/1059
f 6334/1696/1058 6366/1697/1058 6367/1695/1058 6335/1694/1058
f 6333/1698/1057 6365/1699/1057 6366/1697/1057 6334/1696/1057
f 6332/1700/1056 6364/1701/1056 6365/1699/1056 6333/1698/1056
f 6331/1702/1055 6363/1703/1055 6364/1701/1055 6332/1700/1055
f 6330/1704/1054 6362/1705/1054 6363/1703/1054 6331/1702/1054
f 6329/1706/1053 6361/1707/1053 6362/1705/1053 6330/1704/1053
f 6328/1708/1052 6360/1709/1052 6361/1707/1052 6329/1706/1052
f 6327/1710/1051 6359/1711/1051 6360/1709/1051 6328/1708/1051
f 6326/1712/1050 6358/1713/1050 6359/1711/1050 6327/1710/1050
f 6325/1714/1049 6357/1715/1049 6358/1713/1049 6326/1712/1049
f 6324/1716/1048 6356/1717/1048 6357/1715/1048 6325/1714/1048
f 6323/1718/1047 6355/1719/1047 6356/1717/1047 6324/1716/1047
f 6322/1720/1046 6354/1721/1046 6355/1719/1046 6323/1718/1046
f 6321/1722/1045 6353/1723/1045 6354/1721/1045 6322/1720/1045
f 6384/1724/1076 6416/1725/1076 6385/1726/1076 6353/1727/1076
f 6383/1728/1075 6415/1729/1075 6416/1725/1075 6384/1724/1075
f 6382/1730/1074 6414/1731/1074 6415/1729/1074 6383/1728/1074
f 6381/1732/1073 6413/1733/1073 6414/1731/1073 6382/1730/1073
f 6380/1734/1072 6412/1735/1072 6413/1733/1072 6381/1732/1072
f 6379/1736/1071 6411/1737/1071 6412/1735/1071 6380/1734/1071
f 6378/1738/1070 6410/1739/1070 6411/1737/1070 6379/1736/1070
f 6377/1740/1069 6409/1741/1069 6410/1739/1069 6378/1738/1069
f 6376/1742/1068 6408/1743/1068 6409/1741/1068 6377/1740/1068
f 6375/1744/1067 6407/1745/1067 6408/1743/1067 6376/1742/1067
f 6374/1746/1066 6406/1747/1066 6407/1745/1066 6375/1744/1066
f 6373/1748/1065 6405/1749/1065 6406/1747/1065 6374/1746/1065
f 6372/1750/1064 6404/1751/1064 6405/1749/1064 6373/1748/1064
f 6371/1752/1063 6403/1753/1063 6404/1751/1063 6372/1750/1063
f 6370/1754/1062 6402/1755/1062 6403/1753/1062 6371/1752/1062
f 6369/1756/1061 6401/1757/1061 6402/1755/1061 6370/1754/1061
f 6368/1758/1060 6400/1759/1060 6401/1757/1060 6369/1756/1060
f 6367/1760/1059 6399/1761/1059 6400/1759/1059 6368/1758/1059
f 6366/1762/1058 6398/1763/1058 6399/1761/1058 6367/1760/1058
f 6365/1764/1057 6397/1765/1057 6398/1763/1057 6366/1762/1057
f 6364/1766/1056 6396/1767/1056 6397/1765/1056 6365/1764/1056
f 6363/1768/1055 6395/1769/1055 6396/1767/1055 6364/1766/1055
f 6362/1770/1054 6394/1771/1054 6395/1769/1054 6363/1768/1054
f 6361/1772/1053 6393/1773/1053 6394/1771/1053 6362/1770/1053
f 6360/1774/1052 6392/1775/1052 6393/1773/1052 6361/1772/1052
f 6359/1776/1051 6391/1777/1051 6392/1775/1051 6360/1774/1051
f 6358/1778/1050 6390/1779/1050 6391/1777/1050 6359/1776/1050
f 6357/1780/1049 6389/1781/1049 6390/1779/1049 6358/1778/1049
f 6356/1782/1048 6388/1783/1048 6389/1781/1048 6357/1780/1048
f 6355/1784/1047 6387/1785/1047 6388/1783/1047 6356/1782/1047
f 6354/1786/1046 6386/1787/1046 6387/1785/1046 6355/1784/1046
f 6353/1788/1045 6385/1789/1045 6386/1787/1045 6354/1786/1045
f 6416/1790/1076 6448/1791/1076 6417/1792/1076 6385/1793/1076
f 6415/1794/1075 6447/1795/1075 6448/1791/1075 6416/1790/1075
f 6414/1796/1074 6446/1797/1074 6447/1795/1074 6415/1794/1074
f 6413/1798/1073 6445/1799/1073 6446/1797/1073 6414/1796/1073
f 6412/1800/1072 6444/1801/1072 6445/1799/1072 6413/1798/1072
f 6411/1802/1071 6443/1803/1071 6444/1801/1071 6412/1800/1071
f 6410/1804/1070 6442/1805/1070 6443/1803/1070 6411/1802/1070
f 6409/1806/1069 6441/1807/1069 6442/1805/1069 6410/1804/1069
f 6408/1808/1068 6440/1809/1068 6441/1807/1068 6409/1806/1068
f 6407/1810/1067 6439/1811/1067 6440/1809/1067 6408/1808/1067
f 6406/1812/1066 6438/1813/1066 6439/1811/1066 6407/1810/1066
f 6405/1814/1065 6437/1815/1065 6438/1813/1065 6406/1812/1065
f 6404/1816/1064 6436/1817/1064 6437/1815/1064 6405/1814/1064
f 6403/1818/1063 6435/1819/1063 6436/1817/1063 6404/1816/1063
f 6402/1820/1062 6434/1821/1062 6435/1819/1062 6403/1818/1062
f 6401/1822/1061 6433/1823/1061 6434/1821/1061 6402/1820/1061
f 6400/1824/1060 6432/1825/1060 6433/1823/1060 6401/1822/1060
f 6399/1826/1059 6431/1827/1059 6432/1825/1059 6400/1824/1059
f 6398/1828/1058 6430/1829/1058 6431/1827/1058 6399/1826/1058
f 6397/1830/1057 6429/1831/1057 6430/1829/1057 6398/1828/1057
f 6396/1832/1056 6428/1833/1056 6429/1831/1056 6397/1830/1056
f 6395/1834/1055 6427/1835/1055 6428/1833/1055 6396/1832/1055
f 6394/1836/1054 6426/1837/1054 6427/1835/1054 6395/1834/1054
f 6393/1838/1053 6425/1839/1053 6426/1837/1053 6394/1836/1053
f 6392/1840/1052 6424/1841/1052 6425/1839/1052 6393/1838/1052
f 6391/1842/1051 6423/1843/1051 6424/1841/1051 6392/1840/1051
f 6390/1844/1050 6422/1845/1050 6423/1843/1050 6391/1842/1050
f 6389/1846/1049 6421/1847/1049 6422/1845/1049 6390/1844/1049
f 6388/1848/1048 6420/1849/1048 6421/1847/1048 6389/1846/1048
f 6387/1850/1047 6419/1851/1047 6420/1849/1047 6388/1848/1047
f 6386/1852/1046 6418/1853/1046 6419/1851/1046 6387/1850/1046
f 6385/1854/1045 6417/1855/1045 6418/1853/1045 6386/1852/1045
f 6833/1494/1045 6610/1495/1045 6612/1496/1045 6834/1497/1045
f 6834/1497/1046 6612/1496/1046 6614/1498/1046 6835/1499/1046
f 6835/1499/1047 6614/1498/1047 6616/1500/1047 6836/1501/1047
f 6836/1501/1048 6616/1500/1048 6618/1502/1048 6837/1503/1048
f 6837/1503/1049 6618/1502/1049 6620/1504/1049 6838/1505/1049
f 6838/1505/1050 6620/1504/1050 6622/1506/1050 6839/1507/1050
f 6839/1507/1051 6622/1506/1051 6624/1508/1051 6840/1509/1051
f 6840/1509/1052 6624/1508/1052 6626/1510/1052 6841/1511/1052
f 6841/1511/1053 6626/1510/1053 6628/1512/1053 6842/1513/1053
f 6842/1513/1054 6628/1512/1054 6630/1514/1054 6843/1515/1054
f 6843/1515/1055 6630/1514/1055 6632/1516/1055 6844/1517/1055
f 6844/1517/1056 6632/1516/1056 6634/1518/1056 6845/1519/1056
f 6845/1519/1057 6634/1518/1057 6636/1520/1057 6846/1521/1057
f 6846/1521/1058 6636/1520/1058 6638/1522/1058 6847/1523/1058
f 6847/1523/1059 6638/1522/1059 6640/1524/1059 6848/1525/1059
f 6848/1525/1060 6640/1524/1060 6642/1526/1060 6849/1527/1060
f 6849/1527/1061 6642/1526/1061 6644/1528/1061 6850/1529/1061
f 6850/1529/1062 6644/1528/1062 6646/1530/1062 6851/1531/1062
f 6851/1531/1063 6646/1530/1063 6648/1532/1063 6852/1533/1063
f 6852/1533/1064 6648/1532/1064 6650/1534/1064 6853/1535/1064
f 6853/1535/1065 6650/1534/1065 6652/1536/1065 6854/1537/1065
f 6854/1537/1066 6652/1536/1066 6654/1538/1066 6855/1539/1066
f 6855/1539/1067 6654/1538/1067 6656/1540/1067 6856/1541/1067
f 6856/1541/1068 6656/1540/1068 6658/1542/1068 6857/1543/1068
f 6857/1543/1069 6658/1542/1069 6660/1544/1069 6858/1545/1069
f 6858/1545/1070 6660/1544/1070 6662/1546/1070 6859/1547/1070
f 6859/1547/1071 6662/1546/1071 6664/1548/1071 6860/1549/1071
f 6860/1549/1072 6664/1548/1072 6666/1550/1072 6861/1551/1072
f 6861/1551/1073 6666/1550/1073 6668/1552/1073 6862/1553/1073
f 6862/1553/1074 6668/1552/1074 6670/1554/1074 6863/1555/1074
f 6612/1556/39 6610/1557/39 6672/1558/39 6670/1559/39 6668/1560/39 6666/1561/39 6664/1562/39 6662/1563/39 6660/1564/39 6658/1565/39 6656/1566/39 6654/1567/39 6652/1568/39 6650/1569/39 6648/1570/39 6646/1571/39 6644/1572/39 6642/1573/39 6640/1574/39 6638/1575/39 6636/1576/39 6634/1577/39 6632/1578/39 6630/1579/39 6628/1580/39 6626/1581/39 6624/1582/39 6622/1583/39 6620/1584/39 6618/1585/39 6616/1586/39 6614/1587/39
f 6863/1555/1075 6670/1554/1075 6672/1588/1075 6864/1589/1075
f 6864/1589/1076 6672/1588/1076 6610/1590/1076 6833/1591/1076
f 6645/1592/1077 6647/1593/1077 6692/1593/1077 6691/1592/1077
f 6699/1594/1078 6700/1595/1078 6732/1595/1078 6731/1594/1078
f 6663/1595/1079 6665/1596/1079 6701/1596/1079 6700/1595/1079
f 6619/1597/1080 6621/1598/1080 6679/1598/1080 6678/1597/1080
f 6637/1599/1081 6639/1600/1081 6688/1600/1081 6687/1599/1081
f 6655/1601/1082 6657/1602/1082 6697/1602/1082 6696/1601/1082
f 6611/1603/1083 6613/1604/1083 6675/1604/1083 6674/1603/1083
f 6629/1605/1084 6631/1606/1084 6684/1606/1084 6683/1605/1084
f 6647/1593/1085 6649/1607/1085 6693/1607/1085 6692/1593/1085
f 6665/1596/1086 6667/1608/1086 6702/1608/1086 6701/1596/1086
f 6621/1598/1087 6623/1609/1087 6680/1609/1087 6679/1598/1087
f 6639/1600/1088 6641/1610/1088 6689/1610/1088 6688/1600/1088
f 6657/1602/1089 6659/1611/1089 6698/1611/1089 6697/1602/1089
f 6613/1604/1090 6615/1612/1090 6676/1612/1090 6675/1604/1090
f 6631/1606/1091 6633/1613/1091 6685/1613/1091 6684/1606/1091
f 6649/1607/1092 6651/1614/1092 6694/1614/1092 6693/1607/1092
f 6667/1608/1093 6669/1615/1093 6703/1615/1093 6702/1608/1093
f 6623/1609/1094 6625/1616/1094 6681/1616/1094 6680/1609/1094
f 6641/1610/1095 6643/1617/1095 6690/1617/1095 6689/1610/1095
f 6659/1611/1096 6661/1594/1096 6699/1594/1096 6698/1611/1096
f 6615/1612/1097 6617/1618/1097 6677/1618/1097 6676/1612/1097
f 6633/1613/1098 6635/1619/1098 6686/1619/1098 6685/1613/1098
f 6651/1614/1099 6653/1620/1099 6695/1620/1099 6694/1614/1099
f 6669/1615/1100 6671/1621/1100 6704/1621/1100 6703/1615/1100
f 6625/1616/1101 6627/1622/1101 6682/1622/1101 6681/1616/1101
f 6643/1617/1102 6645/1592/1102 6691/1592/1102 6690/1617/1102
f 6661/1594/1103 6663/1595/1103 6700/1595/1103 6699/1594/1103
f 6617/1618/1104 6619/1597/1104 6678/1597/1104 6677/1618/1104
f 6635/1619/1105 6637/1599/1105 6687/1599/1105 6686/1619/1105
f 6653/1620/1106 6655/1601/1106 6696/1601/1106 6695/1620/1106
f 6609/1623/1107 6611/1603/1107 6674/1603/1107 6673/1623/1107
f 6671/1621/1108 6609/1624/1108 6673/1624/1108 6704/1621/1108
f 6627/1622/1109 6629/1605/1109 6683/1605/1109 6682/1622/1109
f 6705/1623/38 6706/1603/38 6707/1604/38 6708/1612/38 6709/1618/38 6710/1597/38 6711/1598/38 6712/1609/38 6713/1616/38 6714/1622/38 6715/1605/38 6716/1606/38 6717/1613/38 6718/1619/38 6719/1599/38 6720/1600/38 6721/1610/38 6722/1617/38 6723/1592/38 6724/1593/38 6725/1607/38 6726/1614/38 6727/1620/38 6728/1601/38 6729/1602/38 6730/1611/38 6731/1594/38 6732/1595/38 6733/1596/38 6734/1608/38 6735/1615/38 6736/1621/38
f 6686/1619/1110 6687/1599/1110 6719/1599/1110 6718/1619/1110
f 6673/1623/1111 6674/1603/1111 6706/1603/1111 6705/1623/1111
f 6700/1595/1112 6701/1596/1112 6733/1596/1112 6732/1595/1112
f 6687/1599/1113 6688/1600/1113 6720/1600/1113 6719/1599/1113
f 6674/1603/1114 6675/1604/1114 6707/1604/1114 6706/1603/1114
f 6701/1596/1115 6702/1608/1115 6734/1608/1115 6733/1596/1115
f 6688/1600/1116 6689/1610/1116 6721/1610/1116 6720/1600/1116
f 6675/1604/1117 6676/1612/1117 6708/1612/1117 6707/1604/1117
f 6702/1608/1118 6703/1615/1118 6735/1615/1118 6734/1608/1118
f 6689/1610/1119 6690/1617/1119 6722/1617/1119 6721/1610/1119
f 6676/1612/1120 6677/1618/1120 6709/1618/1120 6708/1612/1120
f 6703/1615/1121 6704/1621/1121 6736/1621/1121 6735/1615/1121
f 6690/1617/1122 6691/1592/1122 6723/1592/1122 6722/1617/1122
f 6677/1618/1123 6678/1597/1123 6710/1597/1123 6709/1618/1123
f 6704/1621/1124 6673/1624/1124 6705/1624/1124 6736/1621/1124
f 6691/1592/1125 6692/1593/1125 6724/1593/1125 6723/1592/1125
f 6678/1597/1126 6679/1598/1126 6711/1598/1126 6710/1597/1126
f 6692/1593/1127 6693/1607/1127 6725/1607/1127 6724/1593/1127
f 6679/1598/1128 6680/1609/1128 6712/1609/1128 6711/1598/1128
f 6693/1607/1129 6694/1614/1129 6726/1614/1129 6725/1607/1129
f 6680/1609/1130 6681/1616/1130 6713/1616/1130 6712/1609/1130
f 6694/1614/1131 6695/1620/1131 6727/1620/1131 6726/1614/1131
f 6681/1616/1132 6682/1622/1132 6714/1622/1132 6713/1616/1132
f 6695/1620/1133 6696/1601/1133 6728/1601/1133 6727/1620/1133
f 6682/1622/1134 6683/1605/1134 6715/1605/1134 6714/1622/1134
f 6696/1601/1135 6697/1602/1135 6729/1602/1135 6728/1601/1135
f 6683/1605/1136 6684/1606/1136 6716/1606/1136 6715/1605/1136
f 6697/1602/1137 6698/1611/1137 6730/1611/1137 6729/1602/1137
f 6684/1606/1138 6685/1613/1138 6717/1613/1138 6716/1606/1138
f 6698/1611/1139 6699/1594/1139 6731/1594/1139 6730/1611/1139
f 6685/1613/1140 6686/1619/1140 6718/1619/1140 6717/1613/1140
f 6671/1621/1076 6768/1625/1076 6737/1626/1076 6609/1624/1076
f 6669/1615/1075 6767/1627/1075 6768/1625/1075 6671/1621/1075
f 6667/1608/1074 6766/1628/1074 6767/1627/1074 6669/1615/1074
f 6665/1596/1073 6765/1629/1073 6766/1628/1073 6667/1608/1073
f 6663/1595/1072 6764/1630/1072 6765/1629/1072 6665/1596/1072
f 6661/1594/1071 6763/1631/1071 6764/1630/1071 6663/1595/1071
f 6659/1611/1070 6762/1632/1070 6763/1631/1070 6661/1594/1070
f 6657/1602/1069 6761/1633/1069 6762/1632/1069 6659/1611/1069
f 6655/1601/1068 6760/1634/1068 6761/1633/1068 6657/1602/1068
f 6653/1620/1067 6759/1635/1067 6760/1634/1067 6655/1601/1067
f 6651/1614/1066 6758/1636/1066 6759/1635/1066 6653/1620/1066
f 6649/1607/1065 6757/1637/1065 6758/1636/1065 6651/1614/1065
f 6647/1593/1064 6756/1638/1064 6757/1637/1064 6649/1607/1064
f 6645/1592/1063 6755/1639/1063 6756/1638/1063 6647/1593/1063
f 6643/1617/1062 6754/1640/1062 6755/1639/1062 6645/1592/1062
f 6641/1610/1061 6753/1641/1061 6754/1640/1061 6643/1617/1061
f 6639/1600/1060 6752/1642/1060 6753/1641/1060 6641/1610/1060
f 6637/1599/1059 6751/1643/1059 6752/1642/1059 6639/1600/1059
f 6635/1619/1058 6750/1644/1058 6751/1643/1058 6637/1599/1058
f 6633/1613/1057 6749/1645/1057 6750/1644/1057 6635/1619/1057
f 6631/1606/1056 6748/1646/1056 6749/1645/1056 6633/1613/1056
f 6629/1605/1055 6747/1647/1055 6748/1646/1055 6631/1606/1055
f 6627/1622/1054 6746/1648/1054 6747/1647/1054 6629/1605/1054
f 6625/1616/1053 6745/1649/1053 6746/1648/1053 6627/1622/1053
f 6623/1609/1052 6744/1650/1052 6745/1649/1052 6625/1616/1052
f 6621/1598/1051 6743/1651/1051 6744/1650/1051 6623/1609/1051
f 6619/1597/1050 6742/1652/1050 6743/1651/1050 6621/1598/1050
f 6617/1618/1049 6741/1653/1049 6742/1652/1049 6619/1597/1049
f 6615/1612/1048 6740/1654/1048 6741/1653/1048 6617/1618/1048
f 6613/1604/1047 6739/1655/1047 6740/1654/1047 6615/1612/1047
f 6611/1603/1046 6738/1656/1046 6739/1655/1046 6613/1604/1046
f 6609/1623/1045 6737/1657/1045 6738/1656/1045 6611/1603/1045
f 6768/1658/1076 6800/1659/1076 6769/1660/1076 6737/1661/1076
f 6767/1662/1075 6799/1663/1075 6800/1659/1075 6768/1658/1075
f 6766/1664/1074 6798/1665/1074 6799/1663/1074 6767/1662/1074
f 6765/1666/1073 6797/1667/1073 6798/1665/1073 6766/1664/1073
f 6764/1668/1072 6796/1669/1072 6797/1667/1072 6765/1666/1072
f 6763/1670/1071 6795/1671/1071 6796/1669/1071 6764/1668/1071
f 6762/1672/1070 6794/1673/1070 6795/1671/1070 6763/1670/1070
f 6761/1674/1069 6793/1675/1069 6794/1673/1069 6762/1672/1069
f 6760/1676/1068 6792/1677/1068 6793/1675/1068 6761/1674/1068
f 6759/1678/1067 6791/1679/1067 6792/1677/1067 6760/1676/1067
f 6758/1680/1066 6790/1681/1066 6791/1679/1066 6759/1678/1066
f 6757/1682/1065 6789/1683/1065 6790/1681/1065 6758/1680/1065
f 6756/1684/1064 6788/1685/1064 6789/1683/1064 6757/1682/1064
f 6755/1686/1063 6787/1687/1063 6788/1685/1063 6756/1684/1063
f 6754/1688/1062 6786/1689/1062 6787/1687/1062 6755/1686/1062
f 6753/1690/1061 6785/1691/1061 6786/1689/1061 6754/1688/1061
f 6752/1692/1060 6784/1693/1060 6785/1691/1060 6753/1690/1060
f 6751/1694/1059 6783/1695/1059 6784/1693/1059 6752/1692/1059
f 6750/1696/1058 6782/1697/1058 6783/1695/1058 6751/1694/1058
f 6749/1698/1057 6781/1699/1057 6782/1697/1057 6750/1696/1057
f 6748/1700/1056 6780/1701/1056 6781/1699/1056 6749/1698/1056
f 6747/1702/1055 6779/1703/1055 6780/1701/1055 6748/1700/1055
f 6746/1704/1054 6778/1705/1054 6779/1703/1054 6747/1702/1054
f 6745/1706/1053 6777/1707/1053 6778/1705/1053 6746/1704/1053
f 6744/1708/1052 6776/1709/1052 6777/1707/1052 6745/1706/1052
f 6743/1710/1051 6775/1711/1051 6776/1709/1051 6744/1708/1051
f 6742/1712/1050 6774/1713/1050 6775/1711/1050 6743/1710/1050
f 6741/1714/1049 6773/1715/1049 6774/1713/1049 6742/1712/1049
f 6740/1716/1048 6772/1717/1048 6773/1715/1048 6741/1714/1048
f 6739/1718/1047 6771/1719/1047 6772/1717/1047 6740/1716/1047
f 6738/1720/1046 6770/1721/1046 6771/1719/1046 6739/1718/1046
f 6737/1722/1045 6769/1723/1045 6770/1721/1045 6738/1720/1045
f 6800/1724/1076 6832/1725/1076 6801/1726/1076 6769/1727/1076
f 6799/1728/1075 6831/1729/1075 6832/1725/1075 6800/1724/1075
f 6798/1730/1074 6830/1731/1074 6831/1729/1074 6799/1728/1074
f 6797/1732/1073 6829/1733/1073 6830/1731/1073 6798/1730/1073
f 6796/1734/1072 6828/1735/1072 6829/1733/1072 6797/1732/1072
f 6795/1736/1071 6827/1737/1071 6828/1735/1071 6796/1734/1071
f 6794/1738/1070 6826/1739/1070 6827/1737/1070 6795/1736/1070
f 6793/1740/1069 6825/1741/1069 6826/1739/1069 6794/1738/1069
f 6792/1742/1068 6824/1743/1068 6825/1741/1068 6793/1740/1068
f 6791/1744/1067 6823/1745/1067 6824/1743/1067 6792/1742/1067
f 6790/1746/1066 6822/1747/1066 6823/1745/1066 6791/1744/1066
f 6789/1748/1065 6821/1749/1065 6822/1747/1065 6790/1746/1065
f 6788/1750/1064 6820/1751/1064 6821/1749/1064 6789/1748/1064
f 6787/1752/1063 6819/1753/1063 6820/1751/1063 6788/1750/1063
f 6786/1754/1062 6818/1755/1062 6819/1753/1062 6787/1752/1062
f 6785/1756/1061 6817/1757/1061 6818/1755/1061 6786/1754/1061
f 6784/1758/1060 6816/1759/1060 6817/1757/1060 6785/1756/1060
f 6783/1760/1059 6815/1761/1059 6816/1759/1059 6784/1758/1059
f 6782/1762/1058 6814/1763/1058 6815/1761/1058 6783/1760/1058
f 6781/1764/1057 6813/1765/1057 6814/1763/1057 6782/1762/1057
f 6780/1766/1056 6812/1767/1056 6813/1765/1056 6781/1764/1056
f 6779/1768/1055 6811/1769/1055 6812/1767/1055 6780/1766/1055
f 6778/1770/1054 6810/1771/1054 6811/1769/1054 6779/1768/1054
f 6777/1772/1053 6809/1773/1053 6810/1771/1053 6778/1770/1053
f 6776/1774/1052 6808/1775/1052 6809/1773/1052 6777/1772/1052
f 6775/1776/1051 6807/1777/1051 6808/1775/1051 6776/1774/1051
f 6774/1778/1050 6806/1779/1050 6807/1777/1050 6775/1776/1050
f 6773/1780/1049 6805/1781/1049 6806/1779/1049 6774/1778/1049
f 6772/1782/1048 6804/1783/1048 6805/1781/1048 6773/1780/1048
f 6771/1784/1047 6803/1785/1047 6804/1783/1047 6772/1782/1047
f 6770/1786/1046 6802/1787/1046 6803/1785/1046 6771/1784/1046
f 6769/1788/1045 6801/1789/1045 6802/1787/1045 6770/1786/1045
f 6832/1790/1076 6864/1791/1076 6833/1792/1076 6801/1793/1076
f 6831/1794/1075 6863/1795/1075 6864/1791/1075 6832/1790/1075
f 6830/1796/1074 6862/1797/1074 6863/1795/1074 6831/1794/1074
f 6829/1798/1073 6861/1799/1073 6862/1797/1073 6830/1796/1073
f 6828/1800/1072 6860/1801/1072 6861/1799/1072 6829/1798/1072
f 6827/1802/1071 6859/1803/1071 6860/1801/1071 6828/1800/1071
f 6826/1804/1070 6858/1805/1070 6859/1803/1070 6827/1802/1070
f 6825/1806/1069 6857/1807/1069 6858/1805/1069 6826/1804/1069
f 6824/1808/1068 6856/1809/1068 6857/1807/1068 6825/1806/1068
f 6823/1810/1067 6855/1811/1067 6856/1809/1067 6824/1808/1067
f 6822/1812/1066 6854/1813/1066 6855/1811/1066 6823/1810/1066
f 6821/1814/1065 6853/1815/1065 6854/1813/1065 6822/1812/1065
f 6820/1816/1064 6852/1817/1064 6853/1815/1064 6821/1814/1064
f 6819/1818/1063 6851/1819/1063 6852/1817/1063 6820/1816/1063
f 6818/1820/1062 6850/1821/1062 6851/1819/1062 6819/1818/1062
f 6817/1822/1061 6849/1823/1061 6850/1821/1061 6818/1820/1061
f 6816/1824/1060 6848/1825/1060 6849/1823/1060 6817/1822/1060
f 6815/1826/1059 6847/1827/1059 6848/1825/1059 6816/1824/1059
f 6814/1828/1058 6846/1829/1058 6847/1827/1058 6815/1826/1058
f 6813/1830/1057 6845/1831/1057 6846/1829/1057 6814/1828/1057
f 6812/1832/1056 6844/1833/1056 6845/1831/1056 6813/1830/1056
f 6811/1834/1055 6843/1835/1055 6844/1833/1055 6812/1832/1055
f 6810/1836/1054 6842/1837/1054 6843/1835/1054 6811/1834/1054
f 6809/1838/1053 6841/1839/1053 6842/1837/1053 6810/1836/1053
f 6808/1840/1052 6840/1841/1052 6841/1839/1052 6809/1838/1052
f 6807/1842/1051 6839/1843/1051 6840/1841/1051 6808/1840/1051
f 6806/1844/1050 6838/1845/1050 6839/1843/1050 6807/1842/1050
f 6805/1846/1049 6837/1847/1049 6838/1845/1049 6806/1844/1049
f 6804/1848/1048 6836/1849/1048 6837/1847/1048 6805/1846/1048
f 6803/1850/1047 6835/1851/1047 6836/1849/1047 6804/1848/1047
f 6802/1852/1046 6834/1853/1046 6835/1851/1046 6803/1850/1046
f 6801/1854/1045 6833/1855/1045 6834/1853/1045 6802/1852/1045
f 6880/1888/1259 6874/1889/1259 6868/1890/1259 6875/1891/1259
f 6869/1892/1259 6878/1893/1259 6876/1894/1259 6867/1895/1259
f 6878/1893/1259 6880/1888/1259 6875/1891/1259 6876/1894/1259
f 6865/1896/1259 6871/1897/1259 6877/1898/1259 6870/1899/1259
f 6870/1899/1259 6877/1898/1259 6878/1893/1259 6869/1892/1259
f 6871/1897/1259 6872/1900/1259 6879/1901/1259 6877/1898/1259
f 6877/1898/1259 6879/1901/1259 6880/1888/1259 6878/1893/1259
f 6872/1900/1259 6866/1902/1259 6873/1903/1259 6879/1901/1259
f 6879/1901/1259 6873/1903/1259 6874/1889/1259 6880/1888/1259
f 6874/1904/1259 6873/1905/1259 6884/1905/1259 6883/1904/1259
f 6869/1906/1259 6867/1907/1259 6890/1907/1259 6888/1906/1259
f 6875/1908/1259 6868/1909/1259 6889/1909/1259 6882/1908/1259
f 6867/1907/1259 6876/1910/1259 6881/1910/1259 6890/1907/1259
f 6873/1905/1259 6866/1911/1259 6891/1911/1259 6884/1905/1259
f 6868/1909/1259 6874/1904/1259 6883/1904/1259 6889/1909/1259
f 6876/1910/1259 6875/1908/1259 6882/1908/1259 6881/1910/1259
f 6865/1912/1259 6870/1913/1259 6887/1913/1259 6892/1912/1259
f 6871/1914/1259 6865/1912/1259 6892/1912/1259 6886/1914/1259
f 6870/1913/1259 6869/1906/1259 6888/1906/1259 6887/1913/1259
f 6872/1915/1259 6871/1914/1259 6886/1914/1259 6885/1915/1259
f 6866/1911/1259 6872/1915/1259 6885/1915/1259 6891/1911/1259
usemtl Material.009
f 5877/1856/1141 5905/1857/1141 5908/1857/1141
f 5877/1856/1141 5908/1857/1141 5898/1856/1141
f 5900/1856/1142 5909/1857/1142 5912/1858/1142
f 5900/1856/1142 5912/1858/1142 5893/1859/1142
f 5891/1859/1143 5911/1858/1143 5902/1858/1143
f 5891/1859/1143 5902/1858/1143 5884/1859/1143
f 5875/1860/1144 5885/1859/1144 5878/1856/1144
f 5875/1860/1144 5878/1856/1144 5882/1861/1144
f 5881/1862/38 5895/1862/38 5888/1863/38
f 5881/1862/38 5888/1863/38 5874/1863/38
f 5896/1861/1145 5899/1856/1145 5892/1859/1145
f 5896/1861/1145 5892/1859/1145 5889/1860/1145
f 5907/1857/39 5904/1857/39 5901/1858/39
f 5907/1857/39 5901/1858/39 5910/1858/39
f 5887/1860/1146 5890/1859/1146 5883/1859/1146
f 5887/1860/1146 5883/1859/1146 5873/1860/1146
f 5880/1861/1147 5876/1856/1147 5897/1856/1147
f 5880/1861/1147 5897/1856/1147 5894/1861/1147
f 5886/1859/1148 5903/1858/1148 5906/1857/1148
f 5886/1859/1148 5906/1857/1148 5879/1856/1148
f 5917/1856/1141 5945/1857/1141 5948/1857/1141
f 5917/1856/1141 5948/1857/1141 5938/1856/1141
f 5940/1856/1142 5949/1857/1142 5952/1858/1142
f 5940/1856/1142 5952/1858/1142 5933/1859/1142
f 5931/1859/1143 5951/1858/1143 5942/1858/1143
f 5931/1859/1143 5942/1858/1143 5924/1859/1143
f 5915/1860/1149 5925/1859/1149 5918/1856/1149
f 5915/1860/1149 5918/1856/1149 5922/1861/1149
f 5936/1861/1150 5939/1856/1150 5932/1859/1150
f 5936/1861/1150 5932/1859/1150 5929/1860/1150
f 5947/1857/39 5944/1857/39 5941/1858/39
f 5947/1857/39 5941/1858/39 5950/1858/39
f 5927/1860/1146 5930/1859/1146 5923/1859/1146
f 5927/1860/1146 5923/1859/1146 5913/1860/1146
f 5920/1861/1147 5916/1856/1147 5937/1856/1147
f 5920/1861/1147 5937/1856/1147 5934/1861/1147
f 5926/1859/1148 5943/1858/1148 5946/1857/1148
f 5926/1859/1148 5946/1857/1148 5919/1856/1148
f 5921/1861/38 5935/1861/38 5928/1860/38
f 5921/1861/38 5928/1860/38 5914/1860/38
f 5957/1864/1151 5985/1865/1151 5989/1866/1151
f 5957/1864/1152 5989/1866/1152 5980/1867/1152
f 5978/1867/1153 5987/1866/1153 5990/1868/1153
f 5978/1867/1153 5990/1868/1153 5971/1869/1153
s 1
f 5973/1869/1154 5992/1868/1154 5982/1870/1154
s 0
f 5973/1869/1155 5982/1870/1155 5964/1871/1155
f 5954/1872/1156 5965/1871/1156 5958/1864/1156
f 5954/1872/1156 5958/1864/1156 5961/1873/1156
f 5975/1874/1157 5979/1867/1157 5972/1869/1157
f 5975/1874/1157 5972/1869/1157 5968/1875/1157
f 5988/1866/1158 5984/1865/1158 5981/1870/1158
f 5988/1866/1158 5981/1870/1158 5991/1868/1158
f 5967/1875/1159 5970/1869/1159 5963/1871/1159
f 5967/1875/1160 5963/1871/1160 5953/1872/1160
f 5960/1873/1161 5956/1864/1161 5977/1867/1161
f 5960/1873/1162 5977/1867/1162 5974/1874/1162
f 5966/1871/1163 5983/1870/1163 5986/1865/1163
f 5966/1871/1164 5986/1865/1164 5959/1864/1164
f 5999/1876/1165 6026/1877/1165 6028/1878/1165
f 5999/1876/1166 6028/1878/1166 6018/1879/1166
f 6020/1879/1167 6029/1878/1167 6032/1880/1167
f 6020/1879/1167 6032/1880/1167 6013/1881/1167
f 6010/1881/1168 6030/1880/1168 6021/1882/1168
f 6010/1881/1169 6021/1882/1169 6003/1883/1169
f 5994/1884/1170 6006/1883/1170 5998/1876/1170
f 5994/1884/1170 5998/1876/1170 6001/1885/1170
f 6015/1886/1171 6019/1879/1171 6012/1881/1171
f 6015/1886/1171 6012/1881/1171 6008/1887/1171
f 6027/1878/1172 6025/1877/1172 6023/1882/1172
f 6027/1878/1172 6023/1882/1172 6031/1880/1172
f 6007/1887/1173 6011/1881/1173 6004/1883/1173
f 6007/1887/1174 6004/1883/1174 5993/1884/1174
f 6000/1885/1175 5996/1876/1175 6017/1879/1175
f 6000/1885/1176 6017/1879/1176 6014/1886/1176
s 1
f 6005/1883/1177 6022/1882/1177 6024/1877/1177
s 0
f 6005/1883/1177 6024/1877/1177 5997/1876/1177
f 5995/1884/1178 6002/1885/1178 6016/1886/1178
f 5995/1884/1178 6016/1886/1178 6009/1887/1178
f 5962/1873/1179 5976/1874/1179 5969/1875/1179
f 5962/1873/1179 5969/1875/1179 5955/1872/1179
f 6037/1856/1180 6065/1857/1180 6068/1857/1180
f 6037/1856/1181 6068/1857/1181 6058/1856/1181
f 6060/1856/1182 6069/1857/1182 6072/1858/1182
f 6060/1856/1183 6072/1858/1183 6053/1859/1183
f 6051/1859/1184 6071/1858/1184 6062/1858/1184
f 6051/1859/1184 6062/1858/1184 6044/1859/1184
f 6035/1860/1185 6045/1859/1185 6038/1856/1185
f 6035/1860/1185 6038/1856/1185 6042/1861/1185
f 6041/1862/38 6055/1862/38 6048/1863/38
f 6041/1862/38 6048/1863/38 6034/1863/38
f 6056/1861/1186 6059/1856/1186 6052/1859/1186
f 6056/1861/1186 6052/1859/1186 6049/1860/1186
f 6067/1857/39 6064/1857/39 6061/1858/39
f 6067/1857/39 6061/1858/39 6070/1858/39
f 6047/1860/1187 6050/1859/1187 6043/1859/1187
f 6047/1860/1187 6043/1859/1187 6033/1860/1187
f 6040/1861/1188 6036/1856/1188 6057/1856/1188
f 6040/1861/1188 6057/1856/1188 6054/1861/1188
f 6046/1859/1189 6063/1858/1189 6066/1857/1189
f 6046/1859/1189 6066/1857/1189 6039/1856/1189
f 6077/1856/1180 6105/1857/1180 6108/1857/1180
f 6077/1856/1181 6108/1857/1181 6098/1856/1181
f 6100/1856/1182 6109/1857/1182 6112/1858/1182
f 6100/1856/1183 6112/1858/1183 6093/1859/1183
f 6091/1859/1184 6111/1858/1184 6102/1858/1184
f 6091/1859/1184 6102/1858/1184 6084/1859/1184
f 6075/1860/1190 6085/1859/1190 6078/1856/1190
f 6075/1860/1190 6078/1856/1190 6082/1861/1190
f 6096/1861/1191 6099/1856/1191 6092/1859/1191
f 6096/1861/1191 6092/1859/1191 6089/1860/1191
f 6107/1857/39 6104/1857/39 6101/1858/39
f 6107/1857/39 6101/1858/39 6110/1858/39
f 6087/1860/1187 6090/1859/1187 6083/1859/1187
f 6087/1860/1187 6083/1859/1187 6073/1860/1187
f 6080/1861/1188 6076/1856/1188 6097/1856/1188
f 6080/1861/1188 6097/1856/1188 6094/1861/1188
f 6086/1859/1189 6103/1858/1189 6106/1857/1189
f 6086/1859/1189 6106/1857/1189 6079/1856/1189
f 6081/1861/38 6095/1861/38 6088/1860/38
f 6081/1861/38 6088/1860/38 6074/1860/38
f 6117/1864/1192 6145/1865/1192 6149/1866/1192
f 6117/1864/1193 6149/1866/1193 6140/1867/1193
f 6138/1867/1194 6147/1866/1194 6150/1868/1194
f 6138/1867/1194 6150/1868/1194 6131/1869/1194
s 1
f 6133/1869/1195 6152/1868/1195 6142/1870/1195
s 0
f 6133/1869/1196 6142/1870/1196 6124/1871/1196
f 6114/1872/1197 6125/1871/1197 6118/1864/1197
f 6114/1872/1197 6118/1864/1197 6121/1873/1197
f 6135/1874/1198 6139/1867/1198 6132/1869/1198
f 6135/1874/1198 6132/1869/1198 6128/1875/1198
f 6148/1866/1199 6144/1865/1199 6141/1870/1199
f 6148/1866/1199 6141/1870/1199 6151/1868/1199
f 6127/1875/1200 6130/1869/1200 6123/1871/1200
f 6127/1875/1201 6123/1871/1201 6113/1872/1201
f 6120/1873/1202 6116/1864/1202 6137/1867/1202
f 6120/1873/1203 6137/1867/1203 6134/1874/1203
f 6126/1871/1204 6143/1870/1204 6146/1865/1204
f 6126/1871/1204 6146/1865/1204 6119/1864/1204
f 6159/1876/1205 6186/1877/1205 6188/1878/1205
f 6159/1876/1206 6188/1878/1206 6178/1879/1206
f 6180/1879/1207 6189/1878/1207 6192/1880/1207
f 6180/1879/1207 6192/1880/1207 6173/1881/1207
f 6170/1881/1208 6190/1880/1208 6181/1882/1208
f 6170/1881/1209 6181/1882/1209 6163/1883/1209
f 6154/1884/1210 6166/1883/1210 6158/1876/1210
f 6154/1884/1210 6158/1876/1210 6161/1885/1210
f 6175/1886/1211 6179/1879/1211 6172/1881/1211
f 6175/1886/1211 6172/1881/1211 6168/1887/1211
f 6187/1878/1212 6185/1877/1212 6183/1882/1212
f 6187/1878/1212 6183/1882/1212 6191/1880/1212
f 6167/1887/1213 6171/1881/1213 6164/1883/1213
f 6167/1887/1214 6164/1883/1214 6153/1884/1214
f 6160/1885/1215 6156/1876/1215 6177/1879/1215
f 6160/1885/1216 6177/1879/1216 6174/1886/1216
s 1
f 6165/1883/1217 6182/1882/1217 6184/1877/1217
s 0
f 6165/1883/1217 6184/1877/1217 6157/1876/1217
f 6155/1884/1218 6162/1885/1218 6176/1886/1218
f 6155/1884/1218 6176/1886/1218 6169/1887/1218
f 6122/1873/1219 6136/1874/1219 6129/1875/1219
f 6122/1873/1219 6129/1875/1219 6115/1872/1219
f 6453/1856/1220 6481/1857/1220 6484/1857/1220
f 6453/1856/1220 6484/1857/1220 6474/1856/1220
f 6476/1856/1221 6485/1857/1221 6488/1858/1221
f 6476/1856/1221 6488/1858/1221 6469/1859/1221
f 6467/1859/1222 6487/1858/1222 6478/1858/1222
f 6467/1859/1222 6478/1858/1222 6460/1859/1222
f 6451/1860/1223 6461/1859/1223 6454/1856/1223
f 6451/1860/1223 6454/1856/1223 6458/1861/1223
f 6457/1862/38 6471/1862/38 6464/1863/38
f 6457/1862/38 6464/1863/38 6450/1863/38
f 6472/1861/1224 6475/1856/1224 6468/1859/1224
f 6472/1861/1224 6468/1859/1224 6465/1860/1224
f 6483/1857/39 6480/1857/39 6477/1858/39
f 6483/1857/39 6477/1858/39 6486/1858/39
f 6463/1860/1225 6466/1859/1225 6459/1859/1225
f 6463/1860/1225 6459/1859/1225 6449/1860/1225
f 6456/1861/1226 6452/1856/1226 6473/1856/1226
f 6456/1861/1226 6473/1856/1226 6470/1861/1226
f 6462/1859/1227 6479/1858/1227 6482/1857/1227
f 6462/1859/1227 6482/1857/1227 6455/1856/1227
f 6493/1856/1220 6521/1857/1220 6524/1857/1220
f 6493/1856/1220 6524/1857/1220 6514/1856/1220
f 6516/1856/1221 6525/1857/1221 6528/1858/1221
f 6516/1856/1221 6528/1858/1221 6509/1859/1221
f 6507/1859/1222 6527/1858/1222 6518/1858/1222
f 6507/1859/1222 6518/1858/1222 6500/1859/1222
f 6491/1860/1228 6501/1859/1228 6494/1856/1228
f 6491/1860/1228 6494/1856/1228 6498/1861/1228
f 6512/1861/1229 6515/1856/1229 6508/1859/1229
f 6512/1861/1229 6508/1859/1229 6505/1860/1229
f 6523/1857/39 6520/1857/39 6517/1858/39
f 6523/1857/39 6517/1858/39 6526/1858/39
f 6503/1860/1225 6506/1859/1225 6499/1859/1225
f 6503/1860/1225 6499/1859/1225 6489/1860/1225
f 6496/1861/1226 6492/1856/1226 6513/1856/1226
f 6496/1861/1226 6513/1856/1226 6510/1861/1226
f 6502/1859/1227 6519/1858/1227 6522/1857/1227
f 6502/1859/1227 6522/1857/1227 6495/1856/1227
f 6497/1861/38 6511/1861/38 6504/1860/38
f 6497/1861/38 6504/1860/38 6490/1860/38
f 6533/1864/1230 6561/1865/1230 6565/1866/1230
f 6533/1864/1231 6565/1866/1231 6556/1867/1231
f 6554/1867/1232 6563/1866/1232 6566/1868/1232
f 6554/1867/1232 6566/1868/1232 6547/1869/1232
s 1
f 6549/1869/1233 6568/1868/1233 6558/1870/1233
s 0
f 6549/1869/1234 6558/1870/1234 6540/1871/1234
f 6530/1872/1235 6541/1871/1235 6534/1864/1235
f 6530/1872/1235 6534/1864/1235 6537/1873/1235
f 6551/1874/1236 6555/1867/1236 6548/1869/1236
f 6551/1874/1236 6548/1869/1236 6544/1875/1236
f 6564/1866/1237 6560/1865/1237 6557/1870/1237
f 6564/1866/1237 6557/1870/1237 6567/1868/1237
f 6543/1875/1238 6546/1869/1238 6539/1871/1238
f 6543/1875/1239 6539/1871/1239 6529/1872/1239
f 6536/1873/1240 6532/1864/1240 6553/1867/1240
f 6536/1873/1241 6553/1867/1241 6550/1874/1241
f 6542/1871/1242 6559/1870/1242 6562/1865/1242
f 6542/1871/1242 6562/1865/1242 6535/1864/1242
f 6575/1876/1243 6602/1877/1243 6604/1878/1243
f 6575/1876/1244 6604/1878/1244 6594/1879/1244
f 6596/1879/1245 6605/1878/1245 6608/1880/1245
f 6596/1879/1245 6608/1880/1245 6589/1881/1245
f 6586/1881/1246 6606/1880/1246 6597/1882/1246
f 6586/1881/1247 6597/1882/1247 6579/1883/1247
f 6570/1884/1248 6582/1883/1248 6574/1876/1248
f 6570/1884/1248 6574/1876/1248 6577/1885/1248
f 6591/1886/1249 6595/1879/1249 6588/1881/1249
f 6591/1886/1249 6588/1881/1249 6584/1887/1249
f 6603/1878/1250 6601/1877/1250 6599/1882/1250
f 6603/1878/1250 6599/1882/1250 6607/1880/1250
f 6583/1887/1251 6587/1881/1251 6580/1883/1251
f 6583/1887/1252 6580/1883/1252 6569/1884/1252
f 6576/1885/1253 6572/1876/1253 6593/1879/1253
f 6576/1885/1254 6593/1879/1254 6590/1886/1254
s 1
f 6581/1883/1255 6598/1882/1255 6600/1877/1255
s 0
f 6581/1883/1255 6600/1877/1255 6573/1876/1255
f 6571/1884/1256 6578/1885/1256 6592/1886/1256
f 6571/1884/1256 6592/1886/1256 6585/1887/1256
f 6538/1873/1257 6552/1874/1257 6545/1875/1257
f 6538/1873/1258 6545/1875/1258 6531/1872/1258
s 1
usemtl restaurant.049
f 6966/1/18 6928/2/18 6918/3/18 6959/4/18
f 6908/5/1260 6896/6/1260 6898/7/1260 6909/8/1260
f 6910/9/1261 6897/10/1262 6896/11/1263 6908/12/1263
f 6908/12/267 6902/13/267 6904/14/267 6910/9/267
f 6909/8/266 6903/15/266 6902/16/266 6908/5/266
f 6893/12/1264 6905/17/1265 6907/18/1266 6894/9/1267
f 6895/8/1268 6906/19/1269 6905/20/1268 6893/5/1269
f 6899/13/557 6893/12/557 6894/9/557 6900/14/557
f 6901/15/425 6895/8/425 6893/5/425 6899/16/425
f 6905/17/37 6896/11/37 6897/10/37 6907/18/37
f 6906/19/37 6898/7/37 6896/6/37 6905/20/37
f 6902/13/1 6899/13/1 6900/14/1 6904/14/1
f 6903/15/1 6901/15/1 6899/16/1 6902/16/1
f 6926/28/1270 6914/105/1270 6916/106/1270 6927/27/1270
f 6928/26/1271 6915/99/1272 6914/100/1273 6926/25/1273
f 6914/105/1 6923/102/1 6925/101/1 6916/106/1
f 6915/99/1 6924/108/1 6923/107/1 6914/100/1
f 6917/21/37 6920/21/37 6922/22/37 6918/22/37
f 6919/23/37 6921/23/37 6920/24/37 6917/24/37
f 6926/25/557 6917/21/557 6918/22/557 6928/26/557
f 6927/27/425 6919/23/425 6917/24/425 6926/28/425
f 6911/25/1274 6923/107/1274 6924/108/1275 6912/26/1276
f 6913/27/1277 6925/101/1277 6923/102/1277 6911/28/1277
f 6920/21/267 6911/25/267 6912/26/267 6922/22/267
f 6921/23/266 6913/27/266 6911/28/266 6920/24/266
f 6910/29/1261 6968/30/1278 6967/31/1279 6897/32/1262
f 6936/33/1280 6909/34/1281 6898/35/1281 6940/36/1280
f 6906/37/37 6934/38/37 6940/36/37 6898/35/37
f 6901/39/18 6929/40/18 6938/33/18 6895/34/18
f 6895/34/1282 6938/33/1283 6934/38/1283 6906/37/1282
f 6903/39/1 6930/40/1 6929/40/1 6901/39/1
f 6928/2/1271 6966/1/1284 6965/95/1284 6915/94/1272
f 6913/44/1285 6937/43/1286 6933/1916/1286 6925/110/1285
f 6921/41/19 6932/42/19 6937/43/19 6913/44/19
f 6935/43/1287 6927/44/1288 6916/103/1288 6939/1917/1287
f 6939/1917/1 6916/103/1 6925/110/1 6933/1916/1
f 6921/41/37 6919/41/37 6931/42/37 6932/42/37
f 6957/45/18 6900/46/18 6894/29/18 6964/30/18
f 6931/47/38 6929/48/38 6930/48/38 6932/47/38
f 6963/49/37 6907/50/37 6897/32/37 6967/31/37
f 6960/4/19 6922/3/19 6912/2/19 6962/1/19
f 6958/45/1 6904/46/1 6900/46/1 6957/45/1
f 6915/94/1 6965/95/1 6961/96/1 6924/97/1
f 6959/51/39 6960/51/39 6958/52/39 6957/52/39
f 6962/1/1289 6912/2/1276 6924/97/1275 6961/96/1289
f 6964/30/1290 6894/29/1267 6907/50/1266 6963/49/1291
f 6968/30/19 6910/29/19 6904/46/19 6958/45/19
f 6943/53/19 6947/54/19 6945/55/19 6941/56/19
f 6944/57/19 6942/58/19 6946/59/19 6948/60/19
f 6944/57/19 6948/60/19 6947/54/19 6943/53/19
f 6946/59/19 6942/58/19 6941/56/19 6945/55/19
f 6951/53/18 6949/56/18 6953/55/18 6955/54/18
f 6952/57/18 6956/60/18 6954/59/18 6950/58/18
f 6952/57/18 6951/53/18 6955/54/18 6956/60/18
f 6954/59/18 6953/55/18 6949/56/18 6950/58/18
f 6979/61/1292 6980/62/1292 6934/38/1283 6938/33/1283
f 6937/43/1286 6987/71/1293 6988/109/1293 6933/1916/1286
f 6977/63/37 6963/49/37 6967/31/37 6990/64/37
f 6971/65/18 6957/45/18 6964/30/18 6978/66/18
f 6973/67/19 6960/4/19 6962/1/19 6986/68/19
f 6960/4/37 6959/4/37 6918/3/37 6922/3/37
f 6909/34/19 6936/33/19 6930/40/19 6903/39/19
f 6927/44/18 6935/43/18 6931/42/18 6919/41/18
f 6978/66/1294 6964/30/1290 6963/49/1291 6977/63/1295
f 6986/68/1296 6962/1/1289 6961/96/1289 6985/98/1296
f 6969/65/19 6958/45/19 6960/4/19 6973/67/19
f 6981/68/18 6966/1/18 6959/4/18 6974/67/18
f 6989/66/19 6968/30/19 6958/45/19 6969/65/19
f 6974/67/18 6959/4/18 6957/45/18 6971/65/18
f 6972/69/19 6930/40/19 6936/33/19 6992/61/19
f 6976/70/18 6931/42/18 6935/43/18 6984/71/18
f 6989/66/19 6969/65/19 7342/65/19 7332/66/19
f 6979/72/39 6970/73/39 6972/73/39 6992/72/39
f 6980/62/37 6991/74/37 6940/36/37 6934/38/37
f 6929/40/18 6970/69/18 6979/61/18 6938/33/18
f 6930/40/19 6972/69/19 6975/70/19 6932/42/19
f 6931/42/18 6976/70/18 6970/69/18 6929/40/18
f 6970/73/39 6976/75/39 6975/75/39 6972/73/39
f 6990/64/1301 6989/66/1302 7332/66/1303 7331/64/1304
f 6976/75/39 6984/77/39 6987/77/39 6975/75/39
f 6980/78/8 6979/72/8 6992/72/8 6991/79/8
f 6966/1/1284 6981/68/1305 6982/76/1305 6965/95/1284
f 6984/71/1306 6935/43/1287 6939/1917/1287 6983/104/1306
f 6968/30/1278 6989/66/1307 6990/64/1308 6967/31/1279
f 6992/61/1309 6936/33/1280 6940/36/1280 6991/74/1309
f 6965/95/1 6982/76/1 6985/98/1 6961/96/1
f 6983/104/1 6939/1917/1 6933/1916/1 6988/109/1
f 6981/68/18 6974/67/18 7339/67/18 7336/68/18
f 6984/77/1310 6983/111/1310 6988/1918/1310 6987/77/1310
f 6987/71/19 6937/43/19 6932/42/19 6975/70/19
f 6948/80/39 6956/80/39 6955/81/39 6947/81/39
f 6947/82/37 6955/82/37 6953/83/37 6945/83/37
f 6946/84/1 6954/84/1 6956/85/1 6948/85/1
f 6945/86/38 6953/87/38 6954/88/38 6946/89/38
f 6996/90/19 6993/91/19 7000/92/19 6998/93/19
f 6997/90/18 6999/91/18 6994/92/18 6995/93/18
f 6985/98/1339 6982/76/1340 7335/76/1341 7334/98/1342
f 6986/68/1343 6985/98/1339 7334/98/1342 7333/68/1343
s 0
f 6981/126/1344 6986/126/1344 7333/126/1344 7336/126/1344
s 1
f 6974/67/18 6971/65/18 7341/65/18 7339/67/18
f 6969/65/19 6973/67/19 7340/67/19 7342/65/19
f 6971/65/18 6978/66/18 7337/66/18 7341/65/18
f 6978/66/1496 6977/63/1497 7338/63/1498 7337/66/1299
f 6973/67/19 6986/68/19 7333/68/19 7340/67/19
f 7337/121/9 7338/122/9 7331/123/9 7332/121/9
f 7335/124/1501 7336/120/1501 7333/120/1501 7334/125/1501
s 0
f 7083/126/1502 7076/126/1502 7344/126/1502 7347/126/1502
s 1
f 6982/76/1340 6981/68/1504 7336/68/1504 7335/76/1341
f 6977/63/1497 6990/64/1301 7331/64/1304 7338/63/1498
usemtl restaurant.048
f 7079/76/1297 6989/68/1298 7332/68/1299 7345/76/1300
f 7071/67/19 6978/68/19 7337/68/19 7328/67/19
f 6968/1/18 6910/2/18 7023/3/18 7059/4/18
f 7016/5/1311 7004/6/1311 7006/7/1311 7017/8/1311
f 7018/9/1312 7005/10/1313 7004/11/1314 7016/12/1314
f 7016/12/266 7010/13/266 7012/14/266 7018/9/266
f 7017/8/267 7011/15/267 7010/16/267 7016/5/267
f 7001/12/1315 7013/17/1315 7015/18/1316 7002/9/1317
f 7003/8/1318 7014/19/1318 7013/20/1318 7001/5/1318
f 7007/13/425 7001/12/425 7002/9/425 7008/14/425
f 7009/15/557 7003/8/557 7001/5/557 7007/16/557
f 7013/17/1 7004/11/1 7005/10/1 7015/18/1
f 7014/19/1 7006/7/1 7004/6/1 7013/20/1
f 7010/13/37 7007/13/37 7008/14/37 7012/14/37
f 7011/15/37 7009/15/37 7007/16/37 7010/16/37
f 6908/28/1319 7019/105/1319 7021/106/1319 6909/27/1319
f 6910/26/1320 7020/99/1321 7019/100/1322 6908/25/1322
f 7019/105/37 7028/102/37 7030/101/37 7021/106/37
f 7020/99/37 7029/108/37 7028/107/37 7019/100/37
f 7022/21/1 7025/21/1 7027/22/1 7023/22/1
f 7024/23/1 7026/23/1 7025/24/1 7022/24/1
f 6908/25/425 7022/21/425 7023/22/425 6910/26/425
f 6909/27/557 7024/23/557 7022/24/557 6908/28/557
f 6893/25/1323 7028/107/1323 7029/108/1324 6894/26/1325
f 6895/27/1326 7030/101/1326 7028/102/1326 6893/28/1326
f 7025/21/266 6893/25/266 6894/26/266 7027/22/266
f 7026/23/267 6895/27/267 6893/28/267 7025/24/267
f 7018/29/1312 7066/30/1327 7065/31/1327 7005/32/1313
f 7037/33/1328 7017/34/1329 7006/35/1329 7040/36/1328
f 7014/37/1 7036/38/1 7040/36/1 7006/35/1
f 7009/39/18 7031/40/18 7038/33/18 7003/34/18
f 7003/34/1330 7038/33/1331 7036/38/1331 7014/37/1330
f 7011/39/37 7032/40/37 7031/40/37 7009/39/37
f 6910/2/1320 6968/1/1290 7064/95/1290 7020/94/1321
f 6895/44/1332 6938/43/1280 7035/1916/1280 7030/110/1332
f 7026/41/19 7034/42/19 6938/43/19 6895/44/19
f 6936/43/1283 6909/44/1333 7021/103/1333 7039/1917/1283
f 7039/1917/37 7021/103/37 7030/110/37 7035/1916/37
f 7026/41/1 7024/41/1 7033/42/1 7034/42/1
f 7057/45/18 7008/46/18 7002/29/18 7063/30/18
f 7033/47/39 7031/48/39 7032/48/39 7034/47/39
f 7062/49/1 7015/50/1 7005/32/1 7065/31/1
f 7060/4/19 7027/3/19 6894/2/19 6964/1/19
f 7058/45/37 7012/46/37 7008/46/37 7057/45/37
f 7020/94/37 7064/95/37 7061/96/37 7029/97/37
f 7059/51/38 7060/51/38 7058/52/38 7057/52/38
f 6964/1/1334 6894/2/1325 7029/97/1324 7061/96/1334
f 7063/30/1335 7002/29/1317 7015/50/1316 7062/49/1335
f 7066/30/19 7018/29/19 7012/46/19 7058/45/19
f 7043/53/19 7047/54/19 7045/55/19 7041/56/19
f 7044/57/19 7042/58/19 7046/59/19 7048/60/19
f 7044/57/19 7048/60/19 7047/54/19 7043/53/19
f 7051/53/18 7049/56/18 7053/55/18 7055/54/18
f 7052/57/18 7056/60/18 7054/59/18 7050/58/18
f 7052/57/18 7051/53/18 7055/54/18 7056/60/18
f 7056/85/37 7048/85/37 7046/84/37 7054/84/37
f 7053/83/1 7045/83/1 7047/82/1 7055/82/1
f 7055/81/38 7047/81/38 7048/80/38 7056/80/38
f 7077/61/1336 7078/62/1336 7036/38/1331 7038/33/1331
f 6938/43/1280 6979/71/1337 7082/109/1337 7035/1916/1280
f 7075/63/1 7062/49/1 7065/31/1 7084/64/1
f 7069/65/18 7057/45/18 7063/30/18 7076/66/18
f 7071/67/19 7060/4/19 6964/1/19 6978/68/19
f 7060/4/1 7059/4/1 7023/3/1 7027/3/1
f 7017/34/19 7037/33/19 7032/40/19 7011/39/19
f 6909/44/18 6936/43/18 7033/42/18 7024/41/18
f 7076/66/1338 7063/30/1335 7062/49/1335 7075/63/1338
f 6978/68/1308 6964/1/1334 7061/96/1334 7081/98/1307
f 7067/65/19 7058/45/19 7060/4/19 7071/67/19
f 6989/68/18 6968/1/18 7059/4/18 7072/67/18
f 7083/66/19 7066/30/19 7058/45/19 7067/65/19
f 7072/67/18 7059/4/18 7057/45/18 7069/65/18
f 7070/69/19 7032/40/19 7037/33/19 7086/61/19
f 7074/70/18 7033/42/18 6936/43/18 6992/71/18
f 7077/72/38 7068/73/38 7070/73/38 7086/72/38
f 7078/62/1 7085/74/1 7040/36/1 7036/38/1
f 7031/40/18 7068/69/18 7077/61/18 7038/33/18
f 7032/40/19 7070/69/19 7073/70/19 7034/42/19
f 7033/42/18 7074/70/18 7068/69/18 7031/40/18
f 7068/73/38 7074/75/38 7073/75/38 7070/73/38
f 7345/124/8 7332/120/8 7337/120/8 7346/125/8
f 7074/75/38 6992/77/38 6979/77/38 7073/75/38
f 7078/78/1345 7077/72/1345 7086/72/1345 7085/79/1345
f 6968/1/1290 6989/68/1295 7079/76/1295 7064/95/1290
f 6992/71/1346 6936/43/1283 7039/1917/1283 7080/104/1346
f 7066/30/1327 7083/66/1347 7084/64/1347 7065/31/1327
f 7086/61/1348 7037/33/1328 7040/36/1328 7085/74/1348
f 7064/95/37 7079/76/37 7081/98/37 7061/96/37
f 7080/104/37 7039/1917/37 7035/1916/37 7082/109/37
f 7072/67/18 7069/65/18 7329/65/18 7327/67/18
f 6992/77/9 7080/111/9 7082/1918/9 6979/77/9
f 6979/71/19 6938/43/19 7034/42/19 7073/70/19
f 7089/1919/38 7090/1919/38 7088/1920/38 7087/1920/38
f 7089/1921/18 7087/1922/18 7092/1923/18 7097/1924/18
f 7096/1924/37 7097/1925/37 7098/1926/37 7095/1926/37
f 7098/1927/39 7091/1928/39 7094/1929/39 7095/1927/39
f 7088/1922/19 7090/1921/19 7096/1925/19 7093/1930/19
f 7093/1931/267 7096/1932/267 7095/1932/267 7094/1931/267
f 7097/1932/557 7092/1931/557 7091/1933/557 7098/1932/557
f 7092/1930/1 7093/1923/1 7094/1934/1 7091/1935/1
f 7090/1921/37 7089/1921/37 7097/1925/37 7096/1924/37
f 7087/1922/1 7088/1922/1 7093/1923/1 7092/1930/1
f 7109/1936/1349 7103/1937/1350 7100/1937/1351 7106/1936/1352
f 7115/1938/1353 7110/1939/1354 7105/1939/1355 7118/1938/1356
f 7136/1940/1357 7119/1940/1358 7122/1941/1359 7135/1941/1360
f 7111/1942/1361 7101/1943/1362 7102/1943/1363 7114/1942/1364
f 7116/1944/1365 7113/1945/1365 7153/1946/1365 7154/1947/1365
f 7111/1948/1361 7114/1948/1364 7119/1940/1358 7136/1940/1357
f 7126/1949/1366 7129/1949/1367 7132/1950/1368 7125/1950/1369
f 7144/1951/1370 7145/1952/1371 7128/1953/1372 7120/1954/1373
f 7146/1952/1374 7139/1951/1374 7138/1954/1375 7130/1953/1376
f 7125/1955/38 7122/1956/38 7123/1957/38 7124/1958/38
f 7133/1959/253 7131/1960/1377 7137/1961/1378 7134/1962/1379
f 7115/1963/1353 7118/1963/1356 7129/1949/1367 7126/1949/1366
f 7135/1956/38 7132/1955/38 7133/1958/38 7134/1957/38
f 7123/1962/276 7121/1961/1380 7127/1960/1381 7124/1959/276
f 7140/1964/1382 7100/1965/1351 7101/1966/1362
f 7102/1966/1363 7103/1965/1350 7142/1964/1383
f 7105/1967/1355 7106/1968/1352 7143/1969/1384
f 7141/1969/1385 7109/1968/1349 7110/1967/1354
f 7119/1970/1358 7120/1971/1373 7121/1972/1380
f 7126/1973/1366 7127/1974/1381 7128/1975/1372
f 7129/1973/1367 7130/1975/1376 7131/1974/1377
f 7136/1970/1357 7137/1972/1378 7138/1971/1375
f 7139/1976/1386 7140/1977/1382 7101/1943/1362 7111/1942/1361
f 7100/1965/1351 7103/1965/1350 7102/1966/1363 7101/1966/1362
f 7103/1965/1350 7109/1968/1349 7141/1969/1385 7142/1964/1383
f 7109/1968/1349 7106/1968/1352 7105/1967/1355 7110/1967/1354
f 7106/1968/1352 7100/1965/1351 7140/1964/1382 7143/1969/1384
f 7142/1977/1383 7144/1976/1387 7114/1942/1364 7102/1943/1363
f 7110/1939/1354 7115/1938/1353 7145/1978/1371 7141/1979/1385
f 7143/1979/1384 7146/1978/1388 7118/1938/1356 7105/1939/1355
f 7121/1972/1380 7123/1980/18 7122/1981/1359 7119/1970/1358
f 7126/1973/1366 7125/1982/1369 7124/1983/37 7127/1974/1381
f 7120/1971/1373 7128/1975/1372 7127/1974/1381 7121/1972/1380
f 7144/1984/1387 7120/1971/1373 7119/1970/1358 7114/1985/1364
f 7128/1975/1372 7145/1986/1371 7115/1987/1353 7126/1973/1366
f 7131/1974/1377 7133/1983/19 7132/1982/1368 7129/1973/1367
f 7134/1980/1379 7137/1972/1378 7136/1970/1357 7135/1981/1360
f 7130/1975/1376 7138/1971/1375 7137/1972/1378 7131/1974/1377
f 7111/1985/1361 7136/1970/1357 7138/1971/1375 7139/1984/1386
f 7129/1973/1367 7118/1987/1356 7146/1986/1388 7130/1975/1376
f 7099/1988/1389 7112/1989/1389 7147/1990/1389 7148/1991/1389
f 7112/1992/253 7099/1993/253 7140/1977/253 7139/1976/253
f 7108/1994/276 7104/1993/276 7142/1977/276 7141/1979/276
f 7099/1993/253 7107/1994/253 7143/1979/253 7140/1977/253
f 7104/1993/276 7113/1992/276 7144/1976/276 7142/1977/276
f 7116/1995/276 7108/1994/276 7141/1979/276 7145/1978/276
f 7107/1994/253 7117/1995/253 7146/1978/253 7143/1979/253
f 7117/1995/253 7112/1992/253 7139/1976/253 7146/1978/253
f 7113/1992/276 7116/1995/276 7145/1978/276 7144/1976/276
f 7150/1996/253 7149/1997/253 7148/1998/253 7147/1999/253
f 7117/2000/1390 7107/2001/1390 7149/2002/1390 7150/2003/1390
f 7112/1945/1391 7117/1944/1391 7150/1947/1391 7147/1946/1391
f 7107/2004/1392 7099/2005/1392 7148/2006/1392 7149/2007/1392
f 7153/1999/276 7152/1998/276 7151/1997/276 7154/1996/276
f 7113/1989/1393 7104/1988/1393 7152/1991/1393 7153/1990/1393
f 7104/2005/1394 7108/2004/1394 7151/2007/1394 7152/2006/1394
f 7108/2001/1395 7116/2000/1395 7154/2003/1395 7151/2002/1395
f 7135/1956/38 7122/1956/38 7125/1955/38 7132/1955/38
f 7156/2008/1396 7229/2009/18 7230/2010/1397 7158/2011/1398
f 7234/2012/1399 7233/2013/1400 7165/2014/1400 7167/2015/1399
f 7235/2016/1401 7234/2012/1399 7167/2015/1399 7169/2017/1401
f 7236/2018/1402 7235/2016/1401 7169/2017/1401 7171/2019/1402
f 7237/2020/1403 7236/2018/1402 7171/2019/1402 7173/2021/1403
f 7238/2022/1404 7237/2020/1403 7173/2021/1403 7175/2023/1404
f 7239/2020/1405 7238/2022/1404 7175/2023/1404 7177/2021/1405
f 7240/2018/1406 7239/2020/1405 7177/2021/1405 7179/2019/1406
f 7229/2016/1407 7240/2018/1406 7179/2019/1406 7157/2017/1407
f 7233/2013/1400 7232/2024/1408 7163/2025/1408 7165/2014/1400
f 7163/2026/37 7161/2027/1409 7185/2028/1409 7187/2029/37
f 7232/2024/1408 7231/2013/1410 7161/2014/1410 7163/2025/1408
f 7156/2030/1396 7158/2031/1398 7217/2032/1411 7218/2033/1412
f 7158/2031/1398 7160/2034/1413 7219/2035/1414 7217/2032/1411
f 7158/2011/1398 7230/2010/1397 7231/2036/1409 7160/2037/1413
f 7160/2034/1413 7162/2038/1415 7220/2039/1416 7219/2035/1414
f 7160/2037/1413 7231/2036/1409 7232/2040/37 7162/2041/1415
f 7162/2038/1415 7164/2034/1417 7221/2035/1418 7220/2039/1416
f 7162/2041/1415 7232/2040/37 7233/2036/1419 7164/2037/1417
f 7164/2034/1417 7166/2031/1420 7222/2032/1421 7221/2035/1418
f 7164/2037/1417 7233/2036/1419 7234/2010/1422 7166/2011/1420
f 7166/2031/1420 7168/2030/1423 7223/2033/1424 7222/2032/1421
f 7166/2011/1420 7234/2010/1422 7235/2009/19 7168/2008/1423
f 7168/2030/1423 7170/2042/1425 7224/2043/1426 7223/2033/1424
f 7168/2008/1423 7235/2009/19 7236/2044/1427 7170/2045/1425
f 7170/2042/1425 7172/2046/1428 7225/2047/1429 7224/2043/1426
f 7170/2045/1425 7236/2044/1427 7237/2048/1430 7172/2049/1428
f 7172/2046/1428 7174/2050/1431 7226/2051/1432 7225/2047/1429
f 7172/2049/1428 7237/2048/1430 7238/2052/1 7174/2053/1431
f 7174/2050/1431 7176/2046/1433 7227/2047/1434 7226/2051/1432
f 7174/2053/1431 7238/2052/1 7239/2048/1435 7176/2049/1433
f 7176/2046/1433 7178/2042/1436 7228/2043/1437 7227/2047/1434
f 7176/2049/1433 7239/2048/1435 7240/2044/1438 7178/2045/1436
f 7178/2042/1436 7156/2030/1396 7218/2033/1412 7228/2043/1437
f 7178/2045/1436 7240/2044/1438 7229/2009/18 7156/2008/1396
f 7157/2054/18 7179/2055/1438 7203/2056/1438 7180/2057/18
f 7161/2027/1409 7159/2058/1397 7183/2059/1397 7185/2028/1409
f 7171/2055/1427 7169/2054/19 7193/2057/19 7195/2056/1427
f 7179/2055/1438 7177/2060/1435 7201/2061/1435 7203/2056/1438
f 7194/2062/1439 7192/2063/1440 7211/2064/1440 7212/2065/1439
f 7169/2054/19 7167/2058/1422 7191/2059/1422 7193/2057/19
f 7177/2060/1435 7175/2066/1 7199/2067/1 7201/2061/1435
f 7167/2058/1422 7165/2027/1419 7189/2028/1419 7191/2059/1422
f 7175/2066/1 7173/2060/1430 7197/2061/1430 7199/2067/1
f 7165/2027/1419 7163/2026/37 7187/2029/37 7189/2028/1419
f 7173/2060/1430 7171/2055/1427 7195/2056/1427 7197/2061/1430
f 7182/2068/1441 7184/2069/1442 7185/2070/1442 7183/2071/1441
f 7184/2069/1442 7186/2072/1443 7187/2073/1443 7185/2070/1442
f 7186/2072/1443 7188/2069/1444 7189/2070/1444 7187/2073/1443
f 7188/2069/1444 7190/2068/1445 7191/2071/1445 7189/2070/1444
f 7190/2068/1445 7192/2074/1446 7193/2075/1446 7191/2071/1445
f 7192/2074/1446 7194/2076/1447 7195/2077/1447 7193/2075/1446
f 7194/2076/1447 7196/2078/1448 7197/2079/1448 7195/2077/1447
f 7196/2078/1448 7198/2080/1449 7199/2081/1449 7197/2079/1448
f 7198/2080/1449 7200/2078/1450 7201/2079/1450 7199/2081/1449
f 7200/2078/1450 7202/2076/1451 7203/2077/1451 7201/2079/1450
f 7202/2076/1451 7181/2074/1452 7180/2075/1452 7203/2077/1451
f 7159/2058/1397 7157/2054/18 7180/2057/18 7183/2059/1397
f 7188/2082/1453 7186/2083/1454 7208/2084/1454 7209/2085/1455
f 7202/2062/1456 7200/2086/1457 7215/2087/1457 7216/2065/1456
f 7182/2088/1458 7181/2063/1459 7205/2064/1459 7206/2089/1458
f 7196/2086/1460 7194/2062/1439 7212/2065/1439 7213/2087/1460
f 7190/2088/1461 7188/2082/1453 7209/2085/1455 7210/2089/1461
f 7181/2063/1459 7202/2062/1456 7216/2065/1456 7205/2064/1459
f 7184/2082/1462 7182/2088/1458 7206/2089/1458 7207/2085/1462
f 7198/2090/1463 7196/2086/1460 7213/2087/1460 7214/2091/1463
f 7192/2063/1440 7190/2088/1461 7210/2089/1461 7211/2064/1440
f 7186/2083/1454 7184/2082/1462 7207/2085/1462 7208/2084/1454
f 7200/2086/1457 7198/2090/1463 7214/2091/1463 7215/2087/1457
f 7181/2074/1452 7182/2068/1441 7183/2071/1441 7180/2075/1452
f 7204/2092/39 7206/2093/1464 7205/2094/1465
f 7204/2092/39 7207/2095/1466 7206/2093/1464
f 7204/2092/39 7208/2096/1467 7207/2095/1466
f 7204/2092/39 7209/2095/1468 7208/2096/1467
f 7204/2092/39 7210/2093/1469 7209/2095/1468
f 7204/2092/39 7211/2094/1470 7210/2093/1469
f 7204/2092/39 7212/2097/1471 7211/2094/1470
f 7204/2092/39 7213/2098/1472 7212/2097/1471
f 7204/2092/39 7214/2099/1473 7213/2098/1472
f 7204/2092/39 7215/2098/1474 7214/2099/1473
f 7204/2092/39 7216/2097/1475 7215/2098/1474
f 7204/2092/39 7205/2094/1465 7216/2097/1475
f 7155/2100/38 7218/2100/38 7217/2101/38
f 7155/2100/38 7217/2101/38 7219/2102/38
f 7155/2100/38 7219/2102/38 7220/2103/38
f 7155/2100/38 7220/2103/38 7221/2102/38
f 7155/2100/38 7221/2102/38 7222/2101/38
f 7155/2100/38 7222/2101/38 7223/2100/38
f 7155/2100/38 7223/2100/38 7224/2104/38
f 7155/2100/38 7224/2104/38 7225/2105/38
f 7155/2100/38 7225/2105/38 7226/2106/38
f 7155/2100/38 7226/2106/38 7227/2105/38
f 7155/2100/38 7227/2105/38 7228/2104/38
f 7155/2100/38 7228/2104/38 7218/2100/38
f 7231/2013/1410 7230/2012/1476 7159/2015/1476 7161/2014/1410
f 7229/2016/1407 7157/2017/1407 7159/2015/1476 7230/2012/1476
f 7242/2107/1396 7315/2108/18 7316/2109/1397 7244/2110/1398
f 7320/2111/1399 7319/2112/1400 7251/2113/1400 7253/2114/1399
f 7321/2115/1401 7320/2111/1399 7253/2114/1399 7255/2116/1401
f 7322/2117/1402 7321/2115/1401 7255/2116/1401 7257/2118/1402
f 7323/2119/1403 7322/2117/1402 7257/2118/1402 7259/2120/1403
f 7324/2121/1477 7323/2119/1403 7259/2120/1403 7261/2122/1477
f 7325/2119/1405 7324/2121/1477 7261/2122/1477 7263/2120/1405
f 7326/2117/1406 7325/2119/1405 7263/2120/1405 7265/2118/1406
f 7315/2115/1407 7326/2117/1406 7265/2118/1406 7243/2116/1407
f 7319/2112/1400 7318/2123/1408 7249/2124/1408 7251/2113/1400
f 7249/2125/37 7247/2126/1409 7271/2127/1409 7273/2128/37
f 7318/2123/1408 7317/2112/1410 7247/2113/1410 7249/2124/1408
f 7242/2129/1396 7244/2130/1398 7303/2131/1411 7304/2132/1412
f 7244/2130/1398 7246/2133/1413 7305/2134/1414 7303/2131/1411
f 7244/2110/1398 7316/2109/1397 7317/2135/1409 7246/2136/1413
f 7246/2133/1413 7248/2137/1415 7306/2138/1416 7305/2134/1414
f 7246/2136/1413 7317/2135/1409 7318/2139/37 7248/2140/1415
f 7248/2137/1415 7250/2133/1417 7307/2134/1418 7306/2138/1416
f 7248/2140/1415 7318/2139/37 7319/2135/1419 7250/2136/1417
f 7250/2133/1417 7252/2130/1420 7308/2131/1421 7307/2134/1418
f 7250/2136/1417 7319/2135/1419 7320/2109/1422 7252/2110/1420
f 7252/2130/1420 7254/2129/1423 7309/2132/1424 7308/2131/1421
f 7252/2110/1420 7320/2109/1422 7321/2108/19 7254/2107/1423
f 7254/2129/1423 7256/2141/1425 7310/2142/1426 7309/2132/1424
f 7254/2107/1423 7321/2108/19 7322/2143/1427 7256/2144/1425
f 7256/2141/1425 7258/2145/1428 7311/2146/1429 7310/2142/1426
f 7256/2144/1425 7322/2143/1427 7323/2147/1430 7258/2148/1428
f 7258/2145/1428 7260/2149/1431 7312/2150/1432 7311/2146/1429
f 7258/2148/1428 7323/2147/1430 7324/2151/1 7260/2152/1431
f 7260/2149/1431 7262/2145/1433 7313/2146/1434 7312/2150/1432
f 7260/2152/1431 7324/2151/1 7325/2147/1435 7262/2148/1433
f 7262/2145/1433 7264/2141/1436 7314/2142/1437 7313/2146/1434
f 7262/2148/1433 7325/2147/1435 7326/2143/1438 7264/2144/1436
f 7264/2141/1436 7242/2129/1396 7304/2132/1412 7314/2142/1437
f 7264/2144/1436 7326/2143/1438 7315/2108/18 7242/2107/1396
f 7243/2153/18 7265/2154/1438 7289/2155/1438 7266/2156/18
f 7247/2126/1409 7245/2157/1397 7269/2158/1397 7271/2127/1409
f 7257/2154/1427 7255/2153/19 7279/2156/19 7281/2155/1427
f 7265/2154/1438 7263/2159/1435 7287/2160/1435 7289/2155/1438
f 7280/2161/1439 7278/2162/1440 7297/2163/1440 7298/2164/1439
f 7255/2153/19 7253/2157/1422 7277/2158/1422 7279/2156/19
f 7263/2159/1435 7261/2165/1 7285/2166/1 7287/2160/1435
f 7253/2157/1422 7251/2126/1419 7275/2127/1419 7277/2158/1422
f 7261/2165/1 7259/2159/1430 7283/2160/1430 7285/2166/1
f 7251/2126/1419 7249/2125/37 7273/2128/37 7275/2127/1419
f 7259/2159/1430 7257/2154/1427 7281/2155/1427 7283/2160/1430
f 7268/2167/1441 7270/2168/1442 7271/2169/1442 7269/2170/1441
f 7270/2168/1442 7272/2171/1443 7273/2172/1443 7271/2169/1442
f 7272/2171/1443 7274/2168/1444 7275/2169/1444 7273/2172/1443
f 7274/2168/1444 7276/2167/1445 7277/2170/1445 7275/2169/1444
f 7276/2167/1445 7278/2173/1446 7279/2174/1446 7277/2170/1445
f 7278/2173/1446 7280/2175/1447 7281/2176/1447 7279/2174/1446
f 7280/2175/1447 7282/2177/1448 7283/2178/1448 7281/2176/1447
f 7282/2177/1448 7284/2179/1449 7285/2180/1449 7283/2178/1448
f 7284/2179/1449 7286/2177/1450 7287/2178/1450 7285/2180/1449
f 7286/2177/1450 7288/2175/1451 7289/2176/1451 7287/2178/1450
f 7288/2175/1451 7267/2173/1452 7266/2174/1452 7289/2176/1451
f 7245/2157/1397 7243/2153/18 7266/2156/18 7269/2158/1397
f 7274/2181/1453 7272/2182/1478 7294/2183/1478 7295/2184/1453
f 7288/2161/1456 7286/2185/1479 7301/2186/1479 7302/2164/1456
f 7268/2187/1480 7267/2162/1459 7291/2163/1459 7292/2188/1480
f 7282/2185/1460 7280/2161/1439 7298/2164/1439 7299/2186/1460
f 7276/2187/1461 7274/2181/1453 7295/2184/1453 7296/2188/1461
f 7267/2162/1459 7288/2161/1456 7302/2164/1456 7291/2163/1459
f 7270/2181/1481 7268/2187/1480 7292/2188/1480 7293/2184/1481
f 7284/2189/1463 7282/2185/1460 7299/2186/1460 7300/2190/1463
f 7278/2162/1440 7276/2187/1461 7296/2188/1461 7297/2163/1440
f 7272/2182/1478 7270/2181/1481 7293/2184/1481 7294/2183/1478
f 7286/2185/1479 7284/2189/1463 7300/2190/1463 7301/2186/1479
f 7267/2173/1452 7268/2167/1441 7269/2170/1441 7266/2174/1452
f 7290/2191/39 7292/2192/1482 7291/2193/1483
f 7290/2191/39 7293/2194/1484 7292/2192/1482
f 7290/2191/39 7294/2195/1485 7293/2194/1484
f 7290/2191/39 7295/2194/1486 7294/2195/1485
f 7290/2191/39 7296/2192/1469 7295/2194/1486
f 7290/2191/39 7297/2193/1470 7296/2192/1469
f 7290/2191/39 7298/2196/1471 7297/2193/1470
f 7290/2191/39 7299/2197/1472 7298/2196/1471
f 7290/2191/39 7300/2198/1487 7299/2197/1472
f 7290/2191/39 7301/2197/1488 7300/2198/1487
f 7290/2191/39 7302/2196/1489 7301/2197/1488
f 7290/2191/39 7291/2193/1483 7302/2196/1489
f 7241/2199/38 7304/2199/38 7303/2200/38
f 7241/2199/38 7303/2200/38 7305/2201/38
f 7241/2199/38 7305/2201/38 7306/2202/38
f 7241/2199/38 7306/2202/38 7307/2201/38
f 7241/2199/38 7307/2201/38 7308/2200/38
f 7241/2199/38 7308/2200/38 7309/2199/38
f 7241/2199/38 7309/2199/38 7310/2203/38
f 7241/2199/38 7310/2203/38 7311/2204/38
f 7241/2199/38 7311/2204/38 7312/2205/38
f 7241/2199/38 7312/2205/38 7313/2204/38
f 7241/2199/38 7313/2204/38 7314/2203/38
f 7241/2199/38 7314/2203/38 7304/2199/38
f 7317/2112/1410 7316/2111/1476 7245/2114/1476 7247/2113/1410
f 7315/2115/1407 7243/2116/1407 7245/2114/1476 7316/2111/1476
f 7081/98/1490 7079/76/1297 7345/76/1300 7346/98/1491
f 7075/63/1492 7084/64/1493 7348/64/1494 7343/63/1495
f 7076/66/1499 7075/63/1492 7343/63/1495 7344/66/1499
f 7084/64/1493 7083/66/1500 7347/66/1500 7348/64/1494
f 7069/65/18 7076/66/18 7344/66/18 7329/65/18
f 7344/121/1503 7343/122/1503 7348/123/1503 7347/121/1503
f 7067/65/19 7071/67/19 7328/67/19 7330/65/19
f 6978/68/1505 7081/98/1490 7346/98/1491 7337/68/1303
f 7083/66/19 7067/65/19 7330/65/19 7347/66/19
f 6989/68/18 7072/67/18 7327/67/18 7332/68/18
s 0
usemtl restaurant.014
f 7479/126/276 7481/126/276 7663/126/276 7662/126/276
s 1
usemtl restaurant.016
f 7538/1/18 7506/2/18 7496/3/18 7533/4/18
f 7469/12/1570 7486/13/1570 7488/14/1571 7470/9/1570
f 7471/8/1572 7487/15/1572 7486/16/1572 7469/5/1572
f 7483/13/1573 7472/12/1573 7474/9/1573 7484/14/1573
f 7485/15/1574 7473/8/1575 7472/5/1574 7483/16/1574
f 7486/13/1 7483/13/1 7484/14/1 7488/14/1
f 7487/15/1 7485/15/1 7483/16/1 7486/16/1
f 7504/28/1576 7492/105/1576 7494/106/1576 7505/27/1576
f 7506/26/1577 7493/99/1578 7492/100/1579 7504/25/1579
f 7492/105/1 7501/102/1 7503/101/1 7494/106/1
f 7493/99/1 7502/108/1 7501/107/1 7492/100/1
f 7495/21/37 7498/21/37 7500/22/37 7496/22/37
f 7497/23/37 7499/23/37 7498/24/37 7495/24/37
f 7504/25/557 7495/21/557 7496/22/557 7506/26/557
f 7505/27/425 7497/23/425 7495/24/425 7504/28/425
f 7489/25/1274 7501/107/1274 7502/108/1275 7490/26/1276
f 7491/27/1277 7503/101/1580 7501/102/1277 7489/28/1277
f 7498/21/267 7489/25/267 7490/26/267 7500/22/267
f 7499/23/266 7491/27/266 7489/28/266 7498/24/266
f 7485/39/18 7507/40/18 7475/33/18 7473/34/18
f 7487/39/1 7508/40/1 7507/40/1 7485/39/1
f 7506/2/1577 7538/1/1335 7537/95/1581 7493/94/1578
f 7491/44/1285 7513/43/1582 7511/1916/1286 7503/110/1583
f 7499/41/19 7510/42/19 7513/43/19 7491/44/19
f 7512/43/1331 7505/44/1584 7494/103/1584 7514/1917/1331
f 7514/1917/1 7494/103/1 7503/110/1 7511/1916/1
f 7499/41/37 7497/41/37 7509/42/37 7510/42/37
f 7531/45/18 7484/46/18 7474/29/18 7478/30/18
f 7509/47/38 7507/48/38 7508/48/38 7510/47/38
f 7534/4/19 7500/3/19 7490/2/19 7536/1/19
f 7532/45/1 7488/46/1 7484/46/1 7531/45/1
f 7493/94/1 7537/95/1 7535/96/1 7502/97/1
f 7533/51/39 7534/51/39 7532/52/39 7531/52/39
f 7536/1/1289 7490/2/1276 7502/97/1275 7535/96/1585
f 7539/30/19 7470/29/19 7488/46/19 7532/45/19
f 7517/53/19 7521/54/19 7519/55/19 7515/56/19
f 7518/57/19 7516/58/19 7520/59/19 7522/60/19
f 7518/57/19 7522/60/19 7521/54/19 7517/53/19
f 7525/53/18 7523/56/18 7527/55/18 7529/54/18
f 7526/57/18 7530/60/18 7528/59/18 7524/58/18
f 7526/57/18 7525/53/18 7529/54/18 7530/60/18
f 7530/85/1 7522/85/1 7520/84/1 7528/84/1
f 7527/83/37 7519/83/37 7521/82/37 7529/82/37
f 7529/81/39 7521/81/39 7522/80/39 7530/80/39
f 7513/43/1582 7554/71/1293 7555/109/1293 7511/1916/1286
f 7542/65/18 7531/45/18 7478/30/18 7479/66/18
f 7544/67/19 7534/4/19 7536/1/19 7553/68/19
f 7534/4/37 7533/4/37 7496/3/37 7500/3/37
f 7471/34/19 7476/33/19 7508/40/19 7487/39/19
f 7505/44/18 7512/43/18 7509/42/18 7497/41/18
f 7553/68/1296 7536/1/1289 7535/96/1585 7552/98/1296
f 7540/65/19 7532/45/19 7534/4/19 7544/67/19
f 7548/68/18 7538/1/18 7533/4/18 7545/67/18
f 7481/66/19 7539/30/19 7532/45/19 7540/65/19
f 7545/67/18 7533/4/18 7531/45/18 7542/65/18
f 7543/69/19 7508/40/19 7476/33/19 7482/61/19
f 7547/70/18 7509/42/18 7512/43/18 7551/71/18
f 7548/68/18 7545/67/18 7667/67/18 7668/68/18
f 7480/72/39 7541/73/39 7543/73/39 7482/72/39
f 7507/40/18 7541/69/18 7480/61/18 7475/33/18
f 7508/40/19 7543/69/19 7546/70/19 7510/42/19
f 7509/42/18 7547/70/18 7541/69/18 7507/40/18
f 7541/73/39 7547/75/39 7546/75/39 7543/73/39
f 7481/66/19 7540/65/19 7664/65/19 7663/66/19
f 7547/75/39 7551/77/39 7554/77/39 7546/75/39
f 7538/1/1335 7548/68/1338 7549/76/1338 7537/95/1581
f 7551/71/1589 7512/43/1331 7514/1917/1331 7550/104/1589
f 7537/95/1 7549/76/1 7552/98/1 7535/96/1
f 7550/104/1 7514/1917/1 7511/1916/1 7555/109/1
f 7551/77/16 7550/111/16 7555/1918/16 7554/77/16
f 7554/71/19 7513/43/19 7510/42/19 7546/70/19
f 7558/1919/39 7559/1919/39 7557/1920/39 7556/1920/39
f 7558/1921/18 7556/1922/18 7561/1923/18 7566/1924/18
f 7565/1924/1 7566/1925/1 7567/1926/1 7564/1926/1
f 7567/1927/38 7560/1928/38 7563/1929/38 7564/1927/38
f 7557/1922/19 7559/1921/19 7565/1925/19 7562/1930/19
f 7562/1931/266 7565/1932/266 7564/1932/266 7563/1931/266
f 7566/1932/425 7561/1931/425 7560/1933/425 7567/1932/425
f 7561/1930/37 7562/1923/37 7563/1934/37 7560/1935/37
f 7559/1921/1 7558/1921/1 7566/1925/1 7565/1924/1
f 7556/1922/37 7557/1922/37 7562/1923/37 7561/1930/37
f 7544/67/19 7553/68/19 7671/68/19 7666/67/19
f 7552/98/1618 7549/76/1619 7669/76/1620 7670/98/1621
f 7667/118/38 7665/119/38 7664/119/38 7666/118/38
f 7668/120/38 7667/118/38 7666/118/38 7671/120/38
f 7665/119/38 7662/121/38 7663/121/38 7664/119/38
f 7669/124/17 7668/120/17 7671/120/17 7670/125/17
f 7542/65/18 7479/66/18 7662/66/18 7665/65/18
f 7545/67/18 7542/65/18 7665/65/18 7667/67/18
f 7553/68/1625 7552/98/1618 7670/98/1621 7671/68/1343
f 7549/76/1619 7548/68/1628 7668/68/1629 7669/76/1620
f 7540/65/19 7544/67/19 7666/67/19 7664/65/19
usemtl restaurant.017
f 7639/67/18 7636/65/18 7673/65/18 7675/67/18
f 7649/68/1586 7648/98/1587 7679/98/1588 7680/68/1586
f 7632/1/18 7597/2/18 7587/3/18 7626/4/18
f 7489/5/1590 7568/6/1590 7570/7/1590 7491/8/1590
f 7490/9/1591 7569/10/1262 7568/11/1592 7489/12/1592
f 7489/12/267 7574/13/267 7576/14/267 7490/9/267
f 7491/8/266 7575/15/266 7574/16/266 7489/5/266
f 7504/12/1593 7577/17/1593 7579/18/1266 7506/9/1267
f 7505/8/1594 7578/19/1594 7577/20/1594 7504/5/1594
f 7571/13/557 7504/12/557 7506/9/557 7572/14/557
f 7573/15/425 7505/8/425 7504/5/425 7571/16/425
f 7577/17/37 7568/11/37 7569/10/37 7579/18/37
f 7578/19/37 7570/7/37 7568/6/37 7577/20/37
f 7574/13/1 7571/13/1 7572/14/1 7576/14/1
f 7575/15/1 7573/15/1 7571/16/1 7574/16/1
f 7595/28/1595 7583/105/1595 7585/106/1595 7596/27/1595
f 7597/26/1596 7584/99/1597 7583/100/1598 7595/25/1598
f 7583/105/621 7592/102/621 7594/101/1599 7585/106/1599
f 7584/99/1600 7593/108/1600 7592/107/621 7583/100/621
f 7586/21/37 7589/21/37 7591/22/37 7587/22/37
f 7588/23/37 7590/23/37 7589/24/37 7586/24/37
f 7595/25/557 7586/21/557 7587/22/557 7597/26/557
f 7596/27/425 7588/23/425 7586/24/425 7595/28/425
f 7580/25/1601 7592/107/1601 7593/108/1602 7581/26/1603
f 7582/27/1604 7594/101/1604 7592/102/1604 7580/28/1604
f 7589/21/1605 7580/25/1605 7581/26/1605 7591/22/1605
f 7590/23/1606 7582/27/1606 7580/28/1606 7589/24/1606
f 7490/29/1591 7536/30/1279 7633/31/1607 7569/32/1262
f 7513/33/1608 7491/34/1281 7570/35/1281 7607/36/1608
f 7578/37/37 7603/38/37 7607/36/37 7570/35/37
f 7573/39/18 7598/40/18 7512/33/18 7505/34/18
f 7505/34/1282 7512/33/1283 7603/38/1283 7578/37/1282
f 7575/39/1 7599/40/1 7598/40/1 7573/39/1
f 7597/2/1596 7632/1/1335 7631/95/1335 7584/94/1597
f 7582/44/1609 7605/43/1610 7602/1916/1610 7594/110/1609
f 7590/41/19 7601/42/19 7605/43/19 7582/44/19
f 7604/43/1331 7596/44/1584 7585/103/1584 7606/1917/1331
f 7606/1917/1 7585/103/1599 7594/110/1599 7602/1916/1
f 7590/41/37 7588/41/37 7600/42/37 7601/42/37
f 7624/45/18 7572/46/18 7506/29/18 7538/30/18
f 7600/47/38 7598/48/38 7599/48/38 7601/47/38
f 7630/49/37 7579/50/37 7569/32/37 7633/31/37
f 7627/4/19 7591/3/19 7581/2/19 7629/1/19
f 7625/45/1 7576/46/1 7572/46/1 7624/45/1
f 7584/94/1600 7631/95/1 7628/96/1 7593/97/1600
f 7626/51/39 7627/51/39 7625/52/39 7624/52/39
f 7629/1/1611 7581/2/1603 7593/97/1602 7628/96/1611
f 7538/30/1290 7506/29/1267 7579/50/1266 7630/49/1290
f 7536/30/19 7490/29/19 7576/46/19 7625/45/19
f 7610/53/19 7614/54/19 7612/55/19 7608/56/19
f 7611/57/19 7609/58/19 7613/59/19 7615/60/19
f 7611/57/19 7615/60/19 7614/54/19 7610/53/19
f 7613/59/19 7609/58/19 7608/56/19 7612/55/19
f 7618/53/18 7616/56/18 7620/55/18 7622/54/18
f 7619/57/18 7623/60/18 7621/59/18 7617/58/18
f 7619/57/18 7618/53/18 7622/54/18 7623/60/18
f 7621/59/18 7620/55/18 7616/56/18 7617/58/18
f 7551/61/1292 7643/62/1292 7603/38/1283 7512/33/1283
f 7605/43/1610 7650/71/1612 7651/109/1612 7602/1916/1610
f 7642/63/37 7630/49/37 7633/31/37 7652/64/37
f 7636/65/18 7624/45/18 7538/30/18 7548/66/18
f 7638/67/19 7627/4/19 7629/1/19 7649/68/19
f 7627/4/37 7626/4/37 7587/3/37 7591/3/37
f 7491/34/19 7513/33/19 7599/40/19 7575/39/19
f 7596/44/18 7604/43/18 7600/42/18 7588/41/18
f 7548/66/1294 7538/30/1290 7630/49/1290 7642/63/1294
f 7649/68/1613 7629/1/1611 7628/96/1611 7648/98/1613
f 7634/65/19 7625/45/19 7627/4/19 7638/67/19
f 7644/68/18 7632/1/18 7626/4/18 7639/67/18
f 7553/66/19 7536/30/19 7625/45/19 7634/65/19
f 7639/67/18 7626/4/18 7624/45/18 7636/65/18
f 7637/69/19 7599/40/19 7513/33/19 7554/61/19
f 7641/70/18 7600/42/18 7604/43/18 7647/71/18
f 7548/66/1614 7642/63/1615 7676/63/1616 7668/66/1617
f 7551/72/39 7635/73/39 7637/73/39 7554/72/39
f 7643/62/37 7653/74/37 7607/36/37 7603/38/37
f 7598/40/18 7635/69/18 7551/61/18 7512/33/18
f 7599/40/19 7637/69/19 7640/70/19 7601/42/19
f 7600/42/18 7641/70/18 7635/69/18 7598/40/18
f 7635/73/39 7641/75/39 7640/75/39 7637/73/39
f 7641/75/39 7647/77/39 7650/77/39 7640/75/39
f 7643/78/8 7551/72/8 7554/72/8 7653/79/8
f 7632/1/1335 7644/68/1622 7645/76/1622 7631/95/1335
f 7647/71/1589 7604/43/1331 7606/1917/1331 7646/104/1589
f 7536/30/1279 7553/66/1308 7652/64/1308 7633/31/1607
f 7554/61/1309 7513/33/1608 7607/36/1608 7653/74/1309
f 7631/95/1 7645/76/1 7648/98/1 7628/96/1
f 7646/104/1 7606/1917/1 7602/1916/1 7651/109/1
f 7553/66/19 7634/65/19 7672/65/19 7671/66/19
f 7647/77/1623 7646/111/1623 7651/1918/1623 7650/77/1623
f 7650/71/19 7605/43/19 7601/42/19 7640/70/19
f 7615/80/39 7623/80/39 7622/81/39 7614/81/39
f 7614/82/37 7622/82/37 7620/83/37 7612/83/37
f 7613/84/1 7621/84/1 7623/85/1 7615/85/1
f 7612/86/38 7620/87/38 7621/88/38 7613/89/38
f 7657/90/19 7654/91/19 7661/92/19 7659/93/19
f 7658/90/18 7660/91/18 7655/92/18 7656/93/18
f 7675/118/38 7673/119/38 7672/119/38 7674/118/38
f 7677/120/38 7675/118/38 7674/118/38 7680/120/38
f 7673/119/38 7668/121/38 7671/121/38 7672/119/38
f 7678/124/1624 7677/120/1624 7680/120/1624 7679/125/1624
f 7668/121/9 7676/122/9 7681/123/9 7671/121/9
f 7634/65/19 7638/67/19 7674/67/19 7672/65/19
f 7638/67/19 7649/68/19 7680/68/19 7674/67/19
f 7636/65/18 7548/66/18 7668/66/18 7673/65/18
f 7642/63/1615 7652/64/1626 7681/64/1627 7676/63/1616
f 7645/76/1492 7644/68/1499 7677/68/1499 7678/76/1495
f 7644/68/18 7639/67/18 7675/67/18 7677/68/18
f 7648/98/1587 7645/76/1492 7678/76/1495 7679/98/1588
f 7652/64/1626 7553/66/1630 7671/66/1303 7681/64/1627
l 20 134
l 134 81
l 154 260
l 260 215
l 7470 7477
l 7477 7481
