# Blender 4.5.3 LTS
# www.blender.org
mtllib kitchen_inside.mtl
o wall_window_closed.002
v -14.399999 2.000000 -0.409511
v -14.499999 2.100000 -0.409511
v -14.499999 1.900000 -0.409511
v -14.213611 2.000000 -0.319023
v -14.113593 2.100000 -0.319023
v -14.113628 1.900000 -0.319023
v -14.400000 2.000000 -3.000000
v -14.499999 2.100000 -3.000000
v -14.499999 1.900000 -3.000000
v -14.099998 2.000000 -3.000000
v -13.999999 1.900000 -3.000000
v -13.999999 2.100000 -3.000000
v -14.286387 2.000000 -0.319022
v -14.386370 1.900000 -0.319022
v -14.386405 2.100000 -0.319022
v -14.099998 2.000000 -0.409511
v -13.999999 1.900000 -0.409511
v -13.999999 2.100000 -0.409511
v -14.100000 2.000000 -11.031533
v -14.000000 2.100000 -11.031533
v -14.000000 1.900000 -11.031533
v -14.286387 2.000000 -11.131534
v -14.386405 2.100000 -11.131534
v -14.386370 1.900000 -11.131534
v -14.400000 2.000000 -8.499999
v -14.499999 2.100000 -8.499999
v -14.499999 1.900000 -8.499999
v -14.099999 2.000000 -8.499999
v -13.999999 1.900000 -8.499999
v -13.999999 2.100000 -8.499999
v -14.213612 2.000000 -11.131534
v -14.113594 2.100000 -11.131534
v -14.113629 1.900000 -11.131534
v -14.400000 2.000000 -11.366969
v -14.500000 1.900000 -11.445390
v -14.500000 2.100000 -11.445390
v -14.499999 1.000000 -3.000000
v -13.999999 1.000000 -3.000000
v -14.499999 1.000000 -8.499999
v -13.999999 1.000000 -8.499999
v -14.113789 1.000000 -11.131534
v -14.386211 1.000000 -0.319022
v -14.500000 1.000000 -11.445390
v -13.999999 1.000000 -0.409511
v -14.000000 1.000000 -11.031533
v -14.499999 1.000000 -0.409511
v -14.386211 1.000000 -11.131534
v -14.113788 1.000000 -0.319023
v -14.099999 1.000000 -8.499999
v -14.099998 1.000000 -3.000000
v -14.100000 3.000000 -8.499999
v -14.099999 3.000000 -3.000000
v -14.099999 1.200000 -8.300000
v -14.099998 1.200000 -3.200000
v -14.099999 2.800000 -8.300000
v -14.099998 2.800000 -3.200000
v -14.400000 1.000000 -8.499999
v -14.399999 1.000000 -3.000000
v -14.400001 3.000000 -8.499999
v -14.400000 3.000000 -3.000000
v -14.400000 1.200000 -8.300000
v -14.399999 1.200000 -3.200000
v -14.400000 2.800000 -8.300000
v -14.399999 2.800000 -3.200000
v -14.500000 3.000000 -3.000000
v -14.000000 3.000000 -3.000000
v -14.500000 3.000000 -8.499999
v -14.000000 3.000000 -8.499999
v -14.113437 3.000000 -11.131534
v -14.000001 3.000000 -11.031533
v -14.386565 3.000000 -0.319022
v -14.500000 3.000000 -0.409511
v -14.386565 3.000000 -11.131534
v -14.500001 3.000000 -11.445390
v -14.113436 3.000000 -0.319023
v -14.000000 3.000000 -0.409511
v -14.000000 4.500000 -3.000000
v -14.499999 -0.500000 -2.999999
v -14.500000 4.500000 -3.000000
v -13.999999 -0.500000 -3.000000
v -14.000000 4.500000 -8.499999
v -14.500000 4.500000 -8.499999
v -13.999999 -0.500000 -8.499999
v -14.499999 -0.500000 -8.499999
v -14.386724 4.400000 -0.319022
v -14.499999 4.500000 -0.409511
v -14.499999 -0.500000 -0.409511
v -14.386724 -0.400000 -0.319022
v -14.500000 4.500000 -11.445390
v -14.386724 4.400000 -11.131534
v -14.386724 -0.400000 -11.131534
v -14.500000 -0.500000 -11.445390
v -14.113277 4.400000 -11.131534
v -14.000001 4.500000 -11.031533
v -14.000000 -0.500000 -11.031533
v -14.113276 -0.400000 -11.131534
v -13.999999 4.500000 -0.409511
v -14.113276 4.400000 -0.319023
v -14.113276 -0.400000 -0.319023
v -13.999999 -0.500000 -0.409511
v -14.199999 1.200000 -3.200000
v -14.299999 1.200000 -3.200000
v -14.299999 2.800000 -3.200000
v -14.199999 2.800000 -3.200000
v -14.299999 2.800000 -8.300000
v -14.199999 2.800000 -8.300000
v -14.299999 1.200000 -8.300000
v -14.199999 1.200000 -8.300000
v -14.099998 2.000000 11.386392
v -13.999997 2.100000 11.386392
v -13.999997 1.900000 11.386392
v -14.286386 2.000000 11.486390
v -14.386403 2.100000 11.486390
v -14.386368 1.900000 11.486390
v -14.099998 2.000000 7.500001
v -13.999998 2.100000 7.500001
v -13.999998 1.900000 7.500001
v -14.399999 2.000000 7.500000
v -14.499998 1.900000 7.500000
v -14.499998 2.100000 7.500000
v -14.213609 2.000000 11.486392
v -14.113626 1.900000 11.486392
v -14.113591 2.100000 11.486392
v -14.399998 2.000000 11.465354
v -14.499998 1.900000 11.548850
v -14.499997 2.100000 11.548850
v -14.213611 2.000000 -0.499999
v -14.113593 2.100000 -0.499999
v -14.113628 1.900000 -0.499999
v -14.099998 2.000000 2.000001
v -13.999998 2.100000 2.000001
v -13.999998 1.900000 2.000001
v -14.399999 2.000000 2.000000
v -14.499998 1.900000 2.000000
v -14.499998 2.100000 2.000000
v -14.286386 2.000000 -0.500000
v -14.386404 2.100000 -0.500000
v -14.386369 1.900000 -0.500000
v -13.999998 1.000000 7.500001
v -14.499999 1.000000 7.500000
v -13.999999 1.000000 2.000001
v -14.499999 1.000000 2.000000
v -14.386210 1.000000 -0.500000
v -14.113786 1.000000 11.486392
v -14.499998 1.000000 11.548850
v -13.999997 1.000000 11.386392
v -14.113788 1.000000 -0.499999
v -14.386209 1.000000 11.486390
v -14.399999 1.000000 2.000000
v -14.399999 1.000000 7.500000
v -14.399999 3.000000 2.000000
v -14.399999 3.000000 7.500000
v -14.399999 1.000000 2.200000
v -14.399999 1.000000 7.300000
v -14.399998 2.800000 2.200000
v -14.399998 2.800000 7.300000
v -14.099998 1.000000 2.000000
v -14.099998 1.000000 7.500000
v -14.099999 3.000000 2.000000
v -14.099999 3.000000 7.500000
v -14.099998 1.000000 2.200000
v -14.099998 1.000000 7.300000
v -14.099998 2.800000 2.200000
v -14.099998 2.800000 7.300000
v -13.999999 3.000000 7.500001
v -14.499999 3.000000 7.500000
v -13.999999 3.000000 2.000001
v -14.499999 3.000000 2.000000
v -14.386563 3.000000 -0.500000
v -14.113433 3.000000 11.486392
v -13.999998 3.000000 11.386392
v -14.113435 3.000000 -0.499999
v -14.386563 3.000000 11.486390
v -14.499998 3.000000 11.548850
v -14.499999 4.500000 7.500000
v -13.999999 -0.500000 7.500001
v -13.999998 4.500000 7.500001
v -14.499999 -0.500000 7.500000
v -14.499999 4.500000 2.000000
v -13.999999 4.500000 2.000001
v -14.499999 -0.500000 2.000000
v -13.999999 -0.500000 2.000001
v -14.113274 4.400000 11.486392
v -13.999997 4.500000 11.386392
v -13.999998 -0.500000 11.386392
v -14.113274 -0.400000 11.486392
v -14.113276 4.400000 -0.499999
v -14.113276 -0.400000 -0.499999
v -14.386723 4.400000 -0.500000
v -14.386723 -0.400000 -0.500000
v -14.499998 4.500000 11.548850
v -14.386722 4.400000 11.486390
v -14.386723 -0.400000 11.486390
v -14.499998 -0.500000 11.548850
v -13.799998 1.000000 7.500001
v -14.699999 1.000000 7.500000
v -13.799998 1.000000 2.000001
v -14.699999 1.000000 2.000000
v -13.849998 1.200000 7.500001
v -13.799998 1.150000 7.500001
v -14.699999 1.150000 7.500000
v -14.649999 1.200000 7.500000
v -14.649999 1.200000 2.000000
v -14.699999 1.150000 2.000000
v -13.799998 1.150000 2.000001
v -13.849998 1.200000 2.000001
v -14.151003 1.940000 3.169706
v -14.108576 2.000000 3.183849
v -14.094434 1.980000 3.197991
v -14.052008 1.980000 3.155564
v -14.066150 2.000000 3.141422
v -14.080292 1.940000 3.098995
v -14.447988 1.980000 2.844437
v -14.433846 2.000000 2.858579
v -14.419703 1.940000 2.901006
v -14.348992 1.940000 2.830295
v -14.391418 2.000000 2.816153
v -14.405560 1.980000 2.802011
v -14.094434 1.348676 3.197991
v -14.151003 1.400000 3.169706
v -14.080292 1.400000 3.098995
v -14.052008 1.348676 3.155564
v -14.405561 1.348676 2.802011
v -14.348992 1.400000 2.830295
v -14.419703 1.400000 2.901006
v -14.447988 1.348676 2.844437
v -13.981297 1.288676 3.084853
v -13.993423 1.310290 3.068696
v -13.981297 1.280000 3.056569
v -13.981297 1.200000 3.084853
v -13.981297 1.200000 3.056569
v -14.306566 1.200000 2.731300
v -14.334850 1.200000 2.731300
v -14.334850 1.288676 2.731300
v -14.306566 1.280000 2.731300
v -14.318693 1.310290 2.743427
v -14.518699 1.288676 2.915148
v -14.506572 1.310290 2.931305
v -14.518699 1.280000 2.943432
v -14.518699 1.200000 2.915148
v -14.518699 1.200000 2.943432
v -14.193429 1.200000 3.268701
v -14.165145 1.200000 3.268701
v -14.165145 1.288676 3.268701
v -14.193429 1.280000 3.268701
v -14.181302 1.310290 3.256574
v -14.122719 1.360000 3.197991
v -14.122718 1.980000 3.197991
v -14.377276 1.980000 2.802011
v -14.052008 1.980000 3.127280
v -14.447988 1.980000 2.872721
v -14.052008 1.360000 3.127280
v -14.377276 1.360000 2.802011
v -14.447988 1.360000 2.872721
v -14.150295 1.427000 3.142129
v -14.150295 1.913000 3.142129
v -14.392126 1.913000 2.900298
v -14.392126 1.427000 2.900298
v -14.349700 1.913000 2.857872
v -14.107869 1.913000 3.099703
v -14.107869 1.427000 3.099703
v -14.349700 1.427000 2.857872
v -14.399998 1.200000 7.150002
v -14.249997 1.250000 7.150002
v -14.302651 1.760000 7.150002
v -14.270094 1.250000 7.075002
v -14.315693 1.760000 7.101329
v -14.324997 1.250000 7.020098
v -14.351324 1.760000 7.065698
v -14.399998 1.250000 7.000002
v -14.399997 1.760000 7.052656
v -14.474998 1.250000 7.020098
v -14.448670 1.760000 7.065698
v -14.529902 1.250000 7.075002
v -14.484301 1.760000 7.101329
v -14.549997 1.250000 7.150002
v -14.497343 1.760000 7.150002
v -14.529902 1.250000 7.225001
v -14.484301 1.760000 7.198674
v -14.474998 1.250000 7.279905
v -14.448670 1.760000 7.234305
v -14.399998 1.250000 7.300002
v -14.399997 1.760000 7.247348
v -14.324997 1.250000 7.279905
v -14.351324 1.760000 7.234305
v -14.270094 1.250000 7.225001
v -14.315693 1.760000 7.198674
v -14.302651 1.820000 7.150002
v -14.358860 1.890000 7.150002
v -14.364371 1.890000 7.129434
v -14.315693 1.820000 7.101329
v -14.379429 1.890000 7.114376
v -14.351324 1.820000 7.065698
v -14.399997 1.890000 7.108865
v -14.399997 1.820000 7.052656
v -14.420566 1.890000 7.114376
v -14.448670 1.820000 7.065698
v -14.435622 1.890000 7.129434
v -14.484301 1.820000 7.101329
v -14.441133 1.890000 7.150002
v -14.497343 1.820000 7.150002
v -14.435622 1.890000 7.170570
v -14.484301 1.820000 7.198674
v -14.420566 1.890000 7.185627
v -14.448670 1.820000 7.234305
v -14.399997 1.890000 7.191138
v -14.399997 1.820000 7.247348
v -14.379429 1.890000 7.185627
v -14.351324 1.820000 7.234305
v -14.364371 1.890000 7.170570
v -14.315693 1.820000 7.198674
v -14.399997 1.978508 7.150002
v -14.380523 1.973101 7.150002
v -14.383132 1.973101 7.140265
v -14.390260 1.973101 7.133136
v -14.399997 1.973101 7.130527
v -14.409735 1.973101 7.133136
v -14.416862 1.973101 7.140265
v -14.419472 1.973101 7.150002
v -14.416862 1.973101 7.159739
v -14.409735 1.973101 7.166867
v -14.399997 1.973101 7.169477
v -14.390260 1.973101 7.166867
v -14.383132 1.973101 7.159739
v -14.304011 1.200000 7.094584
v -14.289163 1.200000 7.150002
v -14.344580 1.200000 7.054015
v -14.399998 1.200000 7.039166
v -14.455415 1.200000 7.054015
v -14.495983 1.200000 7.094584
v -14.510833 1.200000 7.150002
v -14.495983 1.200000 7.205420
v -14.455415 1.200000 7.245988
v -14.399998 1.200000 7.260837
v -14.344580 1.200000 7.245988
v -14.304011 1.200000 7.205420
v -14.249997 1.733471 7.150002
v -14.270093 1.733471 7.075002
v -14.324997 1.733471 7.020098
v -14.399997 1.733471 7.000002
v -14.474998 1.733471 7.020098
v -14.529901 1.733471 7.075002
v -14.549997 1.733471 7.150002
v -14.529901 1.733471 7.225001
v -14.474998 1.733471 7.279905
v -14.399997 1.733471 7.300002
v -14.324997 1.733471 7.279905
v -14.270093 1.733471 7.225001
v -14.099998 1.200000 7.150002
v -13.949997 1.250000 7.150002
v -14.002651 1.760000 7.150002
v -13.970094 1.250000 7.075002
v -14.015693 1.760000 7.101329
v -14.024997 1.250000 7.020098
v -14.051324 1.760000 7.065698
v -14.099998 1.250000 7.000002
v -14.099997 1.760000 7.052656
v -14.174997 1.250000 7.020098
v -14.148670 1.760000 7.065698
v -14.229901 1.250000 7.075002
v -14.184300 1.760000 7.101329
v -14.249997 1.250000 7.150002
v -14.197343 1.760000 7.150002
v -14.229901 1.250000 7.225001
v -14.184300 1.760000 7.198674
v -14.174997 1.250000 7.279905
v -14.148670 1.760000 7.234305
v -14.099998 1.250000 7.300002
v -14.099997 1.760000 7.247348
v -14.024997 1.250000 7.279905
v -14.051324 1.760000 7.234305
v -13.970094 1.250000 7.225001
v -14.015693 1.760000 7.198674
v -14.002651 1.820000 7.150002
v -14.058860 1.890000 7.150002
v -14.064371 1.890000 7.129434
v -14.015693 1.820000 7.101329
v -14.079429 1.890000 7.114376
v -14.051324 1.820000 7.065698
v -14.099997 1.890000 7.108865
v -14.099997 1.820000 7.052656
v -14.120565 1.890000 7.114376
v -14.148670 1.820000 7.065698
v -14.135622 1.890000 7.129434
v -14.184300 1.820000 7.101329
v -14.141133 1.890000 7.150002
v -14.197343 1.820000 7.150002
v -14.135622 1.890000 7.170570
v -14.184300 1.820000 7.198674
v -14.120565 1.890000 7.185627
v -14.148670 1.820000 7.234305
v -14.099997 1.890000 7.191138
v -14.099997 1.820000 7.247348
v -14.079429 1.890000 7.185627
v -14.051324 1.820000 7.234305
v -14.064371 1.890000 7.170570
v -14.015693 1.820000 7.198674
v -14.099997 1.978508 7.150002
v -14.080523 1.973101 7.150002
v -14.083132 1.973101 7.140265
v -14.090260 1.973101 7.133136
v -14.099997 1.973101 7.130527
v -14.109735 1.973101 7.133136
v -14.116862 1.973101 7.140265
v -14.119472 1.973101 7.150002
v -14.116862 1.973101 7.159739
v -14.109735 1.973101 7.166867
v -14.099997 1.973101 7.169477
v -14.090260 1.973101 7.166867
v -14.083132 1.973101 7.159739
v -14.004011 1.200000 7.094584
v -13.989162 1.200000 7.150002
v -14.044580 1.200000 7.054015
v -14.099998 1.200000 7.039166
v -14.155415 1.200000 7.054015
v -14.195983 1.200000 7.094584
v -14.210833 1.200000 7.150002
v -14.195983 1.200000 7.205420
v -14.155415 1.200000 7.245988
v -14.099998 1.200000 7.260837
v -14.044580 1.200000 7.245988
v -14.004011 1.200000 7.205420
v -13.949997 1.733471 7.150002
v -13.970093 1.733471 7.075002
v -14.024997 1.733471 7.020098
v -14.099997 1.733471 7.000002
v -14.174997 1.733471 7.020098
v -14.229900 1.733471 7.075002
v -14.249997 1.733471 7.150002
v -14.229900 1.733471 7.225001
v -14.174997 1.733471 7.279905
v -14.099997 1.733471 7.300002
v -14.024997 1.733471 7.279905
v -13.970093 1.733471 7.225001
v -13.999998 6.635889 2.000001
v -14.499998 6.635889 2.000000
v -13.999998 6.635889 7.500001
v -14.499998 6.635889 7.500000
v -14.113276 6.535889 -0.319023
v -13.999999 6.635889 -0.409511
v -14.000001 6.635889 -11.031533
v -14.113276 6.535889 -11.131534
v -14.386724 6.535889 -11.131534
v -14.500000 6.635889 -11.445390
v -14.499999 6.635889 -0.409511
v -14.386724 6.535889 -0.319022
v -14.500000 6.635889 -8.499999
v -14.000000 6.635889 -8.499999
v -14.500000 6.635889 -3.000000
v -13.999999 6.635889 -3.000000
v -14.113274 6.535889 11.486392
v -13.999997 6.635889 11.386392
v -14.113275 6.535889 -0.499999
v -14.386723 6.535889 -0.500000
v -14.499997 6.635889 11.548850
v -14.386722 6.535889 11.486390
v 8.030000 0.000000 -9.029999
v 8.030000 0.030000 -9.000000
v 8.000000 0.030000 -9.029999
v 8.030000 0.770000 -9.000000
v 8.000000 0.770000 -9.029999
v 8.029999 -0.000000 -10.969999
v 8.000000 0.030000 -10.969999
v 8.029999 0.030000 -10.999998
v 8.029999 0.770000 -11.000000
v 8.000000 0.770000 -10.969999
v 9.970000 0.000000 -9.029999
v 10.000001 0.030000 -9.029999
v 9.970000 0.030000 -8.999998
v 9.970000 0.770000 -9.000000
v 10.000001 0.770000 -9.029999
v 9.969999 -0.000000 -10.969999
v 9.969999 0.030000 -10.999998
v 10.000000 0.030000 -10.969999
v 9.969999 0.800000 -10.969999
v 10.000000 0.770000 -10.969999
v 9.969999 0.770000 -11.000000
v 8.030000 0.800000 -9.029999
v 8.030000 0.830000 -9.000000
v 8.000000 0.830000 -9.029999
v 8.030000 1.000000 -9.000000
v 8.030000 1.030000 -9.029999
v 8.000000 1.000000 -9.029999
v 8.029999 0.800000 -10.969999
v 8.000000 0.830000 -10.969999
v 8.029999 0.830000 -11.000000
v 8.029999 1.030000 -10.969999
v 8.029999 1.000000 -11.000000
v 8.000000 1.000000 -10.969999
v 9.970000 0.800000 -9.029999
v 10.000001 0.830000 -9.029999
v 9.970000 0.830000 -9.000000
v 9.970000 1.030000 -9.029999
v 9.970000 1.000000 -9.000000
v 10.000001 1.000000 -9.029999
v 9.969999 0.830000 -11.000000
v 10.000000 0.830000 -10.969999
v 9.969999 1.030000 -10.969999
v 10.000000 1.000000 -10.969999
v 9.969999 1.000000 -11.000000
v 8.849998 0.180000 -10.999998
v 8.879999 0.150000 -10.999998
v 9.849998 0.620000 -11.000000
v 9.820000 0.650000 -11.000000
v 9.820000 0.620000 -11.029999
v 9.849998 0.180000 -11.000000
v 9.820000 0.180000 -11.029999
v 9.820000 0.150000 -11.000000
v 8.879999 0.180000 -11.029999
v 8.879999 0.650000 -10.999998
v 8.879999 0.620000 -11.029999
v 8.849998 0.620000 -10.999998
v 8.150000 0.180000 -10.999998
v 8.179998 0.150000 -10.999998
v 8.750000 0.620000 -11.000000
v 8.719999 0.650000 -11.000000
v 8.719999 0.620000 -11.029999
v 8.750000 0.180000 -11.000000
v 8.719999 0.180000 -11.029999
v 8.719999 0.150000 -11.000000
v 8.179998 0.180000 -11.029999
v 8.179998 0.650000 -11.000000
v 8.179998 0.620000 -11.029999
v 8.150000 0.620000 -10.999998
v 8.000000 0.197261 -9.739508
v 8.000000 0.602739 -9.739508
v 8.000000 0.602739 -10.639395
v 8.000000 0.197261 -10.639395
v 9.997973 0.602739 -10.639395
v 9.968574 0.573339 -10.609995
v 9.968574 0.226660 -10.609995
v 9.997973 0.197261 -10.639395
v 9.968574 0.226660 -9.768908
v 9.997973 0.197261 -9.739508
v 9.997973 0.602739 -9.739508
v 9.968574 0.573340 -9.768908
v 8.031426 0.573340 -9.768908
v 8.031426 0.226660 -9.768908
v 8.031426 0.226660 -10.609995
v 8.031426 0.573340 -10.609997
v 9.150001 0.080000 -8.999998
v 9.120000 0.050000 -8.999998
v 8.050000 0.320000 -9.000000
v 8.080001 0.350000 -9.000000
v 8.080001 0.320000 -8.969999
v 8.050000 0.080000 -9.000000
v 8.080001 0.080000 -8.969999
v 8.080001 0.050000 -9.000000
v 9.120000 0.080000 -8.969999
v 9.120000 0.350000 -9.000000
v 9.120000 0.320000 -8.969999
v 9.150001 0.320000 -8.999998
v 9.950000 0.587929 -8.843168
v 9.920001 0.559739 -8.832907
v 8.050000 0.907425 -8.959455
v 8.080001 0.935616 -8.969715
v 8.080001 0.917686 -8.931265
v 8.050000 0.587929 -8.843168
v 8.080001 0.598190 -8.814978
v 8.080001 0.559739 -8.832907
v 9.920001 0.598190 -8.814978
v 9.920001 0.935616 -8.969715
v 9.920001 0.917686 -8.931265
v 9.950000 0.907425 -8.959455
v 9.935000 0.505430 -9.025976
v 8.065000 0.853116 -9.152523
v 8.065000 0.505430 -9.025976
v 9.935000 0.853116 -9.152523
v 9.847281 0.819857 -8.899132
v 9.848350 0.704788 -8.857250
v 9.762517 0.622712 -8.827377
v 9.640063 0.621708 -8.827013
v 9.552720 0.702364 -8.856369
v 9.551652 0.817433 -8.898251
v 9.637483 0.899509 -8.928123
v 9.759938 0.900513 -8.928490
v 9.802445 0.829335 -8.817448
v 9.847281 0.840378 -8.842751
v 9.803189 0.749296 -8.788317
v 9.848350 0.725309 -8.800869
v 9.743485 0.692205 -8.767536
v 9.762517 0.643233 -8.770996
v 9.658309 0.691507 -8.767282
v 9.640063 0.642229 -8.770630
v 9.597556 0.747609 -8.787703
v 9.552720 0.722885 -8.799988
v 9.596812 0.827649 -8.816833
v 9.551652 0.837954 -8.841869
v 9.656514 0.884739 -8.837614
v 9.637483 0.920030 -8.871742
v 9.741691 0.885438 -8.837868
v 9.759938 0.921035 -8.872108
v 9.700000 0.771371 -8.849560
v 8.747848 0.842247 -8.916445
v 8.815497 0.778677 -8.893307
v 8.815497 0.688776 -8.860586
v 8.747848 0.625206 -8.837448
v 8.652177 0.625206 -8.837448
v 8.584527 0.688776 -8.860586
v 8.584527 0.778677 -8.893307
v 8.652177 0.842247 -8.916445
v 8.741376 0.854926 -8.835926
v 8.747848 0.862768 -8.860064
v 8.799872 0.799957 -8.815918
v 8.815497 0.799199 -8.836926
v 8.799872 0.722219 -8.787624
v 8.815497 0.709297 -8.804205
v 8.741376 0.667251 -8.767616
v 8.747848 0.645728 -8.781067
v 8.658648 0.667251 -8.767616
v 8.652177 0.645728 -8.781067
v 8.600152 0.722219 -8.787624
v 8.584527 0.709297 -8.804205
v 8.600152 0.799957 -8.815918
v 8.584527 0.799198 -8.836926
v 8.658648 0.854926 -8.835926
v 8.652177 0.862768 -8.860064
v 8.724355 0.840094 -8.790226
v 8.675672 0.840094 -8.790226
v 8.675672 0.707987 -8.742144
v 8.724355 0.707987 -8.742144
v 9.147841 0.842247 -8.916445
v 9.215491 0.778677 -8.893307
v 9.215491 0.688776 -8.860586
v 9.147841 0.625206 -8.837448
v 9.052171 0.625206 -8.837448
v 8.984521 0.688776 -8.860586
v 8.984521 0.778677 -8.893307
v 9.052171 0.842247 -8.916445
v 9.141370 0.854926 -8.835926
v 9.147841 0.862768 -8.860064
v 9.199866 0.799957 -8.815918
v 9.215491 0.799199 -8.836926
v 9.199866 0.722219 -8.787624
v 9.215491 0.709297 -8.804205
v 9.141370 0.667251 -8.767616
v 9.147841 0.645728 -8.781067
v 9.058642 0.667251 -8.767616
v 9.052171 0.645728 -8.781067
v 9.000146 0.722219 -8.787624
v 8.984521 0.709297 -8.804205
v 9.000146 0.799957 -8.815918
v 8.984521 0.799199 -8.836926
v 9.058642 0.854926 -8.835926
v 9.052171 0.862768 -8.860064
v 9.124349 0.840094 -8.790226
v 9.075665 0.840094 -8.790226
v 9.075665 0.707987 -8.742144
v 9.124349 0.707987 -8.742144
v 8.347838 0.842247 -8.916445
v 8.415488 0.778677 -8.893307
v 8.415488 0.688776 -8.860586
v 8.347838 0.625206 -8.837448
v 8.252168 0.625206 -8.837448
v 8.184518 0.688776 -8.860586
v 8.184518 0.778677 -8.893307
v 8.252168 0.842247 -8.916445
v 8.341367 0.854926 -8.835926
v 8.347838 0.862768 -8.860064
v 8.399863 0.799957 -8.815918
v 8.415488 0.799199 -8.836926
v 8.399863 0.722219 -8.787624
v 8.415488 0.709297 -8.804205
v 8.341367 0.667251 -8.767616
v 8.347838 0.645728 -8.781067
v 8.258639 0.667251 -8.767616
v 8.252168 0.645728 -8.781067
v 8.200143 0.722219 -8.787624
v 8.184518 0.709297 -8.804205
v 8.200143 0.799957 -8.815918
v 8.184518 0.799198 -8.836926
v 8.258639 0.854926 -8.835926
v 8.252168 0.862768 -8.860064
v 8.324346 0.840094 -8.790226
v 8.275662 0.840094 -8.790226
v 8.275662 0.707987 -8.742144
v 8.324346 0.707987 -8.742144
v 9.780789 0.803596 -8.861288
v 9.781377 0.740476 -8.838316
v 9.734294 0.695453 -8.821928
v 9.667123 0.694903 -8.821728
v 9.619210 0.739146 -8.837831
v 9.618625 0.802266 -8.860806
v 9.665708 0.847289 -8.877192
v 9.732879 0.847840 -8.877392
v 8.127000 0.930000 -9.126999
v 8.127000 0.930000 -10.872999
v 9.873000 0.930000 -9.126999
v 9.873000 0.930000 -10.872999
v 9.393786 1.090000 -9.510794
v 9.298326 1.090000 -9.606255
v 9.489244 1.090000 -9.606255
v 9.393786 1.090000 -9.701714
v 9.298326 1.157499 -9.606255
v 9.393786 1.157499 -9.701714
v 9.393786 1.167499 -9.510794
v 9.346055 1.200000 -9.558523
v 9.441516 1.200000 -9.653984
v 9.489244 1.167499 -9.606255
v 9.131883 1.200000 -9.813877
v 9.186231 1.200000 -9.868225
v 9.131883 1.164999 -9.813877
v 9.186231 1.164999 -9.868225
v 9.489215 1.077499 -10.393801
v 9.393756 1.077499 -10.298342
v 9.393756 1.077499 -10.489260
v 9.298295 1.077499 -10.393801
v 9.393756 1.157499 -10.298342
v 9.298295 1.157499 -10.393801
v 9.489215 1.167499 -10.393801
v 9.441485 1.200000 -10.346071
v 9.346026 1.200000 -10.441530
v 9.393756 1.167499 -10.489260
v 9.186162 1.200000 -10.131895
v 9.131812 1.200000 -10.186243
v 9.186162 1.164999 -10.131895
v 9.131812 1.164999 -10.186243
v 8.606204 1.077499 -10.489212
v 8.701663 1.077499 -10.393753
v 8.510745 1.077499 -10.393753
v 8.606204 1.077499 -10.298294
v 8.701663 1.157499 -10.393753
v 8.606204 1.157499 -10.298294
v 8.606204 1.167499 -10.489212
v 8.653935 1.200000 -10.441483
v 8.558475 1.200000 -10.346024
v 8.510745 1.167499 -10.393753
v 8.868133 1.200000 -10.186134
v 8.813785 1.200000 -10.131784
v 8.868133 1.164999 -10.186134
v 8.813785 1.164999 -10.131784
v 8.510774 1.090000 -9.606207
v 8.606235 1.090000 -9.701666
v 8.606235 1.090000 -9.510748
v 8.701694 1.090000 -9.606207
v 8.606235 1.157499 -9.701666
v 8.701694 1.157499 -9.606207
v 8.510774 1.167499 -9.606207
v 8.558505 1.200000 -9.653936
v 8.653964 1.200000 -9.558477
v 8.606235 1.167499 -9.510748
v 8.813853 1.200000 -9.868114
v 8.868203 1.200000 -9.813766
v 8.813853 1.164999 -9.868114
v 8.868203 1.164999 -9.813766
v 8.792655 1.139999 -10.055561
v 8.497954 1.090000 -10.134525
v 8.792655 1.139999 -9.944447
v 8.497954 1.090000 -9.865482
v 8.848210 1.139999 -9.848221
v 8.632476 1.090000 -9.632484
v 8.944438 1.139999 -9.792664
v 8.865474 1.090000 -9.497963
v 9.055551 1.139999 -9.792664
v 9.134515 1.090000 -9.497963
v 9.151778 1.139999 -9.848221
v 9.367513 1.090000 -9.632484
v 9.207335 1.139999 -9.944447
v 9.502034 1.089999 -9.865482
v 9.207335 1.139999 -10.055561
v 9.502034 1.089999 -10.134525
v 9.151778 1.139999 -10.151787
v 9.367513 1.089999 -10.367523
v 9.055551 1.139999 -10.207344
v 9.134517 1.089999 -10.502045
v 8.944438 1.139999 -10.207344
v 8.865474 1.089999 -10.502045
v 8.848210 1.139999 -10.151787
v 8.632476 1.090000 -10.367523
v 8.877702 1.139999 -10.456404
v 8.665887 1.139999 -10.334112
v 9.122285 1.139999 -10.456404
v 9.334104 1.139999 -10.334112
v 9.456395 1.139999 -10.122295
v 9.456393 1.139999 -9.877712
v 9.334102 1.139999 -9.665895
v 9.122285 1.139999 -9.543604
v 8.877702 1.140000 -9.543604
v 8.665887 1.140000 -9.665895
v 8.543593 1.140000 -9.877712
v 8.543593 1.139999 -10.122295
v 8.999995 1.173999 -10.000004
v 8.999995 1.173999 -10.084690
v 8.926654 1.173999 -10.042347
v 9.073335 1.173999 -10.042347
v 9.073335 1.173999 -9.957661
v 8.999995 1.173999 -9.915318
v 8.926654 1.173999 -9.957661
v 8.127000 1.075000 -9.126999
v 8.152001 1.100000 -9.151999
v 8.152001 1.100000 -10.848000
v 8.127000 1.075000 -10.872999
v 9.848001 1.100000 -10.848000
v 9.873000 1.075000 -10.872999
v 9.848001 1.100000 -9.151999
v 9.873000 1.075000 -9.126999
v 9.624402 1.090000 -9.932459
v 9.489402 1.090000 -9.932459
v 9.624402 1.090000 -10.067459
v 9.489402 1.090000 -10.067459
v 9.489402 1.157499 -9.932459
v 9.489402 1.157499 -10.067459
v 9.624402 1.167499 -9.932459
v 9.556901 1.200000 -9.932459
v 9.556903 1.200000 -10.067459
v 9.624402 1.167499 -10.067459
v 9.323691 1.207688 -9.944725
v 9.323691 1.207688 -10.055349
v 9.323691 1.157311 -9.944725
v 9.323691 1.157311 -10.055349
v 9.067502 1.077499 -10.624317
v 9.067502 1.077499 -10.489317
v 8.932502 1.077499 -10.624317
v 8.932502 1.077499 -10.489317
v 9.067502 1.157499 -10.489317
v 8.932502 1.157499 -10.489317
v 9.067502 1.167499 -10.624317
v 9.067502 1.200000 -10.556816
v 8.932502 1.200000 -10.556818
v 8.932502 1.167499 -10.624317
v 9.055274 1.207688 -10.323626
v 8.944650 1.207688 -10.323626
v 9.055274 1.157311 -10.323626
v 8.944650 1.157311 -10.323626
v 8.375651 1.077499 -10.067400
v 8.510652 1.077499 -10.067402
v 8.375653 1.077499 -9.932402
v 8.510652 1.077500 -9.932400
v 8.510652 1.157499 -10.067402
v 8.510652 1.157499 -9.932400
v 8.375651 1.167499 -10.067400
v 8.443152 1.200000 -10.067402
v 8.443152 1.200000 -9.932402
v 8.375653 1.167499 -9.932402
v 8.676404 1.207688 -10.055155
v 8.676406 1.207688 -9.944532
v 8.676404 1.157311 -10.055155
v 8.676406 1.157311 -9.944532
v 8.932553 1.090000 -9.375542
v 8.932553 1.090000 -9.510542
v 9.067554 1.090000 -9.375542
v 9.067554 1.090000 -9.510542
v 8.932553 1.157499 -9.510542
v 9.067554 1.157499 -9.510542
v 8.932553 1.167499 -9.375542
v 8.932553 1.200000 -9.443043
v 9.067554 1.200000 -9.443043
v 9.067554 1.167499 -9.375542
v 8.944821 1.207688 -9.676254
v 9.055448 1.207688 -9.676256
v 8.944821 1.157311 -9.676254
v 9.055448 1.157311 -9.676256
v 9.587195 1.097408 -9.274338
v 9.634196 1.116657 -9.299999
v 9.587195 1.097408 -9.325661
v 9.812776 1.097408 -9.274338
v 9.765775 1.116657 -9.299999
v 9.812776 1.097408 -9.325661
v 9.587195 1.097408 -9.354338
v 9.634196 1.116657 -9.379999
v 9.587195 1.097408 -9.405661
v 9.812776 1.097408 -9.354338
v 9.765775 1.116657 -9.379999
v 9.812776 1.097408 -9.405661
v 9.587195 1.097408 -9.194338
v 9.634196 1.116657 -9.219999
v 9.587195 1.097408 -9.245661
v 9.812776 1.097408 -9.194338
v 9.765775 1.116657 -9.219999
v 9.812776 1.097408 -9.245661
v 8.187196 1.097408 -9.274338
v 8.234197 1.116657 -9.299999
v 8.187196 1.097408 -9.325661
v 8.412776 1.097408 -9.274338
v 8.365773 1.116657 -9.299999
v 8.412776 1.097408 -9.325661
v 8.187196 1.097408 -9.354338
v 8.234197 1.116657 -9.379999
v 8.187196 1.097408 -9.405661
v 8.412776 1.097408 -9.354338
v 8.365773 1.116657 -9.379999
v 8.412776 1.097408 -9.405661
v 8.187196 1.097408 -9.194338
v 8.234197 1.116657 -9.219999
v 8.187196 1.097408 -9.245661
v 8.412776 1.097408 -9.194338
v 8.365773 1.116657 -9.219999
v 8.412776 1.097408 -9.245661
v 6.029998 0.000000 -9.029999
v 6.029998 0.030000 -9.000000
v 6.000000 0.030000 -9.029999
v 6.029998 0.770000 -9.000000
v 6.000000 0.770000 -9.029999
v 6.029998 -0.000000 -10.969999
v 6.000000 0.030000 -10.969999
v 6.029998 0.030000 -10.999998
v 6.029998 0.770000 -11.000000
v 6.000000 0.770000 -10.969999
v 7.969999 0.000000 -9.029999
v 8.000000 0.030000 -9.029999
v 7.969999 0.030000 -8.999998
v 7.969999 0.770000 -9.000000
v 8.000000 0.770000 -9.029999
v 7.969999 -0.000000 -10.969999
v 7.969999 0.030000 -10.999998
v 8.000000 0.030000 -10.969999
v 7.969999 0.800000 -10.969999
v 8.000000 0.770000 -10.969999
v 7.969999 0.770000 -11.000000
v 6.029998 0.800000 -9.029999
v 6.029998 0.830000 -9.000000
v 6.000000 0.830000 -9.029999
v 6.029998 1.000000 -9.000000
v 6.029998 1.030000 -9.029999
v 6.000000 1.000000 -9.029999
v 6.029998 0.800000 -10.969999
v 6.000000 0.830000 -10.969999
v 6.029998 0.830000 -11.000000
v 6.029998 1.030000 -10.969999
v 6.029998 1.000000 -11.000000
v 6.000000 1.000000 -10.969999
v 7.969999 0.800000 -9.029999
v 8.000000 0.830000 -9.029999
v 7.969999 0.830000 -9.000000
v 7.969999 1.030000 -9.029999
v 7.969999 1.000000 -9.000000
v 8.000000 1.000000 -9.029999
v 7.969999 0.830000 -11.000000
v 8.000000 0.830000 -10.969999
v 7.969999 1.030000 -10.969999
v 8.000000 1.000000 -10.969999
v 7.969999 1.000000 -11.000000
v 6.849998 0.180000 -10.999998
v 6.879999 0.150000 -10.999998
v 7.849998 0.620000 -11.000000
v 7.819999 0.650000 -11.000000
v 7.819999 0.620000 -11.029999
v 7.849998 0.180000 -11.000000
v 7.819999 0.180000 -11.029999
v 7.819999 0.150000 -11.000000
v 6.879999 0.180000 -11.029999
v 6.879999 0.650000 -10.999998
v 6.879999 0.620000 -11.029999
v 6.849998 0.620000 -10.999998
v 6.149999 0.180000 -10.999998
v 6.179998 0.150000 -10.999998
v 6.750000 0.620000 -11.000000
v 6.719999 0.650000 -11.000000
v 6.719999 0.620000 -11.029999
v 6.750000 0.180000 -11.000000
v 6.719999 0.180000 -11.029999
v 6.719999 0.150000 -11.000000
v 6.179998 0.180000 -11.029999
v 6.179998 0.650000 -11.000000
v 6.179998 0.620000 -11.029999
v 6.149999 0.620000 -10.999998
v 6.000000 0.197261 -9.739508
v 6.000000 0.602739 -9.739508
v 6.000000 0.602739 -10.639395
v 6.000000 0.197261 -10.639395
v 7.997972 0.602739 -10.639395
v 7.968572 0.573340 -10.609995
v 7.968572 0.226660 -10.609995
v 7.997972 0.197261 -10.639395
v 7.968572 0.226660 -9.768908
v 7.997972 0.197261 -9.739508
v 7.997972 0.602739 -9.739508
v 7.968572 0.573340 -9.768908
v 6.031425 0.573340 -9.768908
v 6.031425 0.226660 -9.768908
v 6.031425 0.226660 -10.609995
v 6.031425 0.573340 -10.609997
v 7.149999 0.080000 -8.999998
v 7.119998 0.050000 -8.999998
v 6.049999 0.320000 -9.000000
v 6.079999 0.350000 -9.000000
v 6.079999 0.320000 -8.969999
v 6.049999 0.080000 -9.000000
v 6.079999 0.080000 -8.969999
v 6.079999 0.050000 -9.000000
v 7.119998 0.080000 -8.969999
v 7.119998 0.350000 -9.000000
v 7.119998 0.320000 -8.969999
v 7.149999 0.320000 -8.999998
v 7.949998 0.587930 -8.843168
v 7.920000 0.559739 -8.832907
v 6.049999 0.907425 -8.959455
v 6.079999 0.935616 -8.969715
v 6.079999 0.917686 -8.931265
v 6.049999 0.587929 -8.843168
v 6.079999 0.598190 -8.814978
v 6.079999 0.559739 -8.832907
v 7.920000 0.598190 -8.814978
v 7.920000 0.935616 -8.969715
v 7.920000 0.917686 -8.931265
v 7.949998 0.907425 -8.959455
v 7.934999 0.505430 -9.025976
v 6.064998 0.853116 -9.152523
v 6.064998 0.505430 -9.025976
v 7.934999 0.853116 -9.152523
v 7.847280 0.819857 -8.899132
v 7.848348 0.704788 -8.857250
v 7.762516 0.622712 -8.827377
v 7.640062 0.621708 -8.827013
v 7.552719 0.702364 -8.856369
v 7.551651 0.817433 -8.898251
v 7.637481 0.899509 -8.928123
v 7.759937 0.900513 -8.928490
v 7.802444 0.829335 -8.817448
v 7.847280 0.840378 -8.842751
v 7.803188 0.749296 -8.788317
v 7.848348 0.725309 -8.800869
v 7.743484 0.692205 -8.767536
v 7.762516 0.643233 -8.770996
v 7.658308 0.691507 -8.767282
v 7.640062 0.642229 -8.770630
v 7.597555 0.747609 -8.787703
v 7.552719 0.722885 -8.799988
v 7.596811 0.827649 -8.816833
v 7.551651 0.837954 -8.841869
v 7.656513 0.884739 -8.837614
v 7.637481 0.920030 -8.871742
v 7.741689 0.885438 -8.837868
v 7.759937 0.921035 -8.872108
v 7.699998 0.771371 -8.849560
v 6.747846 0.842247 -8.916445
v 6.815496 0.778677 -8.893307
v 6.815496 0.688776 -8.860586
v 6.747846 0.625206 -8.837448
v 6.652175 0.625206 -8.837448
v 6.584526 0.688776 -8.860586
v 6.584526 0.778677 -8.893307
v 6.652175 0.842247 -8.916445
v 6.741374 0.854926 -8.835926
v 6.747846 0.862768 -8.860064
v 6.799871 0.799957 -8.815918
v 6.815496 0.799199 -8.836926
v 6.799871 0.722220 -8.787624
v 6.815496 0.709297 -8.804205
v 6.741374 0.667251 -8.767616
v 6.747846 0.645728 -8.781067
v 6.658647 0.667251 -8.767616
v 6.652175 0.645728 -8.781067
v 6.600151 0.722219 -8.787624
v 6.584526 0.709297 -8.804205
v 6.600151 0.799957 -8.815918
v 6.584526 0.799199 -8.836926
v 6.658647 0.854926 -8.835926
v 6.652175 0.862768 -8.860064
v 6.724353 0.840094 -8.790226
v 6.675670 0.840094 -8.790226
v 6.675670 0.707987 -8.742144
v 6.724353 0.707987 -8.742144
v 7.147840 0.842247 -8.916445
v 7.215490 0.778677 -8.893307
v 7.215490 0.688776 -8.860586
v 7.147840 0.625206 -8.837448
v 7.052169 0.625206 -8.837448
v 6.984519 0.688776 -8.860586
v 6.984519 0.778677 -8.893307
v 7.052169 0.842247 -8.916445
v 7.141368 0.854926 -8.835926
v 7.147840 0.862768 -8.860064
v 7.199865 0.799957 -8.815918
v 7.215490 0.799199 -8.836926
v 7.199865 0.722220 -8.787624
v 7.215490 0.709297 -8.804205
v 7.141368 0.667251 -8.767616
v 7.147840 0.645728 -8.781067
v 7.058641 0.667251 -8.767616
v 7.052169 0.645728 -8.781067
v 7.000144 0.722219 -8.787624
v 6.984519 0.709297 -8.804205
v 7.000144 0.799957 -8.815918
v 6.984519 0.799199 -8.836926
v 7.058641 0.854926 -8.835926
v 7.052169 0.862768 -8.860064
v 7.124347 0.840094 -8.790226
v 7.075664 0.840094 -8.790226
v 7.075664 0.707987 -8.742144
v 7.124347 0.707987 -8.742144
v 6.347837 0.842247 -8.916445
v 6.415487 0.778677 -8.893307
v 6.415487 0.688776 -8.860586
v 6.347837 0.625206 -8.837448
v 6.252166 0.625206 -8.837448
v 6.184516 0.688776 -8.860586
v 6.184516 0.778677 -8.893307
v 6.252166 0.842247 -8.916445
v 6.341365 0.854926 -8.835926
v 6.347837 0.862768 -8.860064
v 6.399862 0.799957 -8.815918
v 6.415487 0.799199 -8.836926
v 6.399862 0.722219 -8.787624
v 6.415487 0.709297 -8.804205
v 6.341365 0.667251 -8.767616
v 6.347837 0.645728 -8.781067
v 6.258638 0.667251 -8.767616
v 6.252166 0.645728 -8.781067
v 6.200141 0.722219 -8.787624
v 6.184516 0.709297 -8.804205
v 6.200141 0.799957 -8.815918
v 6.184516 0.799199 -8.836926
v 6.258638 0.854926 -8.835926
v 6.252166 0.862768 -8.860064
v 6.324344 0.840094 -8.790226
v 6.275661 0.840094 -8.790226
v 6.275661 0.707987 -8.742144
v 6.324344 0.707987 -8.742144
v 7.780788 0.803596 -8.861288
v 7.781375 0.740476 -8.838316
v 7.734293 0.695453 -8.821928
v 7.667121 0.694903 -8.821728
v 7.619209 0.739146 -8.837831
v 7.618623 0.802266 -8.860806
v 7.665706 0.847289 -8.877192
v 7.732877 0.847840 -8.877392
v 6.126998 0.930000 -9.126999
v 6.126998 0.930000 -10.872999
v 7.872999 0.930000 -9.126999
v 7.872999 0.930000 -10.872999
v 7.393785 1.090000 -9.510794
v 7.298324 1.090000 -9.606255
v 7.489242 1.090000 -9.606255
v 7.393785 1.090000 -9.701714
v 7.298324 1.157499 -9.606255
v 7.393785 1.157499 -9.701714
v 7.393785 1.167499 -9.510794
v 7.346054 1.200000 -9.558523
v 7.441514 1.200000 -9.653984
v 7.489242 1.167499 -9.606255
v 7.131881 1.200000 -9.813877
v 7.186229 1.200000 -9.868225
v 7.131881 1.164999 -9.813877
v 7.186229 1.164999 -9.868225
v 7.489213 1.077499 -10.393801
v 7.393754 1.077499 -10.298342
v 7.393754 1.077499 -10.489260
v 7.298294 1.077499 -10.393801
v 7.393754 1.157499 -10.298342
v 7.298294 1.157499 -10.393801
v 7.489213 1.167499 -10.393801
v 7.441484 1.200000 -10.346071
v 7.346025 1.200000 -10.441530
v 7.393754 1.167499 -10.489260
v 7.186161 1.200000 -10.131895
v 7.131811 1.200000 -10.186243
v 7.186161 1.164999 -10.131895
v 7.131811 1.164999 -10.186243
v 6.606203 1.077499 -10.489212
v 6.701662 1.077499 -10.393753
v 6.510744 1.077499 -10.393753
v 6.606203 1.077499 -10.298294
v 6.701662 1.157499 -10.393753
v 6.606203 1.157499 -10.298294
v 6.606203 1.167499 -10.489212
v 6.653934 1.200000 -10.441483
v 6.558473 1.200000 -10.346024
v 6.510744 1.167499 -10.393753
v 6.868131 1.200000 -10.186134
v 6.813783 1.200000 -10.131784
v 6.868131 1.164999 -10.186134
v 6.813783 1.164999 -10.131784
v 6.510772 1.090000 -9.606207
v 6.606233 1.090000 -9.701666
v 6.606233 1.090000 -9.510748
v 6.701692 1.090000 -9.606207
v 6.606233 1.157499 -9.701666
v 6.701692 1.157499 -9.606207
v 6.510772 1.167499 -9.606207
v 6.558504 1.200000 -9.653936
v 6.653963 1.200000 -9.558477
v 6.606233 1.167499 -9.510748
v 6.813852 1.200000 -9.868114
v 6.868202 1.200000 -9.813766
v 6.813852 1.164999 -9.868114
v 6.868202 1.164999 -9.813766
v 6.792654 1.139999 -10.055561
v 6.497953 1.089999 -10.134525
v 6.792654 1.139999 -9.944447
v 6.497953 1.090000 -9.865482
v 6.848209 1.139999 -9.848221
v 6.632474 1.090000 -9.632484
v 6.944437 1.139999 -9.792664
v 6.865472 1.090000 -9.497963
v 7.055549 1.140000 -9.792664
v 7.134513 1.090000 -9.497963
v 7.151777 1.140000 -9.848221
v 7.367511 1.090000 -9.632484
v 7.207334 1.140000 -9.944447
v 7.502033 1.090000 -9.865482
v 7.207334 1.139999 -10.055561
v 7.502033 1.090000 -10.134525
v 7.151777 1.139999 -10.151787
v 7.367511 1.090000 -10.367523
v 7.055549 1.139999 -10.207344
v 7.134515 1.090000 -10.502045
v 6.944437 1.139999 -10.207344
v 6.865472 1.089999 -10.502045
v 6.848209 1.139999 -10.151787
v 6.632474 1.089999 -10.367523
v 6.877700 1.139999 -10.456404
v 6.665885 1.139999 -10.334112
v 7.122283 1.139999 -10.456404
v 7.334102 1.139999 -10.334112
v 7.456394 1.139999 -10.122295
v 7.456392 1.139999 -9.877712
v 7.334100 1.140000 -9.665895
v 7.122283 1.140000 -9.543604
v 6.877700 1.139999 -9.543604
v 6.665885 1.139999 -9.665895
v 6.543592 1.139999 -9.877712
v 6.543592 1.139999 -10.122295
v 6.999994 1.173999 -10.000004
v 6.999994 1.174000 -10.084690
v 6.926652 1.174000 -10.042347
v 7.073333 1.174000 -10.042347
v 7.073333 1.174000 -9.957661
v 6.999994 1.174000 -9.915318
v 6.926652 1.174000 -9.957661
v 6.126998 1.075000 -9.126999
v 6.152000 1.100000 -9.151999
v 6.152000 1.100000 -10.848000
v 6.126998 1.075000 -10.872999
v 7.847999 1.100000 -10.848000
v 7.872999 1.075000 -10.872999
v 7.847999 1.100000 -9.151999
v 7.872999 1.075000 -9.126999
v 7.624401 1.090000 -9.932459
v 7.489400 1.090000 -9.932459
v 7.624401 1.090000 -10.067459
v 7.489400 1.090000 -10.067459
v 7.489400 1.157499 -9.932459
v 7.489400 1.157499 -10.067459
v 7.624401 1.167499 -9.932459
v 7.556900 1.200000 -9.932459
v 7.556901 1.200000 -10.067459
v 7.624401 1.167499 -10.067459
v 7.323690 1.207688 -9.944725
v 7.323690 1.207688 -10.055349
v 7.323690 1.157311 -9.944725
v 7.323690 1.157311 -10.055349
v 7.067501 1.077499 -10.624317
v 7.067501 1.077499 -10.489317
v 6.932500 1.077499 -10.624317
v 6.932500 1.077499 -10.489317
v 7.067501 1.157499 -10.489317
v 6.932500 1.157499 -10.489317
v 7.067501 1.167499 -10.624317
v 7.067501 1.200000 -10.556816
v 6.932500 1.200000 -10.556818
v 6.932500 1.167499 -10.624317
v 7.055273 1.207688 -10.323626
v 6.944648 1.207688 -10.323626
v 7.055273 1.157311 -10.323626
v 6.944648 1.157311 -10.323626
v 6.375650 1.077499 -10.067400
v 6.510650 1.077499 -10.067402
v 6.375652 1.077499 -9.932402
v 6.510650 1.077499 -9.932400
v 6.510650 1.157499 -10.067402
v 6.510650 1.157499 -9.932400
v 6.375650 1.167499 -10.067400
v 6.443151 1.200000 -10.067402
v 6.443151 1.200000 -9.932402
v 6.375652 1.167499 -9.932402
v 6.676403 1.207688 -10.055155
v 6.676404 1.207688 -9.944532
v 6.676403 1.157311 -10.055155
v 6.676404 1.157311 -9.944532
v 6.932552 1.090000 -9.375542
v 6.932552 1.090000 -9.510542
v 7.067552 1.090000 -9.375542
v 7.067552 1.090000 -9.510542
v 6.932552 1.157499 -9.510542
v 7.067552 1.157499 -9.510542
v 6.932552 1.167499 -9.375542
v 6.932552 1.200000 -9.443043
v 7.067552 1.200000 -9.443043
v 7.067552 1.167499 -9.375542
v 6.944820 1.207688 -9.676254
v 7.055446 1.207688 -9.676256
v 6.944820 1.157311 -9.676254
v 7.055446 1.157312 -9.676256
v 7.587194 1.097408 -9.274338
v 7.634195 1.116657 -9.299999
v 7.587194 1.097408 -9.325661
v 7.812774 1.097408 -9.274338
v 7.765773 1.116657 -9.299999
v 7.812774 1.097408 -9.325661
v 7.587194 1.097408 -9.354338
v 7.634195 1.116657 -9.379999
v 7.587194 1.097408 -9.405661
v 7.812774 1.097408 -9.354338
v 7.765773 1.116657 -9.379999
v 7.812774 1.097408 -9.405661
v 7.587194 1.097408 -9.194338
v 7.634195 1.116657 -9.219999
v 7.587194 1.097408 -9.245661
v 7.812774 1.097408 -9.194338
v 7.765773 1.116657 -9.219999
v 7.812774 1.097408 -9.245661
v 6.187194 1.097408 -9.274338
v 6.234195 1.116657 -9.299999
v 6.187194 1.097408 -9.325661
v 6.412775 1.097408 -9.274338
v 6.365772 1.116657 -9.299999
v 6.412775 1.097408 -9.325661
v 6.187194 1.097408 -9.354338
v 6.234195 1.116657 -9.379999
v 6.187194 1.097408 -9.405661
v 6.412775 1.097408 -9.354338
v 6.365772 1.116657 -9.379999
v 6.412775 1.097408 -9.405661
v 6.187194 1.097408 -9.194338
v 6.234195 1.116657 -9.219999
v 6.187194 1.097408 -9.245661
v 6.412775 1.097408 -9.194338
v 6.365772 1.116657 -9.219999
v 6.412775 1.097408 -9.245661
v -7.970001 0.000000 -9.029999
v -7.970001 0.030000 -9.000000
v -8.000000 0.030000 -9.029999
v -7.970001 0.770000 -9.000000
v -8.000000 0.770000 -9.029999
v -7.970001 -0.000000 -10.969999
v -8.000000 0.030000 -10.969999
v -7.970001 0.030000 -10.999998
v -7.970001 0.770000 -11.000000
v -8.000000 0.770000 -10.969999
v -6.030000 0.000000 -9.029999
v -6.000000 0.030000 -9.029999
v -6.030000 0.030000 -8.999998
v -6.030000 0.770000 -9.000000
v -6.000000 0.770000 -9.029999
v -6.030000 -0.000000 -10.969999
v -6.030000 0.030000 -10.999998
v -6.000000 0.030000 -10.969999
v -6.030000 0.800000 -10.969999
v -6.000000 0.770000 -10.969999
v -6.030000 0.770000 -11.000000
v -7.970001 0.800000 -9.029999
v -7.970001 0.830000 -9.000000
v -8.000000 0.830000 -9.029999
v -7.970001 1.000000 -9.000000
v -7.970001 1.030000 -9.029999
v -8.000000 1.000000 -9.029999
v -7.970001 0.800000 -10.969999
v -8.000000 0.830000 -10.969999
v -7.970001 0.830000 -11.000000
v -7.970001 1.030000 -10.969999
v -7.970001 1.000000 -11.000000
v -8.000000 1.000000 -10.969999
v -6.030000 0.800000 -9.029999
v -6.000000 0.830000 -9.029999
v -6.030000 0.830000 -9.000000
v -6.030000 1.030000 -9.029999
v -6.030000 1.000000 -9.000000
v -6.000000 1.000000 -9.029999
v -6.030000 0.830000 -11.000000
v -6.000000 0.830000 -10.969999
v -6.030000 1.030000 -10.969999
v -6.000000 1.000000 -10.969999
v -6.030000 1.000000 -11.000000
v -7.150001 0.180000 -10.999998
v -7.120001 0.150000 -10.999998
v -6.150001 0.620000 -11.000000
v -6.180001 0.650000 -11.000000
v -6.180001 0.620000 -11.029999
v -6.150001 0.180000 -11.000000
v -6.180001 0.180000 -11.029999
v -6.180001 0.150000 -11.000000
v -7.120001 0.180000 -11.029999
v -7.120001 0.650000 -10.999998
v -7.120001 0.620000 -11.029999
v -7.150001 0.620000 -10.999998
v -7.850001 0.180000 -10.999998
v -7.820001 0.150000 -10.999998
v -7.250001 0.620000 -11.000000
v -7.280001 0.650000 -11.000000
v -7.280001 0.620000 -11.029999
v -7.250001 0.180000 -11.000000
v -7.280001 0.180000 -11.029999
v -7.280001 0.150000 -11.000000
v -7.820001 0.180000 -11.029999
v -7.820001 0.650000 -11.000000
v -7.820001 0.620000 -11.029999
v -7.850001 0.620000 -10.999998
v -8.000000 0.197261 -9.739508
v -8.000000 0.602739 -9.739508
v -8.000000 0.602739 -10.639395
v -8.000000 0.197261 -10.639395
v -6.002027 0.602739 -10.639395
v -6.031427 0.573340 -10.609995
v -6.031427 0.226660 -10.609995
v -6.002027 0.197261 -10.639395
v -6.031427 0.226660 -9.768908
v -6.002027 0.197261 -9.739508
v -6.002027 0.602739 -9.739508
v -6.031427 0.573340 -9.768908
v -7.968574 0.573340 -9.768908
v -7.968574 0.226660 -9.768908
v -7.968574 0.226660 -10.609995
v -7.968574 0.573340 -10.609997
v -6.850000 0.080000 -8.999998
v -6.880001 0.050000 -8.999998
v -7.950000 0.320000 -9.000000
v -7.920001 0.350000 -9.000000
v -7.920001 0.320000 -8.969999
v -7.950000 0.080000 -9.000000
v -7.920001 0.080000 -8.969999
v -7.920001 0.050000 -9.000000
v -6.880001 0.080000 -8.969999
v -6.880001 0.350000 -9.000000
v -6.880001 0.320000 -8.969999
v -6.850000 0.320000 -8.999998
v -6.050001 0.587929 -8.843168
v -6.080000 0.559739 -8.832907
v -7.950000 0.907425 -8.959455
v -7.920001 0.935616 -8.969715
v -7.920001 0.917686 -8.931265
v -7.950000 0.587929 -8.843168
v -7.920001 0.598190 -8.814978
v -7.920001 0.559739 -8.832907
v -6.080000 0.598190 -8.814978
v -6.080000 0.935616 -8.969715
v -6.080000 0.917686 -8.931265
v -6.050001 0.907425 -8.959455
v -6.065001 0.505430 -9.025976
v -7.935000 0.853116 -9.152523
v -7.935000 0.505430 -9.025976
v -6.065001 0.853116 -9.152523
v -6.152720 0.819857 -8.899132
v -6.151651 0.704788 -8.857250
v -6.237484 0.622712 -8.827377
v -6.359938 0.621708 -8.827013
v -6.447281 0.702364 -8.856369
v -6.448350 0.817433 -8.898251
v -6.362517 0.899509 -8.928123
v -6.240063 0.900513 -8.928490
v -6.197555 0.829335 -8.817448
v -6.152720 0.840378 -8.842751
v -6.196812 0.749296 -8.788317
v -6.151651 0.725309 -8.800869
v -6.256515 0.692205 -8.767536
v -6.237484 0.643233 -8.770996
v -6.341691 0.691507 -8.767282
v -6.359938 0.642229 -8.770630
v -6.402446 0.747609 -8.787703
v -6.447281 0.722885 -8.799988
v -6.403189 0.827649 -8.816833
v -6.448350 0.837954 -8.841869
v -6.343486 0.884739 -8.837614
v -6.362517 0.920030 -8.871742
v -6.258310 0.885438 -8.837868
v -6.240063 0.921035 -8.872108
v -6.300001 0.771371 -8.849560
v -7.252153 0.842247 -8.916445
v -7.184503 0.778677 -8.893307
v -7.184503 0.688776 -8.860586
v -7.252153 0.625206 -8.837448
v -7.347824 0.625206 -8.837448
v -7.415473 0.688776 -8.860586
v -7.415473 0.778677 -8.893307
v -7.347824 0.842247 -8.916445
v -7.258625 0.854926 -8.835926
v -7.252153 0.862768 -8.860064
v -7.200128 0.799957 -8.815918
v -7.184503 0.799199 -8.836926
v -7.200128 0.722219 -8.787624
v -7.184503 0.709297 -8.804205
v -7.258625 0.667251 -8.767616
v -7.252153 0.645728 -8.781067
v -7.341352 0.667251 -8.767616
v -7.347824 0.645728 -8.781067
v -7.399848 0.722219 -8.787624
v -7.415473 0.709297 -8.804205
v -7.399848 0.799957 -8.815918
v -7.415473 0.799199 -8.836926
v -7.341352 0.854926 -8.835926
v -7.347824 0.862768 -8.860064
v -7.275647 0.840094 -8.790226
v -7.324330 0.840094 -8.790226
v -7.324330 0.707987 -8.742144
v -7.275647 0.707987 -8.742144
v -6.852159 0.842247 -8.916445
v -6.784510 0.778677 -8.893307
v -6.784510 0.688776 -8.860586
v -6.852159 0.625206 -8.837448
v -6.947830 0.625206 -8.837448
v -7.015479 0.688776 -8.860586
v -7.015479 0.778677 -8.893307
v -6.947830 0.842247 -8.916445
v -6.858631 0.854926 -8.835926
v -6.852159 0.862768 -8.860064
v -6.800135 0.799957 -8.815918
v -6.784510 0.799199 -8.836926
v -6.800135 0.722219 -8.787624
v -6.784510 0.709297 -8.804205
v -6.858631 0.667251 -8.767616
v -6.852159 0.645728 -8.781067
v -6.941358 0.667251 -8.767616
v -6.947830 0.645728 -8.781067
v -6.999855 0.722219 -8.787624
v -7.015479 0.709297 -8.804205
v -6.999855 0.799957 -8.815918
v -7.015479 0.799199 -8.836926
v -6.941358 0.854926 -8.835926
v -6.947830 0.862768 -8.860064
v -6.875653 0.840094 -8.790226
v -6.924336 0.840094 -8.790226
v -6.924336 0.707987 -8.742144
v -6.875653 0.707987 -8.742144
v -7.652162 0.842247 -8.916445
v -7.584512 0.778677 -8.893307
v -7.584512 0.688776 -8.860586
v -7.652162 0.625206 -8.837448
v -7.747833 0.625206 -8.837448
v -7.815482 0.688776 -8.860586
v -7.815482 0.778677 -8.893307
v -7.747833 0.842247 -8.916445
v -7.658634 0.854926 -8.835926
v -7.652162 0.862768 -8.860064
v -7.600137 0.799957 -8.815918
v -7.584512 0.799199 -8.836926
v -7.600137 0.722219 -8.787624
v -7.584512 0.709297 -8.804205
v -7.658634 0.667251 -8.767616
v -7.652162 0.645728 -8.781067
v -7.741361 0.667251 -8.767616
v -7.747833 0.645728 -8.781067
v -7.799857 0.722219 -8.787624
v -7.815482 0.709297 -8.804205
v -7.799857 0.799957 -8.815918
v -7.815482 0.799199 -8.836926
v -7.741361 0.854926 -8.835926
v -7.747833 0.862768 -8.860064
v -7.675656 0.840094 -8.790226
v -7.724339 0.840094 -8.790226
v -7.724339 0.707987 -8.742144
v -7.675656 0.707987 -8.742144
v -6.219211 0.803596 -8.861288
v -6.218625 0.740476 -8.838316
v -6.265707 0.695453 -8.821928
v -6.332879 0.694903 -8.821728
v -6.380791 0.739146 -8.837831
v -6.381377 0.802266 -8.860806
v -6.334294 0.847289 -8.877192
v -6.267123 0.847840 -8.877392
v -7.873001 0.930000 -9.126999
v -7.873001 0.930000 -10.872999
v -6.127000 0.930000 -9.126999
v -6.127000 0.930000 -10.872999
v -6.606215 1.090000 -9.510794
v -6.701675 1.090000 -9.606255
v -6.510757 1.090000 -9.606255
v -6.606215 1.090000 -9.701714
v -6.701675 1.157499 -9.606255
v -6.606215 1.157499 -9.701714
v -6.606215 1.167499 -9.510794
v -6.653946 1.200000 -9.558523
v -6.558486 1.200000 -9.653984
v -6.510757 1.167499 -9.606255
v -6.868118 1.200000 -9.813877
v -6.813771 1.200000 -9.868225
v -6.868118 1.164999 -9.813877
v -6.813771 1.164999 -9.868225
v -6.510786 1.077499 -10.393801
v -6.606246 1.077499 -10.298342
v -6.606246 1.077499 -10.489260
v -6.701705 1.077499 -10.393801
v -6.606246 1.157499 -10.298342
v -6.701705 1.157499 -10.393801
v -6.510786 1.167499 -10.393801
v -6.558517 1.200000 -10.346071
v -6.653975 1.200000 -10.441530
v -6.606246 1.167499 -10.489260
v -6.813839 1.200000 -10.131895
v -6.868188 1.200000 -10.186243
v -6.813839 1.164999 -10.131895
v -6.868188 1.164999 -10.186243
v -7.393797 1.077499 -10.489212
v -7.298337 1.077499 -10.393753
v -7.489255 1.077499 -10.393753
v -7.393797 1.077499 -10.298294
v -7.298337 1.157499 -10.393753
v -7.393797 1.157499 -10.298294
v -7.393797 1.167499 -10.489212
v -7.346066 1.200000 -10.441483
v -7.441526 1.200000 -10.346024
v -7.489255 1.167499 -10.393753
v -7.131868 1.200000 -10.186134
v -7.186216 1.200000 -10.131784
v -7.131868 1.164999 -10.186134
v -7.186216 1.164999 -10.131784
v -7.489227 1.090000 -9.606207
v -7.393767 1.090000 -9.701666
v -7.393767 1.090000 -9.510748
v -7.298307 1.090000 -9.606207
v -7.393767 1.157499 -9.701666
v -7.298307 1.157499 -9.606207
v -7.489227 1.167499 -9.606207
v -7.441496 1.200000 -9.653936
v -7.346036 1.200000 -9.558477
v -7.393767 1.167499 -9.510748
v -7.186147 1.200000 -9.868114
v -7.131798 1.200000 -9.813766
v -7.186147 1.164999 -9.868114
v -7.131798 1.164999 -9.813766
v -7.207346 1.139999 -10.055561
v -7.502046 1.090000 -10.134525
v -7.207346 1.139999 -9.944447
v -7.502046 1.090000 -9.865482
v -7.151791 1.139999 -9.848221
v -7.367526 1.090000 -9.632484
v -7.055563 1.139999 -9.792664
v -7.134528 1.090000 -9.497963
v -6.944450 1.139999 -9.792664
v -6.865486 1.090000 -9.497963
v -6.848224 1.139999 -9.848221
v -6.632488 1.090000 -9.632484
v -6.792666 1.139999 -9.944447
v -6.497966 1.089999 -9.865482
v -6.792666 1.139999 -10.055561
v -6.497966 1.089999 -10.134525
v -6.848224 1.139999 -10.151787
v -6.632488 1.089999 -10.367523
v -6.944450 1.139999 -10.207344
v -6.865484 1.089999 -10.502045
v -7.055563 1.139999 -10.207344
v -7.134528 1.089999 -10.502045
v -7.151791 1.139999 -10.151787
v -7.367526 1.090000 -10.367523
v -7.122299 1.139999 -10.456404
v -7.334115 1.139999 -10.334112
v -6.877715 1.139999 -10.456404
v -6.665898 1.139999 -10.334112
v -6.543607 1.139999 -10.122295
v -6.543607 1.139999 -9.877712
v -6.665899 1.139999 -9.665895
v -6.877715 1.139999 -9.543604
v -7.122299 1.140000 -9.543604
v -7.334115 1.140000 -9.665895
v -7.456407 1.140000 -9.877712
v -7.456407 1.139999 -10.122295
v -7.000006 1.173999 -10.000004
v -7.000006 1.173999 -10.084690
v -7.073347 1.173999 -10.042347
v -6.926666 1.174000 -10.042347
v -6.926666 1.174000 -9.957661
v -7.000006 1.173999 -9.915318
v -7.073347 1.173999 -9.957661
v -7.873001 1.075000 -9.126999
v -7.848001 1.100000 -9.151999
v -7.848001 1.100000 -10.848000
v -7.873001 1.075000 -10.872999
v -6.152000 1.100000 -10.848000
v -6.127000 1.075000 -10.872999
v -6.152000 1.100000 -9.151999
v -6.127000 1.075000 -9.126999
v -6.375598 1.090000 -9.932459
v -6.510599 1.090000 -9.932459
v -6.375599 1.090000 -10.067459
v -6.510598 1.090000 -10.067459
v -6.510599 1.157499 -9.932459
v -6.510598 1.157499 -10.067459
v -6.375598 1.167499 -9.932459
v -6.443099 1.200000 -9.932459
v -6.443099 1.200000 -10.067459
v -6.375599 1.167499 -10.067459
v -6.676309 1.207688 -9.944725
v -6.676310 1.207688 -10.055349
v -6.676309 1.157311 -9.944725
v -6.676310 1.157311 -10.055349
v -6.932499 1.077499 -10.624317
v -6.932499 1.077499 -10.489317
v -7.067500 1.077499 -10.624317
v -7.067500 1.077499 -10.489317
v -6.932499 1.157499 -10.489317
v -7.067500 1.157499 -10.489317
v -6.932499 1.167499 -10.624317
v -6.932500 1.200000 -10.556816
v -7.067499 1.200000 -10.556818
v -7.067500 1.167499 -10.624317
v -6.944726 1.207688 -10.323626
v -7.055352 1.207688 -10.323626
v -6.944726 1.157311 -10.323626
v -7.055352 1.157311 -10.323626
v -7.624350 1.077500 -10.067400
v -7.489349 1.077499 -10.067402
v -7.624349 1.077500 -9.932402
v -7.489349 1.077500 -9.932400
v -7.489349 1.157499 -10.067402
v -7.489349 1.157499 -9.932400
v -7.624350 1.167499 -10.067400
v -7.556849 1.200000 -10.067402
v -7.556849 1.200000 -9.932402
v -7.624349 1.167499 -9.932402
v -7.323597 1.207688 -10.055155
v -7.323596 1.207688 -9.944532
v -7.323597 1.157311 -10.055155
v -7.323596 1.157311 -9.944532
v -7.067449 1.090000 -9.375542
v -7.067448 1.090000 -9.510542
v -6.932448 1.090000 -9.375542
v -6.932448 1.090000 -9.510542
v -7.067448 1.157499 -9.510542
v -6.932448 1.157499 -9.510542
v -7.067449 1.167499 -9.375542
v -7.067448 1.200000 -9.443043
v -6.932447 1.200000 -9.443043
v -6.932448 1.167500 -9.375542
v -7.055179 1.207688 -9.676254
v -6.944554 1.207688 -9.676256
v -7.055179 1.157311 -9.676254
v -6.944554 1.157311 -9.676256
v -6.412806 1.097408 -9.274338
v -6.365804 1.116657 -9.299999
v -6.412806 1.097408 -9.325661
v -6.187225 1.097408 -9.274338
v -6.234227 1.116657 -9.299999
v -6.187225 1.097408 -9.325661
v -6.412806 1.097408 -9.354338
v -6.365804 1.116657 -9.379999
v -6.412806 1.097408 -9.405661
v -6.187225 1.097408 -9.354338
v -6.234227 1.116657 -9.379999
v -6.187225 1.097408 -9.405661
v -6.412806 1.097408 -9.194338
v -6.365804 1.116657 -9.219999
v -6.412806 1.097408 -9.245661
v -6.187225 1.097408 -9.194338
v -6.234227 1.116657 -9.219999
v -6.187225 1.097408 -9.245661
v -7.812806 1.097408 -9.274338
v -7.765804 1.116657 -9.299999
v -7.812806 1.097408 -9.325661
v -7.587225 1.097408 -9.274338
v -7.634227 1.116657 -9.299999
v -7.587225 1.097408 -9.325661
v -7.812806 1.097408 -9.354338
v -7.765804 1.116657 -9.379999
v -7.812806 1.097408 -9.405661
v -7.587225 1.097408 -9.354338
v -7.634227 1.116657 -9.379999
v -7.587225 1.097408 -9.405661
v -7.812806 1.097408 -9.194338
v -7.765804 1.116657 -9.219999
v -7.812806 1.097408 -9.245661
v -7.587225 1.097408 -9.194338
v -7.634227 1.116657 -9.219999
v -7.587225 1.097408 -9.245661
v -9.969999 0.000000 -9.029999
v -9.969999 0.030000 -9.000000
v -10.000000 0.030000 -9.029999
v -9.969999 0.770000 -9.000000
v -10.000000 0.770000 -9.029999
v -9.970000 -0.000000 -10.969999
v -10.000001 0.030000 -10.969999
v -9.970000 0.030000 -10.999998
v -9.970000 0.770000 -11.000000
v -10.000001 0.770000 -10.969999
v -8.030000 0.000000 -9.029999
v -8.000000 0.030000 -9.029999
v -8.030000 0.030000 -8.999998
v -8.030000 0.770000 -9.000000
v -8.000000 0.770000 -9.029999
v -8.030001 -0.000000 -10.969999
v -8.030001 0.030000 -10.999998
v -8.000001 0.030000 -10.969999
v -8.030001 0.800000 -10.969999
v -8.000001 0.770000 -10.969999
v -8.030001 0.770000 -11.000000
v -9.969999 0.800000 -9.029999
v -9.969999 0.830000 -9.000000
v -10.000000 0.830000 -9.029999
v -9.969999 1.000000 -9.000000
v -9.969999 1.030000 -9.029999
v -10.000000 1.000000 -9.029999
v -9.970000 0.800000 -10.969999
v -10.000001 0.830000 -10.969999
v -9.970000 0.830000 -11.000000
v -9.970000 1.030000 -10.969999
v -9.970000 1.000000 -11.000000
v -10.000001 1.000000 -10.969999
v -8.030000 0.800000 -9.029999
v -8.000000 0.830000 -9.029999
v -8.030000 0.830000 -9.000000
v -8.030000 1.030000 -9.029999
v -8.030000 1.000000 -9.000000
v -8.000000 1.000000 -9.029999
v -8.030001 0.830000 -11.000000
v -8.000001 0.830000 -10.969999
v -8.030001 1.030000 -10.969999
v -8.000001 1.000000 -10.969999
v -8.030001 1.000000 -11.000000
v -9.150001 0.180000 -10.999998
v -9.120001 0.150000 -10.999998
v -8.150001 0.620000 -11.000000
v -8.180001 0.650000 -11.000000
v -8.180001 0.620000 -11.029999
v -8.150002 0.180000 -11.000000
v -8.180001 0.180000 -11.029999
v -8.180001 0.150000 -11.000000
v -9.120001 0.180000 -11.029999
v -9.120001 0.650000 -10.999998
v -9.120001 0.620000 -11.029999
v -9.150001 0.620000 -10.999998
v -9.850001 0.180000 -10.999998
v -9.820001 0.150000 -10.999998
v -9.250001 0.620000 -11.000000
v -9.280001 0.650000 -11.000000
v -9.280001 0.620000 -11.029999
v -9.250001 0.180000 -11.000000
v -9.280001 0.180000 -11.029999
v -9.280001 0.150000 -11.000000
v -9.820001 0.180000 -11.029999
v -9.820001 0.650000 -11.000000
v -9.820001 0.620000 -11.029999
v -9.850001 0.620000 -10.999998
v -10.000000 0.197261 -9.739508
v -10.000000 0.602739 -9.739508
v -10.000000 0.602739 -10.639395
v -10.000000 0.197261 -10.639395
v -8.002027 0.602739 -10.639395
v -8.031426 0.573340 -10.609995
v -8.031426 0.226660 -10.609995
v -8.002027 0.197261 -10.639395
v -8.031426 0.226660 -9.768908
v -8.002027 0.197261 -9.739508
v -8.002027 0.602739 -9.739508
v -8.031426 0.573340 -9.768908
v -9.968573 0.573340 -9.768908
v -9.968573 0.226660 -9.768908
v -9.968573 0.226660 -10.609995
v -9.968573 0.573340 -10.609997
v -8.849999 0.080000 -8.999998
v -8.879999 0.050000 -8.999998
v -9.949999 0.320000 -9.000000
v -9.920000 0.350000 -9.000000
v -9.920000 0.320000 -8.969999
v -9.949999 0.080000 -9.000000
v -9.920000 0.080000 -8.969999
v -9.920000 0.050000 -9.000000
v -8.879999 0.080000 -8.969999
v -8.879999 0.350000 -9.000000
v -8.879999 0.320000 -8.969999
v -8.849999 0.320000 -8.999998
v -8.050000 0.587930 -8.843168
v -8.080000 0.559739 -8.832907
v -9.949999 0.907425 -8.959455
v -9.920000 0.935616 -8.969715
v -9.920000 0.917686 -8.931265
v -9.949999 0.587929 -8.843168
v -9.920000 0.598190 -8.814978
v -9.920000 0.559739 -8.832907
v -8.080000 0.598190 -8.814978
v -8.080000 0.935616 -8.969715
v -8.080000 0.917686 -8.931265
v -8.049999 0.907425 -8.959455
v -8.065000 0.505430 -9.025976
v -9.934999 0.853116 -9.152523
v -9.934999 0.505430 -9.025976
v -8.065000 0.853116 -9.152523
v -8.152719 0.819857 -8.899132
v -8.151650 0.704788 -8.857250
v -8.237483 0.622712 -8.827377
v -8.359937 0.621708 -8.827013
v -8.447281 0.702364 -8.856369
v -8.448349 0.817433 -8.898251
v -8.362516 0.899509 -8.928123
v -8.240063 0.900513 -8.928490
v -8.197555 0.829335 -8.817448
v -8.152719 0.840379 -8.842751
v -8.196812 0.749296 -8.788317
v -8.151650 0.725309 -8.800869
v -8.256515 0.692205 -8.767536
v -8.237483 0.643233 -8.770996
v -8.341691 0.691507 -8.767282
v -8.359937 0.642229 -8.770630
v -8.402445 0.747609 -8.787703
v -8.447281 0.722885 -8.799988
v -8.403189 0.827649 -8.816833
v -8.448349 0.837954 -8.841869
v -8.343485 0.884739 -8.837614
v -8.362516 0.920030 -8.871742
v -8.258309 0.885438 -8.837868
v -8.240063 0.921035 -8.872108
v -8.300000 0.771371 -8.849560
v -9.252151 0.842247 -8.916445
v -9.184502 0.778677 -8.893307
v -9.184502 0.688776 -8.860586
v -9.252151 0.625206 -8.837448
v -9.347822 0.625206 -8.837448
v -9.415472 0.688776 -8.860586
v -9.415472 0.778677 -8.893307
v -9.347822 0.842247 -8.916445
v -9.258624 0.854926 -8.835926
v -9.252151 0.862768 -8.860064
v -9.200127 0.799957 -8.815918
v -9.184502 0.799199 -8.836926
v -9.200127 0.722220 -8.787624
v -9.184502 0.709297 -8.804205
v -9.258624 0.667251 -8.767616
v -9.252151 0.645728 -8.781067
v -9.341351 0.667251 -8.767616
v -9.347822 0.645728 -8.781067
v -9.399847 0.722219 -8.787624
v -9.415472 0.709297 -8.804205
v -9.399847 0.799957 -8.815918
v -9.415472 0.799199 -8.836926
v -9.341351 0.854926 -8.835926
v -9.347822 0.862768 -8.860064
v -9.275646 0.840094 -8.790226
v -9.324329 0.840094 -8.790226
v -9.324329 0.707987 -8.742144
v -9.275646 0.707987 -8.742144
v -8.852158 0.842247 -8.916445
v -8.784509 0.778677 -8.893307
v -8.784509 0.688776 -8.860586
v -8.852158 0.625206 -8.837448
v -8.947828 0.625206 -8.837448
v -9.015478 0.688776 -8.860586
v -9.015478 0.778677 -8.893307
v -8.947828 0.842247 -8.916445
v -8.858630 0.854926 -8.835926
v -8.852158 0.862768 -8.860064
v -8.800134 0.799957 -8.815918
v -8.784509 0.799199 -8.836926
v -8.800134 0.722220 -8.787624
v -8.784509 0.709297 -8.804205
v -8.858630 0.667251 -8.767616
v -8.852158 0.645728 -8.781067
v -8.941357 0.667251 -8.767616
v -8.947828 0.645728 -8.781067
v -8.999853 0.722219 -8.787624
v -9.015478 0.709297 -8.804205
v -8.999853 0.799957 -8.815918
v -9.015478 0.799199 -8.836926
v -8.941357 0.854926 -8.835926
v -8.947828 0.862768 -8.860064
v -8.875652 0.840094 -8.790226
v -8.924335 0.840094 -8.790226
v -8.924335 0.707987 -8.742144
v -8.875652 0.707987 -8.742144
v -9.652161 0.842247 -8.916445
v -9.584511 0.778677 -8.893307
v -9.584511 0.688776 -8.860586
v -9.652161 0.625206 -8.837448
v -9.747831 0.625206 -8.837448
v -9.815481 0.688776 -8.860586
v -9.815481 0.778677 -8.893307
v -9.747831 0.842247 -8.916445
v -9.658633 0.854926 -8.835926
v -9.652161 0.862768 -8.860064
v -9.600136 0.799957 -8.815918
v -9.584511 0.799199 -8.836926
v -9.600136 0.722220 -8.787624
v -9.584511 0.709297 -8.804205
v -9.658633 0.667251 -8.767616
v -9.652161 0.645728 -8.781067
v -9.741360 0.667251 -8.767616
v -9.747831 0.645728 -8.781067
v -9.799856 0.722219 -8.787624
v -9.815481 0.709297 -8.804205
v -9.799856 0.799957 -8.815918
v -9.815481 0.799199 -8.836926
v -9.741360 0.854926 -8.835926
v -9.747831 0.862768 -8.860064
v -9.675655 0.840094 -8.790226
v -9.724339 0.840094 -8.790226
v -9.724339 0.707987 -8.742144
v -9.675655 0.707987 -8.742144
v -8.219210 0.803596 -8.861288
v -8.218624 0.740476 -8.838316
v -8.265707 0.695453 -8.821928
v -8.332878 0.694903 -8.821728
v -8.380790 0.739146 -8.837831
v -8.381376 0.802266 -8.860806
v -8.334293 0.847289 -8.877192
v -8.267122 0.847840 -8.877392
v -9.872999 0.930000 -9.126999
v -9.872999 0.930000 -10.872999
v -8.127000 0.930000 -9.126999
v -8.127000 0.930000 -10.872999
v -8.606215 1.090000 -9.510794
v -8.701674 1.090000 -9.606255
v -8.510756 1.090000 -9.606255
v -8.606215 1.090000 -9.701714
v -8.701674 1.157499 -9.606255
v -8.606215 1.157499 -9.701714
v -8.606215 1.167499 -9.510794
v -8.653945 1.200000 -9.558523
v -8.558485 1.200000 -9.653984
v -8.510756 1.167499 -9.606255
v -8.868117 1.200000 -9.813877
v -8.813770 1.200000 -9.868225
v -8.868117 1.164999 -9.813877
v -8.813770 1.164999 -9.868225
v -8.510785 1.077499 -10.393801
v -8.606245 1.077499 -10.298342
v -8.606245 1.077499 -10.489260
v -8.701704 1.077499 -10.393801
v -8.606245 1.157499 -10.298342
v -8.701704 1.157499 -10.393801
v -8.510785 1.167499 -10.393801
v -8.558516 1.200000 -10.346071
v -8.653974 1.200000 -10.441530
v -8.606245 1.167499 -10.489260
v -8.813839 1.200000 -10.131895
v -8.868187 1.200000 -10.186243
v -8.813839 1.164999 -10.131895
v -8.868187 1.164999 -10.186243
v -9.393797 1.077499 -10.489212
v -9.298336 1.077499 -10.393753
v -9.489254 1.077499 -10.393753
v -9.393797 1.077499 -10.298294
v -9.298336 1.157499 -10.393753
v -9.393797 1.157499 -10.298294
v -9.393797 1.167499 -10.489212
v -9.346066 1.200000 -10.441483
v -9.441525 1.200000 -10.346024
v -9.489254 1.167499 -10.393753
v -9.131867 1.200000 -10.186134
v -9.186214 1.200000 -10.131784
v -9.131867 1.164999 -10.186134
v -9.186214 1.164999 -10.131784
v -9.489225 1.090000 -9.606207
v -9.393766 1.090000 -9.701666
v -9.393766 1.090000 -9.510748
v -9.298306 1.090000 -9.606207
v -9.393766 1.157499 -9.701666
v -9.298306 1.157499 -9.606207
v -9.489225 1.167499 -9.606207
v -9.441495 1.200000 -9.653936
v -9.346035 1.200000 -9.558477
v -9.393766 1.167499 -9.510748
v -9.186146 1.200000 -9.868114
v -9.131798 1.200000 -9.813766
v -9.186146 1.164999 -9.868114
v -9.131798 1.164999 -9.813766
v -9.207346 1.139999 -10.055561
v -9.502045 1.089999 -10.134525
v -9.207346 1.139999 -9.944447
v -9.502045 1.090000 -9.865482
v -9.151790 1.139999 -9.848221
v -9.367525 1.090000 -9.632484
v -9.055563 1.140000 -9.792664
v -9.134527 1.090000 -9.497963
v -8.944449 1.140000 -9.792664
v -8.865485 1.090000 -9.497963
v -8.848223 1.140000 -9.848221
v -8.632487 1.090000 -9.632484
v -8.792665 1.140000 -9.944447
v -8.497966 1.090000 -9.865482
v -8.792665 1.139999 -10.055561
v -8.497966 1.090000 -10.134525
v -8.848223 1.139999 -10.151787
v -8.632487 1.090000 -10.367523
v -8.944449 1.139999 -10.207344
v -8.865483 1.090000 -10.502045
v -9.055563 1.140000 -10.207344
v -9.134527 1.090000 -10.502045
v -9.151790 1.139999 -10.151787
v -9.367525 1.089999 -10.367523
v -9.122297 1.139999 -10.456404
v -9.334114 1.139999 -10.334112
v -8.877714 1.139999 -10.456404
v -8.665897 1.139999 -10.334112
v -8.543606 1.139999 -10.122295
v -8.543606 1.139999 -9.877712
v -8.665898 1.140000 -9.665895
v -8.877714 1.140000 -9.543604
v -9.122297 1.140000 -9.543604
v -9.334114 1.139999 -9.665895
v -9.456406 1.139999 -9.877712
v -9.456406 1.139999 -10.122295
v -9.000006 1.173999 -10.000004
v -9.000006 1.174000 -10.084690
v -9.073345 1.174000 -10.042347
v -8.926664 1.174000 -10.042347
v -8.926664 1.174000 -9.957661
v -9.000006 1.174000 -9.915318
v -9.073345 1.174000 -9.957661
v -9.872999 1.075000 -9.126999
v -9.848000 1.100000 -9.151999
v -9.848000 1.100000 -10.848000
v -9.872999 1.075000 -10.872999
v -8.151999 1.100000 -10.848000
v -8.127000 1.075000 -10.872999
v -8.151999 1.100000 -9.151999
v -8.127000 1.075000 -9.126999
v -8.375598 1.090000 -9.932459
v -8.510598 1.090000 -9.932459
v -8.375599 1.090000 -10.067459
v -8.510597 1.090000 -10.067459
v -8.510598 1.157499 -9.932459
v -8.510597 1.157499 -10.067459
v -8.375598 1.167499 -9.932459
v -8.443098 1.200000 -9.932459
v -8.443098 1.200000 -10.067459
v -8.375599 1.167499 -10.067459
v -8.676308 1.207688 -9.944725
v -8.676310 1.207688 -10.055349
v -8.676308 1.157311 -9.944725
v -8.676310 1.157311 -10.055349
v -8.932498 1.077499 -10.624317
v -8.932499 1.077499 -10.489317
v -9.067499 1.077499 -10.624317
v -9.067499 1.077499 -10.489317
v -8.932499 1.157499 -10.489317
v -9.067499 1.157499 -10.489317
v -8.932498 1.167499 -10.624317
v -8.932499 1.200000 -10.556816
v -9.067498 1.200000 -10.556818
v -9.067499 1.167499 -10.624317
v -8.944725 1.207688 -10.323626
v -9.055351 1.207688 -10.323626
v -8.944725 1.157311 -10.323626
v -9.055351 1.157311 -10.323626
v -9.624349 1.077499 -10.067400
v -9.489348 1.077499 -10.067402
v -9.624348 1.077499 -9.932402
v -9.489348 1.077499 -9.932400
v -9.489348 1.157499 -10.067402
v -9.489348 1.157499 -9.932400
v -9.624349 1.167499 -10.067400
v -9.556849 1.200000 -10.067402
v -9.556849 1.200000 -9.932402
v -9.624348 1.167499 -9.932402
v -9.323596 1.207688 -10.055155
v -9.323595 1.207688 -9.944532
v -9.323596 1.157311 -10.055155
v -9.323595 1.157311 -9.944532
v -9.067448 1.090000 -9.375542
v -9.067448 1.090000 -9.510542
v -8.932447 1.090000 -9.375542
v -8.932447 1.090000 -9.510542
v -9.067448 1.157499 -9.510542
v -8.932447 1.157499 -9.510542
v -9.067448 1.167499 -9.375542
v -9.067447 1.200000 -9.443043
v -8.932446 1.200000 -9.443043
v -8.932447 1.167499 -9.375542
v -9.055178 1.207688 -9.676254
v -8.944553 1.207688 -9.676256
v -9.055178 1.157312 -9.676254
v -8.944553 1.157312 -9.676256
v -8.412806 1.097408 -9.274338
v -8.365804 1.116657 -9.299999
v -8.412806 1.097408 -9.325661
v -8.187224 1.097408 -9.274338
v -8.234226 1.116657 -9.299999
v -8.187224 1.097408 -9.325661
v -8.412806 1.097408 -9.354338
v -8.365804 1.116657 -9.379999
v -8.412806 1.097408 -9.405661
v -8.187224 1.097408 -9.354338
v -8.234226 1.116657 -9.379999
v -8.187224 1.097408 -9.405661
v -8.412806 1.097408 -9.194338
v -8.365804 1.116657 -9.219999
v -8.412806 1.097408 -9.245661
v -8.187224 1.097408 -9.194338
v -8.234226 1.116657 -9.219999
v -8.187224 1.097408 -9.245661
v -9.812805 1.097408 -9.274338
v -9.765803 1.116657 -9.299999
v -9.812805 1.097408 -9.325661
v -9.587225 1.097408 -9.274338
v -9.634226 1.116657 -9.299999
v -9.587225 1.097408 -9.325661
v -9.812805 1.097408 -9.354338
v -9.765803 1.116657 -9.379999
v -9.812805 1.097408 -9.405661
v -9.587225 1.097408 -9.354338
v -9.634226 1.116657 -9.379999
v -9.587225 1.097408 -9.405661
v -9.812805 1.097408 -9.194338
v -9.765803 1.116657 -9.219999
v -9.812805 1.097408 -9.245661
v -9.587225 1.097408 -9.194338
v -9.634226 1.116657 -9.219999
v -9.587225 1.097408 -9.245661
v 12.200002 0.000000 -2.998237
v 12.200002 0.800000 -2.998237
v 14.000001 -0.000000 -2.998237
v 14.000001 0.800000 -2.998237
v 12.200002 0.000000 -0.998237
v 12.200002 0.800000 -0.998237
v 14.000001 -0.000000 -0.998237
v 14.000001 0.800000 -0.998237
v 12.050002 1.000000 -2.998237
v 14.000001 1.000000 -2.998237
v 14.000001 1.000000 -0.998237
v 12.050002 1.000000 -0.998237
v 12.000001 0.950000 -0.998237
v 12.000001 0.950000 -2.998237
v 12.000001 0.850000 -0.998237
v 12.050000 0.800000 -0.998237
v 12.050002 0.800000 -2.998237
v 12.000001 0.850000 -2.998237
v 12.090001 0.100000 -2.858237
v 12.050000 0.140000 -2.858237
v 12.090001 0.140000 -2.898237
v 12.050000 0.360000 -2.858237
v 12.090001 0.400000 -2.858237
v 12.090001 0.360000 -2.898237
v 12.250001 0.100000 -2.858237
v 12.250001 0.140000 -2.898237
v 12.250001 0.360000 -2.898237
v 12.250001 0.400000 -2.858237
v 12.090001 0.100000 -1.138237
v 12.090001 0.140000 -1.098237
v 12.050000 0.140000 -1.138237
v 12.090001 0.400000 -1.138237
v 12.050000 0.360000 -1.138237
v 12.090001 0.360000 -1.098237
v 12.250001 0.140000 -1.098237
v 12.250001 0.100000 -1.138237
v 12.250001 0.400000 -1.138237
v 12.250001 0.360000 -1.098237
v 12.050000 0.440000 -2.858237
v 12.090001 0.440000 -2.898237
v 12.050002 0.660000 -2.858237
v 12.090001 0.700000 -2.858237
v 12.090001 0.660000 -2.898237
v 12.250001 0.440000 -2.898237
v 12.250001 0.660000 -2.898237
v 12.250001 0.700000 -2.858237
v 12.090001 0.440000 -1.098237
v 12.050000 0.440000 -1.138237
v 12.090001 0.700000 -1.138237
v 12.050002 0.660000 -1.138237
v 12.090001 0.660000 -1.098237
v 12.250001 0.440000 -1.098237
v 12.250001 0.700000 -1.138237
v 12.250001 0.660000 -1.098237
v 11.958098 0.550000 -1.998237
v 12.013206 0.603978 -2.052214
v 12.013206 0.550001 -2.074572
v 12.013206 0.496024 -2.052214
v 12.013206 0.473666 -1.998237
v 12.013206 0.496024 -1.944260
v 12.013206 0.550001 -1.921902
v 12.013206 0.603978 -1.944260
v 12.013206 0.626336 -1.998237
v 11.975915 0.591759 -2.039996
v 12.050496 0.591759 -2.039996
v 11.975915 0.550000 -2.057293
v 12.050496 0.550000 -2.057293
v 11.975915 0.508241 -2.039996
v 12.050496 0.508241 -2.039996
v 11.975915 0.490944 -1.998237
v 12.050496 0.490944 -1.998237
v 11.975915 0.508241 -1.956479
v 12.050496 0.508241 -1.956479
v 11.975915 0.550000 -1.939182
v 12.050496 0.550000 -1.939182
v 11.975915 0.591759 -1.956479
v 12.050496 0.591759 -1.956479
v 11.975915 0.609056 -1.998237
v 12.050496 0.609056 -1.998237
v 11.958098 0.250000 -1.998237
v 12.013206 0.303978 -2.052214
v 12.013206 0.250001 -2.074572
v 12.013206 0.196024 -2.052214
v 12.013206 0.173666 -1.998237
v 12.013206 0.196024 -1.944260
v 12.013206 0.250001 -1.921902
v 12.013206 0.303978 -1.944260
v 12.013206 0.326336 -1.998237
v 11.975915 0.291759 -2.039996
v 12.050496 0.291758 -2.039996
v 11.975915 0.250000 -2.057293
v 12.050496 0.250000 -2.057293
v 11.975915 0.208241 -2.039996
v 12.050496 0.208241 -2.039996
v 11.975915 0.190944 -1.998237
v 12.050496 0.190944 -1.998237
v 11.975915 0.208241 -1.956479
v 12.050496 0.208241 -1.956479
v 11.975915 0.250000 -1.939182
v 12.050496 0.250000 -1.939182
v 11.975915 0.291759 -1.956479
v 12.050496 0.291758 -1.956479
v 11.975915 0.309056 -1.998237
v 12.050496 0.309056 -1.998237
v -12.199999 0.000000 -0.998245
v -12.199999 0.800000 -0.998245
v -13.999999 -0.000000 -0.998245
v -13.999999 0.800000 -0.998245
v -12.199999 0.000000 -2.998245
v -12.199999 0.800000 -2.998245
v -13.999999 -0.000000 -2.998245
v -13.999999 0.800000 -2.998245
v -12.049999 1.000000 -0.998245
v -13.999999 1.000000 -0.998245
v -13.999999 1.000000 -2.998245
v -12.049999 1.000000 -2.998245
v -11.999999 0.950000 -2.998245
v -11.999999 0.950000 -0.998245
v -11.999999 0.850000 -2.998245
v -12.049999 0.800000 -2.998245
v -12.049999 0.800000 -0.998245
v -11.999999 0.850000 -0.998245
v -12.089999 0.100000 -1.138245
v -12.049999 0.140000 -1.138245
v -12.089999 0.140000 -1.098245
v -12.049999 0.360000 -1.138245
v -12.089999 0.400000 -1.138245
v -12.089999 0.360000 -1.098245
v -12.249999 0.100000 -1.138245
v -12.249999 0.140000 -1.098245
v -12.249999 0.360000 -1.098245
v -12.249999 0.400000 -1.138245
v -12.089999 0.100000 -2.858245
v -12.089999 0.140000 -2.898245
v -12.049999 0.140000 -2.858245
v -12.089999 0.400000 -2.858245
v -12.049999 0.360000 -2.858245
v -12.089999 0.360000 -2.898245
v -12.249999 0.140000 -2.898245
v -12.249999 0.100000 -2.858245
v -12.249999 0.400000 -2.858245
v -12.249999 0.360000 -2.898245
v -12.049999 0.440000 -1.138245
v -12.089999 0.440000 -1.098245
v -12.049999 0.660000 -1.138245
v -12.089999 0.700000 -1.138245
v -12.089999 0.660000 -1.098245
v -12.249999 0.440000 -1.098245
v -12.249999 0.660000 -1.098245
v -12.249999 0.700000 -1.138245
v -12.089999 0.440000 -2.898245
v -12.049999 0.440000 -2.858245
v -12.089999 0.700000 -2.858245
v -12.049999 0.660000 -2.858245
v -12.089999 0.660000 -2.898245
v -12.249999 0.440000 -2.898245
v -12.249999 0.700000 -2.858245
v -12.249999 0.660000 -2.898245
v -11.958096 0.550000 -1.998245
v -12.013204 0.603978 -1.944269
v -12.013204 0.550001 -1.921910
v -12.013204 0.496024 -1.944269
v -12.013204 0.473666 -1.998246
v -12.013204 0.496024 -2.052223
v -12.013204 0.550001 -2.074581
v -12.013204 0.603978 -2.052223
v -12.013204 0.626336 -1.998246
v -11.975913 0.591759 -1.956486
v -12.050493 0.591759 -1.956486
v -11.975913 0.550000 -1.939189
v -12.050493 0.550000 -1.939189
v -11.975913 0.508241 -1.956486
v -12.050493 0.508241 -1.956486
v -11.975913 0.490944 -1.998245
v -12.050493 0.490944 -1.998245
v -11.975913 0.508241 -2.040004
v -12.050493 0.508241 -2.040004
v -11.975913 0.550000 -2.057301
v -12.050493 0.550000 -2.057301
v -11.975913 0.591759 -2.040004
v -12.050493 0.591759 -2.040004
v -11.975913 0.609056 -1.998245
v -12.050493 0.609056 -1.998245
v -11.958096 0.250000 -1.998245
v -12.013204 0.303978 -1.944269
v -12.013204 0.250001 -1.921910
v -12.013204 0.196024 -1.944269
v -12.013204 0.173666 -1.998246
v -12.013204 0.196024 -2.052223
v -12.013204 0.250001 -2.074581
v -12.013204 0.303978 -2.052223
v -12.013204 0.326336 -1.998246
v -11.975913 0.291759 -1.956486
v -12.050493 0.291758 -1.956486
v -11.975913 0.250000 -1.939189
v -12.050493 0.250000 -1.939189
v -11.975913 0.208241 -1.956486
v -12.050493 0.208241 -1.956486
v -11.975913 0.190944 -1.998245
v -12.050493 0.190944 -1.998245
v -11.975913 0.208241 -2.040004
v -12.050493 0.208241 -2.040004
v -11.975913 0.250000 -2.057301
v -12.050493 0.250000 -2.057301
v -11.975913 0.291759 -2.040004
v -12.050493 0.291758 -2.040004
v -11.975913 0.309056 -1.998245
v -12.050493 0.309056 -1.998245
v -0.000000 0.000000 -9.198244
v -0.000000 0.800000 -9.198244
v -0.000000 -0.000000 -10.998245
v -0.000000 0.800000 -10.998245
v 2.000000 0.000000 -9.198244
v 2.000000 0.800000 -9.198244
v 2.000000 -0.000000 -10.998245
v 2.000000 0.800000 -10.998245
v -0.000000 1.000000 -9.048244
v -0.000000 1.000000 -10.998245
v 2.000000 1.000000 -10.998245
v 2.000000 1.000000 -9.048244
v 2.000000 0.950000 -8.998245
v -0.000000 0.950000 -8.998245
v 2.000000 0.850000 -8.998245
v 2.000000 0.800000 -9.048244
v -0.000000 0.800000 -9.048244
v -0.000000 0.850000 -8.998245
v 0.140000 0.100000 -9.088245
v 0.140000 0.140000 -9.048244
v 0.100000 0.140000 -9.088245
v 0.140000 0.360000 -9.048244
v 0.140000 0.400000 -9.088245
v 0.100000 0.360000 -9.088245
v 0.140000 0.100000 -9.248245
v 0.100000 0.140000 -9.248245
v 0.100000 0.360000 -9.248245
v 0.140000 0.400000 -9.248245
v 1.860001 0.100000 -9.088245
v 1.900000 0.140000 -9.088245
v 1.860001 0.140000 -9.048244
v 1.860000 0.400000 -9.088245
v 1.860001 0.360000 -9.048244
v 1.900000 0.360000 -9.088245
v 1.900000 0.140000 -9.248245
v 1.860001 0.100000 -9.248245
v 1.860000 0.400000 -9.248245
v 1.900000 0.360000 -9.248245
v 0.140000 0.440000 -9.048244
v 0.100000 0.440000 -9.088245
v 0.140000 0.660000 -9.048244
v 0.140000 0.700000 -9.088245
v 0.100000 0.660000 -9.088245
v 0.100000 0.440000 -9.248245
v 0.100000 0.660000 -9.248245
v 0.140000 0.700000 -9.248245
v 1.899999 0.440000 -9.088245
v 1.860000 0.440000 -9.048244
v 1.860000 0.700000 -9.088245
v 1.860000 0.660000 -9.048244
v 1.899999 0.660000 -9.088245
v 1.899999 0.440000 -9.248245
v 1.860000 0.700000 -9.248245
v 1.899999 0.660000 -9.248245
v 1.000000 0.550000 -8.956343
v 0.946023 0.603978 -9.011450
v 0.923665 0.550001 -9.011450
v 0.946023 0.496024 -9.011450
v 1.000000 0.473666 -9.011450
v 1.053978 0.496024 -9.011450
v 1.076336 0.550001 -9.011450
v 1.053978 0.603978 -9.011450
v 1.000000 0.626336 -9.011450
v 0.958241 0.591759 -8.974159
v 0.958241 0.591759 -9.048738
v 0.940944 0.550000 -8.974159
v 0.940944 0.550000 -9.048738
v 0.958241 0.508241 -8.974159
v 0.958241 0.508241 -9.048738
v 1.000000 0.490944 -8.974159
v 1.000000 0.490944 -9.048738
v 1.041758 0.508241 -8.974159
v 1.041758 0.508241 -9.048738
v 1.059055 0.550000 -8.974159
v 1.059055 0.550000 -9.048738
v 1.041758 0.591759 -8.974159
v 1.041758 0.591758 -9.048738
v 1.000000 0.609056 -8.974159
v 1.000000 0.609056 -9.048738
v 1.000000 0.250000 -8.956341
v 0.946023 0.303978 -9.011450
v 0.923665 0.250001 -9.011450
v 0.946023 0.196024 -9.011450
v 1.000000 0.173666 -9.011450
v 1.053977 0.196024 -9.011450
v 1.076336 0.250001 -9.011450
v 1.053977 0.303978 -9.011450
v 1.000000 0.326336 -9.011450
v 0.958241 0.291759 -8.974159
v 0.958241 0.291759 -9.048738
v 0.940944 0.250000 -8.974159
v 0.940944 0.250000 -9.048738
v 0.958241 0.208241 -8.974159
v 0.958241 0.208241 -9.048738
v 1.000000 0.190944 -8.974159
v 1.000000 0.190944 -9.048738
v 1.041759 0.208241 -8.974159
v 1.041759 0.208241 -9.048738
v 1.059055 0.250000 -8.974159
v 1.059055 0.250000 -9.048738
v 1.041759 0.291759 -8.974159
v 1.041759 0.291759 -9.048738
v 1.000000 0.309056 -8.974159
v 1.000000 0.309056 -9.048738
v -2.000000 0.000000 -9.198244
v -2.000000 0.800000 -9.198244
v -2.000000 -0.000000 -10.998245
v -2.000000 0.800000 -10.998245
v -0.000000 0.000000 -9.198244
v -0.000000 0.800000 -9.198244
v -0.000000 -0.000000 -10.998245
v -0.000000 0.800000 -10.998245
v -2.000000 1.000000 -9.048244
v -2.000000 1.000000 -10.998245
v -0.000000 1.000000 -10.998245
v -0.000000 1.000000 -9.048244
v -0.000000 0.950000 -8.998245
v -2.000000 0.950000 -8.998245
v -0.000000 0.850000 -8.998245
v -0.000000 0.800000 -9.048244
v -2.000000 0.800000 -9.048244
v -2.000000 0.850000 -8.998245
v -1.860000 0.100000 -9.088245
v -1.860000 0.140000 -9.048244
v -1.900000 0.140000 -9.088245
v -1.860000 0.360000 -9.048244
v -1.860000 0.400000 -9.088245
v -1.900000 0.360000 -9.088245
v -1.860000 0.100000 -9.248245
v -1.900000 0.140000 -9.248245
v -1.900000 0.360000 -9.248245
v -1.860000 0.400000 -9.248245
v -0.140000 0.100000 -9.088245
v -0.100000 0.140000 -9.088245
v -0.140000 0.140000 -9.048244
v -0.140000 0.400000 -9.088245
v -0.140000 0.360000 -9.048244
v -0.100000 0.360000 -9.088245
v -0.100000 0.140000 -9.248245
v -0.140000 0.100000 -9.248245
v -0.140000 0.400000 -9.248245
v -0.100000 0.360000 -9.248245
v -1.860000 0.440000 -9.048244
v -1.900000 0.440000 -9.088245
v -1.860000 0.660000 -9.048244
v -1.860000 0.700000 -9.088245
v -1.900000 0.660000 -9.088245
v -1.900000 0.440000 -9.248245
v -1.900000 0.660000 -9.248245
v -1.860000 0.700000 -9.248245
v -0.100000 0.440000 -9.088245
v -0.140000 0.440000 -9.048244
v -0.140000 0.700000 -9.088245
v -0.140000 0.660000 -9.048244
v -0.100000 0.660000 -9.088245
v -0.100000 0.440000 -9.248245
v -0.140000 0.700000 -9.248245
v -0.100000 0.660000 -9.248245
v -1.000000 0.550000 -8.956343
v -1.053977 0.603978 -9.011450
v -1.076335 0.550001 -9.011450
v -1.053977 0.496024 -9.011450
v -1.000000 0.473666 -9.011450
v -0.946022 0.496024 -9.011450
v -0.923664 0.550001 -9.011450
v -0.946022 0.603978 -9.011450
v -1.000000 0.626336 -9.011450
v -1.041759 0.591759 -8.974159
v -1.041759 0.591759 -9.048738
v -1.059056 0.550000 -8.974159
v -1.059056 0.550000 -9.048738
v -1.041759 0.508241 -8.974159
v -1.041759 0.508241 -9.048738
v -1.000000 0.490944 -8.974159
v -1.000000 0.490944 -9.048738
v -0.958242 0.508241 -8.974159
v -0.958242 0.508241 -9.048738
v -0.940945 0.550000 -8.974159
v -0.940945 0.550000 -9.048738
v -0.958242 0.591759 -8.974159
v -0.958242 0.591758 -9.048738
v -1.000000 0.609056 -8.974159
v -1.000000 0.609056 -9.048738
v -1.000000 0.250000 -8.956341
v -1.053977 0.303978 -9.011450
v -1.076335 0.250001 -9.011450
v -1.053977 0.196024 -9.011450
v -1.000000 0.173666 -9.011450
v -0.946023 0.196024 -9.011450
v -0.923664 0.250001 -9.011450
v -0.946023 0.303978 -9.011450
v -1.000000 0.326336 -9.011450
v -1.041759 0.291759 -8.974159
v -1.041759 0.291758 -9.048738
v -1.059056 0.250000 -8.974159
v -1.059056 0.250000 -9.048738
v -1.041759 0.208241 -8.974159
v -1.041759 0.208241 -9.048738
v -1.000000 0.190944 -8.974159
v -1.000000 0.190944 -9.048738
v -0.958242 0.208241 -8.974159
v -0.958242 0.208241 -9.048738
v -0.940945 0.250000 -8.974159
v -0.940945 0.250000 -9.048738
v -0.958242 0.291759 -8.974159
v -0.958242 0.291759 -9.048738
v -1.000000 0.309056 -8.974159
v -1.000000 0.309056 -9.048738
v -11.999999 0.000000 -9.198245
v -11.999999 0.800000 -9.198245
v -12.000000 -0.000000 -10.998244
v -12.000000 0.800000 -10.998244
v -9.999999 0.000000 -9.198246
v -9.999999 0.800000 -9.198246
v -10.000000 -0.000000 -10.998245
v -10.000000 0.800000 -10.998245
v -11.999999 1.000000 -9.048245
v -12.000000 1.000000 -10.998244
v -10.000000 1.000000 -10.998245
v -9.999999 1.000000 -9.048246
v -9.999999 0.950000 -8.998245
v -11.999999 0.950000 -8.998244
v -9.999999 0.850000 -8.998245
v -9.999999 0.800000 -9.048246
v -11.999999 0.800000 -9.048245
v -11.999999 0.850000 -8.998244
v -11.859999 0.100000 -9.088244
v -11.859999 0.140000 -9.048245
v -11.900000 0.140000 -9.088244
v -11.859999 0.360000 -9.048245
v -11.859999 0.400000 -9.088244
v -11.900000 0.360000 -9.088244
v -11.859999 0.100000 -9.248244
v -11.900000 0.140000 -9.248244
v -11.900000 0.360000 -9.248244
v -11.859999 0.400000 -9.248244
v -10.139999 0.100000 -9.088245
v -10.099998 0.140000 -9.088245
v -10.139999 0.140000 -9.048246
v -10.139999 0.400000 -9.088245
v -10.139999 0.360000 -9.048246
v -10.099998 0.360000 -9.088245
v -10.099998 0.140000 -9.248245
v -10.139999 0.100000 -9.248245
v -10.139999 0.400000 -9.248245
v -10.099998 0.360000 -9.248245
v -11.859999 0.440000 -9.048245
v -11.900000 0.440000 -9.088244
v -11.859999 0.660000 -9.048245
v -11.859999 0.700000 -9.088244
v -11.899999 0.660000 -9.088244
v -11.900000 0.440000 -9.248244
v -11.899999 0.660000 -9.248244
v -11.859999 0.700000 -9.248244
v -10.099998 0.440000 -9.088245
v -10.139999 0.440000 -9.048246
v -10.139999 0.700000 -9.088245
v -10.139999 0.660000 -9.048246
v -10.099998 0.660000 -9.088245
v -10.099998 0.440000 -9.248245
v -10.139999 0.700000 -9.248245
v -10.099998 0.660000 -9.248245
v -10.999999 0.550000 -8.956342
v -11.053976 0.603978 -9.011449
v -11.076334 0.550001 -9.011449
v -11.053976 0.496024 -9.011449
v -10.999998 0.473666 -9.011449
v -10.946022 0.496024 -9.011449
v -10.923663 0.550001 -9.011449
v -10.946022 0.603978 -9.011449
v -10.999998 0.626336 -9.011449
v -11.041758 0.591759 -8.974158
v -11.041758 0.591759 -9.048739
v -11.059055 0.550000 -8.974158
v -11.059055 0.550000 -9.048739
v -11.041758 0.508241 -8.974158
v -11.041758 0.508241 -9.048739
v -10.999999 0.490944 -8.974158
v -10.999999 0.490944 -9.048739
v -10.958241 0.508241 -8.974158
v -10.958241 0.508241 -9.048739
v -10.940944 0.550000 -8.974158
v -10.940944 0.550000 -9.048739
v -10.958241 0.591759 -8.974158
v -10.958241 0.591758 -9.048739
v -10.999999 0.609056 -8.974158
v -10.999999 0.609056 -9.048739
v -10.999999 0.250000 -8.956342
v -11.053976 0.303978 -9.011449
v -11.076334 0.250001 -9.011449
v -11.053976 0.196024 -9.011449
v -10.999999 0.173666 -9.011449
v -10.946022 0.196024 -9.011449
v -10.923664 0.250001 -9.011449
v -10.946022 0.303978 -9.011449
v -10.999998 0.326336 -9.011449
v -11.041758 0.291759 -8.974158
v -11.041758 0.291759 -9.048739
v -11.059055 0.250000 -8.974158
v -11.059055 0.250000 -9.048739
v -11.041758 0.208241 -8.974158
v -11.041758 0.208241 -9.048739
v -10.999999 0.190944 -8.974158
v -10.999999 0.190944 -9.048739
v -10.958241 0.208241 -8.974158
v -10.958241 0.208241 -9.048739
v -10.940944 0.250000 -8.974158
v -10.940944 0.250000 -9.048739
v -10.958241 0.291759 -8.974158
v -10.958241 0.291759 -9.048739
v -10.999999 0.309056 -8.974158
v -10.999999 0.309056 -9.048739
v 10.000001 0.000000 -9.198244
v 10.000001 0.800000 -9.198244
v 10.000000 -0.000000 -10.998243
v 10.000000 0.800000 -10.998243
v 12.000001 0.000000 -9.198245
v 12.000001 0.800000 -9.198245
v 12.000000 -0.000000 -10.998244
v 12.000000 0.800000 -10.998244
v 10.000001 1.000000 -9.048244
v 10.000000 1.000000 -10.998243
v 12.000000 1.000000 -10.998244
v 12.000001 1.000000 -9.048245
v 12.000001 0.950000 -8.998244
v 10.000001 0.950000 -8.998243
v 12.000001 0.850000 -8.998244
v 12.000001 0.800000 -9.048245
v 10.000001 0.800000 -9.048244
v 10.000001 0.850000 -8.998243
v 10.140000 0.100000 -9.088243
v 10.140000 0.140000 -9.048244
v 10.100001 0.140000 -9.088243
v 10.140000 0.360000 -9.048244
v 10.140000 0.400000 -9.088243
v 10.100001 0.360000 -9.088243
v 10.140000 0.100000 -9.248243
v 10.100001 0.140000 -9.248243
v 10.100001 0.360000 -9.248243
v 10.140000 0.400000 -9.248243
v 11.860002 0.100000 -9.088244
v 11.900001 0.140000 -9.088244
v 11.860002 0.140000 -9.048245
v 11.860002 0.400000 -9.088244
v 11.860002 0.360000 -9.048245
v 11.900001 0.360000 -9.088244
v 11.900001 0.140000 -9.248244
v 11.860002 0.100000 -9.248244
v 11.860002 0.400000 -9.248244
v 11.900001 0.360000 -9.248244
v 10.140000 0.440000 -9.048244
v 10.100001 0.440000 -9.088243
v 10.140000 0.660000 -9.048244
v 10.140000 0.700000 -9.088243
v 10.100001 0.660000 -9.088243
v 10.100001 0.440000 -9.248243
v 10.100001 0.660000 -9.248243
v 10.140000 0.700000 -9.248243
v 11.900001 0.440000 -9.088244
v 11.860002 0.440000 -9.048245
v 11.860002 0.700000 -9.088244
v 11.860002 0.660000 -9.048245
v 11.900001 0.660000 -9.088244
v 11.900001 0.440000 -9.248244
v 11.860002 0.700000 -9.248244
v 11.900001 0.660000 -9.248244
v 11.000001 0.550000 -8.956342
v 10.946025 0.603978 -9.011449
v 10.923667 0.550001 -9.011449
v 10.946025 0.496024 -9.011449
v 11.000001 0.473666 -9.011449
v 11.053979 0.496024 -9.011449
v 11.076337 0.550001 -9.011449
v 11.053979 0.603978 -9.011449
v 11.000001 0.626336 -9.011449
v 10.958241 0.591759 -8.974158
v 10.958241 0.591759 -9.048739
v 10.940946 0.550000 -8.974158
v 10.940946 0.550000 -9.048739
v 10.958241 0.508241 -8.974158
v 10.958241 0.508241 -9.048739
v 11.000001 0.490944 -8.974158
v 11.000001 0.490944 -9.048739
v 11.041759 0.508241 -8.974158
v 11.041759 0.508241 -9.048739
v 11.059056 0.550000 -8.974158
v 11.059056 0.550000 -9.048739
v 11.041759 0.591759 -8.974158
v 11.041759 0.591758 -9.048739
v 11.000001 0.609056 -8.974158
v 11.000001 0.609056 -9.048739
v 11.000001 0.250000 -8.956342
v 10.946025 0.303978 -9.011449
v 10.923667 0.250001 -9.011449
v 10.946025 0.196024 -9.011449
v 11.000001 0.173666 -9.011449
v 11.053979 0.196024 -9.011449
v 11.076337 0.250001 -9.011449
v 11.053979 0.303978 -9.011449
v 11.000001 0.326336 -9.011449
v 10.958241 0.291759 -8.974158
v 10.958241 0.291759 -9.048739
v 10.940946 0.250000 -8.974158
v 10.940946 0.250000 -9.048739
v 10.958241 0.208241 -8.974158
v 10.958241 0.208241 -9.048739
v 11.000001 0.190944 -8.974158
v 11.000001 0.190944 -9.048739
v 11.041759 0.208241 -8.974158
v 11.041759 0.208241 -9.048739
v 11.059056 0.250000 -8.974158
v 11.059056 0.250000 -9.048739
v 11.041759 0.291759 -8.974158
v 11.041759 0.291759 -9.048739
v 11.000001 0.309056 -8.974158
v 11.000001 0.309056 -9.048739
v 12.200002 0.000000 -6.998238
v 12.200002 0.800000 -6.998238
v 14.000001 -0.000000 -6.998238
v 14.000001 0.800000 -6.998238
v 12.200002 0.000000 -4.998238
v 12.200002 0.800000 -4.998238
v 14.000001 -0.000000 -4.998238
v 14.000001 0.800000 -4.998238
v 12.050002 1.000000 -6.998238
v 14.000001 1.000000 -6.998238
v 14.000001 1.000000 -4.998238
v 12.050002 1.000000 -4.998238
v 12.000001 0.950000 -4.998238
v 12.000001 0.950000 -6.998238
v 12.000001 0.850000 -4.998238
v 12.050000 0.800000 -4.998238
v 12.050002 0.800000 -6.998238
v 12.000001 0.850000 -6.998238
v 12.090001 0.100000 -6.858237
v 12.050000 0.140000 -6.858237
v 12.090001 0.140000 -6.898237
v 12.050000 0.360000 -6.858237
v 12.090001 0.400000 -6.858237
v 12.090001 0.360000 -6.898237
v 12.250001 0.100000 -6.858237
v 12.250001 0.140000 -6.898237
v 12.250001 0.360000 -6.898237
v 12.250001 0.400000 -6.858237
v 12.090001 0.100000 -5.138238
v 12.090001 0.140000 -5.098237
v 12.050000 0.140000 -5.138238
v 12.090001 0.400000 -5.138238
v 12.050000 0.360000 -5.138238
v 12.090001 0.360000 -5.098237
v 12.250001 0.140000 -5.098237
v 12.250001 0.100000 -5.138238
v 12.250001 0.400000 -5.138238
v 12.250001 0.360000 -5.098237
v 12.050000 0.440000 -6.858237
v 12.090001 0.440000 -6.898237
v 12.050002 0.660000 -6.858237
v 12.090001 0.700000 -6.858237
v 12.090001 0.660000 -6.898237
v 12.250001 0.440000 -6.898237
v 12.250001 0.660000 -6.898237
v 12.250001 0.700000 -6.858237
v 12.090001 0.440000 -5.098237
v 12.050000 0.440000 -5.138238
v 12.090001 0.700000 -5.138238
v 12.050002 0.660000 -5.138238
v 12.090001 0.660000 -5.098237
v 12.250001 0.440000 -5.098237
v 12.250001 0.700000 -5.138238
v 12.250001 0.660000 -5.098237
v 11.958098 0.550000 -5.998238
v 12.013206 0.603978 -6.052215
v 12.013206 0.550001 -6.074573
v 12.013206 0.496024 -6.052215
v 12.013206 0.473666 -5.998238
v 12.013206 0.496024 -5.944261
v 12.013206 0.550001 -5.921902
v 12.013206 0.603978 -5.944261
v 12.013206 0.626336 -5.998238
v 11.975915 0.591759 -6.039996
v 12.050496 0.591759 -6.039996
v 11.975915 0.550000 -6.057294
v 12.050496 0.550000 -6.057294
v 11.975915 0.508241 -6.039996
v 12.050496 0.508241 -6.039996
v 11.975915 0.490944 -5.998238
v 12.050496 0.490944 -5.998238
v 11.975915 0.508241 -5.956479
v 12.050496 0.508241 -5.956479
v 11.975915 0.550000 -5.939182
v 12.050496 0.550000 -5.939182
v 11.975915 0.591759 -5.956479
v 12.050496 0.591759 -5.956479
v 11.975915 0.609056 -5.998238
v 12.050496 0.609056 -5.998238
v 11.958098 0.250000 -5.998238
v 12.013206 0.303978 -6.052215
v 12.013206 0.250001 -6.074573
v 12.013206 0.196024 -6.052215
v 12.013206 0.173666 -5.998238
v 12.013206 0.196024 -5.944261
v 12.013206 0.250001 -5.921902
v 12.013206 0.303978 -5.944261
v 12.013206 0.326336 -5.998238
v 11.975915 0.291759 -6.039996
v 12.050496 0.291758 -6.039996
v 11.975915 0.250000 -6.057294
v 12.050496 0.250000 -6.057294
v 11.975915 0.208241 -6.039996
v 12.050496 0.208241 -6.039996
v 11.975915 0.190944 -5.998238
v 12.050496 0.190944 -5.998238
v 11.975915 0.208241 -5.956479
v 12.050496 0.208241 -5.956479
v 11.975915 0.250000 -5.939182
v 12.050496 0.250000 -5.939182
v 11.975915 0.291759 -5.956479
v 12.050496 0.291758 -5.956479
v 11.975915 0.309056 -5.998238
v 12.050496 0.309056 -5.998238
v 12.200002 0.000000 -8.998239
v 12.200002 0.800000 -8.998239
v 14.000001 -0.000000 -8.998239
v 14.000001 0.800000 -8.998239
v 12.200002 0.000000 -6.998238
v 12.200002 0.800000 -6.998238
v 14.000001 -0.000000 -6.998238
v 14.000001 0.800000 -6.998238
v 12.050002 1.000000 -8.998239
v 14.000001 1.000000 -8.998239
v 14.000001 1.000000 -6.998238
v 12.050002 1.000000 -6.998238
v 12.000001 0.950000 -6.998238
v 12.000001 0.950000 -8.998239
v 12.000001 0.850000 -6.998238
v 12.050000 0.800000 -6.998238
v 12.050002 0.800000 -8.998239
v 12.000001 0.850000 -8.998239
v 12.090001 0.100000 -8.858237
v 12.050000 0.140000 -8.858237
v 12.090001 0.140000 -8.898238
v 12.050000 0.360000 -8.858237
v 12.090001 0.400000 -8.858237
v 12.090001 0.360000 -8.898238
v 12.250001 0.100000 -8.858237
v 12.250001 0.140000 -8.898238
v 12.250001 0.360000 -8.898238
v 12.250001 0.400000 -8.858237
v 12.090001 0.100000 -7.138238
v 12.090001 0.140000 -7.098237
v 12.050000 0.140000 -7.138238
v 12.090001 0.400000 -7.138238
v 12.050000 0.360000 -7.138238
v 12.090001 0.360000 -7.098237
v 12.250001 0.140000 -7.098237
v 12.250001 0.100000 -7.138238
v 12.250001 0.400000 -7.138238
v 12.250001 0.360000 -7.098237
v 12.050000 0.440000 -8.858237
v 12.090001 0.440000 -8.898238
v 12.050002 0.660000 -8.858237
v 12.090001 0.700000 -8.858237
v 12.090001 0.660000 -8.898238
v 12.250001 0.440000 -8.898238
v 12.250001 0.660000 -8.898238
v 12.250001 0.700000 -8.858237
v 12.090001 0.440000 -7.098237
v 12.050000 0.440000 -7.138238
v 12.090001 0.700000 -7.138238
v 12.050002 0.660000 -7.138238
v 12.090001 0.660000 -7.098237
v 12.250001 0.440000 -7.098237
v 12.250001 0.700000 -7.138238
v 12.250001 0.660000 -7.098237
v 11.958098 0.550000 -7.998238
v 12.013206 0.603978 -8.052215
v 12.013206 0.550001 -8.074573
v 12.013206 0.496024 -8.052215
v 12.013206 0.473666 -7.998238
v 12.013206 0.496024 -7.944261
v 12.013206 0.550001 -7.921902
v 12.013206 0.603978 -7.944261
v 12.013206 0.626336 -7.998238
v 11.975915 0.591759 -8.039996
v 12.050496 0.591759 -8.039996
v 11.975915 0.550000 -8.057294
v 12.050496 0.550000 -8.057294
v 11.975915 0.508241 -8.039996
v 12.050496 0.508241 -8.039996
v 11.975915 0.490944 -7.998238
v 12.050496 0.490944 -7.998238
v 11.975915 0.508241 -7.956479
v 12.050496 0.508241 -7.956479
v 11.975915 0.550000 -7.939182
v 12.050496 0.550000 -7.939182
v 11.975915 0.591759 -7.956479
v 12.050496 0.591759 -7.956479
v 11.975915 0.609056 -7.998238
v 12.050496 0.609056 -7.998238
v 11.958098 0.250000 -7.998238
v 12.013206 0.303978 -8.052215
v 12.013206 0.250001 -8.074573
v 12.013206 0.196024 -8.052215
v 12.013206 0.173666 -7.998238
v 12.013206 0.196024 -7.944261
v 12.013206 0.250001 -7.921902
v 12.013206 0.303978 -7.944261
v 12.013206 0.326336 -7.998238
v 11.975915 0.291759 -8.039996
v 12.050496 0.291758 -8.039996
v 11.975915 0.250000 -8.057294
v 12.050496 0.250000 -8.057294
v 11.975915 0.208241 -8.039996
v 12.050496 0.208241 -8.039996
v 11.975915 0.190944 -7.998238
v 12.050496 0.190944 -7.998238
v 11.975915 0.208241 -7.956479
v 12.050496 0.208241 -7.956479
v 11.975915 0.250000 -7.939182
v 12.050496 0.250000 -7.939182
v 11.975915 0.291759 -7.956479
v 12.050496 0.291758 -7.956479
v 11.975915 0.309056 -7.998238
v 12.050496 0.309056 -7.998238
v 12.200002 0.000000 3.001762
v 12.200002 0.800000 3.001762
v 14.000001 -0.000000 3.001763
v 14.000001 0.800000 3.001763
v 12.200002 0.000000 5.001762
v 12.200002 0.800000 5.001762
v 14.000001 -0.000000 5.001762
v 14.000001 0.800000 5.001762
v 12.050002 1.000000 3.001762
v 14.000001 1.000000 3.001763
v 14.000001 1.000000 5.001762
v 12.050002 1.000000 5.001762
v 12.000001 0.950000 5.001762
v 12.000001 0.950000 3.001762
v 12.000001 0.850000 5.001762
v 12.050000 0.800000 5.001762
v 12.050002 0.800000 3.001762
v 12.000001 0.850000 3.001762
v 12.090001 0.100000 3.141763
v 12.050000 0.140000 3.141763
v 12.090001 0.140000 3.101763
v 12.050000 0.360000 3.141763
v 12.090001 0.400000 3.141763
v 12.090001 0.360000 3.101763
v 12.250001 0.100000 3.141763
v 12.250001 0.140000 3.101763
v 12.250001 0.360000 3.101763
v 12.250001 0.400000 3.141763
v 12.090001 0.100000 4.861763
v 12.090001 0.140000 4.901763
v 12.050000 0.140000 4.861763
v 12.090001 0.400000 4.861763
v 12.050000 0.360000 4.861763
v 12.090001 0.360000 4.901763
v 12.250001 0.140000 4.901763
v 12.250001 0.100000 4.861763
v 12.250001 0.400000 4.861763
v 12.250001 0.360000 4.901763
v 12.050000 0.440000 3.141763
v 12.090001 0.440000 3.101763
v 12.050002 0.660000 3.141763
v 12.090001 0.700000 3.141763
v 12.090001 0.660000 3.101763
v 12.250001 0.440000 3.101763
v 12.250001 0.660000 3.101763
v 12.250001 0.700000 3.141763
v 12.090001 0.440000 4.901763
v 12.050000 0.440000 4.861763
v 12.090001 0.700000 4.861763
v 12.050002 0.660000 4.861763
v 12.090001 0.660000 4.901763
v 12.250001 0.440000 4.901763
v 12.250001 0.700000 4.861763
v 12.250001 0.660000 4.901763
v 11.958098 0.550000 4.001762
v 12.013206 0.603978 3.947786
v 12.013206 0.550001 3.925428
v 12.013206 0.496024 3.947786
v 12.013206 0.473666 4.001763
v 12.013206 0.496024 4.055740
v 12.013206 0.550001 4.078098
v 12.013206 0.603978 4.055740
v 12.013206 0.626336 4.001763
v 11.975915 0.591759 3.960004
v 12.050496 0.591759 3.960004
v 11.975915 0.550000 3.942707
v 12.050496 0.550000 3.942707
v 11.975915 0.508241 3.960004
v 12.050496 0.508241 3.960004
v 11.975915 0.490944 4.001762
v 12.050496 0.490944 4.001762
v 11.975915 0.508241 4.043521
v 12.050496 0.508241 4.043521
v 11.975915 0.550000 4.060818
v 12.050496 0.550000 4.060818
v 11.975915 0.591759 4.043521
v 12.050496 0.591759 4.043521
v 11.975915 0.609056 4.001762
v 12.050496 0.609056 4.001762
v 11.958098 0.250000 4.001762
v 12.013206 0.303978 3.947786
v 12.013206 0.250001 3.925428
v 12.013206 0.196024 3.947786
v 12.013206 0.173666 4.001763
v 12.013206 0.196024 4.055740
v 12.013206 0.250001 4.078098
v 12.013206 0.303978 4.055740
v 12.013206 0.326336 4.001763
v 11.975915 0.291759 3.960004
v 12.050496 0.291758 3.960004
v 11.975915 0.250000 3.942707
v 12.050496 0.250000 3.942707
v 11.975915 0.208241 3.960004
v 12.050496 0.208241 3.960004
v 11.975915 0.190944 4.001762
v 12.050496 0.190944 4.001762
v 11.975915 0.208241 4.043521
v 12.050496 0.208241 4.043521
v 11.975915 0.250000 4.060818
v 12.050496 0.250000 4.060818
v 11.975915 0.291759 4.043521
v 12.050496 0.291758 4.043521
v 11.975915 0.309056 4.001762
v 12.050496 0.309056 4.001762
v 12.200002 0.000000 1.001762
v 12.200002 0.800000 1.001762
v 14.000001 -0.000000 1.001762
v 14.000001 0.800000 1.001762
v 12.200002 0.000000 3.001762
v 12.200002 0.800000 3.001762
v 14.000001 -0.000000 3.001762
v 14.000001 0.800000 3.001762
v 12.050002 1.000000 1.001762
v 14.000001 1.000000 1.001762
v 14.000001 1.000000 3.001762
v 12.050002 1.000000 3.001762
v 12.000001 0.950000 3.001762
v 12.000001 0.950000 1.001762
v 12.000001 0.850000 3.001762
v 12.050000 0.800000 3.001762
v 12.050002 0.800000 1.001762
v 12.000001 0.850000 1.001762
v 12.090001 0.100000 1.141763
v 12.050000 0.140000 1.141763
v 12.090001 0.140000 1.101763
v 12.050000 0.360000 1.141763
v 12.090001 0.400000 1.141763
v 12.090001 0.360000 1.101763
v 12.250001 0.100000 1.141763
v 12.250001 0.140000 1.101763
v 12.250001 0.360000 1.101763
v 12.250001 0.400000 1.141763
v 12.090001 0.100000 2.861763
v 12.090001 0.140000 2.901763
v 12.050000 0.140000 2.861763
v 12.090001 0.400000 2.861763
v 12.050000 0.360000 2.861763
v 12.090001 0.360000 2.901763
v 12.250001 0.140000 2.901763
v 12.250001 0.100000 2.861763
v 12.250001 0.400000 2.861763
v 12.250001 0.360000 2.901763
v 12.050000 0.440000 1.141763
v 12.090001 0.440000 1.101763
v 12.050002 0.660000 1.141763
v 12.090001 0.700000 1.141763
v 12.090001 0.660000 1.101763
v 12.250001 0.440000 1.101763
v 12.250001 0.660000 1.101763
v 12.250001 0.700000 1.141763
v 12.090001 0.440000 2.901763
v 12.050000 0.440000 2.861763
v 12.090001 0.700000 2.861763
v 12.050002 0.660000 2.861763
v 12.090001 0.660000 2.901763
v 12.250001 0.440000 2.901763
v 12.250001 0.700000 2.861763
v 12.250001 0.660000 2.901763
v 11.958098 0.550000 2.001762
v 12.013206 0.603978 1.947786
v 12.013206 0.550001 1.925428
v 12.013206 0.496024 1.947786
v 12.013206 0.473666 2.001763
v 12.013206 0.496024 2.055740
v 12.013206 0.550001 2.078098
v 12.013206 0.603978 2.055740
v 12.013206 0.626336 2.001763
v 11.975915 0.591759 1.960004
v 12.050496 0.591759 1.960004
v 11.975915 0.550000 1.942707
v 12.050496 0.550000 1.942707
v 11.975915 0.508241 1.960004
v 12.050496 0.508241 1.960004
v 11.975915 0.490944 2.001762
v 12.050496 0.490944 2.001762
v 11.975915 0.508241 2.043521
v 12.050496 0.508241 2.043521
v 11.975915 0.550000 2.060818
v 12.050496 0.550000 2.060818
v 11.975915 0.591759 2.043521
v 12.050496 0.591759 2.043521
v 11.975915 0.609056 2.001762
v 12.050496 0.609056 2.001762
v 11.958098 0.250000 2.001762
v 12.013206 0.303978 1.947786
v 12.013206 0.250001 1.925428
v 12.013206 0.196024 1.947786
v 12.013206 0.173666 2.001763
v 12.013206 0.196024 2.055740
v 12.013206 0.250001 2.078098
v 12.013206 0.303978 2.055740
v 12.013206 0.326336 2.001763
v 11.975915 0.291759 1.960004
v 12.050496 0.291758 1.960004
v 11.975915 0.250000 1.942707
v 12.050496 0.250000 1.942707
v 11.975915 0.208241 1.960004
v 12.050496 0.208241 1.960004
v 11.975915 0.190944 2.001762
v 12.050496 0.190944 2.001762
v 11.975915 0.208241 2.043521
v 12.050496 0.208241 2.043521
v 11.975915 0.250000 2.060818
v 12.050496 0.250000 2.060818
v 11.975915 0.291759 2.043521
v 12.050496 0.291758 2.043521
v 11.975915 0.309056 2.001762
v 12.050496 0.309056 2.001762
v 12.200002 0.000000 -0.998237
v 12.200002 0.800000 -0.998237
v 14.000001 -0.000000 -0.998237
v 14.000001 0.800000 -0.998237
v 12.200002 0.000000 1.001762
v 12.200002 0.800000 1.001762
v 14.000001 -0.000000 1.001762
v 14.000001 0.800000 1.001762
v 12.050002 1.000000 -0.998237
v 14.000001 1.000000 -0.998237
v 14.000001 1.000000 1.001762
v 12.050002 1.000000 1.001762
v 12.000001 0.950000 1.001762
v 12.000001 0.950000 -0.998237
v 12.000001 0.850000 1.001762
v 12.050000 0.800000 1.001762
v 12.050002 0.800000 -0.998237
v 12.000001 0.850000 -0.998237
v 12.090001 0.100000 -0.858237
v 12.050000 0.140000 -0.858238
v 12.090001 0.140000 -0.898237
v 12.050000 0.360000 -0.858238
v 12.090001 0.400000 -0.858237
v 12.090001 0.360000 -0.898237
v 12.250001 0.100000 -0.858237
v 12.250001 0.140000 -0.898237
v 12.250001 0.360000 -0.898237
v 12.250001 0.400000 -0.858237
v 12.090001 0.100000 0.861763
v 12.090001 0.140000 0.901763
v 12.050000 0.140000 0.861762
v 12.090001 0.400000 0.861763
v 12.050000 0.360000 0.861762
v 12.090001 0.360000 0.901763
v 12.250001 0.140000 0.901763
v 12.250001 0.100000 0.861763
v 12.250001 0.400000 0.861763
v 12.250001 0.360000 0.901763
v 12.050000 0.440000 -0.858238
v 12.090001 0.440000 -0.898237
v 12.050002 0.660000 -0.858238
v 12.090001 0.700000 -0.858237
v 12.090001 0.660000 -0.898237
v 12.250001 0.440000 -0.898237
v 12.250001 0.660000 -0.898237
v 12.250001 0.700000 -0.858237
v 12.090001 0.440000 0.901763
v 12.050000 0.440000 0.861762
v 12.090001 0.700000 0.861763
v 12.050002 0.660000 0.861762
v 12.090001 0.660000 0.901763
v 12.250001 0.440000 0.901763
v 12.250001 0.700000 0.861763
v 12.250001 0.660000 0.901763
v 11.958098 0.550000 0.001762
v 12.013206 0.603978 -0.052214
v 12.013206 0.550001 -0.074572
v 12.013206 0.496024 -0.052214
v 12.013206 0.473666 0.001763
v 12.013206 0.496024 0.055740
v 12.013206 0.550001 0.078098
v 12.013206 0.603978 0.055740
v 12.013206 0.626336 0.001763
v 11.975915 0.591759 -0.039996
v 12.050496 0.591759 -0.039996
v 11.975915 0.550000 -0.057293
v 12.050496 0.550000 -0.057293
v 11.975915 0.508241 -0.039996
v 12.050496 0.508241 -0.039996
v 11.975915 0.490944 0.001762
v 12.050496 0.490944 0.001762
v 11.975915 0.508241 0.043521
v 12.050496 0.508241 0.043521
v 11.975915 0.550000 0.060818
v 12.050496 0.550000 0.060818
v 11.975915 0.591759 0.043521
v 12.050496 0.591759 0.043521
v 11.975915 0.609056 0.001762
v 12.050496 0.609056 0.001762
v 11.958098 0.250000 0.001762
v 12.013206 0.303978 -0.052214
v 12.013206 0.250001 -0.074572
v 12.013206 0.196024 -0.052214
v 12.013206 0.173666 0.001763
v 12.013206 0.196024 0.055740
v 12.013206 0.250001 0.078098
v 12.013206 0.303978 0.055740
v 12.013206 0.326336 0.001763
v 11.975915 0.291759 -0.039996
v 12.050496 0.291758 -0.039996
v 11.975915 0.250000 -0.057293
v 12.050496 0.250000 -0.057293
v 11.975915 0.208241 -0.039996
v 12.050496 0.208241 -0.039996
v 11.975915 0.190944 0.001762
v 12.050496 0.190944 0.001762
v 11.975915 0.208241 0.043521
v 12.050496 0.208241 0.043521
v 11.975915 0.250000 0.060818
v 12.050496 0.250000 0.060818
v 11.975915 0.291759 0.043521
v 12.050496 0.291758 0.043521
v 11.975915 0.309056 0.001762
v 12.050496 0.309056 0.001762
v 12.200002 0.000000 -4.998238
v 12.200002 0.800000 -4.998238
v 14.000001 -0.000000 -4.998238
v 14.000001 0.800000 -4.998238
v 12.200002 0.000000 -2.998238
v 12.200002 0.800000 -2.998238
v 14.000001 -0.000000 -2.998238
v 14.000001 0.800000 -2.998238
v 12.050002 1.000000 -4.998238
v 14.000001 1.000000 -4.998238
v 14.000001 1.000000 -2.998238
v 12.050002 1.000000 -2.998238
v 12.000001 0.950000 -2.998238
v 12.000001 0.950000 -4.998238
v 12.000001 0.850000 -2.998238
v 12.050000 0.800000 -2.998238
v 12.050002 0.800000 -4.998238
v 12.000001 0.850000 -4.998238
v 12.090001 0.100000 -4.858238
v 12.050000 0.140000 -4.858238
v 12.090001 0.140000 -4.898238
v 12.050000 0.360000 -4.858238
v 12.090001 0.400000 -4.858238
v 12.090001 0.360000 -4.898238
v 12.250001 0.100000 -4.858238
v 12.250001 0.140000 -4.898238
v 12.250001 0.360000 -4.898238
v 12.250001 0.400000 -4.858238
v 12.090001 0.100000 -3.138237
v 12.090001 0.140000 -3.098238
v 12.050000 0.140000 -3.138237
v 12.090001 0.400000 -3.138237
v 12.050000 0.360000 -3.138237
v 12.090001 0.360000 -3.098238
v 12.250001 0.140000 -3.098238
v 12.250001 0.100000 -3.138237
v 12.250001 0.400000 -3.138237
v 12.250001 0.360000 -3.098238
v 12.050000 0.440000 -4.858238
v 12.090001 0.440000 -4.898238
v 12.050002 0.660000 -4.858238
v 12.090001 0.700000 -4.858238
v 12.090001 0.660000 -4.898238
v 12.250001 0.440000 -4.898238
v 12.250001 0.660000 -4.898238
v 12.250001 0.700000 -4.858238
v 12.090001 0.440000 -3.098238
v 12.050000 0.440000 -3.138237
v 12.090001 0.700000 -3.138237
v 12.050002 0.660000 -3.138237
v 12.090001 0.660000 -3.098238
v 12.250001 0.440000 -3.098238
v 12.250001 0.700000 -3.138237
v 12.250001 0.660000 -3.098238
v 11.958098 0.550000 -3.998238
v 12.013206 0.603978 -4.052214
v 12.013206 0.550001 -4.074573
v 12.013206 0.496024 -4.052214
v 12.013206 0.473666 -3.998237
v 12.013206 0.496024 -3.944260
v 12.013206 0.550001 -3.921902
v 12.013206 0.603978 -3.944260
v 12.013206 0.626336 -3.998237
v 11.975915 0.591759 -4.039997
v 12.050496 0.591759 -4.039997
v 11.975915 0.550000 -4.057293
v 12.050496 0.550000 -4.057293
v 11.975915 0.508241 -4.039997
v 12.050496 0.508241 -4.039997
v 11.975915 0.490944 -3.998238
v 12.050496 0.490944 -3.998238
v 11.975915 0.508241 -3.956479
v 12.050496 0.508241 -3.956479
v 11.975915 0.550000 -3.939182
v 12.050496 0.550000 -3.939182
v 11.975915 0.591759 -3.956479
v 12.050496 0.591759 -3.956479
v 11.975915 0.609056 -3.998238
v 12.050496 0.609056 -3.998238
v 11.958098 0.250000 -3.998238
v 12.013206 0.303978 -4.052214
v 12.013206 0.250001 -4.074573
v 12.013206 0.196024 -4.052214
v 12.013206 0.173666 -3.998237
v 12.013206 0.196024 -3.944260
v 12.013206 0.250001 -3.921902
v 12.013206 0.303978 -3.944260
v 12.013206 0.326336 -3.998237
v 11.975915 0.291759 -4.039997
v 12.050496 0.291758 -4.039997
v 11.975915 0.250000 -4.057293
v 12.050496 0.250000 -4.057293
v 11.975915 0.208241 -4.039997
v 12.050496 0.208241 -4.039997
v 11.975915 0.190944 -3.998238
v 12.050496 0.190944 -3.998238
v 11.975915 0.208241 -3.956479
v 12.050496 0.208241 -3.956479
v 11.975915 0.250000 -3.939182
v 12.050496 0.250000 -3.939182
v 11.975915 0.291759 -3.956479
v 12.050496 0.291758 -3.956479
v 11.975915 0.309056 -3.998238
v 12.050496 0.309056 -3.998238
v -12.199999 0.000000 3.001755
v -12.199999 0.800000 3.001755
v -13.999999 -0.000000 3.001755
v -13.999999 0.800000 3.001755
v -12.199999 0.000000 1.001755
v -12.199999 0.800000 1.001755
v -13.999999 -0.000000 1.001755
v -13.999999 0.800000 1.001755
v -12.049999 1.000000 3.001755
v -13.999999 1.000000 3.001755
v -13.999999 1.000000 1.001755
v -12.049999 1.000000 1.001755
v -11.999999 0.950000 1.001755
v -11.999999 0.950000 3.001755
v -11.999999 0.850000 1.001755
v -12.049999 0.800000 1.001755
v -12.049999 0.800000 3.001755
v -11.999999 0.850000 3.001755
v -12.089999 0.100000 2.861755
v -12.049999 0.140000 2.861755
v -12.089999 0.140000 2.901755
v -12.049999 0.360000 2.861755
v -12.089999 0.400000 2.861755
v -12.089999 0.360000 2.901755
v -12.249999 0.100000 2.861755
v -12.249999 0.140000 2.901755
v -12.249999 0.360000 2.901755
v -12.249999 0.400000 2.861755
v -12.089999 0.100000 1.141755
v -12.089999 0.140000 1.101755
v -12.049999 0.140000 1.141755
v -12.089999 0.400000 1.141755
v -12.049999 0.360000 1.141755
v -12.089999 0.360000 1.101755
v -12.249999 0.140000 1.101755
v -12.249999 0.100000 1.141755
v -12.249999 0.400000 1.141755
v -12.249999 0.360000 1.101755
v -12.049999 0.440000 2.861755
v -12.089999 0.440000 2.901755
v -12.049999 0.660000 2.861755
v -12.089999 0.700000 2.861755
v -12.089999 0.660000 2.901755
v -12.249999 0.440000 2.901755
v -12.249999 0.660000 2.901755
v -12.249999 0.700000 2.861755
v -12.089999 0.440000 1.101755
v -12.049999 0.440000 1.141755
v -12.089999 0.700000 1.141755
v -12.049999 0.660000 1.141755
v -12.089999 0.660000 1.101755
v -12.249999 0.440000 1.101755
v -12.249999 0.700000 1.141755
v -12.249999 0.660000 1.101755
v -11.958096 0.550000 2.001755
v -12.013204 0.603978 2.055732
v -12.013204 0.550001 2.078090
v -12.013204 0.496024 2.055732
v -12.013204 0.473666 2.001755
v -12.013204 0.496024 1.947778
v -12.013204 0.550001 1.925419
v -12.013204 0.603978 1.947778
v -12.013204 0.626336 2.001755
v -11.975913 0.591759 2.043514
v -12.050493 0.591759 2.043514
v -11.975913 0.550000 2.060811
v -12.050493 0.550000 2.060811
v -11.975913 0.508241 2.043514
v -12.050493 0.508241 2.043514
v -11.975913 0.490944 2.001755
v -12.050493 0.490944 2.001755
v -11.975913 0.508241 1.959996
v -12.050493 0.508241 1.959996
v -11.975913 0.550000 1.942699
v -12.050493 0.550000 1.942699
v -11.975913 0.591759 1.959996
v -12.050493 0.591759 1.959996
v -11.975913 0.609056 2.001755
v -12.050493 0.609056 2.001755
v -11.958096 0.250000 2.001755
v -12.013204 0.303978 2.055732
v -12.013204 0.250001 2.078090
v -12.013204 0.196024 2.055732
v -12.013204 0.173666 2.001755
v -12.013204 0.196024 1.947778
v -12.013204 0.250001 1.925419
v -12.013204 0.303978 1.947778
v -12.013204 0.326336 2.001755
v -11.975913 0.291759 2.043514
v -12.050493 0.291758 2.043514
v -11.975913 0.250000 2.060811
v -12.050493 0.250000 2.060811
v -11.975913 0.208241 2.043514
v -12.050493 0.208241 2.043514
v -11.975913 0.190944 2.001755
v -12.050493 0.190944 2.001755
v -11.975913 0.208241 1.959996
v -12.050493 0.208241 1.959996
v -11.975913 0.250000 1.942699
v -12.050493 0.250000 1.942699
v -11.975913 0.291759 1.959996
v -12.050493 0.291758 1.959996
v -11.975913 0.309056 2.001755
v -12.050493 0.309056 2.001755
v -12.199999 0.000000 5.001755
v -12.199999 0.800000 5.001755
v -13.999999 -0.000000 5.001755
v -13.999999 0.800000 5.001755
v -12.199999 0.000000 3.001755
v -12.199999 0.800000 3.001755
v -13.999999 -0.000000 3.001755
v -13.999999 0.800000 3.001755
v -12.049999 1.000000 5.001755
v -13.999999 1.000000 5.001755
v -13.999999 1.000000 3.001755
v -12.049999 1.000000 3.001755
v -11.999999 0.950000 3.001755
v -11.999999 0.950000 5.001755
v -11.999999 0.850000 3.001755
v -12.049999 0.800000 3.001755
v -12.049999 0.800000 5.001755
v -11.999999 0.850000 5.001755
v -12.089999 0.100000 4.861755
v -12.049999 0.140000 4.861755
v -12.089999 0.140000 4.901755
v -12.049999 0.360000 4.861755
v -12.089999 0.400000 4.861755
v -12.089999 0.360000 4.901755
v -12.249999 0.100000 4.861755
v -12.249999 0.140000 4.901755
v -12.249999 0.360000 4.901755
v -12.249999 0.400000 4.861755
v -12.089999 0.100000 3.141755
v -12.089999 0.140000 3.101755
v -12.049999 0.140000 3.141755
v -12.089999 0.400000 3.141755
v -12.049999 0.360000 3.141755
v -12.089999 0.360000 3.101755
v -12.249999 0.140000 3.101755
v -12.249999 0.100000 3.141755
v -12.249999 0.400000 3.141755
v -12.249999 0.360000 3.101755
v -12.049999 0.440000 4.861755
v -12.089999 0.440000 4.901755
v -12.049999 0.660000 4.861755
v -12.089999 0.700000 4.861755
v -12.089999 0.660000 4.901755
v -12.249999 0.440000 4.901755
v -12.249999 0.660000 4.901755
v -12.249999 0.700000 4.861755
v -12.089999 0.440000 3.101755
v -12.049999 0.440000 3.141755
v -12.089999 0.700000 3.141755
v -12.049999 0.660000 3.141755
v -12.089999 0.660000 3.101755
v -12.249999 0.440000 3.101755
v -12.249999 0.700000 3.141755
v -12.249999 0.660000 3.101755
v -11.958096 0.550000 4.001755
v -12.013204 0.603978 4.055732
v -12.013204 0.550001 4.078090
v -12.013204 0.496024 4.055732
v -12.013204 0.473666 4.001755
v -12.013204 0.496024 3.947778
v -12.013204 0.550001 3.925419
v -12.013204 0.603978 3.947778
v -12.013204 0.626336 4.001755
v -11.975913 0.591759 4.043514
v -12.050493 0.591759 4.043514
v -11.975913 0.550000 4.060811
v -12.050493 0.550000 4.060811
v -11.975913 0.508241 4.043514
v -12.050493 0.508241 4.043514
v -11.975913 0.490944 4.001755
v -12.050493 0.490944 4.001755
v -11.975913 0.508241 3.959997
v -12.050493 0.508241 3.959997
v -11.975913 0.550000 3.942699
v -12.050493 0.550000 3.942699
v -11.975913 0.591759 3.959997
v -12.050493 0.591759 3.959997
v -11.975913 0.609056 4.001755
v -12.050493 0.609056 4.001755
v -11.958096 0.250000 4.001755
v -12.013204 0.303978 4.055732
v -12.013204 0.250001 4.078090
v -12.013204 0.196024 4.055732
v -12.013204 0.173666 4.001755
v -12.013204 0.196024 3.947778
v -12.013204 0.250001 3.925419
v -12.013204 0.303978 3.947778
v -12.013204 0.326336 4.001755
v -11.975913 0.291759 4.043514
v -12.050493 0.291758 4.043514
v -11.975913 0.250000 4.060811
v -12.050493 0.250000 4.060811
v -11.975913 0.208241 4.043514
v -12.050493 0.208241 4.043514
v -11.975913 0.190944 4.001755
v -12.050493 0.190944 4.001755
v -11.975913 0.208241 3.959997
v -12.050493 0.208241 3.959997
v -11.975913 0.250000 3.942699
v -12.050493 0.250000 3.942699
v -11.975913 0.291759 3.959997
v -12.050493 0.291758 3.959997
v -11.975913 0.309056 4.001755
v -12.050493 0.309056 4.001755
v -12.199999 0.000000 -6.998245
v -12.199999 0.800000 -6.998245
v -13.999999 -0.000000 -6.998245
v -13.999999 0.800000 -6.998245
v -12.199999 0.000000 -8.998244
v -12.199999 0.800000 -8.998244
v -13.999999 -0.000000 -8.998244
v -13.999999 0.800000 -8.998244
v -12.049999 1.000000 -6.998245
v -13.999999 1.000000 -6.998245
v -13.999999 1.000000 -8.998244
v -12.049999 1.000000 -8.998244
v -11.999999 0.950000 -8.998244
v -11.999999 0.950000 -6.998245
v -11.999999 0.850000 -8.998244
v -12.049999 0.800000 -8.998244
v -12.049999 0.800000 -6.998245
v -11.999999 0.850000 -6.998245
v -12.089999 0.100000 -7.138246
v -12.049999 0.140000 -7.138246
v -12.089999 0.140000 -7.098246
v -12.049999 0.360000 -7.138246
v -12.089999 0.400000 -7.138246
v -12.089999 0.360000 -7.098246
v -12.249999 0.100000 -7.138246
v -12.249999 0.140000 -7.098246
v -12.249999 0.360000 -7.098246
v -12.249999 0.400000 -7.138246
v -12.089999 0.100000 -8.858245
v -12.089999 0.140000 -8.898246
v -12.049999 0.140000 -8.858245
v -12.089999 0.400000 -8.858245
v -12.049999 0.360000 -8.858245
v -12.089999 0.360000 -8.898246
v -12.249999 0.140000 -8.898246
v -12.249999 0.100000 -8.858245
v -12.249999 0.400000 -8.858245
v -12.249999 0.360000 -8.898246
v -12.049999 0.440000 -7.138246
v -12.089999 0.440000 -7.098246
v -12.049999 0.660000 -7.138246
v -12.089999 0.700000 -7.138246
v -12.089999 0.660000 -7.098246
v -12.249999 0.440000 -7.098246
v -12.249999 0.660000 -7.098246
v -12.249999 0.700000 -7.138246
v -12.089999 0.440000 -8.898246
v -12.049999 0.440000 -8.858245
v -12.089999 0.700000 -8.858245
v -12.049999 0.660000 -8.858245
v -12.089999 0.660000 -8.898246
v -12.249999 0.440000 -8.898246
v -12.249999 0.700000 -8.858245
v -12.249999 0.660000 -8.898246
v -11.958096 0.550000 -7.998245
v -12.013204 0.603978 -7.944268
v -12.013204 0.550001 -7.921910
v -12.013204 0.496024 -7.944268
v -12.013204 0.473666 -7.998245
v -12.013204 0.496024 -8.052222
v -12.013204 0.550001 -8.074580
v -12.013204 0.603978 -8.052222
v -12.013204 0.626336 -7.998245
v -11.975913 0.591759 -7.956487
v -12.050493 0.591759 -7.956487
v -11.975913 0.550000 -7.939189
v -12.050493 0.550000 -7.939189
v -11.975913 0.508241 -7.956487
v -12.050493 0.508241 -7.956487
v -11.975913 0.490944 -7.998245
v -12.050493 0.490944 -7.998245
v -11.975913 0.508241 -8.040004
v -12.050493 0.508241 -8.040004
v -11.975913 0.550000 -8.057300
v -12.050493 0.550000 -8.057300
v -11.975913 0.591759 -8.040004
v -12.050493 0.591759 -8.040004
v -11.975913 0.609056 -7.998245
v -12.050493 0.609056 -7.998245
v -11.958096 0.250000 -7.998245
v -12.013204 0.303978 -7.944268
v -12.013204 0.250001 -7.921910
v -12.013204 0.196024 -7.944268
v -12.013204 0.173666 -7.998245
v -12.013204 0.196024 -8.052222
v -12.013204 0.250001 -8.074580
v -12.013204 0.303978 -8.052222
v -12.013204 0.326336 -7.998245
v -11.975913 0.291759 -7.956487
v -12.050493 0.291758 -7.956487
v -11.975913 0.250000 -7.939189
v -12.050493 0.250000 -7.939189
v -11.975913 0.208241 -7.956487
v -12.050493 0.208241 -7.956487
v -11.975913 0.190944 -7.998245
v -12.050493 0.190944 -7.998245
v -11.975913 0.208241 -8.040004
v -12.050493 0.208241 -8.040004
v -11.975913 0.250000 -8.057300
v -12.050493 0.250000 -8.057300
v -11.975913 0.291759 -8.040004
v -12.050493 0.291758 -8.040004
v -11.975913 0.309056 -7.998245
v -12.050493 0.309056 -7.998245
v -12.199999 0.000000 -4.998245
v -12.199999 0.800000 -4.998245
v -13.999999 -0.000000 -4.998245
v -13.999999 0.800000 -4.998245
v -12.199999 0.000000 -6.998245
v -12.199999 0.800000 -6.998245
v -13.999999 -0.000000 -6.998245
v -13.999999 0.800000 -6.998245
v -12.049999 1.000000 -4.998245
v -13.999999 1.000000 -4.998245
v -13.999999 1.000000 -6.998245
v -12.049999 1.000000 -6.998245
v -11.999999 0.950000 -6.998245
v -11.999999 0.950000 -4.998245
v -11.999999 0.850000 -6.998245
v -12.049999 0.800000 -6.998245
v -12.049999 0.800000 -4.998245
v -11.999999 0.850000 -4.998245
v -12.089999 0.100000 -5.138246
v -12.049999 0.140000 -5.138246
v -12.089999 0.140000 -5.098246
v -12.049999 0.360000 -5.138246
v -12.089999 0.400000 -5.138246
v -12.089999 0.360000 -5.098246
v -12.249999 0.100000 -5.138246
v -12.249999 0.140000 -5.098246
v -12.249999 0.360000 -5.098246
v -12.249999 0.400000 -5.138246
v -12.089999 0.100000 -6.858245
v -12.089999 0.140000 -6.898246
v -12.049999 0.140000 -6.858245
v -12.089999 0.400000 -6.858245
v -12.049999 0.360000 -6.858245
v -12.089999 0.360000 -6.898246
v -12.249999 0.140000 -6.898246
v -12.249999 0.100000 -6.858245
v -12.249999 0.400000 -6.858245
v -12.249999 0.360000 -6.898246
v -12.049999 0.440000 -5.138246
v -12.089999 0.440000 -5.098246
v -12.049999 0.660000 -5.138246
v -12.089999 0.700000 -5.138246
v -12.089999 0.660000 -5.098246
v -12.249999 0.440000 -5.098246
v -12.249999 0.660000 -5.098246
v -12.249999 0.700000 -5.138246
v -12.089999 0.440000 -6.898246
v -12.049999 0.440000 -6.858245
v -12.089999 0.700000 -6.858245
v -12.049999 0.660000 -6.858245
v -12.089999 0.660000 -6.898246
v -12.249999 0.440000 -6.898246
v -12.249999 0.700000 -6.858245
v -12.249999 0.660000 -6.898246
v -11.958096 0.550000 -5.998245
v -12.013204 0.603978 -5.944268
v -12.013204 0.550001 -5.921910
v -12.013204 0.496024 -5.944268
v -12.013204 0.473666 -5.998245
v -12.013204 0.496024 -6.052222
v -12.013204 0.550001 -6.074581
v -12.013204 0.603978 -6.052222
v -12.013204 0.626336 -5.998245
v -11.975913 0.591759 -5.956487
v -12.050493 0.591759 -5.956487
v -11.975913 0.550000 -5.939189
v -12.050493 0.550000 -5.939189
v -11.975913 0.508241 -5.956487
v -12.050493 0.508241 -5.956487
v -11.975913 0.490944 -5.998245
v -12.050493 0.490944 -5.998245
v -11.975913 0.508241 -6.040004
v -12.050493 0.508241 -6.040004
v -11.975913 0.550000 -6.057301
v -12.050493 0.550000 -6.057301
v -11.975913 0.591759 -6.040004
v -12.050493 0.591759 -6.040004
v -11.975913 0.609056 -5.998245
v -12.050493 0.609056 -5.998245
v -11.958096 0.250000 -5.998245
v -12.013204 0.303978 -5.944268
v -12.013204 0.250001 -5.921910
v -12.013204 0.196024 -5.944268
v -12.013204 0.173666 -5.998245
v -12.013204 0.196024 -6.052222
v -12.013204 0.250001 -6.074581
v -12.013204 0.303978 -6.052222
v -12.013204 0.326336 -5.998245
v -11.975913 0.291759 -5.956487
v -12.050493 0.291758 -5.956487
v -11.975913 0.250000 -5.939189
v -12.050493 0.250000 -5.939189
v -11.975913 0.208241 -5.956487
v -12.050493 0.208241 -5.956487
v -11.975913 0.190944 -5.998245
v -12.050493 0.190944 -5.998245
v -11.975913 0.208241 -6.040004
v -12.050493 0.208241 -6.040004
v -11.975913 0.250000 -6.057301
v -12.050493 0.250000 -6.057301
v -11.975913 0.291759 -6.040004
v -12.050493 0.291758 -6.040004
v -11.975913 0.309056 -5.998245
v -12.050493 0.309056 -5.998245
v -12.199999 0.000000 -2.998245
v -12.199999 0.800000 -2.998245
v -13.999999 -0.000000 -2.998245
v -13.999999 0.800000 -2.998245
v -12.199999 0.000000 -4.998245
v -12.199999 0.800000 -4.998245
v -13.999999 -0.000000 -4.998245
v -13.999999 0.800000 -4.998245
v -12.049999 1.000000 -2.998245
v -13.999999 1.000000 -2.998245
v -13.999999 1.000000 -4.998245
v -12.049999 1.000000 -4.998245
v -11.999999 0.950000 -4.998245
v -11.999999 0.950000 -2.998245
v -11.999999 0.850000 -4.998245
v -12.049999 0.800000 -4.998245
v -12.049999 0.800000 -2.998245
v -11.999999 0.850000 -2.998245
v -12.089999 0.100000 -3.138245
v -12.049999 0.140000 -3.138245
v -12.089999 0.140000 -3.098245
v -12.049999 0.360000 -3.138245
v -12.089999 0.400000 -3.138245
v -12.089999 0.360000 -3.098245
v -12.249999 0.100000 -3.138245
v -12.249999 0.140000 -3.098245
v -12.249999 0.360000 -3.098245
v -12.249999 0.400000 -3.138245
v -12.089999 0.100000 -4.858245
v -12.089999 0.140000 -4.898245
v -12.049999 0.140000 -4.858245
v -12.089999 0.400000 -4.858245
v -12.049999 0.360000 -4.858245
v -12.089999 0.360000 -4.898245
v -12.249999 0.140000 -4.898245
v -12.249999 0.100000 -4.858245
v -12.249999 0.400000 -4.858245
v -12.249999 0.360000 -4.898245
v -12.049999 0.440000 -3.138245
v -12.089999 0.440000 -3.098245
v -12.049999 0.660000 -3.138245
v -12.089999 0.700000 -3.138245
v -12.089999 0.660000 -3.098245
v -12.249999 0.440000 -3.098245
v -12.249999 0.660000 -3.098245
v -12.249999 0.700000 -3.138245
v -12.089999 0.440000 -4.898245
v -12.049999 0.440000 -4.858245
v -12.089999 0.700000 -4.858245
v -12.049999 0.660000 -4.858245
v -12.089999 0.660000 -4.898245
v -12.249999 0.440000 -4.898245
v -12.249999 0.700000 -4.858245
v -12.249999 0.660000 -4.898245
v -11.958096 0.550000 -3.998245
v -12.013204 0.603978 -3.944269
v -12.013204 0.550001 -3.921910
v -12.013204 0.496024 -3.944269
v -12.013204 0.473666 -3.998246
v -12.013204 0.496024 -4.052223
v -12.013204 0.550001 -4.074581
v -12.013204 0.603978 -4.052223
v -12.013204 0.626336 -3.998246
v -11.975913 0.591759 -3.956486
v -12.050493 0.591759 -3.956486
v -11.975913 0.550000 -3.939189
v -12.050493 0.550000 -3.939189
v -11.975913 0.508241 -3.956486
v -12.050493 0.508241 -3.956486
v -11.975913 0.490944 -3.998245
v -12.050493 0.490944 -3.998245
v -11.975913 0.508241 -4.040004
v -12.050493 0.508241 -4.040004
v -11.975913 0.550000 -4.057301
v -12.050493 0.550000 -4.057301
v -11.975913 0.591759 -4.040004
v -12.050493 0.591759 -4.040004
v -11.975913 0.609056 -3.998245
v -12.050493 0.609056 -3.998245
v -11.958096 0.250000 -3.998245
v -12.013204 0.303978 -3.944269
v -12.013204 0.250001 -3.921910
v -12.013204 0.196024 -3.944269
v -12.013204 0.173666 -3.998246
v -12.013204 0.196024 -4.052223
v -12.013204 0.250001 -4.074581
v -12.013204 0.303978 -4.052223
v -12.013204 0.326336 -3.998246
v -11.975913 0.291759 -3.956486
v -12.050493 0.291758 -3.956486
v -11.975913 0.250000 -3.939189
v -12.050493 0.250000 -3.939189
v -11.975913 0.208241 -3.956486
v -12.050493 0.208241 -3.956486
v -11.975913 0.190944 -3.998245
v -12.050493 0.190944 -3.998245
v -11.975913 0.208241 -4.040004
v -12.050493 0.208241 -4.040004
v -11.975913 0.250000 -4.057301
v -12.050493 0.250000 -4.057301
v -11.975913 0.291759 -4.040004
v -12.050493 0.291758 -4.040004
v -11.975913 0.309056 -3.998245
v -12.050493 0.309056 -3.998245
v -12.199999 0.000000 1.001755
v -12.199999 0.800000 1.001755
v -13.999999 -0.000000 1.001755
v -13.999999 0.800000 1.001755
v -12.199999 0.000000 -0.998245
v -12.199999 0.800000 -0.998245
v -13.999999 -0.000000 -0.998245
v -13.999999 0.800000 -0.998245
v -12.049999 1.000000 1.001755
v -13.999999 1.000000 1.001755
v -13.999999 1.000000 -0.998245
v -12.049999 1.000000 -0.998245
v -11.999999 0.950000 -0.998245
v -11.999999 0.950000 1.001755
v -11.999999 0.850000 -0.998245
v -12.049999 0.800000 -0.998245
v -12.049999 0.800000 1.001755
v -11.999999 0.850000 1.001755
v -12.089999 0.100000 0.861755
v -12.049999 0.140000 0.861755
v -12.089999 0.140000 0.901755
v -12.049999 0.360000 0.861755
v -12.089999 0.400000 0.861755
v -12.089999 0.360000 0.901755
v -12.249999 0.100000 0.861755
v -12.249999 0.140000 0.901755
v -12.249999 0.360000 0.901755
v -12.249999 0.400000 0.861755
v -12.089999 0.100000 -0.858245
v -12.089999 0.140000 -0.898245
v -12.049999 0.140000 -0.858245
v -12.089999 0.400000 -0.858245
v -12.049999 0.360000 -0.858245
v -12.089999 0.360000 -0.898245
v -12.249999 0.140000 -0.898245
v -12.249999 0.100000 -0.858245
v -12.249999 0.400000 -0.858245
v -12.249999 0.360000 -0.898245
v -12.049999 0.440000 0.861755
v -12.089999 0.440000 0.901755
v -12.049999 0.660000 0.861755
v -12.089999 0.700000 0.861755
v -12.089999 0.660000 0.901755
v -12.249999 0.440000 0.901755
v -12.249999 0.660000 0.901755
v -12.249999 0.700000 0.861755
v -12.089999 0.440000 -0.898245
v -12.049999 0.440000 -0.858245
v -12.089999 0.700000 -0.858245
v -12.049999 0.660000 -0.858245
v -12.089999 0.660000 -0.898245
v -12.249999 0.440000 -0.898245
v -12.249999 0.700000 -0.858245
v -12.249999 0.660000 -0.898245
v -11.958096 0.550000 0.001755
v -12.013204 0.603978 0.055732
v -12.013204 0.550001 0.078090
v -12.013204 0.496024 0.055732
v -12.013204 0.473666 0.001755
v -12.013204 0.496024 -0.052222
v -12.013204 0.550001 -0.074580
v -12.013204 0.603978 -0.052222
v -12.013204 0.626336 0.001755
v -11.975913 0.591759 0.043514
v -12.050493 0.591759 0.043514
v -11.975913 0.550000 0.060811
v -12.050493 0.550000 0.060811
v -11.975913 0.508241 0.043514
v -12.050493 0.508241 0.043514
v -11.975913 0.490944 0.001755
v -12.050493 0.490944 0.001755
v -11.975913 0.508241 -0.040003
v -12.050493 0.508241 -0.040003
v -11.975913 0.550000 -0.057301
v -12.050493 0.550000 -0.057301
v -11.975913 0.591759 -0.040003
v -12.050493 0.591759 -0.040003
v -11.975913 0.609056 0.001755
v -12.050493 0.609056 0.001755
v -11.958096 0.250000 0.001755
v -12.013204 0.303978 0.055732
v -12.013204 0.250001 0.078090
v -12.013204 0.196024 0.055732
v -12.013204 0.173666 0.001755
v -12.013204 0.196024 -0.052222
v -12.013204 0.250001 -0.074580
v -12.013204 0.303978 -0.052222
v -12.013204 0.326336 0.001755
v -11.975913 0.291759 0.043514
v -12.050493 0.291758 0.043514
v -11.975913 0.250000 0.060811
v -12.050493 0.250000 0.060811
v -11.975913 0.208241 0.043514
v -12.050493 0.208241 0.043514
v -11.975913 0.190944 0.001755
v -12.050493 0.190944 0.001755
v -11.975913 0.208241 -0.040003
v -12.050493 0.208241 -0.040003
v -11.975913 0.250000 -0.057301
v -12.050493 0.250000 -0.057301
v -11.975913 0.291759 -0.040003
v -12.050493 0.291758 -0.040003
v -11.975913 0.309056 0.001755
v -12.050493 0.309056 0.001755
v 4.000000 0.000000 -9.198244
v 3.999999 0.800000 -9.198244
v 4.000000 -0.000000 -10.998245
v 3.999999 0.800000 -10.998245
v 6.000000 0.000000 -9.198244
v 6.000000 0.800000 -9.198244
v 6.000000 -0.000000 -10.998245
v 6.000000 0.800000 -10.998245
v 3.999999 1.000000 -9.048244
v 3.999999 1.000000 -10.998245
v 6.000000 1.000000 -10.998245
v 6.000000 1.000000 -9.048244
v 6.000000 0.950000 -8.998245
v 3.999999 0.950000 -8.998245
v 6.000000 0.850000 -8.998245
v 6.000000 0.800000 -9.048244
v 3.999999 0.800000 -9.048244
v 3.999999 0.850000 -8.998245
v 4.139999 0.100000 -9.088245
v 4.139999 0.140000 -9.048244
v 4.100000 0.140000 -9.088245
v 4.139999 0.360000 -9.048244
v 4.139999 0.400000 -9.088245
v 4.100000 0.360000 -9.088245
v 4.139999 0.100000 -9.248245
v 4.100000 0.140000 -9.248245
v 4.100000 0.360000 -9.248245
v 4.139999 0.400000 -9.248245
v 5.860000 0.100000 -9.088245
v 5.899999 0.140000 -9.088245
v 5.860000 0.140000 -9.048244
v 5.860000 0.400000 -9.088245
v 5.860000 0.360000 -9.048244
v 5.899999 0.360000 -9.088245
v 5.899999 0.140000 -9.248245
v 5.860000 0.100000 -9.248245
v 5.860000 0.400000 -9.248245
v 5.899999 0.360000 -9.248245
v 4.139999 0.440000 -9.048244
v 4.100000 0.440000 -9.088245
v 4.139999 0.660000 -9.048244
v 4.139999 0.700000 -9.088245
v 4.100000 0.660000 -9.088245
v 4.100000 0.440000 -9.248245
v 4.100000 0.660000 -9.248245
v 4.139999 0.700000 -9.248245
v 5.899999 0.440000 -9.088245
v 5.860000 0.440000 -9.048244
v 5.860000 0.700000 -9.088245
v 5.860000 0.660000 -9.048244
v 5.899999 0.660000 -9.088245
v 5.899999 0.440000 -9.248245
v 5.860000 0.700000 -9.248245
v 5.899999 0.660000 -9.248245
v 5.000000 0.550000 -8.956343
v 4.946023 0.603978 -9.011450
v 4.923666 0.550001 -9.011450
v 4.946023 0.496024 -9.011450
v 5.000000 0.473666 -9.011450
v 5.053977 0.496024 -9.011450
v 5.076335 0.550001 -9.011450
v 5.053977 0.603978 -9.011450
v 5.000000 0.626336 -9.011450
v 4.958240 0.591759 -8.974159
v 4.958240 0.591759 -9.048738
v 4.940944 0.550000 -8.974159
v 4.940944 0.550000 -9.048738
v 4.958240 0.508241 -8.974159
v 4.958240 0.508241 -9.048738
v 5.000000 0.490944 -8.974159
v 5.000000 0.490944 -9.048738
v 5.041757 0.508241 -8.974159
v 5.041757 0.508241 -9.048738
v 5.059055 0.550000 -8.974159
v 5.059055 0.550000 -9.048738
v 5.041757 0.591759 -8.974159
v 5.041757 0.591758 -9.048738
v 5.000000 0.609056 -8.974159
v 5.000000 0.609056 -9.048738
v 5.000000 0.250000 -8.956341
v 4.946023 0.303978 -9.011450
v 4.923666 0.250001 -9.011450
v 4.946023 0.196024 -9.011450
v 5.000000 0.173666 -9.011450
v 5.053977 0.196024 -9.011450
v 5.076335 0.250001 -9.011450
v 5.053977 0.303978 -9.011450
v 5.000000 0.326336 -9.011450
v 4.958240 0.291759 -8.974159
v 4.958240 0.291759 -9.048738
v 4.940944 0.250000 -8.974159
v 4.940944 0.250000 -9.048738
v 4.958240 0.208241 -8.974159
v 4.958240 0.208241 -9.048738
v 5.000000 0.190944 -8.974159
v 5.000000 0.190944 -9.048738
v 5.041757 0.208241 -8.974159
v 5.041757 0.208241 -9.048738
v 5.059055 0.250000 -8.974159
v 5.059055 0.250000 -9.048738
v 5.041757 0.291759 -8.974159
v 5.041757 0.291759 -9.048738
v 5.000000 0.309056 -8.974159
v 5.000000 0.309056 -9.048738
v 2.000000 0.000000 -9.198244
v 2.000000 0.800000 -9.198244
v 2.000000 -0.000000 -10.998245
v 2.000000 0.800000 -10.998245
v 4.000000 0.000000 -9.198244
v 3.999999 0.800000 -9.198244
v 4.000000 -0.000000 -10.998245
v 3.999999 0.800000 -10.998245
v 2.000000 1.000000 -9.048244
v 2.000000 1.000000 -10.998245
v 3.999999 1.000000 -10.998245
v 3.999999 1.000000 -9.048244
v 3.999999 0.950000 -8.998245
v 2.000000 0.950000 -8.998245
v 3.999999 0.850000 -8.998245
v 3.999999 0.800000 -9.048244
v 2.000000 0.800000 -9.048244
v 2.000000 0.850000 -8.998245
v 2.139999 0.100000 -9.088245
v 2.139999 0.140000 -9.048244
v 2.100000 0.140000 -9.088245
v 2.139999 0.360000 -9.048244
v 2.139999 0.400000 -9.088245
v 2.100000 0.360000 -9.088245
v 2.139999 0.100000 -9.248245
v 2.100000 0.140000 -9.248245
v 2.100000 0.360000 -9.248245
v 2.139999 0.400000 -9.248245
v 3.860000 0.100000 -9.088245
v 3.899999 0.140000 -9.088245
v 3.860000 0.140000 -9.048244
v 3.860000 0.400000 -9.088245
v 3.860000 0.360000 -9.048244
v 3.899999 0.360000 -9.088245
v 3.899999 0.140000 -9.248245
v 3.860000 0.100000 -9.248245
v 3.860000 0.400000 -9.248245
v 3.899999 0.360000 -9.248245
v 2.139999 0.440000 -9.048244
v 2.100000 0.440000 -9.088245
v 2.139999 0.660000 -9.048244
v 2.139999 0.700000 -9.088245
v 2.100000 0.660000 -9.088245
v 2.100000 0.440000 -9.248245
v 2.100000 0.660000 -9.248245
v 2.139999 0.700000 -9.248245
v 3.899999 0.440000 -9.088245
v 3.860000 0.440000 -9.048244
v 3.860000 0.700000 -9.088245
v 3.860000 0.660000 -9.048244
v 3.899999 0.660000 -9.088245
v 3.899999 0.440000 -9.248245
v 3.860000 0.700000 -9.248245
v 3.899999 0.660000 -9.248245
v 3.000000 0.550000 -8.956343
v 2.946024 0.603978 -9.011450
v 2.923666 0.550001 -9.011450
v 2.946024 0.496024 -9.011450
v 3.000000 0.473666 -9.011450
v 3.053978 0.496024 -9.011450
v 3.076336 0.550001 -9.011450
v 3.053978 0.603978 -9.011450
v 3.000000 0.626336 -9.011450
v 2.958240 0.591759 -8.974159
v 2.958240 0.591759 -9.048738
v 2.940944 0.550000 -8.974159
v 2.940944 0.550000 -9.048738
v 2.958240 0.508241 -8.974159
v 2.958240 0.508241 -9.048738
v 3.000000 0.490944 -8.974159
v 3.000000 0.490944 -9.048738
v 3.041757 0.508241 -8.974159
v 3.041757 0.508241 -9.048738
v 3.059055 0.550000 -8.974159
v 3.059055 0.550000 -9.048738
v 3.041757 0.591759 -8.974159
v 3.041757 0.591758 -9.048738
v 3.000000 0.609056 -8.974159
v 3.000000 0.609056 -9.048738
v 3.000000 0.250000 -8.956341
v 2.946024 0.303978 -9.011450
v 2.923666 0.250001 -9.011450
v 2.946024 0.196024 -9.011450
v 3.000000 0.173666 -9.011450
v 3.053978 0.196024 -9.011450
v 3.076336 0.250001 -9.011450
v 3.053978 0.303978 -9.011450
v 3.000000 0.326336 -9.011450
v 2.958240 0.291759 -8.974159
v 2.958240 0.291759 -9.048738
v 2.940944 0.250000 -8.974159
v 2.940944 0.250000 -9.048738
v 2.958240 0.208241 -8.974159
v 2.958240 0.208241 -9.048738
v 3.000000 0.190944 -8.974159
v 3.000000 0.190944 -9.048738
v 3.041757 0.208241 -8.974159
v 3.041757 0.208241 -9.048738
v 3.059055 0.250000 -8.974159
v 3.059055 0.250000 -9.048738
v 3.041757 0.291759 -8.974159
v 3.041757 0.291759 -9.048738
v 3.000000 0.309056 -8.974159
v 3.000000 0.309056 -9.048738
v -4.000000 0.000000 -9.198244
v -4.000000 0.800000 -9.198244
v -4.000000 -0.000000 -10.998245
v -4.000000 0.800000 -10.998245
v -2.000000 0.000000 -9.198244
v -2.000000 0.800000 -9.198244
v -2.000000 -0.000000 -10.998245
v -2.000000 0.800000 -10.998245
v -4.000000 1.000000 -9.048244
v -4.000000 1.000000 -10.998245
v -2.000000 1.000000 -10.998245
v -2.000000 1.000000 -9.048244
v -2.000000 0.950000 -8.998245
v -4.000000 0.950000 -8.998245
v -2.000000 0.850000 -8.998245
v -2.000000 0.800000 -9.048244
v -4.000000 0.800000 -9.048244
v -4.000000 0.850000 -8.998245
v -3.860000 0.100000 -9.088245
v -3.860000 0.140000 -9.048244
v -3.900000 0.140000 -9.088245
v -3.860000 0.360000 -9.048244
v -3.860000 0.400000 -9.088245
v -3.900000 0.360000 -9.088245
v -3.860000 0.100000 -9.248245
v -3.900000 0.140000 -9.248245
v -3.900000 0.360000 -9.248245
v -3.860000 0.400000 -9.248245
v -2.140001 0.100000 -9.088245
v -2.100001 0.140000 -9.088245
v -2.140001 0.140000 -9.048244
v -2.140001 0.400000 -9.088245
v -2.140001 0.360000 -9.048244
v -2.100000 0.360000 -9.088245
v -2.100001 0.140000 -9.248245
v -2.140001 0.100000 -9.248245
v -2.140001 0.400000 -9.248245
v -2.100000 0.360000 -9.248245
v -3.860000 0.440000 -9.048244
v -3.900000 0.440000 -9.088245
v -3.860000 0.660000 -9.048244
v -3.860000 0.700000 -9.088245
v -3.900000 0.660000 -9.088245
v -3.900000 0.440000 -9.248245
v -3.900000 0.660000 -9.248245
v -3.860000 0.700000 -9.248245
v -2.100000 0.440000 -9.088245
v -2.140001 0.440000 -9.048244
v -2.140000 0.700000 -9.088245
v -2.140000 0.660000 -9.048244
v -2.100000 0.660000 -9.088245
v -2.100000 0.440000 -9.248245
v -2.140000 0.700000 -9.248245
v -2.100000 0.660000 -9.248245
v -3.000000 0.550000 -8.956343
v -3.053977 0.603978 -9.011450
v -3.076335 0.550001 -9.011450
v -3.053977 0.496024 -9.011450
v -3.000000 0.473666 -9.011450
v -2.946022 0.496024 -9.011450
v -2.923664 0.550001 -9.011450
v -2.946022 0.603978 -9.011450
v -3.000000 0.626336 -9.011450
v -3.041759 0.591759 -8.974159
v -3.041759 0.591759 -9.048738
v -3.059057 0.550000 -8.974159
v -3.059057 0.550000 -9.048738
v -3.041759 0.508241 -8.974159
v -3.041759 0.508241 -9.048738
v -3.000000 0.490944 -8.974159
v -3.000000 0.490944 -9.048738
v -2.958242 0.508241 -8.974159
v -2.958242 0.508241 -9.048738
v -2.940945 0.550000 -8.974159
v -2.940945 0.550000 -9.048738
v -2.958242 0.591759 -8.974159
v -2.958242 0.591758 -9.048738
v -3.000000 0.609056 -8.974159
v -3.000000 0.609056 -9.048738
v -3.000000 0.250000 -8.956341
v -3.053977 0.303978 -9.011450
v -3.076335 0.250001 -9.011450
v -3.053977 0.196024 -9.011450
v -3.000000 0.173666 -9.011450
v -2.946023 0.196024 -9.011450
v -2.923664 0.250001 -9.011450
v -2.946023 0.303978 -9.011450
v -3.000000 0.326336 -9.011450
v -3.041759 0.291759 -8.974159
v -3.041759 0.291759 -9.048738
v -3.059057 0.250000 -8.974159
v -3.059057 0.250000 -9.048738
v -3.041759 0.208241 -8.974159
v -3.041759 0.208241 -9.048738
v -3.000000 0.190944 -8.974159
v -3.000000 0.190944 -9.048738
v -2.958242 0.208241 -8.974159
v -2.958242 0.208241 -9.048738
v -2.940945 0.250000 -8.974159
v -2.940945 0.250000 -9.048738
v -2.958242 0.291759 -8.974159
v -2.958242 0.291759 -9.048738
v -3.000000 0.309056 -8.974159
v -3.000000 0.309056 -9.048738
v -6.000000 0.000000 -9.198244
v -6.000000 0.800000 -9.198244
v -6.000000 -0.000000 -10.998245
v -6.000000 0.800000 -10.998245
v -4.000000 0.000000 -9.198244
v -4.000000 0.800000 -9.198244
v -4.000000 -0.000000 -10.998245
v -4.000000 0.800000 -10.998245
v -6.000000 1.000000 -9.048244
v -6.000000 1.000000 -10.998245
v -4.000000 1.000000 -10.998245
v -4.000000 1.000000 -9.048244
v -4.000000 0.950000 -8.998245
v -6.000000 0.950000 -8.998245
v -4.000000 0.850000 -8.998245
v -4.000000 0.800000 -9.048244
v -6.000000 0.800000 -9.048244
v -6.000000 0.850000 -8.998245
v -5.860000 0.100000 -9.088245
v -5.860000 0.140000 -9.048244
v -5.900000 0.140000 -9.088245
v -5.860000 0.360000 -9.048244
v -5.860000 0.400000 -9.088245
v -5.900000 0.360000 -9.088245
v -5.860000 0.100000 -9.248245
v -5.900000 0.140000 -9.248245
v -5.900000 0.360000 -9.248245
v -5.860000 0.400000 -9.248245
v -4.140001 0.100000 -9.088245
v -4.100001 0.140000 -9.088245
v -4.140001 0.140000 -9.048244
v -4.140001 0.400000 -9.088245
v -4.140001 0.360000 -9.048244
v -4.100000 0.360000 -9.088245
v -4.100001 0.140000 -9.248245
v -4.140001 0.100000 -9.248245
v -4.140001 0.400000 -9.248245
v -4.100000 0.360000 -9.248245
v -5.860000 0.440000 -9.048244
v -5.900000 0.440000 -9.088245
v -5.860000 0.660000 -9.048244
v -5.860000 0.700000 -9.088245
v -5.900000 0.660000 -9.088245
v -5.900000 0.440000 -9.248245
v -5.900000 0.660000 -9.248245
v -5.860000 0.700000 -9.248245
v -4.100000 0.440000 -9.088245
v -4.140001 0.440000 -9.048244
v -4.140000 0.700000 -9.088245
v -4.140000 0.660000 -9.048244
v -4.100000 0.660000 -9.088245
v -4.100000 0.440000 -9.248245
v -4.140000 0.700000 -9.248245
v -4.100000 0.660000 -9.248245
v -5.000000 0.550000 -8.956343
v -5.053977 0.603978 -9.011450
v -5.076335 0.550001 -9.011450
v -5.053977 0.496024 -9.011450
v -5.000000 0.473666 -9.011450
v -4.946023 0.496024 -9.011450
v -4.923665 0.550001 -9.011450
v -4.946023 0.603978 -9.011450
v -5.000000 0.626336 -9.011450
v -5.041759 0.591759 -8.974159
v -5.041759 0.591759 -9.048738
v -5.059057 0.550000 -8.974159
v -5.059057 0.550000 -9.048738
v -5.041759 0.508241 -8.974159
v -5.041759 0.508241 -9.048738
v -5.000000 0.490944 -8.974159
v -5.000000 0.490944 -9.048738
v -4.958242 0.508241 -8.974159
v -4.958242 0.508241 -9.048738
v -4.940945 0.550000 -8.974159
v -4.940945 0.550000 -9.048738
v -4.958242 0.591759 -8.974159
v -4.958242 0.591758 -9.048738
v -5.000000 0.609056 -8.974159
v -5.000000 0.609056 -9.048738
v -5.000000 0.250000 -8.956341
v -5.053977 0.303978 -9.011450
v -5.076335 0.250001 -9.011450
v -5.053977 0.196024 -9.011450
v -5.000000 0.173666 -9.011450
v -4.946023 0.196024 -9.011450
v -4.923665 0.250001 -9.011450
v -4.946023 0.303978 -9.011450
v -5.000000 0.326336 -9.011450
v -5.041759 0.291759 -8.974159
v -5.041759 0.291758 -9.048738
v -5.059057 0.250000 -8.974159
v -5.059057 0.250000 -9.048738
v -5.041759 0.208241 -8.974159
v -5.041759 0.208241 -9.048738
v -5.000000 0.190944 -8.974159
v -5.000000 0.190944 -9.048738
v -4.958242 0.208241 -8.974159
v -4.958242 0.208241 -9.048738
v -4.940945 0.250000 -8.974159
v -4.940945 0.250000 -9.048738
v -4.958242 0.291759 -8.974159
v -4.958242 0.291759 -9.048738
v -5.000000 0.309056 -8.974159
v -5.000000 0.309056 -9.048738
v 12.000001 0.000000 -10.798249
v 12.000001 0.800000 -10.798249
v 12.000001 -0.000000 -8.998248
v 12.000001 0.800000 -8.998248
v 14.000001 -0.000000 -8.998248
v 14.000001 0.800000 -8.998248
v 12.000000 1.000000 -10.948249
v 12.000001 1.000000 -8.998248
v 14.000001 1.000000 -8.998248
v 14.000000 1.000000 -10.998248
v 12.050001 1.000000 -10.998248
v 12.200001 0.800000 -10.998248
v 12.200001 0.000000 -10.998248
v 12.200002 0.000000 -10.798249
v 12.200002 0.800000 -10.798249
v 14.000000 0.000000 -10.998248
v 14.000000 0.800000 -10.998248
v 12.000000 0.850000 -10.998248
v 12.000000 0.800000 -10.948249
v 12.050001 0.800000 -10.998248
v 12.000000 0.950000 -10.998248
v -11.999999 0.000000 -9.198249
v -11.999999 0.800000 -9.198249
v -12.000000 -0.000000 -10.998248
v -12.000000 0.800000 -10.998248
v -14.000000 -0.000000 -10.998248
v -14.000000 0.800000 -10.998248
v -11.999999 1.000000 -9.048249
v -12.000000 1.000000 -10.998248
v -14.000000 1.000000 -10.998248
v -13.999999 1.000000 -8.998248
v -12.049999 1.000000 -8.998248
v -12.199999 0.800000 -8.998248
v -12.199999 0.000000 -8.998248
v -12.199999 0.000000 -9.198249
v -12.199999 0.800000 -9.198249
v -13.999999 0.000000 -8.998248
v -13.999999 0.800000 -8.998248
v -11.999999 0.850000 -8.998248
v -11.999999 0.800000 -9.048249
v -12.049999 0.800000 -8.998248
v -11.999999 0.950000 -8.998248
v 12.200002 0.000000 7.001763
v 12.200002 0.800000 7.001763
v 14.000001 -0.000000 7.001763
v 14.000001 0.800000 7.001763
v 12.200002 0.000000 9.001763
v 12.200002 0.800000 9.001763
v 14.000001 -0.000000 9.001763
v 14.000001 0.800000 9.001763
v 12.050002 1.000000 7.001763
v 14.000001 1.000000 7.001763
v 14.000001 1.000000 9.001763
v 12.050002 1.000000 9.001763
v 12.000001 0.950000 9.001763
v 12.000001 0.950000 7.001763
v 12.000001 0.850000 9.001763
v 12.050000 0.800000 9.001763
v 12.050002 0.800000 7.001763
v 12.000001 0.850000 7.001763
v 12.090001 0.100000 7.141764
v 12.050000 0.140000 7.141764
v 12.090001 0.140000 7.101763
v 12.050000 0.360000 7.141764
v 12.090001 0.400000 7.141764
v 12.090001 0.360000 7.101763
v 12.250001 0.100000 7.141764
v 12.250001 0.140000 7.101763
v 12.250001 0.360000 7.101763
v 12.250001 0.400000 7.141764
v 12.090001 0.100000 8.861762
v 12.090001 0.140000 8.901763
v 12.050000 0.140000 8.861762
v 12.090001 0.400000 8.861762
v 12.050000 0.360000 8.861762
v 12.090001 0.360000 8.901763
v 12.250001 0.140000 8.901763
v 12.250001 0.100000 8.861762
v 12.250001 0.400000 8.861762
v 12.250001 0.360000 8.901763
v 12.050000 0.440000 7.141764
v 12.090001 0.440000 7.101763
v 12.050002 0.660000 7.141764
v 12.090001 0.700000 7.141764
v 12.090001 0.660000 7.101763
v 12.250001 0.440000 7.101763
v 12.250001 0.660000 7.101763
v 12.250001 0.700000 7.141764
v 12.090001 0.440000 8.901763
v 12.050000 0.440000 8.861762
v 12.090001 0.700000 8.861762
v 12.050002 0.660000 8.861762
v 12.090001 0.660000 8.901763
v 12.250001 0.440000 8.901763
v 12.250001 0.700000 8.861762
v 12.250001 0.660000 8.901763
v 11.958098 0.550000 8.001763
v 12.013206 0.603978 7.947786
v 12.013206 0.550001 7.925428
v 12.013206 0.496024 7.947786
v 12.013206 0.473666 8.001763
v 12.013206 0.496024 8.055739
v 12.013206 0.550001 8.078097
v 12.013206 0.603978 8.055739
v 12.013206 0.626336 8.001763
v 11.975915 0.591759 7.960005
v 12.050496 0.591759 7.960005
v 11.975915 0.550000 7.942707
v 12.050496 0.550000 7.942707
v 11.975915 0.508241 7.960005
v 12.050496 0.508241 7.960005
v 11.975915 0.490944 8.001763
v 12.050496 0.490944 8.001763
v 11.975915 0.508241 8.043521
v 12.050496 0.508241 8.043521
v 11.975915 0.550000 8.060819
v 12.050496 0.550000 8.060819
v 11.975915 0.591759 8.043521
v 12.050496 0.591759 8.043521
v 11.975915 0.609056 8.001763
v 12.050496 0.609056 8.001763
v 11.958098 0.250000 8.001763
v 12.013206 0.303978 7.947786
v 12.013206 0.250001 7.925428
v 12.013206 0.196024 7.947786
v 12.013206 0.173666 8.001763
v 12.013206 0.196024 8.055739
v 12.013206 0.250001 8.078097
v 12.013206 0.303978 8.055739
v 12.013206 0.326336 8.001763
v 11.975915 0.291759 7.960005
v 12.050496 0.291758 7.960005
v 11.975915 0.250000 7.942707
v 12.050496 0.250000 7.942707
v 11.975915 0.208241 7.960005
v 12.050496 0.208241 7.960005
v 11.975915 0.190944 8.001763
v 12.050496 0.190944 8.001763
v 11.975915 0.208241 8.043521
v 12.050496 0.208241 8.043521
v 11.975915 0.250000 8.060819
v 12.050496 0.250000 8.060819
v 11.975915 0.291759 8.043521
v 12.050496 0.291758 8.043521
v 11.975915 0.309056 8.001763
v 12.050496 0.309056 8.001763
v 12.200002 0.000000 5.001762
v 12.200002 0.800000 5.001762
v 14.000001 -0.000000 5.001762
v 14.000001 0.800000 5.001762
v 12.200002 0.000000 7.001762
v 12.200002 0.800000 7.001762
v 14.000001 -0.000000 7.001762
v 14.000001 0.800000 7.001762
v 12.050002 1.000000 5.001762
v 14.000001 1.000000 5.001762
v 14.000001 1.000000 7.001762
v 12.050002 1.000000 7.001762
v 12.000001 0.950000 7.001762
v 12.000001 0.950000 5.001762
v 12.000001 0.850000 7.001762
v 12.050000 0.800000 7.001762
v 12.050002 0.800000 5.001762
v 12.000001 0.850000 5.001762
v 12.090001 0.100000 5.141763
v 12.050000 0.140000 5.141763
v 12.090001 0.140000 5.101763
v 12.050000 0.360000 5.141763
v 12.090001 0.400000 5.141763
v 12.090001 0.360000 5.101763
v 12.250001 0.100000 5.141763
v 12.250001 0.140000 5.101763
v 12.250001 0.360000 5.101763
v 12.250001 0.400000 5.141763
v 12.090001 0.100000 6.861763
v 12.090001 0.140000 6.901763
v 12.050000 0.140000 6.861763
v 12.090001 0.400000 6.861763
v 12.050000 0.360000 6.861763
v 12.090001 0.360000 6.901763
v 12.250001 0.140000 6.901763
v 12.250001 0.100000 6.861763
v 12.250001 0.400000 6.861763
v 12.250001 0.360000 6.901763
v 12.050000 0.440000 5.141763
v 12.090001 0.440000 5.101763
v 12.050002 0.660000 5.141763
v 12.090001 0.700000 5.141763
v 12.090001 0.660000 5.101763
v 12.250001 0.440000 5.101763
v 12.250001 0.660000 5.101763
v 12.250001 0.700000 5.141763
v 12.090001 0.440000 6.901763
v 12.050000 0.440000 6.861763
v 12.090001 0.700000 6.861763
v 12.050002 0.660000 6.861763
v 12.090001 0.660000 6.901763
v 12.250001 0.440000 6.901763
v 12.250001 0.700000 6.861763
v 12.250001 0.660000 6.901763
v 11.958098 0.550000 6.001762
v 12.013206 0.603978 5.947786
v 12.013206 0.550001 5.925428
v 12.013206 0.496024 5.947786
v 12.013206 0.473666 6.001762
v 12.013206 0.496024 6.055740
v 12.013206 0.550001 6.078098
v 12.013206 0.603978 6.055740
v 12.013206 0.626336 6.001762
v 11.975915 0.591759 5.960004
v 12.050496 0.591759 5.960004
v 11.975915 0.550000 5.942707
v 12.050496 0.550000 5.942707
v 11.975915 0.508241 5.960004
v 12.050496 0.508241 5.960004
v 11.975915 0.490944 6.001762
v 12.050496 0.490944 6.001762
v 11.975915 0.508241 6.043521
v 12.050496 0.508241 6.043521
v 11.975915 0.550000 6.060818
v 12.050496 0.550000 6.060818
v 11.975915 0.591759 6.043521
v 12.050496 0.591759 6.043521
v 11.975915 0.609056 6.001762
v 12.050496 0.609056 6.001762
v 11.958098 0.250000 6.001762
v 12.013206 0.303978 5.947786
v 12.013206 0.250001 5.925428
v 12.013206 0.196024 5.947786
v 12.013206 0.173666 6.001762
v 12.013206 0.196024 6.055740
v 12.013206 0.250001 6.078098
v 12.013206 0.303978 6.055740
v 12.013206 0.326336 6.001762
v 11.975915 0.291759 5.960004
v 12.050496 0.291758 5.960004
v 11.975915 0.250000 5.942707
v 12.050496 0.250000 5.942707
v 11.975915 0.208241 5.960004
v 12.050496 0.208241 5.960004
v 11.975915 0.190944 6.001762
v 12.050496 0.190944 6.001762
v 11.975915 0.208241 6.043521
v 12.050496 0.208241 6.043521
v 11.975915 0.250000 6.060818
v 12.050496 0.250000 6.060818
v 11.975915 0.291759 6.043521
v 12.050496 0.291758 6.043521
v 11.975915 0.309056 6.001762
v 12.050496 0.309056 6.001762
v -12.199999 0.000000 7.001755
v -12.199999 0.800000 7.001755
v -13.999999 -0.000000 7.001755
v -13.999999 0.800000 7.001755
v -12.199999 0.000000 5.001755
v -12.199999 0.800000 5.001755
v -13.999999 -0.000000 5.001755
v -13.999999 0.800000 5.001755
v -12.049999 1.000000 7.001755
v -13.999999 1.000000 7.001755
v -13.999999 1.000000 5.001755
v -12.049999 1.000000 5.001755
v -11.999999 0.950000 5.001755
v -11.999999 0.950000 7.001755
v -11.999999 0.850000 5.001755
v -12.049999 0.800000 5.001755
v -12.049999 0.800000 7.001755
v -11.999999 0.850000 7.001755
v -12.089999 0.100000 6.861754
v -12.049999 0.140000 6.861754
v -12.089999 0.140000 6.901755
v -12.049999 0.360000 6.861754
v -12.089999 0.400000 6.861754
v -12.089999 0.360000 6.901755
v -12.249999 0.100000 6.861754
v -12.249999 0.140000 6.901755
v -12.249999 0.360000 6.901755
v -12.249999 0.400000 6.861754
v -12.089999 0.100000 5.141755
v -12.089999 0.140000 5.101755
v -12.049999 0.140000 5.141755
v -12.089999 0.400000 5.141755
v -12.049999 0.360000 5.141755
v -12.089999 0.360000 5.101755
v -12.249999 0.140000 5.101755
v -12.249999 0.100000 5.141755
v -12.249999 0.400000 5.141755
v -12.249999 0.360000 5.101755
v -12.049999 0.440000 6.861754
v -12.089999 0.440000 6.901755
v -12.049999 0.660000 6.861754
v -12.089999 0.700000 6.861754
v -12.089999 0.660000 6.901755
v -12.249999 0.440000 6.901755
v -12.249999 0.660000 6.901755
v -12.249999 0.700000 6.861754
v -12.089999 0.440000 5.101755
v -12.049999 0.440000 5.141755
v -12.089999 0.700000 5.141755
v -12.049999 0.660000 5.141755
v -12.089999 0.660000 5.101755
v -12.249999 0.440000 5.101755
v -12.249999 0.700000 5.141755
v -12.249999 0.660000 5.101755
v -11.958096 0.550000 6.001756
v -12.013204 0.603978 6.055732
v -12.013204 0.550001 6.078090
v -12.013204 0.496024 6.055732
v -12.013204 0.473666 6.001755
v -12.013204 0.496024 5.947778
v -12.013204 0.550001 5.925420
v -12.013204 0.603978 5.947778
v -12.013204 0.626336 6.001755
v -11.975913 0.591759 6.043513
v -12.050493 0.591759 6.043513
v -11.975913 0.550000 6.060811
v -12.050493 0.550000 6.060811
v -11.975913 0.508241 6.043513
v -12.050493 0.508241 6.043513
v -11.975913 0.490944 6.001756
v -12.050493 0.490944 6.001756
v -11.975913 0.508241 5.959996
v -12.050493 0.508241 5.959996
v -11.975913 0.550000 5.942699
v -12.050493 0.550000 5.942699
v -11.975913 0.591759 5.959996
v -12.050493 0.591759 5.959996
v -11.975913 0.609056 6.001756
v -12.050493 0.609056 6.001756
v -11.958096 0.250000 6.001756
v -12.013204 0.303978 6.055732
v -12.013204 0.250001 6.078090
v -12.013204 0.196024 6.055732
v -12.013204 0.173666 6.001755
v -12.013204 0.196024 5.947778
v -12.013204 0.250001 5.925420
v -12.013204 0.303978 5.947778
v -12.013204 0.326336 6.001755
v -11.975913 0.291759 6.043513
v -12.050493 0.291758 6.043513
v -11.975913 0.250000 6.060811
v -12.050493 0.250000 6.060811
v -11.975913 0.208241 6.043513
v -12.050493 0.208241 6.043513
v -11.975913 0.190944 6.001756
v -12.050493 0.190944 6.001756
v -11.975913 0.208241 5.959996
v -12.050493 0.208241 5.959996
v -11.975913 0.250000 5.942699
v -12.050493 0.250000 5.942699
v -11.975913 0.291759 5.959996
v -12.050493 0.291758 5.959996
v -11.975913 0.309056 6.001756
v -12.050493 0.309056 6.001756
v -12.199999 0.000000 9.001756
v -12.199999 0.800000 9.001756
v -13.999999 -0.000000 9.001756
v -13.999999 0.800000 9.001756
v -12.199999 0.000000 7.001755
v -12.199999 0.800000 7.001755
v -13.999999 -0.000000 7.001755
v -13.999999 0.800000 7.001755
v -12.049999 1.000000 9.001756
v -13.999999 1.000000 9.001756
v -13.999999 1.000000 7.001755
v -12.049999 1.000000 7.001755
v -11.999999 0.950000 7.001755
v -11.999999 0.950000 9.001756
v -11.999999 0.850000 7.001755
v -12.049999 0.800000 7.001755
v -12.049999 0.800000 9.001756
v -11.999999 0.850000 9.001756
v -12.089999 0.100000 8.861754
v -12.049999 0.140000 8.861754
v -12.089999 0.140000 8.901755
v -12.049999 0.360000 8.861754
v -12.089999 0.400000 8.861754
v -12.089999 0.360000 8.901755
v -12.249999 0.100000 8.861754
v -12.249999 0.140000 8.901755
v -12.249999 0.360000 8.901755
v -12.249999 0.400000 8.861754
v -12.089999 0.100000 7.141755
v -12.089999 0.140000 7.101754
v -12.049999 0.140000 7.141755
v -12.089999 0.400000 7.141755
v -12.049999 0.360000 7.141755
v -12.089999 0.360000 7.101754
v -12.249999 0.140000 7.101754
v -12.249999 0.100000 7.141755
v -12.249999 0.400000 7.141755
v -12.249999 0.360000 7.101754
v -12.049999 0.440000 8.861754
v -12.089999 0.440000 8.901755
v -12.049999 0.660000 8.861754
v -12.089999 0.700000 8.861754
v -12.089999 0.660000 8.901755
v -12.249999 0.440000 8.901755
v -12.249999 0.660000 8.901755
v -12.249999 0.700000 8.861754
v -12.089999 0.440000 7.101754
v -12.049999 0.440000 7.141755
v -12.089999 0.700000 7.141755
v -12.049999 0.660000 7.141755
v -12.089999 0.660000 7.101754
v -12.249999 0.440000 7.101754
v -12.249999 0.700000 7.141755
v -12.249999 0.660000 7.101754
v -11.958096 0.550000 8.001756
v -12.013204 0.603978 8.055732
v -12.013204 0.550001 8.078090
v -12.013204 0.496024 8.055732
v -12.013204 0.473666 8.001754
v -12.013204 0.496024 7.947778
v -12.013204 0.550001 7.925420
v -12.013204 0.603978 7.947778
v -12.013204 0.626336 8.001754
v -11.975913 0.591759 8.043513
v -12.050493 0.591759 8.043513
v -11.975913 0.550000 8.060811
v -12.050493 0.550000 8.060811
v -11.975913 0.508241 8.043513
v -12.050493 0.508241 8.043513
v -11.975913 0.490944 8.001756
v -12.050493 0.490944 8.001756
v -11.975913 0.508241 7.959996
v -12.050493 0.508241 7.959996
v -11.975913 0.550000 7.942699
v -12.050493 0.550000 7.942699
v -11.975913 0.591759 7.959996
v -12.050493 0.591759 7.959996
v -11.975913 0.609056 8.001756
v -12.050493 0.609056 8.001756
v -11.958096 0.250000 8.001756
v -12.013204 0.303978 8.055732
v -12.013204 0.250001 8.078090
v -12.013204 0.196024 8.055732
v -12.013204 0.173666 8.001754
v -12.013204 0.196024 7.947778
v -12.013204 0.250001 7.925420
v -12.013204 0.303978 7.947778
v -12.013204 0.326336 8.001754
v -11.975913 0.291759 8.043513
v -12.050493 0.291758 8.043513
v -11.975913 0.250000 8.060811
v -12.050493 0.250000 8.060811
v -11.975913 0.208241 8.043513
v -12.050493 0.208241 8.043513
v -11.975913 0.190944 8.001756
v -12.050493 0.190944 8.001756
v -11.975913 0.208241 7.959996
v -12.050493 0.208241 7.959996
v -11.975913 0.250000 7.942699
v -12.050493 0.250000 7.942699
v -11.975913 0.291759 7.959996
v -12.050493 0.291758 7.959996
v -11.975913 0.309056 8.001756
v -12.050493 0.309056 8.001756
v -12.000000 0.000000 9.201751
v -11.999999 0.800000 9.201751
v -11.999997 -0.000000 11.001750
v -11.999997 0.800000 11.001752
v -13.999997 -0.000000 11.001752
v -13.999997 0.800000 11.001752
v -11.999999 1.000000 9.051751
v -11.999997 1.000000 11.001752
v -13.999997 1.000000 11.001752
v -13.999999 1.000000 9.001752
v -12.049999 1.000000 9.001750
v -12.199999 0.800000 9.001752
v -12.200000 0.000000 9.001750
v -12.199999 0.000000 9.201751
v -12.199999 0.800000 9.201751
v -14.000000 0.000000 9.001752
v -13.999999 0.800000 9.001752
v -12.000000 0.850000 9.001750
v -12.000000 0.800000 9.051751
v -12.049999 0.800000 9.001750
v -12.000000 0.950000 9.001750
v 12.000001 0.000000 10.801751
v 12.000001 0.800000 10.801751
v 12.000001 -0.000000 9.001752
v 12.000001 0.800000 9.001752
v 14.000001 -0.000000 9.001752
v 14.000001 0.800000 9.001752
v 12.000002 1.000000 10.951751
v 12.000001 1.000000 9.001752
v 14.000001 1.000000 9.001752
v 14.000002 1.000000 11.001752
v 12.050001 1.000000 11.001752
v 12.200003 0.800000 11.001752
v 12.200003 0.000000 11.001752
v 12.200002 0.000000 10.801751
v 12.200002 0.800000 10.801751
v 14.000002 0.000000 11.001752
v 14.000002 0.800000 11.001752
v 12.000002 0.850000 11.001752
v 12.000002 0.800000 10.951751
v 12.050001 0.800000 11.001752
v 12.000002 0.950000 11.001752
v 2.999999 2.000000 11.150000
v 2.999627 2.100000 11.050001
v 2.999627 1.900000 11.050001
v 3.000000 2.000000 11.336388
v 3.000000 2.100000 11.436407
v 3.000000 1.900000 11.436371
v 4.000000 2.000000 11.150000
v 4.000000 2.100000 11.050001
v 4.000000 1.900000 11.050001
v 4.000000 2.000000 11.450001
v 4.000000 1.900000 11.550001
v 4.000000 2.100000 11.550001
v 2.999999 2.000000 11.263613
v 2.999999 1.900000 11.163630
v 2.999999 2.100000 11.163595
v 3.000000 2.000000 11.450001
v 2.999627 1.900000 11.550001
v 3.000000 2.100000 11.550001
v 14.455538 2.000000 11.499999
v 14.505537 2.100000 11.550000
v 14.505537 1.900000 11.550000
v 13.500002 2.000000 11.150001
v 13.500002 2.100000 11.050000
v 13.500002 1.900000 11.050000
v 13.500002 2.000000 11.450000
v 13.500002 1.900000 11.550000
v 13.500002 2.100000 11.550000
v 14.055538 2.000000 11.099999
v 14.005537 1.900000 11.050000
v 14.005537 2.100000 11.050000
v 4.000000 1.000000 11.050001
v 4.000000 1.000000 11.550001
v 13.500002 1.000000 11.050000
v 13.500002 1.000000 11.550000
v 2.999999 1.000000 11.163788
v 14.005537 1.000000 11.050000
v 3.001761 1.000000 11.550001
v 14.505537 1.000000 11.550000
v 2.999999 1.000000 11.050001
v 3.000000 1.000000 11.436213
v 13.500002 1.000000 11.450000
v 4.000000 1.000000 11.450001
v 13.500001 3.000000 11.450000
v 4.000000 3.000000 11.450001
v 13.300001 1.200000 11.450000
v 4.199999 1.200000 11.450001
v 13.300001 2.800000 11.450000
v 4.200001 2.800000 11.450001
v 13.500002 1.000000 11.150001
v 4.000000 1.000000 11.150002
v 13.500001 3.000000 11.150001
v 4.000000 3.000000 11.150000
v 13.300001 1.200000 11.150001
v 4.199999 1.200000 11.150002
v 13.300001 2.800000 11.150001
v 4.200001 2.800000 11.150000
v 4.000000 3.000000 11.049999
v 4.000000 3.000000 11.550001
v 13.500001 3.000000 11.050000
v 13.500001 3.000000 11.550000
v 14.505538 3.000000 11.550000
v 3.000000 3.000000 11.163435
v 3.000000 3.000000 11.050001
v 14.005538 3.000000 11.050000
v 3.000000 3.000000 11.436565
v 3.000000 3.000000 11.550001
v 4.000000 4.500000 11.550001
v 3.999999 -0.500000 11.050001
v 4.000000 4.500000 11.049999
v 4.000000 -0.500000 11.550001
v 13.500001 4.500000 11.550000
v 13.500001 4.500000 11.050000
v 13.500002 -0.500000 11.550000
v 13.500002 -0.500000 11.050000
v 3.000000 4.400000 11.163277
v 3.000000 4.500000 11.049999
v 2.999627 -0.500000 11.050001
v 2.999999 -0.400000 11.163277
v 14.005538 4.500000 11.050000
v 14.005537 -0.500000 11.050000
v 14.505538 4.500000 11.550000
v 14.505537 -0.500000 11.550000
v 3.000000 4.500000 11.549999
v 3.000000 4.400000 11.436724
v 3.000001 -0.400000 11.436726
v 2.999627 -0.498333 11.551121
v 4.199999 1.200000 11.350000
v 4.199999 1.200000 11.250000
v 4.200001 2.800000 11.250000
v 4.200001 2.800000 11.350000
v 13.300001 2.800000 11.249999
v 13.300001 2.800000 11.349999
v 13.300001 1.200000 11.250001
v 13.300001 1.200000 11.349999
v 3.000000 3.000000 11.436565
v 3.000000 3.000000 11.163437
v 3.000000 1.900000 11.436193
v 2.999999 1.900000 11.163809
v 2.999999 2.000000 11.264870
v 3.000000 2.000000 11.335131
v 3.000000 2.100000 11.436193
v 2.999999 2.100000 11.163809
v 3.000000 4.400000 11.163277
v 2.999999 -0.400000 11.163277
v 3.000000 4.400000 11.436724
v 14.505538 3.000000 11.550000
v -3.000000 2.000000 11.150000
v -3.000000 2.100000 11.050001
v -3.002677 1.900000 11.049999
v -3.000000 2.000000 11.336388
v -3.000000 2.100000 11.436405
v -3.000000 1.900000 11.436371
v -4.000000 2.000000 11.150000
v -4.000000 2.100000 11.049999
v -4.000000 1.900000 11.049999
v -4.000001 2.000000 11.450001
v -4.000001 1.900000 11.549999
v -4.000001 2.100000 11.549999
v -3.000000 2.000000 11.263611
v -3.000000 1.900000 11.163630
v -3.000000 2.100000 11.163593
v -3.000000 2.000000 11.450001
v -3.002677 1.900000 11.550001
v -3.000000 2.100000 11.550001
v -14.450000 2.000000 11.500001
v -14.499999 2.100000 11.550000
v -14.499999 1.900000 11.550000
v -13.499999 2.000000 11.150001
v -13.499999 2.100000 11.050000
v -13.499999 1.900000 11.050000
v -13.499999 2.000000 11.450000
v -13.499999 1.900000 11.550000
v -13.499999 2.100000 11.550000
v -14.049999 2.000000 11.100001
v -13.999999 1.900000 11.050000
v -13.999999 2.100000 11.050000
v -4.000000 1.000000 11.049999
v -4.000000 1.000000 11.550001
v -13.499999 1.000000 11.050000
v -13.499999 1.000000 11.550000
v -3.000000 1.000000 11.163788
v -13.999999 1.000000 11.050000
v -3.001762 1.000000 11.550001
v -14.499999 1.000000 11.550000
v -3.000000 1.000000 11.049999
v -3.000000 1.000000 11.436213
v -13.499999 1.000000 11.450002
v -4.000000 1.000000 11.450001
v -13.499999 3.000000 11.450000
v -4.000000 3.000000 11.450001
v -13.299999 1.200000 11.450002
v -4.200000 1.200000 11.450001
v -13.299999 2.800000 11.450000
v -4.200001 2.800000 11.450001
v -13.499999 1.000000 11.150001
v -4.000000 1.000000 11.150000
v -13.499999 3.000000 11.150001
v -4.000000 3.000000 11.150000
v -13.299999 1.200000 11.150001
v -4.200000 1.200000 11.150000
v -13.299999 2.800000 11.150001
v -4.200001 2.800000 11.150000
v -4.000000 3.000000 11.049999
v -4.000000 3.000000 11.549999
v -13.499999 3.000000 11.050000
v -13.499999 3.000000 11.550000
v -14.499999 3.000000 11.550000
v -3.000000 3.000000 11.163435
v -3.002678 3.000000 11.049999
v -13.999999 3.000000 11.050002
v -3.000000 3.000000 11.436565
v -3.000000 3.000000 11.549999
v -4.000000 4.500000 11.549999
v -3.999999 -0.500000 11.050001
v -4.000000 4.500000 11.049999
v -4.000000 -0.500000 11.550001
v -13.499999 4.500000 11.550000
v -13.499999 4.500000 11.050000
v -13.499999 -0.500000 11.550000
v -13.499999 -0.500000 11.050000
v -3.000000 4.400000 11.163275
v -3.000000 4.500000 11.049999
v -3.002677 -0.500000 11.050001
v -2.999999 -0.400000 11.163277
v -13.999999 4.500000 11.050000
v -13.999999 -0.500000 11.050002
v -14.499999 4.500000 11.550000
v -14.499999 -0.500000 11.550000
v -3.000000 4.500000 11.549999
v -3.000000 4.400000 11.436724
v -3.000000 -0.400000 11.436724
v -3.002677 -0.498333 11.551121
v -4.200000 1.200000 11.350000
v -4.200000 1.200000 11.250000
v -4.200001 2.800000 11.250000
v -4.200001 2.800000 11.350000
v -13.299999 2.800000 11.250001
v -13.299999 2.800000 11.350001
v -13.299999 1.200000 11.250001
v -13.299999 1.200000 11.350001
v -3.000000 3.000000 11.436565
v -3.000000 3.000000 11.163435
v -3.000000 1.900000 11.436193
v -3.000000 1.900000 11.163807
v -3.000000 2.000000 11.264870
v -3.000000 2.000000 11.335131
v -3.000000 2.100000 11.436193
v -3.000000 2.100000 11.163807
v -3.000000 4.400000 11.163277
v -2.999999 -0.400000 11.163277
v -3.000000 4.400000 11.436724
v -14.499999 3.000000 11.550000
v 3.995914 5.379447 11.549999
v 3.995914 5.379447 11.049999
v 13.482896 4.882256 11.550000
v 13.482896 4.882256 11.050000
v 2.992050 5.331920 11.163275
v 2.995899 5.410104 11.050001
v 13.987746 4.856088 11.050000
v 14.487062 4.829920 11.550000
v 2.995901 5.410104 11.549999
v 2.992050 5.331920 11.436724
v 2.992050 5.331920 11.163277
v 2.992050 5.331920 11.436724
v -3.993122 5.798135 11.549999
v -3.993122 5.798135 11.049999
v -13.480103 6.295327 11.550000
v -13.480103 6.295327 11.050000
v -2.999726 5.645936 11.163275
v -2.995229 5.769406 11.049999
v -13.979417 6.321495 11.050000
v -14.478732 6.347662 11.550000
v -2.995229 5.769406 11.549999
v -2.999727 5.645936 11.436724
v -2.999726 5.645936 11.163277
v -2.999727 5.645936 11.436724
v -2.000001 3.000000 11.049999
v -2.000000 3.000000 11.549999
v 2.000000 3.000000 11.050001
v 2.000000 3.000000 11.550001
v 3.099255 3.000000 11.436565
v 2.999256 3.000000 11.550001
v -3.105355 3.000000 11.163435
v 3.099255 3.000000 11.163437
v 2.999254 3.000000 11.050001
v -3.105354 3.000000 11.436565
v -3.005355 3.000000 11.549999
v -2.000000 2.000000 11.450001
v -2.000000 1.900000 11.049999
v -2.000000 2.100000 11.550001
v -1.992803 5.730232 11.549999
v -2.000001 -0.500000 11.050001
v -2.000000 2.000000 11.150000
v -2.000000 2.100000 11.049999
v -1.992804 5.730232 11.049999
v -2.000000 1.900000 11.550001
v -2.000000 -0.500000 11.550001
v 2.000000 2.000000 11.150000
v 2.000000 2.000000 11.450001
v 2.000000 2.100000 11.050001
v 2.000000 1.900000 11.050001
v 2.000000 2.100000 11.550001
v 1.997454 5.451206 11.549999
v 1.997454 5.451206 11.049999
v 2.000000 1.900000 11.550001
v 2.000001 -0.500000 11.550001
v 1.999999 -0.500000 11.050001
v -3.005355 2.000000 11.150000
v -3.105355 2.000000 11.264870
v 3.099255 1.900000 11.436193
v -3.105355 1.900000 11.163807
v -3.105355 1.900000 11.436193
v 3.099255 1.900000 11.163809
v 3.099255 2.000000 11.264870
v 2.999255 2.000000 11.150002
v 3.099255 2.000000 11.335131
v 2.999255 2.000000 11.450001
v -3.005354 2.100000 11.550001
v -3.105355 2.100000 11.436193
v 2.999255 2.100000 11.550001
v 3.099255 2.100000 11.436193
v 3.099255 2.100000 11.163809
v -3.005355 2.100000 11.049999
v -3.105355 2.100000 11.163807
v -3.105355 2.000000 11.335131
v -3.005354 2.000000 11.450001
v -3.102698 5.700233 11.163275
v -3.105356 -0.400000 11.163277
v 3.087297 5.281694 11.163277
v 3.099255 -0.400000 11.163277
v 3.087297 5.281694 11.436724
v 3.099255 -0.400000 11.436726
v -3.102698 5.700233 11.436724
v -3.105355 -0.400000 11.436724
v 1.999999 -0.500000 11.150002
v 2.000001 -0.500000 11.450001
v -2.000000 -0.500000 11.450001
v -2.000001 -0.500000 11.150000
v 2.000000 3.000000 11.150000
v 2.000000 3.000000 11.450001
v -2.000000 3.000000 11.450001
v -2.000001 3.000000 11.150000
v 1.800000 -0.500000 11.150002
v 1.800000 -0.500000 11.450001
v -1.800000 -0.500000 11.150000
v -1.800000 -0.500000 11.450001
v 1.800000 2.800000 11.150000
v 1.800000 2.800000 11.450001
v -1.800001 2.800000 11.150000
v -1.800000 2.800000 11.450001
v 14.450003 2.000000 11.516610
v 14.500002 2.100000 11.566609
v 14.500002 1.900000 11.566609
v 14.050001 2.000000 11.116611
v 14.000002 1.900000 11.066611
v 14.000002 2.100000 11.066611
v 14.000002 1.000000 11.066611
v 14.500002 1.000000 11.566609
v 14.500001 3.000000 11.566609
v 14.000001 3.000000 11.066611
v 14.000001 4.500000 11.066611
v 14.000002 -0.500000 11.066611
v 14.500001 4.500000 11.566609
v 14.500002 -0.500000 11.566609
v 14.099999 2.000000 7.500002
v 14.000001 2.100000 7.500002
v 14.000001 1.900000 7.500002
v 14.399999 2.000000 7.500001
v 14.500001 1.900000 7.500001
v 14.500001 2.100000 7.500001
v 14.400001 2.000000 -0.392594
v 14.500001 2.100000 -0.392594
v 14.500001 1.900000 -0.392594
v 14.213613 2.000000 -0.499998
v 14.113595 2.100000 -0.499998
v 14.113631 1.900000 -0.499998
v 14.099999 2.000000 2.000001
v 14.000001 2.100000 2.000001
v 14.000001 1.900000 2.000001
v 14.399999 2.000000 2.000001
v 14.500001 1.900000 2.000001
v 14.500001 2.100000 2.000001
v 14.286389 2.000000 -0.499999
v 14.386407 2.100000 -0.499999
v 14.386373 1.900000 -0.499999
v 14.100001 2.000000 -0.392594
v 14.000001 1.900000 -0.392594
v 14.000001 2.100000 -0.392594
v 14.000001 1.000000 7.500001
v 14.500001 1.000000 7.500000
v 14.000001 1.000000 2.000001
v 14.500001 1.000000 2.000001
v 14.386212 1.000000 -0.499999
v 14.000001 1.000000 -0.392594
v 14.500001 1.000000 -0.392594
v 14.113790 1.000000 -0.499998
v 14.399999 1.000000 2.000001
v 14.399999 1.000000 7.500000
v 14.399998 3.000000 2.000000
v 14.399998 3.000000 7.500000
v 14.399999 1.000000 2.200001
v 14.399999 1.000000 7.300000
v 14.399999 2.800000 2.200001
v 14.399999 2.800000 7.300000
v 14.099999 1.000000 2.000001
v 14.099999 1.000000 7.500000
v 14.099998 3.000000 2.000000
v 14.099998 3.000000 7.500000
v 14.099999 1.000000 2.200001
v 14.099999 1.000000 7.300000
v 14.099999 2.800000 2.200001
v 14.099999 2.800000 7.300000
v 14.000000 3.000000 7.500001
v 14.500000 3.000000 7.500001
v 14.000000 3.000000 2.000001
v 14.500000 3.000000 2.000000
v 14.386564 3.000000 -0.500000
v 14.500000 3.000000 -0.392594
v 14.113436 3.000000 -0.499999
v 14.000000 3.000000 -0.392594
v 14.500001 3.000000 11.566609
v 14.500000 4.500000 7.500001
v 14.000001 -0.500000 7.500001
v 14.000000 4.500000 7.500002
v 14.500001 -0.500000 7.500000
v 14.500000 4.500000 2.000001
v 14.000000 4.500000 2.000001
v 14.500001 -0.500000 2.000000
v 14.000001 -0.500000 2.000001
v 14.000000 4.500000 -0.392594
v 14.113277 4.400000 -0.499999
v 14.113278 -0.400000 -0.499999
v 14.000001 -0.500000 -0.392594
v 14.386724 4.400000 -0.499999
v 14.500000 4.500000 -0.392594
v 14.500001 -0.500000 -0.392594
v 14.386724 -0.400000 -0.499999
v 13.800000 1.000000 7.500001
v 14.700000 1.000000 7.500000
v 13.800000 1.000000 2.000001
v 14.700000 1.000000 2.000001
v 13.849999 1.200000 7.500001
v 13.800000 1.150000 7.500001
v 14.700000 1.150000 7.500000
v 14.649999 1.200000 7.500000
v 14.649999 1.200000 2.000001
v 14.700000 1.150000 2.000001
v 13.800000 1.150000 2.000001
v 13.849999 1.200000 2.000001
v 14.286389 2.000000 -0.285189
v 14.386407 2.100000 -0.285189
v 14.386373 1.900000 -0.285189
v 14.099999 2.000000 -2.999999
v 14.000001 2.100000 -2.999999
v 14.000001 1.900000 -2.999999
v 14.400001 2.000000 -2.999999
v 14.500001 1.900000 -2.999999
v 14.500001 2.100000 -2.999999
v 14.213613 2.000000 -0.285188
v 14.113629 1.900000 -0.285188
v 14.113595 2.100000 -0.285188
v 14.450289 2.000000 -11.374658
v 14.500000 2.100000 -11.444640
v 14.500000 1.900000 -11.444640
v 14.213613 2.000000 -10.900847
v 14.113594 2.100000 -11.354438
v 14.113628 1.900000 -11.354438
v 14.100001 2.000000 -8.500001
v 14.000001 2.100000 -8.500001
v 14.000001 1.900000 -8.500001
v 14.400001 2.000000 -8.500001
v 14.500001 1.900000 -8.500001
v 14.500001 2.100000 -8.500001
v 14.286389 2.000000 -10.900847
v 14.386406 2.100000 -11.354438
v 14.386370 1.900000 -11.354438
v 14.099998 2.000000 -11.254439
v 14.000000 1.900000 -11.254439
v 14.000000 2.100000 -11.254439
v 14.000001 1.000000 -2.999999
v 14.500001 1.000000 -2.999999
v 14.000001 1.000000 -8.500001
v 14.500001 1.000000 -8.500001
v 14.386211 1.000000 -11.354438
v 14.113790 1.000000 -0.285188
v 14.000000 1.000000 -11.254439
v 14.500000 1.000000 -11.444640
v 14.113789 1.000000 -11.354438
v 14.386212 1.000000 -0.285189
v 14.400001 1.000000 -8.500001
v 14.400001 1.000000 -2.999999
v 14.400000 3.000000 -8.499999
v 14.400000 3.000000 -3.000000
v 14.400001 1.200000 -8.300000
v 14.400001 1.200000 -3.199999
v 14.400001 2.800000 -8.300000
v 14.400001 2.800000 -3.199999
v 14.100001 1.000000 -8.500001
v 14.100001 1.000000 -2.999999
v 14.100000 3.000000 -8.499999
v 14.100000 3.000000 -3.000000
v 14.100001 1.200000 -8.300000
v 14.100001 1.200000 -3.199999
v 14.100001 2.800000 -8.300000
v 14.100001 2.800000 -3.199999
v 14.000000 3.000000 -3.000000
v 14.500000 3.000000 -3.000000
v 14.000000 3.000000 -8.499999
v 14.500000 3.000000 -8.499999
v 14.386561 3.000000 -11.354438
v 14.499999 3.000000 -11.444640
v 14.113434 3.000000 -0.285189
v 14.113433 3.000000 -11.354438
v 13.999999 3.000000 -11.254439
v 14.386564 3.000000 -0.285190
v 14.500000 4.500000 -2.999999
v 14.000001 -0.500000 -2.999998
v 14.000000 4.500000 -2.999999
v 14.500001 -0.500000 -2.999999
v 14.500000 4.500000 -8.499999
v 14.000000 4.500000 -8.499999
v 14.500001 -0.500000 -8.500001
v 14.000001 -0.500000 -8.500001
v 14.113276 4.400000 -0.285188
v 14.113276 -0.400000 -0.285188
v 13.999999 4.500000 -11.254439
v 14.113275 4.400000 -11.354438
v 14.113276 -0.400000 -11.354438
v 14.000000 -0.500000 -11.254439
v 14.386722 4.400000 -11.354438
v 14.499999 4.500000 -11.444640
v 14.500000 -0.500000 -11.444640
v 14.386723 -0.400000 -11.354438
v 14.386723 4.400000 -0.285189
v 14.386724 -0.400000 -0.285189
v 14.300000 1.200000 -3.199999
v 14.200002 1.200000 -3.199999
v 14.200002 2.800000 -3.199999
v 14.300000 2.800000 -3.199999
v 14.200002 2.800000 -8.300000
v 14.300000 2.800000 -8.300000
v 14.200002 1.200000 -8.300000
v 14.300000 1.200000 -8.300000
v 14.000001 4.755056 11.066611
v 14.500001 4.755056 11.566609
v 14.500000 4.755056 7.500001
v 14.000000 4.755056 7.500002
v 14.500000 4.755056 2.000001
v 14.000000 4.755056 2.000001
v 14.000000 4.755056 -0.392594
v 14.113277 4.655056 -0.499999
v 14.386724 4.655056 -0.499999
v 14.500000 4.755056 -0.392594
v 14.500000 4.755056 -2.999999
v 14.000000 4.755056 -2.999999
v 14.500000 4.755056 -8.499999
v 14.000000 4.755056 -8.499999
v 14.113276 4.655056 -0.285188
v 13.999999 4.755056 -11.254439
v 14.113275 4.655056 -11.354438
v 14.386722 4.655056 -11.354438
v 14.499999 4.755056 -11.444640
v 14.386723 4.655056 -0.285189
v 14.432873 2.000000 -11.450002
v 14.482874 2.100000 -11.500001
v 14.482874 1.900000 -11.500001
v 14.032875 2.000000 -11.050000
v 13.982874 1.900000 -11.000001
v 13.982874 2.100000 -11.000001
v 13.982874 1.000000 -11.000001
v 14.482874 1.000000 -11.500001
v 14.482873 3.000000 -11.500001
v 13.982873 3.000000 -11.000001
v 13.957019 4.454131 -11.000001
v 13.982874 -0.500000 -11.000001
v 14.456332 4.427963 -11.500001
v 14.482874 -0.500000 -11.500001
v 3.996850 2.000000 -11.099998
v 3.996850 2.099999 -11.000000
v 3.996850 1.900000 -11.000000
v 3.996850 2.000000 -11.400000
v 3.996850 1.900000 -11.500000
v 3.996850 2.100000 -11.500000
v 3.996850 1.000000 -11.000000
v 3.996850 1.000000 -11.500000
v -0.012423 0.999999 -11.000000
v -0.012423 1.000000 -11.500000
v 3.996849 1.000000 -11.400000
v 3.996850 3.000000 -11.399998
v 3.796850 1.000000 -11.400000
v 3.796849 2.800000 -11.400000
v 3.996849 1.000000 -11.100000
v 3.996850 3.000000 -11.099998
v 3.796850 1.000000 -11.100000
v 3.796849 2.800000 -11.100000
v 3.996850 3.000000 -10.999998
v 3.996850 3.000000 -11.499998
v -0.012423 2.999999 -10.999998
v -0.012423 3.000000 -11.499998
v 14.482873 3.000000 -11.500001
v 3.984681 4.976759 -11.499998
v 3.996851 -0.500000 -11.000000
v 3.984683 4.976759 -10.999998
v 3.996849 -0.500000 -11.500000
v -0.019097 5.186588 -11.499998
v -0.019097 5.186588 -10.999998
v -0.012423 -0.500000 -11.500000
v -0.012423 -0.500000 -11.000000
v 3.996850 1.000000 -10.799999
v 3.996850 1.000000 -11.699999
v -0.012423 0.999999 -10.799999
v -0.012423 1.000000 -11.699999
v 3.996850 1.200000 -10.849998
v 3.996850 1.150000 -10.799999
v 3.996850 1.150000 -11.699999
v 3.996850 1.200000 -11.650000
v -0.012423 1.199999 -11.650000
v -0.012423 1.150000 -11.699999
v -0.012423 1.149999 -10.799999
v -0.012423 1.199999 -10.850000
v 13.970366 4.708838 -11.000001
v 14.469680 4.682670 -11.500001
v 3.998030 5.231465 -11.499998
v 3.998030 5.231465 -10.999998
v -0.005749 5.441294 -11.499998
v -0.005749 5.441294 -10.999998
v -14.457718 1.999995 -11.450000
v -14.507719 2.099995 -11.499999
v -14.507719 1.899995 -11.499999
v -14.057720 1.999995 -11.049998
v -14.007719 1.899995 -10.999999
v -14.007719 2.099995 -10.999999
v -14.007719 0.999995 -10.999999
v -14.507719 0.999995 -11.499999
v -14.507720 2.999995 -11.499999
v -14.007720 2.999995 -10.999999
v -13.995215 5.919041 -10.999999
v -14.007719 -0.500005 -10.999999
v -14.494529 5.945209 -11.499999
v -14.507719 -0.500005 -11.499999
v -4.021697 1.999999 -11.099998
v -4.021697 2.099998 -11.000000
v -4.021697 1.899999 -11.000000
v -4.021697 1.999999 -11.400000
v -4.021697 1.899999 -11.500000
v -4.021697 2.099998 -11.500000
v -4.021697 0.999999 -11.000000
v -4.021697 0.999999 -11.500000
v -4.021696 0.999999 -11.400000
v -4.021697 2.999999 -11.399998
v -3.821696 0.999999 -11.400000
v -3.821696 2.799999 -11.400000
v -4.021696 0.999999 -11.100000
v -4.021697 2.999999 -11.099998
v -3.821696 0.999999 -11.100000
v -3.821696 2.799999 -11.100000
v -4.021697 2.999998 -10.999998
v -4.021697 2.999999 -11.499998
v -14.507720 2.999995 -11.499999
v -4.022878 5.396417 -11.499998
v -4.021697 -0.500001 -11.000000
v -4.022878 5.396417 -10.999998
v -4.021696 -0.500001 -11.500000
v -4.021697 0.999999 -10.799999
v -4.021697 0.999999 -11.699999
v -4.021697 1.199999 -10.849998
v -4.021697 1.149999 -10.799999
v -4.021697 1.149999 -11.699999
v -4.021697 1.199999 -11.650000
v -13.981867 6.173747 -10.999999
v -14.481180 6.199915 -11.499999
v -4.009529 5.651123 -11.499998
v -4.009530 5.651123 -10.999998
vn 1.0000 -0.0000 -0.0000
vn 0.5512 0.5512 0.6264
vn 0.5513 0.5512 0.6264
vn 0.6439 -0.2250 0.7312
vn 0.6236 -0.3310 0.7082
vn 0.5512 -0.5513 0.6263
vn -0.7071 0.7071 -0.0000
vn -0.7071 -0.7071 -0.0000
vn -0.5512 -0.5513 0.6263
vn -0.5513 -0.5513 0.6263
vn -0.6236 -0.3310 0.7082
vn -0.6440 -0.2250 0.7312
vn -0.5512 0.5512 0.6263
vn 0.7071 0.7071 -0.0000
vn 0.7071 -0.7071 -0.0000
vn -0.0000 -0.0000 1.0000
vn -0.7307 0.6121 0.3023
vn -0.9118 -0.2246 0.3437
vn -0.7307 -0.6122 0.3022
vn -0.8750 -0.3468 0.3380
vn -0.0000 -0.0000 -1.0000
vn -0.5513 0.5513 0.6262
vn -0.6440 0.2250 0.7312
vn -0.6236 0.3310 0.7082
vn -0.5513 -0.5512 0.6263
vn 0.6613 -0.0001 0.7502
vn 0.6613 -0.0000 0.7501
vn 0.6607 -0.0000 0.7507
vn 0.6604 -0.0001 0.7509
vn -0.6604 -0.0001 0.7509
vn -0.6607 -0.0000 0.7507
vn -0.9405 -0.0001 0.3399
vn -0.6604 0.0001 0.7509
vn -1.0000 -0.0000 -0.0000
vn -0.9403 -0.0000 0.3404
vn -0.9402 -0.0001 0.3406
vn -0.0000 -1.0000 -0.0000
vn -0.0000 1.0000 -0.0000
vn -0.6613 -0.0000 0.7501
vn -0.6613 -0.0000 0.7502
vn -0.6610 0.0001 0.7504
vn -0.6610 -0.0001 0.7504
vn -0.6615 -0.0000 0.7499
vn -0.6616 -0.0000 0.7499
vn 0.2310 -0.0183 -0.9728
vn 0.3948 0.0248 -0.9184
vn 0.6452 -0.0404 -0.7630
vn 0.6050 -0.0431 -0.7951
vn 0.2516 0.0277 0.9674
vn 0.6328 -0.0477 0.7729
vn 0.6618 -0.0000 0.7497
vn 0.3778 -0.0272 0.9255
vn -0.0000 -0.7071 0.7071
vn -0.9405 -0.0001 0.3397
vn -0.9404 0.0002 0.3401
vn 0.6615 -0.0000 0.7499
vn 0.6616 -0.0000 0.7499
vn 0.6609 0.0001 0.7504
vn 0.6610 0.0001 0.7504
vn -0.3433 -0.6860 0.6415
vn -0.1747 -0.2254 -0.9585
vn -0.3958 0.0691 -0.9158
vn -0.3072 0.1350 -0.9420
vn -0.1747 0.2254 -0.9585
vn -0.5513 0.5513 -0.6262
vn -0.6236 0.3310 -0.7082
vn -0.6440 0.2250 -0.7312
vn -0.5513 -0.5512 -0.6263
vn 0.5444 0.4863 -0.6835
vn 0.5119 0.5699 -0.6428
vn 0.5443 0.4863 -0.6835
vn 0.5649 -0.1917 -0.8026
vn 0.5444 -0.4864 -0.6834
vn 0.5119 -0.5700 -0.6427
vn 0.5482 -0.3003 -0.7806
vn -0.5444 -0.4864 -0.6834
vn -0.5650 -0.1916 -0.8025
vn -0.5482 -0.3003 -0.7806
vn -0.5119 -0.5700 -0.6427
vn -0.5119 0.5699 -0.6428
vn -0.5443 0.4863 -0.6835
vn -0.4823 -0.0000 -0.8760
vn -0.4817 -0.0000 -0.8763
vn -0.4814 -0.0000 -0.8765
vn -0.6604 0.0001 -0.7509
vn -0.6607 -0.0000 -0.7507
vn 0.5844 -0.0000 -0.8115
vn -0.6219 -0.0492 -0.7815
vn -0.6219 0.0491 -0.7815
vn -0.5838 -0.0000 -0.8119
vn 0.5838 -0.0000 -0.8119
vn 0.6219 0.0491 -0.7815
vn 0.6219 -0.0492 -0.7815
vn -0.5845 -0.0000 -0.8114
vn -0.6613 -0.0000 -0.7501
vn -0.6610 -0.0001 -0.7504
vn -0.6007 -0.0404 -0.7984
vn -0.6444 0.0405 -0.7636
vn -0.6616 -0.0000 -0.7499
vn -0.6449 -0.0405 -0.7632
vn -0.6013 0.0404 -0.7980
vn -0.2719 -0.0000 0.9623
vn -0.4086 -0.0000 0.9127
vn -0.6223 -0.0000 0.7828
vn -0.5146 -0.0000 0.8574
vn -0.6618 -0.0000 0.7497
vn 0.0382 0.6463 -0.7621
vn -0.0382 0.6464 -0.7621
vn 0.0382 0.6939 -0.7191
vn -0.0382 0.6939 -0.7190
vn 0.6376 -0.0000 -0.7703
vn -0.2022 0.1807 -0.9625
vn 0.6013 0.0404 -0.7980
vn 0.6449 -0.0405 -0.7632
vn 0.6443 0.0405 -0.7637
vn 0.6007 -0.0403 -0.7984
vn -0.4826 -0.0000 -0.8758
vn -0.4820 0.0001 -0.8761
vn -0.0382 -0.6939 -0.7190
vn 0.0382 -0.6939 -0.7191
vn -0.0382 -0.6464 -0.7621
vn 0.0382 -0.6463 -0.7621
vn -0.0000 0.8756 -0.4831
vn -0.4831 0.8756 -0.0000
vn -0.0000 0.8756 0.4831
vn 0.4831 0.8756 -0.0000
vn -0.5367 0.1196 -0.8353
vn -0.8353 0.1196 -0.5367
vn -0.8607 0.3416 -0.3776
vn -0.3776 0.3416 -0.8607
vn 0.3103 0.2436 0.9189
vn 0.3827 -0.0000 0.9239
vn 0.9239 -0.0000 0.3827
vn 0.9189 0.2436 0.3103
vn 0.5367 0.1195 0.8353
vn 0.8353 0.1195 0.5367
vn 0.8607 0.3416 0.3776
vn 0.3776 0.3416 0.8607
vn 0.5682 0.5952 -0.5682
vn -0.3103 0.2436 -0.9189
vn -0.3827 -0.0000 -0.9239
vn -0.9239 -0.0000 -0.3827
vn -0.9189 0.2436 -0.3103
vn 0.3638 0.8575 -0.3638
vn 0.7041 0.6742 -0.2228
vn 0.2228 0.6743 -0.7041
vn 0.0206 0.5344 -0.8450
vn -0.3638 0.8575 0.3638
vn -0.7041 0.6743 0.2228
vn -0.2228 0.6743 0.7041
vn -0.7071 -0.0000 0.7071
vn -0.3827 -0.0000 0.9239
vn -0.4066 0.2151 0.8879
vn -0.8879 0.2151 0.4066
vn 0.7071 -0.0000 -0.7071
vn 0.4066 0.2151 -0.8879
vn 0.8879 0.2151 -0.4066
vn -0.2109 0.4606 0.8622
vn 0.8622 0.4606 -0.2109
vn -0.8622 0.4606 0.2109
vn 0.2109 0.4606 -0.8622
vn 0.1295 0.3234 0.9373
vn 0.9374 0.3234 0.1295
vn -0.9374 0.3234 -0.1295
vn -0.9997 -0.0000 -0.0257
vn 0.0256 -0.0000 0.9997
vn -0.5682 0.5952 0.5682
vn -0.5682 -0.5952 0.5682
vn -0.0256 -0.0000 -0.9997
vn 0.5682 -0.5952 -0.5682
vn 0.9997 -0.0000 0.0257
vn 0.9505 -0.3107 -0.0000
vn 0.8232 -0.3107 -0.4753
vn 0.8660 -0.0000 -0.5000
vn -0.3897 0.8931 -0.2250
vn -0.2250 0.8931 -0.3897
vn -0.4500 0.8931 -0.0000
vn -0.3897 0.8931 0.2250
vn -0.2250 0.8931 0.3897
vn -0.0000 0.8931 0.4500
vn 0.2250 0.8931 0.3897
vn 0.3897 0.8931 0.2250
vn 0.4499 0.8931 -0.0000
vn -0.0000 0.8931 -0.4500
vn 0.5000 -0.0000 -0.8660
vn 0.2250 0.8931 -0.3897
vn 0.7872 -0.6166 -0.0000
vn 0.6818 -0.6166 -0.3936
vn 0.3936 -0.6166 -0.6818
vn 0.4753 -0.3107 -0.8232
vn -0.0000 -0.6166 -0.7872
vn -0.0000 -0.3107 -0.9505
vn -0.3936 -0.6166 -0.6818
vn -0.4753 -0.3107 -0.8232
vn -0.5000 -0.0000 -0.8660
vn -0.6818 -0.6166 -0.3936
vn -0.8232 -0.3107 -0.4753
vn -0.8660 -0.0000 -0.5000
vn -0.7872 -0.6166 -0.0000
vn -0.9505 -0.3107 -0.0000
vn -0.6818 -0.6166 0.3936
vn -0.8232 -0.3107 0.4753
vn -0.8660 -0.0000 0.5000
vn -0.3936 -0.6166 0.6818
vn -0.4753 -0.3107 0.8232
vn -0.5000 -0.0000 0.8660
vn -0.0000 -0.6166 0.7872
vn -0.0000 -0.3107 0.9505
vn 0.3936 -0.6166 0.6818
vn 0.4753 -0.3107 0.8232
vn 0.5000 -0.0000 0.8660
vn 0.6818 -0.6166 0.3936
vn 0.8232 -0.3107 0.4753
vn 0.8660 -0.0000 0.5000
vn -0.8380 0.2522 0.4838
vn -0.9677 0.2522 -0.0000
vn 0.6753 0.6261 -0.3899
vn 0.3899 0.6261 -0.6753
vn -0.0000 0.6261 -0.7797
vn -0.3899 0.6261 -0.6753
vn -0.6753 0.6261 -0.3899
vn -0.7797 0.6261 -0.0000
vn -0.6753 0.6261 0.3899
vn -0.3899 0.6261 0.6753
vn -0.0000 0.6261 0.7797
vn 0.3899 0.6261 0.6753
vn 0.6753 0.6261 0.3899
vn 0.7797 0.6261 -0.0000
vn -0.4838 0.2522 -0.8380
vn -0.0000 0.2523 -0.9677
vn 0.8380 0.2522 0.4838
vn 0.4838 0.2522 0.8380
vn 0.8380 0.2522 -0.4838
vn 0.9677 0.2522 -0.0000
vn -0.4838 0.2522 0.8380
vn -0.8380 0.2522 -0.4838
vn 0.4838 0.2522 -0.8380
vn -0.0000 0.2522 0.9677
vn 0.2675 0.9635 -0.0000
vn 0.2317 0.9635 -0.1338
vn 0.1338 0.9635 -0.2317
vn -0.0000 0.9636 -0.2675
vn -0.1337 0.9636 -0.2317
vn -0.2317 0.9635 -0.1338
vn -0.2675 0.9636 -0.0000
vn -0.2317 0.9635 0.1338
vn -0.1338 0.9636 0.2317
vn -0.0000 0.9636 0.2675
vn 0.1338 0.9635 0.2317
vn 0.2317 0.9635 0.1338
vn 0.3897 0.8931 -0.2250
vn -0.4499 0.8931 -0.0000
vn 0.6818 -0.6167 0.3936
vn -0.4839 0.2523 -0.8380
vn -0.0000 0.2522 -0.9677
vn -0.4839 0.2522 0.8380
vn 0.1338 0.9636 -0.2317
vn -0.0000 0.9635 -0.2675
vn -0.1338 0.9636 -0.2317
vn -0.2317 0.9636 -0.1337
vn -0.2675 0.9635 -0.0000
vn -0.0000 0.9635 0.2675
vn 0.1338 0.9636 0.2317
vn -0.2743 -0.0138 -0.9616
vn -0.3649 0.0195 -0.9308
vn -0.2719 -0.0000 -0.9623
vn -0.1828 -0.0000 -0.9831
vn -0.2922 -0.0000 -0.9564
vn -0.4086 -0.0000 -0.9127
vn -0.6328 -0.0477 0.7729
vn -0.2259 0.0094 0.9741
vn -0.4088 0.0028 0.9126
vn -0.6618 -0.0000 -0.7497
vn -0.4829 -0.0000 -0.8757
vn -0.0000 0.7071 0.7071
vn -0.3433 0.6860 0.6415
vn 0.3090 -0.0000 0.9511
vn -0.2022 -0.1807 -0.9625
vn -0.9406 -0.0000 0.3395
vn -0.6050 -0.0431 -0.7951
vn -0.6452 -0.0405 -0.7629
vn 0.3416 -0.3416 0.8756
vn 0.3416 0.3416 0.8756
vn -0.3416 0.3416 0.8756
vn -0.3416 -0.3416 0.8756
vn -0.3416 -0.3416 -0.8756
vn -0.3416 0.3416 -0.8756
vn 0.3416 0.3416 -0.8756
vn 0.3416 -0.3416 -0.8756
vn -0.3416 -0.8756 0.3416
vn -0.8756 -0.3416 0.3416
vn -0.4606 0.7588 0.4606
vn -0.7588 0.4606 0.4606
vn -0.3416 -0.8756 -0.3416
vn -0.8756 -0.3416 -0.3416
vn -0.4606 0.7588 -0.4605
vn -0.8756 0.3416 -0.3416
vn 0.3416 -0.8756 0.3416
vn 0.7588 -0.4606 0.4606
vn 0.4606 0.7588 0.4606
vn 0.7588 0.4606 0.4606
vn 0.3416 -0.8756 -0.3416
vn 0.7588 -0.4606 -0.4606
vn 0.4606 0.7588 -0.4606
vn 0.7588 0.4606 -0.4606
vn 0.8756 -0.3416 -0.3416
vn 0.8756 0.3416 -0.3416
vn 0.8756 0.3416 0.3416
vn 0.8756 -0.3416 0.3416
vn -0.8756 0.3416 0.3416
vn -0.4606 -0.7588 0.4606
vn -0.4606 -0.7588 -0.4605
vn 0.4606 -0.7588 0.4606
vn 0.4606 -0.7588 -0.4606
vn 0.5774 -0.5773 -0.5774
vn 0.5774 0.5773 -0.5774
vn -0.5774 -0.5774 -0.5773
vn -0.5773 0.5774 -0.5774
vn -0.7071 -0.0000 -0.7071
vn -0.0000 -0.7071 -0.7071
vn -0.0000 0.7071 -0.7071
vn 0.5773 -0.5773 -0.5774
vn 0.5773 0.5773 -0.5774
vn -0.5774 -0.5773 -0.5773
vn -0.5774 0.5773 -0.5773
vn 1.0000 0.0036 0.0043
vn 1.0000 -0.0036 0.0043
vn 1.0000 -0.0069 0.0027
vn 1.0000 0.0069 0.0027
vn 1.0000 -0.0018 -0.0024
vn 1.0000 -0.0075 -0.0011
vn 1.0000 0.0018 -0.0024
vn 1.0000 0.0075 -0.0011
vn 0.7071 -0.0000 0.7071
vn -0.6832 -0.0000 -0.7303
vn -0.6832 0.7303 -0.0000
vn -0.6832 -0.7303 -0.0000
vn -0.6831 -0.0000 0.7303
vn -0.5773 -0.5774 0.5774
vn -0.5773 0.5774 0.5774
vn 0.5773 -0.5773 0.5774
vn 0.5773 0.5774 0.5774
vn 0.3416 -0.0215 0.9396
vn 0.3416 0.6204 0.7059
vn -0.3416 0.6204 0.7060
vn -0.3416 -0.0215 0.9396
vn -0.4515 -0.5500 0.7026
vn -0.7572 -0.2628 0.5980
vn -0.4515 0.8730 0.1846
vn -0.7572 0.5857 0.2892
vn 0.4515 -0.5500 0.7026
vn 0.7572 -0.2628 0.5980
vn 0.4515 0.8730 0.1846
vn 0.7572 0.5857 0.2892
vn -0.7071 -0.6645 0.2418
vn 0.9972 -0.0256 -0.0703
vn -0.7071 0.6645 -0.2418
vn -0.9972 -0.0256 -0.0703
vn 0.7071 -0.6644 0.2418
vn -0.0000 0.9115 -0.4113
vn -0.0000 -0.9626 0.2708
vn 0.7071 0.6645 -0.2418
vn 0.3746 0.8713 -0.3171
vn 0.7009 0.6702 -0.2439
vn 0.3907 -0.8650 0.3148
vn 0.0087 -0.9397 0.3420
vn -0.7009 -0.6702 0.2439
vn -1.0000 -0.0082 0.0030
vn -0.9272 0.3520 -0.1281
vn -0.7133 0.6586 -0.2397
vn -0.0087 0.9397 -0.3420
vn 1.0000 0.0082 -0.0030
vn 0.9272 -0.3520 0.1281
vn 0.3522 0.1827 0.9179
vn 0.3496 0.4559 0.8185
vn 0.1484 -0.0122 0.9889
vn -0.1423 -0.0146 0.9897
vn -0.3497 0.1769 0.9200
vn -0.3522 0.4501 0.8206
vn -0.1484 0.6449 0.7497
vn 0.1423 0.6473 0.7488
vn -0.3535 0.9283 0.1152
vn -0.8390 0.4641 0.2841
vn -0.3536 0.9283 0.1152
vn 0.8390 -0.1729 0.5160
vn 0.8329 0.4778 0.2791
vn 0.3390 0.9340 0.1131
vn 0.3536 -0.6371 0.6849
vn -0.8329 -0.1866 0.5210
vn -0.3390 -0.6428 0.6870
vn -0.0000 0.9397 -0.3420
vn -0.3626 0.9319 0.0007
vn 0.3626 0.9319 0.0007
vn 0.7071 -0.6645 0.2418
vn 0.8755 -0.2315 0.4242
vn 0.3626 -0.7135 0.5996
vn 0.3827 -0.8682 0.3160
vn -0.3626 -0.7135 0.5996
vn -0.0000 -0.9397 0.3420
vn -0.8755 -0.2315 0.4242
vn -0.9239 -0.3596 0.1309
vn -0.8755 0.4500 0.1761
vn -0.9239 0.3596 -0.1309
vn 0.7071 0.6645 -0.2419
vn 0.8755 0.4500 0.1761
vn 0.9239 0.3596 -0.1309
vn 0.2177 0.9096 0.3538
vn 0.7055 0.4954 0.5068
vn 0.7055 -0.0538 0.7067
vn 0.2177 -0.4694 0.8557
vn -0.2177 -0.4694 0.8557
vn -0.7055 -0.0538 0.7067
vn -0.7055 0.4954 0.5068
vn -0.2177 0.9096 0.3538
vn -0.0000 0.3420 0.9397
vn -0.0000 0.9512 0.3087
vn -0.9121 0.1402 0.3852
vn 0.9121 0.1402 0.3852
vn -0.0000 -0.5302 0.8479
vn 0.9239 -0.3596 0.1309
vn -0.9121 0.1402 0.3853
vn 0.6926 0.0175 -0.7211
vn 0.6686 0.0453 -0.7422
vn -0.0200 -0.9996 -0.0200
vn -0.7423 0.0454 0.6685
vn -0.7211 0.0176 0.6926
vn -0.7691 0.0834 0.6336
vn 0.6339 0.0832 -0.7689
vn 0.3068 0.9010 0.3068
vn 0.1618 0.9735 0.1618
vn -0.7211 0.0176 -0.6926
vn -0.7422 0.0454 -0.6686
vn -0.0200 -0.9996 0.0200
vn 0.6685 0.0454 0.7423
vn 0.6926 0.0176 0.7211
vn 0.6337 0.0834 0.7691
vn -0.7690 0.0832 -0.6338
vn 0.3068 0.9010 -0.3068
vn 0.1618 0.9735 -0.1618
vn -0.6926 0.0175 0.7211
vn -0.6686 0.0453 0.7422
vn 0.0200 -0.9996 0.0200
vn 0.7423 0.0454 -0.6685
vn 0.7211 0.0175 -0.6926
vn 0.7691 0.0833 -0.6337
vn -0.6339 0.0832 0.7690
vn -0.3068 0.9010 -0.3068
vn -0.1618 0.9735 -0.1618
vn 0.7211 0.0175 0.6926
vn 0.7422 0.0453 0.6686
vn 0.0200 -0.9996 -0.0200
vn -0.6685 0.0455 -0.7423
vn -0.6926 0.0176 -0.7211
vn -0.6337 0.0834 -0.7691
vn 0.7689 0.0832 0.6339
vn -0.3068 0.9010 0.3068
vn -0.1618 0.9735 0.1618
vn -0.7020 0.6868 -0.1881
vn -0.5139 0.6868 -0.5139
vn -0.5139 0.6868 0.5139
vn -0.7020 0.6868 0.1881
vn -0.1881 0.6868 0.7020
vn 0.1881 0.6868 0.7020
vn 0.5139 0.6868 0.5139
vn 0.7020 0.6868 0.1881
vn 0.7020 0.6868 -0.1881
vn 0.5139 0.6868 -0.5139
vn 0.1881 0.6868 -0.7020
vn -0.1881 0.6868 -0.7020
vn 0.1710 0.9690 -0.1784
vn 0.0690 0.9690 -0.2373
vn -0.0000 0.9743 -0.2251
vn 0.1950 0.9743 -0.1126
vn -0.2401 0.9690 0.0589
vn -0.1710 0.9690 0.1784
vn -0.1950 0.9743 0.1126
vn 0.0690 0.9690 0.2373
vn 0.1710 0.9690 0.1784
vn 0.1950 0.9743 0.1126
vn -0.0000 0.9743 0.2251
vn 0.2400 0.9690 -0.0589
vn -0.2401 0.9690 -0.0589
vn -0.1950 0.9743 -0.1126
vn -0.0690 0.9690 -0.2373
vn -0.1710 0.9690 -0.1784
vn -0.0690 0.9690 0.2373
vn 0.2400 0.9690 0.0589
vn -0.0131 0.0095 -0.9999
vn -0.0327 0.0238 -0.9992
vn 0.0011 -1.0000 -0.0000
vn -0.0331 0.0241 0.9992
vn -0.0132 0.0096 0.9999
vn -0.0605 0.0440 0.9972
vn -0.0597 0.0434 -0.9973
vn 0.4338 0.9010 -0.0000
vn 0.2420 0.9703 -0.0000
vn -0.9999 0.0095 0.0131
vn -0.9992 0.0238 0.0328
vn 0.0329 0.9995 -0.0000
vn -0.0000 -1.0000 -0.0011
vn 0.9992 0.0240 0.0330
vn 0.9999 0.0096 0.0132
vn 0.9972 0.0438 0.0603
vn -0.9973 0.0436 0.0599
vn -0.0000 0.9010 -0.4338
vn -0.0000 0.9703 -0.2420
vn 0.0131 0.0096 0.9999
vn 0.0327 0.0238 0.9992
vn -0.0000 0.9995 -0.0329
vn -0.0011 -1.0000 -0.0000
vn 0.0331 0.0240 -0.9992
vn 0.0132 0.0096 -0.9999
vn 0.0604 0.0439 -0.9972
vn 0.0598 0.0435 0.9973
vn -0.4338 0.9010 -0.0000
vn -0.2420 0.9703 -0.0000
vn 0.9999 0.0095 -0.0131
vn 0.9992 0.0238 -0.0327
vn -0.0329 0.9995 -0.0000
vn -0.0000 -1.0000 0.0011
vn -0.9992 0.0241 -0.0331
vn -0.9999 0.0096 -0.0132
vn -0.9972 0.0440 -0.0605
vn 0.9973 0.0434 -0.0597
vn -0.0000 0.9010 0.4338
vn -0.0000 0.9703 0.2419
vn -0.0000 0.9703 0.2420
vn -0.0000 0.9995 0.0329
vn -0.3790 0.9254 -0.0000
vn -0.0000 0.8000 -0.6000
vn 0.3790 0.9254 -0.0000
vn -0.0000 0.8000 0.6000
vn -0.4606 0.7588 -0.4606
vn -0.4606 -0.7588 -0.4606
vn -0.5773 -0.5773 -0.5774
vn -0.6832 -0.0000 0.7303
vn 0.3535 -0.6371 0.6849
vn -0.3390 -0.6427 0.6870
vn -0.7071 0.6645 -0.2419
vn 0.7071 -0.6645 0.2419
vn 0.2401 0.9690 -0.0589
vn 0.2401 0.9690 0.0589
vn -0.0000 0.9995 -0.0330
vn -0.0000 0.8000 -0.6001
vn 0.5773 -0.5774 -0.5774
vn -0.5773 0.5774 -0.5773
vn 0.5773 0.5774 -0.5774
vn -0.5773 -0.5774 -0.5774
vn -0.5774 0.5773 -0.5774
vn -0.5774 -0.5774 0.5773
vn -0.5774 0.5774 0.5773
vn 0.5773 -0.5774 0.5774
vn -0.3416 0.6204 0.7059
vn -0.7132 0.6586 -0.2397
vn 0.1484 -0.0122 0.9888
vn -0.7055 -0.0537 0.7067
vn 0.7055 -0.0537 0.7067
vn -0.7211 0.0175 0.6926
vn -0.7211 0.0175 -0.6926
vn 0.7691 0.0834 -0.6337
vn -0.9999 0.0096 -0.0133
vn -0.0000 0.8000 0.6001
vn 0.4606 0.7588 -0.4605
vn 0.4606 -0.7588 -0.4605
vn -0.5774 0.5774 -0.5773
vn -0.5774 -0.5773 0.5773
vn 0.5773 0.5774 0.5773
vn 0.3416 0.6204 0.7060
vn -0.7071 -0.6644 0.2418
vn -0.1423 -0.0145 0.9897
vn -0.1484 0.6450 0.7497
vn -0.7071 -0.6645 0.2419
vn 0.3626 -0.7134 0.5996
vn -0.6686 0.0454 0.7422
vn -0.9999 0.0096 0.0131
vn -0.9992 0.0239 0.0328
vn 0.0131 0.0095 0.9999
vn -0.9999 0.0097 -0.0132
vn -0.9239 -0.3827 -0.0000
vn -0.9239 0.3827 -0.0000
vn -0.3827 -0.9239 -0.0000
vn -0.0000 -0.3827 -0.9239
vn -0.7588 -0.4606 -0.4606
vn -0.7588 0.4606 -0.4606
vn -0.4606 -0.4606 0.7588
vn -0.4606 0.4606 0.7588
vn -0.0000 -0.9239 -0.3827
vn -0.0000 -0.9239 0.3827
vn -0.0000 0.9239 0.3827
vn -0.0000 0.9239 -0.3827
vn -0.3416 0.8756 -0.3416
vn -0.3416 0.8756 0.3416
vn -0.0000 -0.3827 0.9239
vn -0.9574 0.2042 0.2042
vn -0.9574 0.2888 -0.0000
vn 0.4205 0.6416 0.6416
vn 0.4204 -0.0000 0.9073
vn 0.4204 -0.0000 -0.9073
vn 0.4204 0.6416 -0.6416
vn 0.4204 -0.9073 -0.0000
vn 0.4204 -0.6416 -0.6416
vn -0.4204 -0.0000 0.9073
vn -0.4204 -0.6416 0.6416
vn -0.4205 0.9073 -0.0000
vn -0.4205 0.6416 0.6416
vn -0.4204 -0.6416 -0.6416
vn -0.4204 -0.0000 -0.9073
vn -0.4204 0.6416 -0.6416
vn -0.4204 -0.9073 -0.0000
vn 0.4205 0.9073 -0.0000
vn -0.9574 0.2042 -0.2042
vn 0.4204 -0.6416 0.6416
vn -0.9574 -0.2042 0.2042
vn -0.9574 -0.0000 0.2888
vn -0.9574 -0.2042 -0.2042
vn -0.9574 -0.2888 -0.0000
vn -0.9574 -0.0000 -0.2888
vn 0.9239 -0.3827 -0.0000
vn 0.9239 0.3827 -0.0000
vn 0.3827 -0.9239 -0.0000
vn 0.4606 -0.4606 -0.7588
vn 0.4606 0.4606 -0.7588
vn 0.3416 0.8756 0.3416
vn 0.3416 0.8756 -0.3416
vn 0.9574 0.2042 -0.2042
vn 0.9574 0.2888 -0.0000
vn -0.4205 0.6416 -0.6416
vn -0.4205 -0.0000 -0.9073
vn -0.4204 0.6416 0.6416
vn 0.4205 0.6416 -0.6416
vn 0.4204 0.6416 0.6416
vn 0.9574 0.2042 0.2042
vn 0.9574 -0.2042 -0.2042
vn 0.9574 -0.0000 -0.2889
vn 0.9574 -0.2042 0.2042
vn 0.9574 -0.2888 -0.0000
vn 0.9574 -0.0000 0.2888
vn -0.0000 0.3827 0.9239
vn 0.3827 0.9239 -0.0000
vn -0.3827 0.9239 -0.0000
vn 0.2042 0.2042 0.9574
vn -0.0000 0.2888 0.9574
vn 0.6416 0.6416 -0.4205
vn 0.9073 -0.0000 -0.4205
vn -0.9073 -0.0000 -0.4204
vn -0.6416 0.6416 -0.4205
vn -0.0000 -0.9073 -0.4204
vn -0.6416 -0.6416 -0.4204
vn 0.9073 -0.0000 0.4205
vn 0.6416 -0.6416 0.4204
vn -0.0000 0.9073 0.4205
vn 0.6416 0.6416 0.4205
vn -0.6416 -0.6416 0.4204
vn -0.9073 -0.0000 0.4204
vn -0.6416 0.6416 0.4204
vn -0.0000 -0.9073 0.4204
vn -0.0000 0.9073 -0.4205
vn -0.2042 0.2042 0.9574
vn 0.6416 -0.6416 -0.4204
vn 0.2042 -0.2042 0.9574
vn 0.2888 -0.0000 0.9574
vn -0.2042 -0.2042 0.9574
vn -0.0000 -0.2888 0.9574
vn -0.2888 -0.0000 0.9574
vn 0.2043 0.2043 0.9574
vn 0.9073 -0.0000 0.4204
vn -0.2043 0.2042 0.9574
vn 0.2043 -0.2043 0.9574
vn 0.2889 -0.0000 0.9574
vn -0.2043 -0.2043 0.9574
vn -0.2889 -0.0000 0.9574
vn -0.0000 0.2889 0.9574
vn -0.0000 -0.2889 0.9574
vn -0.4605 -0.4606 0.7588
vn -0.4605 0.4606 0.7588
vn 0.6416 0.6416 -0.4204
vn 0.9073 -0.0000 -0.4204
vn -0.6416 0.6416 -0.4204
vn 0.6416 0.6416 0.4204
vn 0.2042 -0.2043 0.9574
vn 0.4205 -0.0000 0.9073
vn 0.9574 -0.0000 -0.2888
vn 0.9574 0.2889 -0.0000
vn 0.9574 -0.2889 -0.0000
vn 0.9574 -0.0000 0.2889
vn -0.2043 0.2043 0.9574
vn 0.6416 -0.6416 -0.4205
vn 0.7588 0.4606 0.4605
vn -0.2042 -0.2043 0.9574
vn -0.0000 0.9073 0.4204
vn 0.5773 0.5773 0.5774
vn -0.5774 -0.5774 -0.5774
vn 0.7588 -0.4606 0.4605
vn 0.9574 0.2043 0.2042
vn 0.9574 -0.2043 0.2042
vn 0.5774 -0.5774 -0.5773
vn 0.5774 0.5774 -0.5773
vn -0.6247 0.5523 0.5520
vn -0.6247 0.5522 0.5521
vn -0.6247 0.5539 0.5504
vn -0.7298 -0.2255 0.6454
vn -0.7067 -0.3317 0.6249
vn -0.6246 -0.5522 0.5522
vn -0.6248 -0.5522 -0.5520
vn -0.6248 -0.5521 -0.5520
vn -0.7069 -0.3317 -0.6247
vn -0.7300 -0.2253 -0.6452
vn -0.6249 0.5521 -0.5520
vn -0.6249 0.5520 -0.5520
vn -0.6249 0.5521 -0.5519
vn -0.0000 -0.7062 -0.7080
vn -0.0000 -0.7063 -0.7079
vn 0.0002 -0.7062 -0.7080
vn 0.0003 -0.7063 -0.7080
vn 0.0001 0.7063 -0.7079
vn -0.0001 0.7062 -0.7080
vn -0.0000 0.7063 -0.7079
vn -0.0000 0.7062 -0.7080
vn -0.0001 -0.7061 0.7081
vn -0.0001 -0.7060 0.7082
vn -0.0001 -0.7062 0.7081
vn -0.0003 -0.7060 0.7082
vn -0.0003 0.7060 0.7082
vn -0.0001 0.7062 0.7081
vn -0.0001 0.7060 0.7082
vn -0.0001 0.7061 0.7081
vn -0.7488 -0.0000 0.6628
vn -0.7499 0.0088 0.6615
vn -0.7495 0.0001 0.6620
vn -0.7495 -0.0000 0.6620
vn -0.7497 0.0001 0.6618
vn -0.9640 0.0324 -0.2639
vn -0.9455 0.0067 -0.3255
vn -0.9608 0.0087 -0.2773
vn -0.9348 0.0485 -0.3519
vn -0.7490 -0.0000 -0.6625
vn -0.7490 -0.0000 -0.6626
vn -0.9647 -0.0177 -0.2629
vn -0.9465 -0.0198 -0.3220
vn 0.0099 0.0066 0.9999
vn 0.0067 0.0044 1.0000
vn -0.7488 -0.0000 -0.6628
vn -0.7488 -0.0017 -0.6628
vn 0.0202 0.0134 0.9997
vn -0.7361 -0.6397 -0.2212
vn -0.9396 0.1246 0.3188
vn -0.9286 0.0335 -0.3696
vn -0.7330 -0.0045 -0.6803
vn -0.0000 -1.0000 -0.0001
vn 0.0001 -1.0000 -0.0002
vn 0.9331 0.3596 0.0028
vn 0.7607 -0.6246 -0.1768
vn 0.7641 0.0039 -0.6450
vn 0.9375 -0.3327 0.1015
vn -0.7059 -0.7083 0.0020
vn -0.7059 -0.7083 -0.0003
vn -0.7059 -0.7070 0.0430
vn -0.7060 -0.7005 0.1046
vn -0.7486 -0.0001 0.6630
vn -0.7486 -0.0000 0.6630
vn -0.7500 0.0510 0.6595
vn -0.7501 0.0892 0.6553
vn 0.7309 -0.2258 -0.6441
vn 0.7492 -0.0000 -0.6624
vn 0.7492 -0.0001 -0.6624
vn 0.7079 -0.3323 -0.6232
vn 0.7486 -0.0000 0.6630
vn 0.7490 -0.0000 0.6626
vn 0.7486 -0.0020 0.6630
vn -0.9351 0.3541 0.0136
vn -0.7427 -0.6339 0.2159
vn -0.7375 0.0015 0.6754
vn -0.9360 -0.3436 -0.0761
vn 0.7307 -0.2257 0.6443
vn 0.7077 -0.3325 0.6234
vn 0.6263 -0.5527 -0.5498
vn 0.6263 -0.5528 -0.5497
vn 0.6260 0.5529 0.5499
vn 0.7305 0.2313 0.6426
vn 0.7076 0.3373 0.6209
vn 0.6261 0.5530 0.5498
vn 0.7488 -0.0001 -0.6628
vn 0.7488 -0.0000 -0.6628
vn 0.7492 0.0001 -0.6624
vn 0.7306 0.2256 -0.6444
vn 0.7078 0.3324 -0.6233
vn 0.7492 0.0019 -0.6623
vn 0.6263 0.5528 -0.5497
vn 0.6263 0.5527 -0.5498
vn 0.6260 -0.5528 0.5499
vn 0.6260 -0.5529 0.5499
vn 0.7489 0.0114 0.6625
vn 1.0000 -0.0001 0.0006
vn 0.7059 -0.7083 -0.0003
vn 0.7058 -0.7083 0.0073
vn 0.7059 -0.7083 0.0044
vn 0.6247 0.5522 0.5521
vn 0.6246 0.5523 0.5520
vn 0.6247 0.5532 0.5512
vn 0.6247 0.5523 0.5520
vn 0.7298 -0.2255 0.6454
vn 0.6245 -0.5523 0.5522
vn 0.7067 -0.3318 0.6249
vn 0.6248 -0.5522 -0.5520
vn 0.7300 -0.2254 -0.6452
vn 0.7069 -0.3317 -0.6248
vn 0.6249 0.5520 -0.5521
vn 0.6249 0.5522 -0.5519
vn 0.6249 0.5529 -0.5512
vn 0.0003 -0.7062 -0.7080
vn 0.0003 -0.7063 -0.7079
vn 0.0005 -0.7063 -0.7080
vn 0.0004 0.7062 -0.7080
vn 0.0003 0.7063 -0.7079
vn 0.0003 0.7062 -0.7080
vn 0.0002 -0.7061 0.7081
vn 0.0004 -0.7060 0.7082
vn 0.0002 -0.7060 0.7082
vn 0.0004 0.7060 0.7082
vn 0.0002 0.7061 0.7081
vn 0.0002 0.7060 0.7082
vn 0.7488 -0.0000 0.6628
vn 0.7498 0.0088 0.6616
vn 0.7497 0.0001 0.6618
vn 0.7494 0.0004 0.6621
vn 0.7494 0.0001 0.6621
vn 0.9640 0.0324 -0.2639
vn 0.9348 0.0485 -0.3519
vn 0.9608 0.0087 -0.2772
vn 0.9455 0.0067 -0.3255
vn 0.7490 -0.0001 -0.6626
vn 0.7490 0.0001 -0.6626
vn 0.9647 -0.0177 -0.2629
vn 0.9465 -0.0201 -0.3219
vn -0.0067 0.0044 1.0000
vn -0.0099 0.0066 0.9999
vn 0.7487 -0.0000 -0.6629
vn 0.7487 -0.0007 -0.6629
vn -0.0202 0.0134 0.9997
vn 0.7605 -0.6247 0.1770
vn 0.9314 0.1385 -0.3365
vn 0.9422 0.0455 0.3321
vn 0.7640 0.0040 0.6452
vn 0.7059 -0.7083 0.0010
vn 0.7059 -0.7007 0.1037
vn 0.7059 -0.7070 0.0430
vn 0.7485 -0.0010 0.6631
vn 0.7485 -0.0001 0.6631
vn 0.7499 0.0511 0.6595
vn 0.7501 0.0882 0.6555
vn -0.7308 -0.2256 -0.6442
vn -0.7079 -0.3324 -0.6232
vn -0.7491 -0.0000 -0.6624
vn -0.7486 -0.0000 0.6631
vn -0.7486 -0.0010 0.6631
vn -0.7489 -0.0001 0.6626
vn -0.7489 -0.0000 0.6626
vn -0.7077 -0.3324 0.6234
vn -0.7306 -0.2257 0.6444
vn -0.6263 -0.5528 -0.5498
vn -0.6262 -0.5528 -0.5497
vn -0.6260 0.5529 0.5499
vn -0.7075 0.3375 0.6209
vn -0.7304 0.2311 0.6427
vn -0.7487 -0.0009 -0.6629
vn -0.7487 -0.0001 -0.6629
vn -0.7491 0.0001 -0.6624
vn -0.7492 0.0010 -0.6624
vn -0.7078 0.3323 -0.6234
vn -0.7306 0.2258 -0.6444
vn -0.6262 0.5529 -0.5497
vn -0.6263 0.5528 -0.5497
vn -0.6260 -0.5529 0.5499
vn -0.7489 0.0112 0.6626
vn -1.0000 0.0001 -0.0004
vn -0.7059 -0.7084 -0.0005
vn -0.7058 -0.7084 0.0044
vn -0.7058 -0.7083 0.0082
vn 0.0521 0.9986 0.0001
vn 0.0523 0.9986 -0.0000
vn 0.0520 0.9986 0.0002
vn -0.6681 0.7441 -0.0001
vn -0.6681 0.7441 0.0001
vn -0.6680 0.7441 -0.0012
vn -0.6680 0.7441 -0.0000
vn 0.7422 0.6702 0.0010
vn 0.7422 0.6702 -0.0000
vn 0.7422 0.6702 -0.0001
vn 0.7422 0.6702 0.0001
vn 0.7421 0.6702 -0.0001
vn 0.7421 0.6702 -0.0000
vn 0.7421 0.6703 -0.0009
vn 0.7422 0.6702 0.0011
vn -0.6680 0.7442 0.0007
vn -0.6681 0.7441 -0.0010
vn -0.6680 0.7441 -0.0002
vn -0.6680 0.7442 -0.0001
vn 0.7073 0.0374 -0.7059
vn -0.7429 -0.6337 -0.2158
vn -0.9378 0.1323 0.3209
vn -0.9300 0.0416 -0.3652
vn -0.7377 0.0014 -0.6752
vn 0.9360 0.3521 0.0003
vn 0.7542 -0.6308 -0.1823
vn 0.7596 -0.0020 -0.6504
vn 0.9350 -0.3409 0.0980
vn -0.7072 0.0081 -0.7069
vn -0.9379 0.3465 0.0156
vn -0.9333 -0.3519 -0.0719
vn -0.7359 -0.6399 0.2211
vn -0.7328 -0.0046 0.6805
vn 0.9332 0.1305 -0.3348
vn 0.9409 0.0382 0.3365
vn 0.7541 -0.6310 0.1823
vn 0.7594 -0.0021 0.6506
vn -1.0000 0.0010 -0.0000
vn -1.0000 0.0005 -0.0000
vn 1.0000 0.0026 -0.0000
vn -0.7321 -0.2253 0.6429
vn -0.7449 0.0007 0.6671
vn -0.7448 0.0007 0.6673
vn -0.7092 -0.3317 0.6221
vn 0.7326 -0.2255 -0.6422
vn 0.7571 0.0013 -0.6533
vn 0.7566 0.0013 -0.6539
vn 0.7092 -0.3317 -0.6220
vn -0.7392 0.0016 -0.6735
vn -0.7450 0.0007 -0.6671
vn -0.7393 0.0016 -0.6734
vn 0.7626 0.0027 0.6469
vn 0.7567 0.0013 0.6538
vn 0.7566 0.0013 0.6539
vn 0.7625 0.0027 0.6470
vn 0.0663 0.9978 -0.0000
vn 0.0661 0.9978 -0.0000
vn -0.0002 -1.0000 0.0005
vn -0.0001 -0.0000 1.0000
vn 0.0628 0.9980 -0.0000
vn 0.0625 0.9980 -0.0000
vn 0.7547 0.6560 -0.0000
vn -0.6277 -0.5519 0.5490
vn 0.7321 -0.2253 0.6429
vn 0.7092 -0.3317 0.6221
vn 0.6277 -0.5519 -0.5490
vn -0.7320 -0.2252 -0.6430
vn -0.7092 -0.3317 -0.6221
vn -0.6277 -0.5519 -0.5490
vn 0.6277 0.5519 0.5489
vn 0.7321 0.2253 0.6428
vn 0.7091 0.3317 0.6222
vn -0.6277 0.5519 -0.5490
vn -0.7319 0.2252 -0.6431
vn -0.7091 0.3317 -0.6222
vn 0.7626 0.0027 -0.6468
vn 0.7504 0.0001 -0.6609
vn 0.7320 0.2253 -0.6430
vn 0.7090 0.3316 -0.6224
vn 0.7504 0.0001 -0.6610
vn 0.6277 0.5519 -0.5490
vn 0.6278 0.5520 -0.5489
vn 0.6277 -0.5519 0.5490
vn -0.7393 0.0016 0.6734
vn -0.7392 0.0016 0.6734
vn -0.7319 0.2252 0.6431
vn -0.6277 0.5519 0.5490
vn -0.7091 0.3317 0.6222
vn -0.7504 0.0001 -0.6610
vn -0.7504 0.0001 0.6610
vn 0.7504 0.0001 0.6609
vn 1.0000 0.0052 -0.0000
vn -0.6560 0.7547 -0.0000
vn -0.6560 0.7548 -0.0000
vn 0.7075 -0.7067 -0.0000
vn 0.7075 -0.7067 -0.0001
vn 0.7075 -0.7068 -0.0000
vn 0.7075 0.7068 -0.0000
vn 0.7075 0.7067 -0.0000
vn -0.7073 -0.7069 -0.0000
vn -0.7073 0.7069 -0.0000
vn -0.7073 0.7069 0.0001
vn -0.5513 0.5512 -0.6263
vn -0.6440 -0.2250 -0.7312
vn -0.6236 -0.3310 -0.7082
vn -0.5513 -0.5513 -0.6262
vn 0.5513 -0.5513 -0.6262
vn 0.6236 -0.3310 -0.7082
vn 0.6440 -0.2250 -0.7312
vn 0.5513 0.5512 -0.6263
vn 0.5512 0.5512 -0.6263
vn -0.6613 -0.0001 -0.7501
vn 0.6604 -0.0001 -0.7509
vn 0.6607 -0.0000 -0.7506
vn 0.6607 -0.0000 -0.7507
vn 0.6604 -0.0000 -0.7509
vn -0.6604 -0.0001 -0.7509
vn 0.6613 -0.0000 -0.7501
vn 0.6613 -0.0001 -0.7501
vn 0.6610 0.0001 -0.7504
vn 0.6616 -0.0000 -0.7499
vn -0.6229 -0.0000 -0.7823
vn -0.2505 -0.0000 -0.9681
vn -0.3826 -0.0000 -0.9239
vn -0.6610 0.0001 -0.7504
vn 0.5513 0.5512 0.6263
vn 0.6440 -0.2250 0.7312
vn 0.5513 -0.5513 0.6262
vn -0.5513 -0.5513 0.6262
vn -0.6236 -0.3311 0.7082
vn -0.5513 0.5512 0.6263
vn 0.5904 0.6095 -0.5291
vn -0.2354 -0.3289 -0.9145
vn -0.2101 -0.3439 -0.9152
vn 0.5905 -0.6094 -0.5291
vn -0.0000 -0.0001 -1.0000
vn -0.0000 0.5801 -0.8145
vn -0.0000 -0.5800 -0.8146
vn -0.8077 -0.4356 -0.3974
vn -0.7699 -0.2773 -0.5748
vn -0.7213 -0.1654 -0.6726
vn -0.8076 0.4358 -0.3974
vn 0.8017 -0.5977 0.0069
vn 0.8017 0.5977 0.0069
vn 0.6613 -0.0001 0.7501
vn 0.6607 -0.0000 0.7506
vn -0.6215 0.0001 -0.7834
vn -0.6218 -0.0000 -0.7832
vn -0.6224 -0.0000 -0.7827
vn -0.6221 -0.0001 -0.7829
vn -0.6227 -0.0000 -0.7825
vn -0.6988 0.0320 0.7146
vn -0.2795 -0.0187 0.9600
vn -0.4298 0.0200 0.9027
vn -0.6619 -0.0000 0.7496
vn 0.2795 -0.0187 -0.9600
vn -0.3065 -0.0018 -0.9519
vn -0.4100 0.0095 -0.9120
vn 0.4298 0.0201 -0.9027
vn -0.2385 -0.0475 -0.9700
vn -0.2385 0.0475 -0.9700
vn 0.6988 0.0321 -0.7146
vn 0.6618 -0.0000 -0.7497
vn 0.3065 -0.0018 0.9519
vn 0.4100 0.0095 0.9120
vn -0.6988 0.0320 -0.7146
vn -0.6618 -0.0000 -0.7496
vn 0.6988 0.0321 0.7146
vn 0.0025 -0.7068 -0.7074
vn 0.0026 -0.7071 -0.7071
vn 0.0029 -0.7068 -0.7074
vn 0.0029 -0.7071 -0.7071
vn 0.0029 0.7071 -0.7071
vn 0.0031 0.7068 -0.7074
vn 0.0026 0.7071 -0.7071
vn 0.0026 0.7068 -0.7074
vn 0.0031 -0.7064 0.7078
vn 0.0030 -0.7061 0.7081
vn 0.0034 -0.7064 0.7078
vn 0.0036 -0.7061 0.7081
vn 0.0035 0.7061 0.7081
vn 0.0036 0.7064 0.7079
vn 0.0030 0.7061 0.7081
vn 0.0031 0.7064 0.7078
vn 0.7061 -0.0370 0.7071
vn -0.0026 -0.7068 -0.7074
vn -0.0029 -0.7071 -0.7071
vn -0.0029 -0.7068 -0.7074
vn -0.0026 -0.7071 -0.7071
vn -0.0029 0.7071 -0.7071
vn -0.0025 0.7068 -0.7074
vn -0.0026 0.7071 -0.7071
vn -0.0030 0.7068 -0.7074
vn -0.0030 -0.7063 0.7079
vn -0.0036 -0.7061 0.7081
vn -0.0034 -0.7063 0.7079
vn -0.0030 -0.7061 0.7081
vn -0.0035 0.7061 0.7081
vn -0.0031 0.7063 0.7079
vn -0.0030 0.7061 0.7081
vn -0.0036 0.7063 0.7079
vn -0.7061 0.0370 0.7071
vt 0.602460 0.606478
vt 0.584088 0.606478
vt 0.584088 0.588105
vt 0.602460 0.588105
vt 0.274888 0.664189
vt 0.272846 0.664189
vt 0.272846 0.662148
vt 0.274888 0.662148
vt 0.524888 0.556855
vt 0.522846 0.556855
vt 0.522846 0.554814
vt 0.524888 0.554814
vt 0.543260 0.556855
vt 0.543260 0.554814
vt 0.293260 0.664189
vt 0.293260 0.662148
vt 0.522846 0.554814
vt 0.522846 0.556855
vt 0.272846 0.662148
vt 0.272846 0.664189
vt 0.352460 0.664189
vt 0.352460 0.662148
vt 0.354502 0.662148
vt 0.354502 0.664189
vt 0.602460 0.556855
vt 0.602460 0.554814
vt 0.604502 0.554814
vt 0.604502 0.556855
vt 0.354502 0.662148
vt 0.354502 0.664189
vt 0.604502 0.554814
vt 0.604502 0.556855
vt 0.584088 0.554814
vt 0.584088 0.556855
vt 0.334088 0.662148
vt 0.334088 0.664189
vt 0.524888 0.588105
vt 0.524888 0.606478
vt 0.522846 0.606478
vt 0.522846 0.588105
vt 0.274888 0.612525
vt 0.274888 0.630898
vt 0.272846 0.630898
vt 0.272846 0.612525
vt 0.272846 0.630898
vt 0.272846 0.612525
vt 0.293260 0.630898
vt 0.293260 0.612525
vt 0.604502 0.588105
vt 0.604502 0.606478
vt 0.352460 0.630898
vt 0.354502 0.630898
vt 0.354502 0.612525
vt 0.352460 0.612525
vt 0.334088 0.630898
vt 0.334088 0.612525
vt 0.354502 0.612525
vt 0.354502 0.630898
vt 0.543260 0.606478
vt 0.543260 0.588105
vt 0.334088 0.643775
vt 0.293260 0.643775
vt 0.522846 0.606478
vt 0.522846 0.588105
vt 0.604502 0.588105
vt 0.604502 0.606478
vt 0.584088 0.575228
vt 0.543260 0.575228
vt 0.455514 0.982782
vt 0.451911 0.977026
vt 0.451911 0.896441
vt 0.455514 0.896441
vt 0.419482 0.982782
vt 0.419482 0.896441
vt 0.423085 0.896441
vt 0.423085 0.977026
vt 0.274888 0.592111
vt 0.272846 0.594153
vt 0.354502 0.594153
vt 0.352460 0.592111
vt 0.522846 0.624850
vt 0.522846 0.624850
vt 0.543260 0.626892
vt 0.524888 0.626892
vt 0.584088 0.626892
vt 0.602460 0.626892
vt 0.604502 0.624850
vt 0.293260 0.592111
vt 0.334088 0.592111
vt 0.274888 0.560861
vt 0.293260 0.560861
vt 0.272846 0.594153
vt 0.334088 0.560861
vt 0.604502 0.624850
vt 0.352460 0.560861
vt 0.272846 0.562903
vt 0.272846 0.562903
vt 0.354502 0.594153
vt 0.354502 0.562903
vt 0.354502 0.562903
vt 0.423085 0.914526
vt 0.451911 0.914526
vt 0.451911 0.945776
vt 0.451911 0.865191
vt 0.423085 0.865191
vt 0.423085 0.945776
vt 0.451911 0.927691
vt 0.451911 0.912066
vt 0.423085 0.912066
vt 0.423085 0.927691
vt 0.014438 0.235562
vt 0.014438 0.014438
vt 0.235562 0.014438
vt 0.235562 0.235562
vt 0.604502 0.656100
vt 0.604502 0.656100
vt 0.602460 0.658142
vt 0.000000 0.000000
vt 0.849853 0.830845
vt 0.775149 0.830845
vt 0.849853 0.862095
vt 0.849853 0.881453
vt 0.775149 0.881453
vt 0.775149 0.862095
vt 0.849853 0.887905
vt 0.849853 0.881453
vt 0.849853 0.919155
vt 0.775149 0.919155
vt 0.775149 0.919155
vt 0.775149 0.881453
vt 0.775149 0.950405
vt 0.849853 0.950405
vt 0.775149 0.950405
vt 0.775149 0.887905
vt 0.775149 0.887905
vt 0.458144 0.953523
vt 0.404453 0.953523
vt 0.460479 0.830625
vt 0.460479 0.904314
vt 0.402119 0.854872
vt 0.402119 0.844522
vt 0.402119 0.830625
vt 0.402119 0.904314
vt 0.453476 0.867866
vt 0.451258 0.871017
vt 0.411340 0.871017
vt 0.409122 0.867866
vt 0.402119 0.861875
vt 0.460479 0.854872
vt 0.460479 0.844522
vt 0.404453 0.863197
vt 0.404453 0.857395
vt 0.458144 0.857395
vt 0.458144 0.863197
vt 0.460479 0.813272
vt 0.458144 0.813272
vt 0.404453 0.813272
vt 0.402119 0.813272
vt 0.458144 0.828897
vt 0.404453 0.828897
vt 0.404453 0.838235
vt 0.458144 0.838235
vt 0.460479 0.861875
vt 0.404453 0.935564
vt 0.402119 0.935564
vt 0.404453 0.937898
vt 0.460479 0.935564
vt 0.458144 0.935564
vt 0.458144 0.937898
vt 0.402119 0.870497
vt 0.404453 0.869485
vt 0.404453 0.873020
vt 0.460479 0.870497
vt 0.458144 0.873020
vt 0.458144 0.869485
vt 0.404453 0.831947
vt 0.404453 0.904314
vt 0.458144 0.904314
vt 0.458144 0.831947
vt 0.402119 0.860147
vt 0.404453 0.860147
vt 0.458144 0.860147
vt 0.460479 0.860147
vt 0.404453 0.878822
vt 0.402119 0.877500
vt 0.460479 0.877500
vt 0.458144 0.878822
vt 0.409122 0.884020
vt 0.411340 0.880868
vt 0.411340 0.824142
vt 0.409122 0.820991
vt 0.409122 0.836616
vt 0.409122 0.899645
vt 0.453476 0.899645
vt 0.453476 0.836616
vt 0.597456 0.767408
vt 0.520359 0.767408
vt 0.520359 0.976391
vt 0.597456 0.976391
vt 0.453476 0.820991
vt 0.451258 0.824142
vt 0.451258 0.880868
vt 0.453476 0.884020
vt 0.453476 0.868395
vt 0.451258 0.865243
vt 0.411340 0.865243
vt 0.409122 0.868395
vt 0.309835 0.329767
vt 0.321328 0.329767
vt 0.321328 0.371876
vt 0.309835 0.371876
vt 0.321328 0.424218
vt 0.317294 0.434485
vt 0.322754 0.434485
vt 0.329742 0.424218
vt 0.309835 0.424218
vt 0.309835 0.434485
vt 0.298341 0.424218
vt 0.302376 0.434485
vt 0.289928 0.424218
vt 0.296915 0.434485
vt 0.286848 0.424218
vt 0.294917 0.434485
vt 0.324753 0.434485
vt 0.332822 0.424218
vt 0.324753 0.382143
vt 0.324753 0.392410
vt 0.322754 0.392410
vt 0.322754 0.382143
vt 0.309835 0.312320
vt 0.309835 0.303764
vt 0.318328 0.303764
vt 0.321328 0.312320
vt 0.324544 0.303764
vt 0.329742 0.312320
vt 0.329742 0.329767
vt 0.329742 0.371876
vt 0.326820 0.303764
vt 0.332822 0.312320
vt 0.332822 0.329767
vt 0.332822 0.371876
vt 0.301342 0.303764
vt 0.298341 0.312320
vt 0.298341 0.329767
vt 0.298341 0.371876
vt 0.295125 0.303764
vt 0.289928 0.312320
vt 0.289928 0.329767
vt 0.289928 0.371876
vt 0.292850 0.303764
vt 0.286848 0.312320
vt 0.286848 0.329767
vt 0.286848 0.371876
vt 0.309835 0.382143
vt 0.309835 0.392410
vt 0.302376 0.392410
vt 0.302376 0.382143
vt 0.317294 0.392410
vt 0.317294 0.382143
vt 0.296915 0.392410
vt 0.296915 0.382143
vt 0.306683 0.404388
vt 0.308889 0.426634
vt 0.309835 0.426634
vt 0.309835 0.404388
vt 0.294917 0.392410
vt 0.294917 0.382143
vt 0.312987 0.439283
vt 0.317294 0.427305
vt 0.322754 0.427305
vt 0.315294 0.439283
vt 0.324753 0.427305
vt 0.316139 0.439283
vt 0.309835 0.427305
vt 0.309835 0.439283
vt 0.302376 0.427305
vt 0.306683 0.439283
vt 0.296915 0.427305
vt 0.304375 0.439283
vt 0.294917 0.427305
vt 0.303531 0.439283
vt 0.315294 0.404388
vt 0.311473 0.426634
vt 0.311726 0.426634
vt 0.316139 0.404388
vt 0.308197 0.426634
vt 0.304375 0.404388
vt 0.312987 0.404388
vt 0.310781 0.426634
vt 0.303531 0.404388
vt 0.307944 0.426634
vt 0.309835 0.462024
vt 0.309835 0.461529
vt 0.310781 0.461529
vt 0.311473 0.461529
vt 0.311726 0.461529
vt 0.308889 0.461529
vt 0.308197 0.461529
vt 0.307944 0.461529
vt 0.309835 0.286316
vt 0.318328 0.286316
vt 0.324544 0.286316
vt 0.326820 0.286316
vt 0.301342 0.286316
vt 0.295125 0.286316
vt 0.292850 0.286316
vt 0.934835 0.329767
vt 0.946328 0.329767
vt 0.946328 0.371876
vt 0.934835 0.371876
vt 0.946328 0.424218
vt 0.942294 0.434485
vt 0.947754 0.434485
vt 0.954742 0.424218
vt 0.934835 0.424218
vt 0.934835 0.434485
vt 0.923341 0.424218
vt 0.927376 0.434485
vt 0.914928 0.424218
vt 0.921915 0.434485
vt 0.911848 0.424218
vt 0.919917 0.434485
vt 0.949753 0.434485
vt 0.957822 0.424218
vt 0.949753 0.382143
vt 0.949753 0.392410
vt 0.947754 0.392410
vt 0.947754 0.382143
vt 0.934835 0.312320
vt 0.934835 0.303764
vt 0.943328 0.303764
vt 0.946328 0.312320
vt 0.949544 0.303764
vt 0.954742 0.312320
vt 0.954742 0.329767
vt 0.954742 0.371876
vt 0.951820 0.303764
vt 0.957822 0.312320
vt 0.957822 0.329767
vt 0.957822 0.371876
vt 0.926342 0.303764
vt 0.923341 0.312320
vt 0.923341 0.329767
vt 0.923341 0.371876
vt 0.920125 0.303764
vt 0.914928 0.312320
vt 0.914928 0.329767
vt 0.914928 0.371876
vt 0.917850 0.303764
vt 0.911848 0.312320
vt 0.911848 0.329767
vt 0.911848 0.371876
vt 0.934835 0.382143
vt 0.934835 0.392410
vt 0.927376 0.392410
vt 0.927376 0.382143
vt 0.942294 0.392410
vt 0.942294 0.382143
vt 0.921915 0.392410
vt 0.921915 0.382143
vt 0.931683 0.404388
vt 0.933889 0.426634
vt 0.934835 0.426634
vt 0.934835 0.404388
vt 0.919917 0.392410
vt 0.919917 0.382143
vt 0.937987 0.439283
vt 0.942294 0.427305
vt 0.947754 0.427305
vt 0.940294 0.439283
vt 0.949753 0.427305
vt 0.941139 0.439283
vt 0.934835 0.427305
vt 0.934835 0.439283
vt 0.927376 0.427305
vt 0.931683 0.439283
vt 0.921915 0.427305
vt 0.929375 0.439283
vt 0.919917 0.427305
vt 0.928531 0.439283
vt 0.940294 0.404388
vt 0.936473 0.426634
vt 0.936726 0.426634
vt 0.941139 0.404388
vt 0.933197 0.426634
vt 0.929375 0.404388
vt 0.937987 0.404388
vt 0.935781 0.426634
vt 0.928531 0.404388
vt 0.932944 0.426634
vt 0.934835 0.462024
vt 0.934835 0.461529
vt 0.935781 0.461529
vt 0.936473 0.461529
vt 0.936726 0.461529
vt 0.933889 0.461529
vt 0.933197 0.461529
vt 0.932944 0.461529
vt 0.934835 0.286316
vt 0.943328 0.286316
vt 0.949544 0.286316
vt 0.951820 0.286316
vt 0.926342 0.286316
vt 0.920125 0.286316
vt 0.917850 0.286316
vt 0.524888 0.658142
vt 0.522846 0.656100
vt 0.522846 0.656100
vt 0.229666 0.530145
vt 0.229666 0.608689
vt 0.143709 0.608689
vt 0.143709 0.530145
vt 0.143709 0.511336
vt 0.143709 0.514520
vt 0.142380 0.514520
vt 0.143709 0.624314
vt 0.143709 0.627498
vt 0.142380 0.624314
vt 0.229666 0.511336
vt 0.230996 0.514520
vt 0.229666 0.514520
vt 0.229666 0.627498
vt 0.229666 0.624314
vt 0.230996 0.624314
vt 0.142380 0.608689
vt 0.142380 0.530145
vt 0.230996 0.608689
vt 0.230996 0.530145
vt 0.484210 0.881127
vt 0.484210 0.894040
vt 0.448381 0.894040
vt 0.448381 0.881127
vt 0.484764 0.881127
vt 0.484764 0.894040
vt 0.484210 0.945426
vt 0.448381 0.945426
vt 0.447827 0.881127
vt 0.447827 0.894040
vt 0.448381 0.878849
vt 0.448381 0.925290
vt 0.448381 0.927569
vt 0.447827 0.925290
vt 0.484210 0.878849
vt 0.484210 0.927569
vt 0.484210 0.925290
vt 0.484764 0.925290
vt 0.181371 0.546066
vt 0.181371 0.592768
vt 0.223020 0.592768
vt 0.223020 0.546066
vt 0.223020 0.527257
vt 0.223020 0.530441
vt 0.224349 0.530441
vt 0.223020 0.624018
vt 0.223020 0.627202
vt 0.224349 0.624018
vt 0.181371 0.527257
vt 0.180042 0.530441
vt 0.181371 0.530441
vt 0.181371 0.627202
vt 0.181371 0.624018
vt 0.180042 0.624018
vt 0.224349 0.592768
vt 0.224349 0.546066
vt 0.180042 0.546066
vt 0.180042 0.592768
vt 0.150355 0.546066
vt 0.150355 0.592768
vt 0.174281 0.592768
vt 0.174281 0.546066
vt 0.174281 0.527257
vt 0.174281 0.530441
vt 0.175611 0.530441
vt 0.174281 0.624018
vt 0.174281 0.627202
vt 0.175611 0.624018
vt 0.150355 0.527257
vt 0.149026 0.530441
vt 0.150355 0.530441
vt 0.150355 0.627202
vt 0.150355 0.624018
vt 0.149026 0.624018
vt 0.175611 0.592768
vt 0.175611 0.546066
vt 0.149026 0.546066
vt 0.149026 0.592768
vt 0.230906 0.590936
vt 0.230906 0.547898
vt 0.142380 0.590936
vt 0.142380 0.547898
vt 0.143772 0.551019
vt 0.143772 0.587815
vt 0.229603 0.572190
vt 0.229603 0.535394
vt 0.230906 0.532273
vt 0.230906 0.575311
vt 0.229603 0.566644
vt 0.230906 0.563523
vt 0.229603 0.556565
vt 0.230906 0.559686
vt 0.143772 0.572190
vt 0.143772 0.535394
vt 0.142380 0.532273
vt 0.142380 0.575311
vt 0.143772 0.566644
vt 0.142380 0.563523
vt 0.143772 0.556565
vt 0.142380 0.559686
vt 0.229603 0.551019
vt 0.229603 0.587815
vt 0.192005 0.535452
vt 0.192005 0.560926
vt 0.145924 0.560926
vt 0.145924 0.535452
vt 0.145924 0.516643
vt 0.145924 0.519827
vt 0.144595 0.519827
vt 0.145924 0.592176
vt 0.145924 0.595360
vt 0.144595 0.592176
vt 0.192005 0.516643
vt 0.193334 0.519827
vt 0.192005 0.519827
vt 0.192005 0.595360
vt 0.192005 0.592176
vt 0.193334 0.592176
vt 0.144595 0.560926
vt 0.144595 0.535452
vt 0.193334 0.535452
vt 0.193334 0.560926
vt 0.483286 0.863520
vt 0.483286 0.887788
vt 0.449304 0.887788
vt 0.449304 0.863520
vt 0.449304 0.811492
vt 0.449304 0.814412
vt 0.448750 0.813633
vt 0.449304 0.903413
vt 0.449304 0.904775
vt 0.448750 0.902633
vt 0.483286 0.811492
vt 0.483841 0.813633
vt 0.483286 0.814412
vt 0.483286 0.904775
vt 0.483286 0.903413
vt 0.483841 0.902633
vt 0.449304 0.879145
vt 0.448750 0.878365
vt 0.483286 0.879145
vt 0.483841 0.878365
vt 0.483286 0.938257
vt 0.449304 0.938257
vt 0.449304 0.936895
vt 0.483286 0.936895
vt 0.449304 0.806296
vt 0.483841 0.887008
vt 0.483841 0.862740
vt 0.483841 0.857545
vt 0.483841 0.881813
vt 0.448750 0.887008
vt 0.449304 0.889150
vt 0.448750 0.881813
vt 0.448750 0.862740
vt 0.448750 0.857545
vt 0.483841 0.808437
vt 0.483286 0.889150
vt 0.483286 0.883954
vt 0.449304 0.883954
vt 0.483286 0.827117
vt 0.449304 0.827117
vt 0.449304 0.821921
vt 0.483286 0.821921
vt 0.400037 0.943171
vt 0.400037 0.951820
vt 0.403907 0.917826
vt 0.403907 0.909177
vt 0.400151 0.779211
vt 0.400151 0.787860
vt 0.394726 0.787437
vt 0.394726 0.778787
vt 0.390856 0.821431
vt 0.390856 0.812781
vt 0.390856 0.828406
vt 0.390856 0.837056
vt 0.390808 0.885554
vt 0.390808 0.876905
vt 0.390808 0.908155
vt 0.390808 0.916804
vt 0.394611 0.951397
vt 0.394611 0.942748
vt 0.403907 0.877927
vt 0.403907 0.886576
vt 0.403954 0.838078
vt 0.403954 0.829429
vt 0.403954 0.813804
vt 0.403954 0.822453
vt 0.401920 0.881922
vt 0.401953 0.848188
vt 0.400151 0.803485
vt 0.399308 0.824125
vt 0.394726 0.803062
vt 0.395534 0.823831
vt 0.392842 0.847477
vt 0.392809 0.881211
vt 0.394611 0.920147
vt 0.395454 0.905273
vt 0.400037 0.920570
vt 0.399228 0.905567
vt 0.395454 0.886393
vt 0.392809 0.869928
vt 0.393776 0.872472
vt 0.395862 0.885456
vt 0.401953 0.847331
vt 0.401920 0.870414
vt 0.400961 0.872855
vt 0.400987 0.854651
vt 0.399228 0.886595
vt 0.398838 0.885616
vt 0.399308 0.830865
vt 0.398901 0.841666
vt 0.392842 0.846844
vt 0.393802 0.854268
vt 0.395534 0.830664
vt 0.395924 0.841507
vt 0.165533 0.868258
vt 0.165533 0.873054
vt 0.167593 0.873054
vt 0.167593 0.868258
vt 0.169050 0.832388
vt 0.169050 0.837184
vt 0.167593 0.822327
vt 0.167593 0.817531
vt 0.165533 0.822327
vt 0.165533 0.817531
vt 0.164077 0.837184
vt 0.164077 0.832388
vt 0.164077 0.858196
vt 0.164077 0.853400
vt 0.169050 0.858196
vt 0.169050 0.853400
vt 0.169050 0.920012
vt 0.167593 0.934870
vt 0.167454 0.933037
vt 0.168713 0.920189
vt 0.169050 0.899000
vt 0.168713 0.902020
vt 0.167593 0.884143
vt 0.167454 0.889173
vt 0.165533 0.884143
vt 0.165673 0.889173
vt 0.164077 0.899000
vt 0.164413 0.902020
vt 0.164077 0.920012
vt 0.164413 0.920189
vt 0.165533 0.934870
vt 0.165673 0.933037
vt 0.166039 0.929570
vt 0.167087 0.929570
vt 0.165673 0.901787
vt 0.165673 0.857923
vt 0.166039 0.867444
vt 0.166039 0.898320
vt 0.167454 0.857923
vt 0.167454 0.901787
vt 0.167087 0.898320
vt 0.167087 0.867444
vt 0.166039 0.898694
vt 0.167087 0.898694
vt 0.174146 0.868258
vt 0.174146 0.873054
vt 0.176206 0.873054
vt 0.176206 0.868258
vt 0.177663 0.832388
vt 0.177663 0.837184
vt 0.176206 0.822327
vt 0.176206 0.817531
vt 0.174146 0.822327
vt 0.174146 0.817531
vt 0.172689 0.837184
vt 0.172689 0.832388
vt 0.172689 0.858196
vt 0.172689 0.853400
vt 0.177663 0.858196
vt 0.177663 0.853400
vt 0.177663 0.920012
vt 0.176206 0.934870
vt 0.176067 0.933037
vt 0.177326 0.920189
vt 0.177663 0.899000
vt 0.177326 0.902020
vt 0.176206 0.884143
vt 0.176067 0.889173
vt 0.174146 0.884143
vt 0.174285 0.889173
vt 0.172689 0.899000
vt 0.173026 0.902020
vt 0.172689 0.920012
vt 0.173026 0.920189
vt 0.174146 0.934870
vt 0.174285 0.933037
vt 0.174652 0.929570
vt 0.175700 0.929570
vt 0.174285 0.901787
vt 0.174285 0.857923
vt 0.174652 0.867444
vt 0.174652 0.898320
vt 0.176067 0.857923
vt 0.176067 0.901787
vt 0.175700 0.898320
vt 0.175700 0.867444
vt 0.174652 0.898694
vt 0.175700 0.898694
vt 0.156920 0.868258
vt 0.156920 0.873054
vt 0.158980 0.873054
vt 0.158980 0.868258
vt 0.160437 0.832388
vt 0.160437 0.837184
vt 0.158980 0.822327
vt 0.158980 0.817531
vt 0.156920 0.822327
vt 0.156920 0.817531
vt 0.155463 0.837184
vt 0.155463 0.832388
vt 0.155463 0.858196
vt 0.155463 0.853400
vt 0.160437 0.858196
vt 0.160437 0.853400
vt 0.160437 0.920012
vt 0.158980 0.934870
vt 0.158841 0.933037
vt 0.160100 0.920189
vt 0.160437 0.899000
vt 0.160100 0.902020
vt 0.158980 0.884143
vt 0.158841 0.889173
vt 0.156920 0.884143
vt 0.157059 0.889173
vt 0.155463 0.899000
vt 0.155800 0.902020
vt 0.155463 0.920012
vt 0.155800 0.920189
vt 0.156920 0.934870
vt 0.157059 0.933037
vt 0.157426 0.929570
vt 0.158474 0.929570
vt 0.157059 0.901787
vt 0.157059 0.857923
vt 0.157426 0.867444
vt 0.157426 0.898320
vt 0.158841 0.857923
vt 0.158841 0.901787
vt 0.158474 0.898320
vt 0.158474 0.867444
vt 0.157426 0.898694
vt 0.158474 0.898694
vt 0.467703 0.919877
vt 0.471309 0.918508
vt 0.471283 0.921304
vt 0.469223 0.916513
vt 0.466246 0.916488
vt 0.464124 0.918449
vt 0.464098 0.921245
vt 0.466184 0.923240
vt 0.469160 0.923265
vt 0.450172 0.904348
vt 0.482418 0.904348
vt 0.482418 0.915362
vt 0.450172 0.915362
vt 0.481957 0.935118
vt 0.450634 0.935118
vt 0.417183 0.827398
vt 0.417513 0.817523
vt 0.416854 0.814485
vt 0.416854 0.764267
vt 0.416195 0.764267
vt 0.415047 0.764837
vt 0.415422 0.764837
vt 0.417513 0.793977
vt 0.416854 0.817523
vt 0.416854 0.793977
vt 0.416195 0.793977
vt 0.416195 0.814485
vt 0.416525 0.827398
vt 0.415047 0.827398
vt 0.415047 0.816764
vt 0.415422 0.816764
vt 0.415422 0.827398
vt 0.416854 0.863241
vt 0.417513 0.863241
vt 0.417183 0.865710
vt 0.416525 0.865710
vt 0.416524 0.827398
vt 0.416854 0.817523
vt 0.416195 0.814484
vt 0.415422 0.865710
vt 0.415047 0.865710
vt 0.416195 0.764267
vt 0.416854 0.764267
vt 0.415421 0.764837
vt 0.415046 0.764837
vt 0.416854 0.790179
vt 0.417512 0.817523
vt 0.417512 0.790179
vt 0.416854 0.814485
vt 0.416195 0.790179
vt 0.417183 0.827398
vt 0.415421 0.827398
vt 0.415421 0.816764
vt 0.415046 0.816764
vt 0.415046 0.827398
vt 0.417512 0.863241
vt 0.416854 0.863241
vt 0.416524 0.865710
vt 0.417183 0.865710
vt 0.411090 0.827398
vt 0.410761 0.817523
vt 0.411419 0.814485
vt 0.415046 0.865710
vt 0.415421 0.865710
vt 0.411419 0.764267
vt 0.412078 0.764267
vt 0.413227 0.764837
vt 0.412852 0.764837
vt 0.410761 0.790179
vt 0.411419 0.817523
vt 0.411419 0.790179
vt 0.412078 0.790179
vt 0.412078 0.814484
vt 0.411749 0.827398
vt 0.413227 0.827398
vt 0.413227 0.816764
vt 0.412852 0.816764
vt 0.412852 0.827398
vt 0.411419 0.863241
vt 0.410761 0.863241
vt 0.411090 0.865710
vt 0.411749 0.865710
vt 0.411749 0.827398
vt 0.411420 0.817523
vt 0.412078 0.814485
vt 0.412852 0.865710
vt 0.413227 0.865710
vt 0.412078 0.764267
vt 0.411420 0.764267
vt 0.412852 0.764837
vt 0.413227 0.764837
vt 0.411420 0.793977
vt 0.410761 0.817523
vt 0.410761 0.793977
vt 0.411420 0.814485
vt 0.412078 0.793977
vt 0.411090 0.827398
vt 0.412852 0.827398
vt 0.412852 0.816764
vt 0.413227 0.816764
vt 0.413227 0.827398
vt 0.410761 0.863241
vt 0.411420 0.863241
vt 0.411749 0.865710
vt 0.411090 0.865710
vt 0.413227 0.865710
vt 0.412852 0.865710
vt 0.164443 0.638200
vt 0.166465 0.640415
vt 0.171884 0.640415
vt 0.170403 0.638200
vt 0.180727 0.638200
vt 0.181269 0.640415
vt 0.192648 0.638200
vt 0.192106 0.640415
vt 0.202971 0.638200
vt 0.201491 0.640415
vt 0.208932 0.638200
vt 0.206910 0.640415
vt 0.201491 0.640415
vt 0.192648 0.638200
vt 0.037658 0.771736
vt 0.037023 0.771736
vt 0.036655 0.867954
vt 0.037140 0.867954
vt 0.179962 0.640415
vt 0.184226 0.640415
vt 0.181269 0.718540
vt 0.171884 0.718540
vt 0.189149 0.640415
vt 0.192106 0.718540
vt 0.193413 0.640415
vt 0.201491 0.718540
vt 0.195874 0.640415
vt 0.206910 0.718540
vt 0.201491 0.718540
vt 0.177501 0.640415
vt 0.166465 0.718540
vt 0.035285 0.771736
vt 0.035652 0.771736
vt 0.036171 0.867954
vt 0.038026 0.771736
vt 0.036288 0.771736
vt 0.036621 0.885724
vt 0.036621 0.885724
vt 0.036159 0.885724
vt 0.037082 0.885724
vt 0.450634 0.964136
vt 0.450172 0.962237
vt 0.481957 0.964136
vt 0.482418 0.962237
vt 0.417979 0.827398
vt 0.418445 0.817523
vt 0.417514 0.814485
vt 0.417514 0.764267
vt 0.416370 0.764253
vt 0.418445 0.793977
vt 0.417514 0.793977
vt 0.416370 0.829734
vt 0.416370 0.814428
vt 0.418445 0.863241
vt 0.417979 0.865710
vt 0.413671 0.827398
vt 0.413671 0.817523
vt 0.413671 0.814484
vt 0.416370 0.866294
vt 0.413671 0.764267
vt 0.414602 0.764267
vt 0.414518 0.764253
vt 0.413755 0.764253
vt 0.413671 0.790179
vt 0.414602 0.817523
vt 0.414602 0.790179
vt 0.414602 0.814484
vt 0.414602 0.827398
vt 0.414518 0.829734
vt 0.414518 0.814428
vt 0.413755 0.814428
vt 0.413755 0.829734
vt 0.414602 0.863241
vt 0.413671 0.863241
vt 0.413671 0.865710
vt 0.414602 0.865710
vt 0.410294 0.827398
vt 0.409829 0.817523
vt 0.410760 0.814485
vt 0.413755 0.866294
vt 0.414518 0.866294
vt 0.410760 0.764267
vt 0.411904 0.764253
vt 0.411904 0.764253
vt 0.409829 0.790179
vt 0.409829 0.817523
vt 0.409829 0.790179
vt 0.410760 0.790179
vt 0.411904 0.829734
vt 0.411904 0.814428
vt 0.411904 0.814428
vt 0.411904 0.829734
vt 0.409829 0.863241
vt 0.409829 0.863241
vt 0.410294 0.865710
vt 0.414603 0.827398
vt 0.414603 0.817523
vt 0.414603 0.814485
vt 0.411904 0.866294
vt 0.411904 0.866294
vt 0.414603 0.764267
vt 0.413671 0.764267
vt 0.413756 0.764253
vt 0.414519 0.764253
vt 0.414603 0.793977
vt 0.413671 0.817523
vt 0.413671 0.793977
vt 0.413671 0.814485
vt 0.413671 0.827398
vt 0.413756 0.829734
vt 0.413756 0.814428
vt 0.414519 0.814428
vt 0.414519 0.829734
vt 0.413671 0.863241
vt 0.414603 0.863241
vt 0.414603 0.865710
vt 0.413671 0.865710
vt 0.414519 0.866294
vt 0.413756 0.866294
vt 0.477140 0.908237
vt 0.478008 0.911617
vt 0.480438 0.911617
vt 0.481306 0.908237
vt 0.481306 0.944360
vt 0.480438 0.947741
vt 0.478008 0.947741
vt 0.477140 0.944360
vt 0.451284 0.908237
vt 0.452152 0.911617
vt 0.454582 0.911617
vt 0.455450 0.908237
vt 0.455450 0.944360
vt 0.454582 0.947741
vt 0.452152 0.947741
vt 0.451284 0.944360
vt 0.935202 0.049884
vt 0.935202 0.116593
vt 0.935202 0.116593
vt 0.935202 0.049884
vt 0.971048 0.116593
vt 0.971048 0.049884
vt 0.971048 0.116593
vt 0.971048 0.049884
vt 0.935202 0.018634
vt 0.971048 0.018634
vt 0.971048 0.018634
vt 0.935202 0.018634
vt 0.849518 0.116593
vt 0.849518 0.116593
vt 0.849518 0.133271
vt 0.849518 0.133271
vt 0.849518 0.164521
vt 0.821988 0.164521
vt 0.821988 0.164521
vt 0.849518 0.164521
vt 0.821988 0.116593
vt 0.821988 0.116593
vt 0.821988 0.133271
vt 0.821988 0.133271
vt 0.821988 0.120763
vt 0.849518 0.120763
vt 0.849518 0.129102
vt 0.821988 0.129102
vt 0.849518 0.148896
vt 0.821988 0.148896
vt 0.821988 0.144727
vt 0.849518 0.144727
vt 0.849518 0.105138
vt 0.821988 0.105138
vt 0.821988 0.100968
vt 0.849518 0.100968
vt 0.821988 0.085343
vt 0.849518 0.085343
vt 0.667878 0.092808
vt 0.667878 0.111153
vt 0.646665 0.111153
vt 0.646665 0.092808
vt 0.646171 0.077183
vt 0.646171 0.095528
vt 0.668371 0.077183
vt 0.668371 0.095528
vt 0.646665 0.058223
vt 0.646665 0.061558
vt 0.646171 0.061558
vt 0.646665 0.142403
vt 0.646665 0.145739
vt 0.646171 0.142403
vt 0.667878 0.058223
vt 0.668371 0.061558
vt 0.667878 0.061558
vt 0.667878 0.145739
vt 0.667878 0.142403
vt 0.668371 0.142403
vt 0.646665 0.042598
vt 0.646171 0.045933
vt 0.646171 0.111153
vt 0.646171 0.092808
vt 0.646665 0.130114
vt 0.646171 0.126778
vt 0.667878 0.042598
vt 0.668371 0.045933
vt 0.667878 0.130114
vt 0.668371 0.126778
vt 0.668371 0.092808
vt 0.668371 0.111153
vt 0.667878 0.117824
vt 0.667878 0.136169
vt 0.646665 0.136169
vt 0.646665 0.117824
vt 0.667878 0.155130
vt 0.646665 0.155130
vt 0.646171 0.102199
vt 0.646171 0.120544
vt 0.668371 0.102199
vt 0.668371 0.120544
vt 0.646665 0.083239
vt 0.646665 0.086574
vt 0.646171 0.086574
vt 0.646665 0.167419
vt 0.646665 0.170755
vt 0.646171 0.167419
vt 0.667878 0.083239
vt 0.668371 0.086574
vt 0.667878 0.086574
vt 0.667878 0.170755
vt 0.667878 0.167419
vt 0.668371 0.167419
vt 0.646665 0.067614
vt 0.646665 0.067614
vt 0.646171 0.070949
vt 0.646171 0.136169
vt 0.646171 0.117824
vt 0.646171 0.151794
vt 0.667878 0.067614
vt 0.667878 0.067614
vt 0.668371 0.070949
vt 0.668371 0.151794
vt 0.668371 0.117824
vt 0.668371 0.136169
vt 0.798466 0.130479
vt 0.796875 0.131921
vt 0.796875 0.111372
vt 0.798466 0.099229
vt 0.798932 0.100248
vt 0.799784 0.080122
vt 0.799125 0.080122
vt 0.794625 0.080122
vt 0.793966 0.080122
vt 0.794818 0.100248
vt 0.795284 0.099229
vt 0.796875 0.059572
vt 0.796875 0.058131
vt 0.794818 0.059996
vt 0.795284 0.061015
vt 0.799784 0.095747
vt 0.799125 0.111372
vt 0.798466 0.092265
vt 0.798932 0.075621
vt 0.796875 0.117737
vt 0.798932 0.115873
vt 0.794818 0.075621
vt 0.795284 0.092265
vt 0.794625 0.111372
vt 0.793966 0.095747
vt 0.794818 0.115873
vt 0.795284 0.130479
vt 0.796875 0.073756
vt 0.796875 0.090822
vt 0.796875 0.100671
vt 0.796875 0.102112
vt 0.798466 0.061015
vt 0.798932 0.059996
vt 0.849518 0.116593
vt 0.938787 0.034259
vt 0.938787 0.100968
vt 0.822676 0.164521
vt 0.938787 0.116593
vt 0.938787 0.049884
vt 0.938787 0.116593
vt 0.822676 0.133271
vt 0.824741 0.116593
vt 0.822676 0.085343
vt 0.824741 0.085343
vt 0.971048 0.116593
vt 0.938787 0.018634
vt 0.822676 0.100968
vt 0.822676 0.148896
vt 0.822676 0.116593
vt 0.824741 0.085343
vt 0.584088 0.658142
vt 0.543260 0.658142
vt 0.408452 0.865191
vt 0.408452 0.945776
vt 0.430668 0.865191
vt 0.430668 0.945776
vt 0.430668 0.914526
vt 0.408452 0.914526
vt 0.405675 0.896441
vt 0.408452 0.896441
vt 0.433444 0.982782
vt 0.430668 0.977026
vt 0.408452 0.977026
vt 0.405675 0.982782
vt 0.430668 0.896441
vt 0.433444 0.896441
s 1
usemtl restaurant.049
f 74/1/1 67/2/1 26/3/1 36/4/1
f 16/5/2 4/6/3 6/7/2 17/8/2
f 18/9/4 5/10/5 4/11/6 16/12/6
f 16/12/7 18/9/7 12/13/7 10/14/7
f 17/8/8 16/5/8 10/15/8 11/16/8
f 1/12/9 13/17/10 15/18/11 2/9/12
f 3/8/13 14/19/13 13/20/13 1/5/13
f 7/14/14 8/13/14 2/9/14 1/12/14
f 9/16/15 7/15/15 1/5/15 3/8/15
f 13/17/16 4/11/16 5/10/16 15/18/16
f 14/19/16 6/7/16 4/6/16 13/20/16
f 10/14/16 12/13/16 8/13/16 7/14/16
f 11/16/16 10/15/16 7/15/16 9/16/16
f 34/21/17 35/22/17 24/23/17 22/24/17
f 36/25/18 34/26/19 22/27/19 23/28/20
f 22/24/16 24/23/16 33/29/16 31/30/16
f 23/28/16 22/27/16 31/31/16 32/32/16
f 25/33/21 26/34/21 30/34/21 28/33/21
f 27/35/21 25/36/21 28/36/21 29/35/21
f 34/26/14 36/25/14 26/34/14 25/33/14
f 35/22/15 34/21/15 25/36/15 27/35/15
f 19/26/22 20/25/23 32/32/24 31/31/22
f 21/22/25 19/21/25 31/30/25 33/29/25
f 28/33/7 30/34/7 20/25/7 19/26/7
f 29/35/8 28/36/8 19/21/8 21/22/8
f 18/37/4 76/38/26 75/39/27 5/40/5
f 44/41/28 17/42/29 6/43/29 48/44/28
f 14/45/16 42/46/16 48/44/16 6/43/16
f 9/47/1 3/42/1 46/41/1 37/48/1
f 3/42/30 46/41/31 42/46/31 14/45/30
f 11/47/16 9/47/16 37/48/16 38/48/16
f 36/4/18 23/49/20 73/50/32 74/1/32
f 21/51/33 33/52/33 41/53/31 45/54/31
f 29/55/34 21/51/34 45/54/34 40/56/34
f 43/54/35 47/57/35 24/58/36 35/51/36
f 47/57/16 41/53/16 33/52/16 24/58/16
f 29/55/21 40/56/21 39/56/21 27/55/21
f 65/59/1 72/38/1 2/37/1 8/60/1
f 39/61/37 40/61/37 38/62/37 37/62/37
f 71/63/16 15/64/16 5/40/16 75/39/16
f 68/2/34 70/1/34 20/4/34 30/3/34
f 66/59/16 65/59/16 8/60/16 12/60/16
f 23/49/16 32/65/16 69/66/16 73/50/16
f 67/67/38 65/68/38 66/68/38 68/67/38
f 70/1/39 69/66/39 32/65/24 20/4/23
f 72/38/39 2/37/12 15/64/11 71/63/40
f 76/38/34 66/59/34 12/60/34 18/37/34
f 51/69/1 55/70/1 53/71/1 49/72/1
f 52/73/1 50/74/1 54/75/1 56/76/1
f 52/73/1 56/76/1 55/70/1 51/69/1
f 54/75/1 50/74/1 49/72/1 53/71/1
f 59/69/34 57/72/34 61/71/34 63/70/34
f 60/73/34 64/76/34 62/75/34 58/74/34
f 60/73/34 59/69/34 63/70/34 64/76/34
f 62/75/34 61/71/34 57/72/34 58/74/34
f 87/77/41 88/78/41 42/46/31 46/41/31
f 45/54/31 41/53/31 96/79/42 95/80/42
f 85/81/16 71/63/16 75/39/16 98/82/16
f 79/83/1 86/84/1 72/38/1 65/59/1
f 81/85/34 94/86/34 70/1/34 68/2/34
f 68/2/21 30/3/21 26/3/21 67/2/21
f 17/42/34 11/47/34 38/48/34 44/41/34
f 35/51/1 27/55/1 39/56/1 43/54/1
f 86/84/43 72/38/39 71/63/40 85/81/43
f 94/86/44 93/87/44 69/66/39 70/1/39
f 77/83/34 81/85/34 68/2/34 66/59/34
f 89/86/1 82/85/1 67/2/1 74/1/1
f 97/84/34 77/83/34 66/59/34 76/38/34
f 82/85/1 79/83/1 65/59/1 67/2/1
f 80/88/34 100/77/34 44/41/34 38/48/34
f 84/89/1 92/80/1 43/54/1 39/56/1
f 97/84/34 440/84/34 450/83/34 77/83/34
f 87/90/38 100/90/38 80/91/38 78/91/38
f 88/78/16 99/92/16 48/44/16 42/46/16
f 37/48/1 46/41/1 87/77/1 78/88/1
f 38/48/34 40/56/34 83/89/34 80/88/34
f 39/56/1 37/48/1 78/88/1 84/89/1
f 78/91/38 80/91/38 83/93/38 84/93/38
f 98/82/49 97/84/50 440/84/51 439/82/52
f 84/93/38 83/93/38 95/95/38 92/95/38
f 88/96/53 87/90/53 100/90/53 99/97/53
f 74/1/32 73/50/32 90/94/54 89/86/54
f 92/80/55 91/98/55 47/57/35 43/54/35
f 76/38/26 97/84/56 98/82/57 75/39/27
f 100/77/58 44/41/28 48/44/28 99/92/59
f 73/50/16 69/66/16 93/87/16 90/94/16
f 91/98/16 96/79/16 41/53/16 47/57/16
f 89/86/1 444/86/1 447/85/1 82/85/1
f 92/95/60 95/95/60 96/99/60 91/100/60
f 95/80/34 83/89/34 40/56/34 45/54/34
f 56/101/37 64/101/37 63/102/37 55/102/37
f 55/103/16 63/103/16 61/104/16 53/104/16
f 54/105/21 62/105/21 64/106/21 56/106/21
f 53/107/38 61/108/38 62/109/38 54/110/38
f 104/111/1 101/112/1 108/113/1 106/114/1
f 105/111/34 107/112/34 102/113/34 103/114/34
f 93/87/102 442/87/103 443/94/104 90/94/105
f 94/86/106 441/86/106 442/87/103 93/87/102
s 0
f 89/118/111 444/118/111 441/118/111 94/118/111
s 1
f 82/85/1 447/85/1 449/83/1 79/83/1
f 77/83/34 450/83/34 448/85/34 81/85/34
f 79/83/1 449/83/1 445/84/1 86/84/1
f 86/84/270 85/81/271 446/81/272 445/84/106
f 81/85/34 448/85/34 441/86/34 94/86/34
f 445/406/275 446/407/275 439/408/275 440/406/275
f 443/115/276 442/116/276 441/117/276 444/117/276
s 0
f 191/118/277 184/118/277 452/118/277 455/118/277
s 1
f 90/94/105 443/94/104 444/86/279 89/86/279
f 85/81/271 98/82/49 439/82/52 446/81/272
usemtl restaurant.048
f 187/94/45 453/94/46 440/86/47 97/86/48
f 179/85/1 86/86/1 445/86/1 436/85/1
f 76/1/34 18/4/34 131/3/34 167/2/34
f 124/5/61 112/6/61 114/7/61 125/8/61
f 126/9/62 113/10/63 112/11/64 124/12/64
f 124/12/14 118/14/14 120/13/14 126/9/14
f 125/8/15 119/16/15 118/15/15 124/5/15
f 109/12/65 121/17/65 123/18/66 110/9/67
f 111/8/68 122/19/68 121/20/68 109/5/68
f 115/14/7 109/12/7 110/9/7 116/13/7
f 117/16/8 111/8/8 109/5/8 115/15/8
f 121/17/21 112/11/21 113/10/21 123/18/21
f 122/19/21 114/7/21 112/6/21 121/20/21
f 118/14/16 115/14/16 116/13/16 120/13/16
f 119/16/16 117/16/16 115/15/16 118/15/16
f 16/21/69 17/22/70 129/23/71 127/24/70
f 18/25/72 16/26/73 127/27/74 128/28/75
f 127/24/21 129/23/21 138/29/21 136/30/21
f 128/28/21 127/27/21 136/31/21 137/32/21
f 130/33/21 133/33/21 135/34/21 131/34/21
f 132/35/21 134/35/21 133/36/21 130/36/21
f 16/26/7 130/33/7 131/34/7 18/25/7
f 17/22/8 132/35/8 130/36/8 16/21/8
f 1/26/76 2/25/77 137/32/78 136/31/79
f 3/22/80 1/21/81 136/30/80 138/29/81
f 133/33/14 1/26/14 2/25/14 135/34/14
f 134/35/15 3/22/15 1/21/15 133/36/15
f 126/37/62 174/38/82 173/39/82 113/40/63
f 145/41/83 125/42/84 114/43/84 148/44/83
f 122/45/21 144/46/21 148/44/21 114/43/21
f 117/47/34 139/48/34 146/41/34 111/42/34
f 111/42/85 146/41/86 144/46/86 122/45/85
f 119/47/16 140/48/16 139/48/16 117/47/16
f 18/4/72 128/49/75 172/50/87 76/1/87
f 3/51/88 138/52/89 143/53/90 46/54/90
f 134/55/1 142/56/1 46/54/1 3/51/1
f 44/54/91 147/57/91 129/58/92 17/51/93
f 147/57/21 143/53/21 138/52/21 129/58/21
f 134/55/21 132/55/21 141/56/21 142/56/21
f 165/59/34 116/60/34 110/37/34 171/38/34
f 141/61/37 139/62/37 140/62/37 142/61/37
f 170/63/21 123/64/21 113/40/21 173/39/21
f 168/2/1 135/3/1 2/4/1 72/1/1
f 166/59/16 120/60/16 116/60/16 165/59/16
f 128/49/21 137/65/21 169/66/21 172/50/21
f 167/67/38 168/67/38 166/68/38 165/68/38
f 72/1/94 169/66/94 137/65/78 2/4/77
f 171/38/95 110/37/67 123/64/66 170/63/95
f 174/38/1 126/37/1 120/60/1 166/59/1
f 151/69/34 149/72/34 153/71/34 155/70/34
f 152/73/34 156/76/34 154/75/34 150/74/34
f 152/73/34 151/69/34 155/70/34 156/76/34
f 159/69/1 163/70/1 161/71/1 157/72/1
f 160/73/1 158/74/1 162/75/1 164/76/1
f 160/73/1 164/76/1 163/70/1 159/69/1
f 164/106/21 162/105/21 154/105/21 156/106/21
f 161/104/16 163/103/16 155/103/16 153/104/16
f 163/102/37 164/101/37 156/101/37 155/102/37
f 185/77/96 186/78/96 144/46/86 146/41/86
f 46/54/90 143/53/90 190/79/97 87/80/98
f 183/81/21 170/63/21 173/39/21 192/82/21
f 177/83/34 165/59/34 171/38/34 184/84/34
f 179/85/1 168/2/1 72/1/1 86/86/1
f 168/2/21 167/2/21 131/3/21 135/3/21
f 125/42/1 145/41/1 140/48/1 119/47/1
f 17/51/34 44/54/34 141/56/34 132/55/34
f 184/84/99 171/38/95 170/63/95 183/81/99
f 86/86/100 189/87/101 169/66/94 72/1/94
f 175/83/1 166/59/1 168/2/1 179/85/1
f 97/86/34 76/1/34 167/2/34 180/85/34
f 191/84/1 174/38/1 166/59/1 175/83/1
f 180/85/34 167/2/34 165/59/34 177/83/34
f 178/88/1 140/48/1 145/41/1 194/77/1
f 182/89/34 141/56/34 44/54/34 100/80/34
f 185/90/38 176/91/38 178/91/38 194/90/38
f 186/78/21 193/92/21 148/44/21 144/46/21
f 139/48/34 176/88/34 185/77/34 146/41/34
f 140/48/1 178/88/1 181/89/1 142/56/1
f 141/56/34 182/89/34 176/88/34 139/48/34
f 176/91/38 182/93/38 181/93/38 178/91/38
f 453/115/107 454/116/108 445/117/109 440/117/110
f 182/93/38 100/95/38 87/95/38 181/93/38
f 186/96/112 185/90/112 194/90/112 193/97/112
f 76/1/87 172/50/87 187/94/113 97/86/114
f 100/80/115 188/98/116 147/57/91 44/54/91
f 174/38/82 191/84/117 192/82/117 173/39/82
f 194/77/118 145/41/83 148/44/83 193/92/118
f 172/50/21 169/66/21 189/87/21 187/94/21
f 188/98/21 190/79/21 143/53/21 147/57/21
f 180/85/34 177/83/34 437/83/34 435/85/34
f 100/95/119 87/95/120 190/99/121 188/100/122
f 87/80/1 46/54/1 142/56/1 181/89/1
f 197/119/37 195/120/37 196/120/37 198/119/37
f 197/121/1 205/122/1 200/123/1 195/124/1
f 204/122/21 203/125/21 206/125/21 205/126/21
f 206/127/38 203/127/38 202/128/38 199/129/38
f 196/124/34 201/130/34 204/126/34 198/121/34
f 201/131/7 202/131/7 203/132/7 204/132/7
f 205/132/14 206/132/14 199/133/14 200/131/14
f 200/130/16 199/134/16 202/135/16 201/123/16
f 198/121/21 204/122/21 205/126/21 197/121/21
f 195/124/16 200/130/16 201/123/16 196/124/16
f 217/136/123 214/136/124 208/137/125 211/137/126
f 223/138/127 226/138/128 213/139/129 218/139/130
f 244/140/131 243/141/132 230/141/133 227/140/134
f 219/142/135 222/142/136 210/143/137 209/143/138
f 224/144/139 262/145/139 261/146/139 221/147/139
f 219/148/135 244/140/131 227/140/134 222/148/136
f 234/149/140 233/150/141 240/150/142 237/149/143
f 252/151/144 228/152/145 236/153/146 253/154/147
f 254/154/148 238/153/149 246/152/150 247/151/148
f 233/155/37 232/156/37 231/157/37 230/158/37
f 241/159/151 242/160/152 245/161/153 239/162/154
f 223/163/127 234/149/140 237/149/143 226/163/128
f 243/158/37 242/157/37 241/156/37 240/155/37
f 231/160/155 232/159/155 235/162/156 229/161/157
f 248/164/158 209/165/138 208/166/125
f 210/165/137 250/164/159 211/166/126
f 213/167/129 251/168/160 214/169/124
f 249/168/161 218/167/130 217/169/123
f 227/170/134 229/171/157 228/172/145
f 234/173/140 236/174/146 235/175/156
f 237/173/143 239/175/154 238/174/149
f 244/170/131 246/172/150 245/171/153
f 247/176/162 219/142/135 209/143/138 248/177/158
f 208/166/125 209/165/138 210/165/137 211/166/126
f 211/166/126 250/164/159 249/168/161 217/169/123
f 217/169/123 218/167/130 213/167/129 214/169/124
f 214/169/124 251/168/160 248/164/158 208/166/125
f 250/177/159 210/143/137 222/142/136 252/176/163
f 218/139/130 249/178/161 253/179/147 223/138/127
f 251/178/160 213/139/129 226/138/128 254/179/164
f 229/171/157 227/170/134 230/180/133 231/181/1
f 234/173/140 235/175/156 232/182/21 233/183/141
f 228/172/145 229/171/157 235/175/156 236/174/146
f 252/184/163 222/185/136 227/170/134 228/172/145
f 236/174/146 234/173/140 223/186/127 253/187/147
f 239/175/154 237/173/143 240/183/142 241/182/34
f 242/181/152 243/180/132 244/170/131 245/171/153
f 238/174/149 239/175/154 245/171/153 246/172/150
f 219/185/135 247/184/162 246/172/150 244/170/131
f 237/173/143 238/174/149 254/187/164 226/186/128
f 207/188/165 256/189/165 255/190/165 220/191/165
f 220/192/151 247/176/151 248/177/151 207/193/151
f 216/194/155 249/178/155 250/177/155 212/193/155
f 207/193/151 248/177/151 251/178/151 215/194/151
f 212/193/155 250/177/155 252/176/155 221/192/155
f 224/195/155 253/179/155 249/178/155 216/194/155
f 215/194/151 251/178/151 254/179/151 225/195/151
f 225/195/151 254/179/151 247/176/151 220/192/151
f 221/192/155 252/176/155 253/179/155 224/195/155
f 258/196/151 255/197/151 256/198/151 257/199/151
f 225/200/166 258/201/166 257/202/166 215/203/166
f 220/147/167 255/146/167 258/145/167 225/144/167
f 215/204/168 257/205/168 256/206/168 207/207/168
f 261/197/155 262/196/155 259/199/155 260/198/155
f 221/191/169 261/190/169 260/189/169 212/188/169
f 212/207/170 260/206/170 259/205/170 216/204/170
f 216/203/171 259/202/171 262/201/171 224/200/171
f 243/158/37 240/155/37 233/155/37 230/158/37
f 264/208/172 266/209/173 338/210/174 337/211/1
f 342/212/175 275/213/175 273/214/176 341/215/176
f 343/216/177 277/217/177 275/213/175 342/212/175
f 344/218/178 279/219/178 277/217/177 343/216/177
f 345/220/179 281/221/179 279/219/178 344/218/178
f 346/222/180 283/223/180 281/221/179 345/220/179
f 347/220/181 285/221/181 283/223/180 346/222/180
f 348/218/182 287/219/182 285/221/181 347/220/181
f 337/216/183 265/217/183 287/219/182 348/218/182
f 341/215/176 273/214/176 271/224/184 340/225/184
f 271/226/21 295/227/21 293/228/185 269/229/185
f 340/225/184 271/224/184 269/214/186 339/215/186
f 264/230/172 326/231/187 325/232/188 266/233/173
f 266/233/173 325/232/188 327/234/189 268/235/190
f 266/209/173 268/236/190 339/237/185 338/210/174
f 268/235/190 327/234/189 328/238/191 270/239/192
f 268/236/190 270/240/192 340/241/21 339/237/185
f 270/239/192 328/238/191 329/234/193 272/235/194
f 270/240/192 272/236/194 341/237/195 340/241/21
f 272/235/194 329/234/193 330/232/196 274/233/197
f 272/236/194 274/209/197 342/210/198 341/237/195
f 274/233/197 330/232/196 331/231/199 276/230/200
f 274/209/197 276/208/200 343/211/34 342/210/198
f 276/230/200 331/231/199 332/242/201 278/243/202
f 276/208/200 278/244/202 344/245/203 343/211/34
f 278/243/202 332/242/201 333/246/204 280/247/205
f 278/244/202 280/248/205 345/249/206 344/245/203
f 280/247/205 333/246/204 334/250/207 282/251/208
f 280/248/205 282/252/208 346/253/16 345/249/206
f 282/251/208 334/250/207 335/246/209 284/247/210
f 282/252/208 284/248/210 347/249/211 346/253/16
f 284/247/210 335/246/209 336/242/212 286/243/213
f 284/248/210 286/244/213 348/245/214 347/249/211
f 286/243/213 336/242/212 326/231/187 264/230/172
f 286/244/213 264/208/172 337/211/1 348/245/214
f 265/254/1 288/255/1 311/256/214 287/257/214
f 269/229/185 293/228/185 291/258/174 267/259/174
f 279/257/203 303/256/203 301/255/34 277/254/34
f 287/257/214 311/256/214 309/260/211 285/261/211
f 302/262/215 320/263/215 319/264/216 300/265/216
f 277/254/34 301/255/34 299/258/198 275/259/198
f 285/261/211 309/260/211 307/266/16 283/267/16
f 275/259/198 299/258/198 297/228/195 273/229/195
f 283/267/16 307/266/16 305/260/206 281/261/206
f 273/229/195 297/228/195 295/227/21 271/226/21
f 281/261/206 305/260/206 303/256/203 279/257/203
f 290/268/217 291/269/217 293/270/218 292/271/218
f 292/271/218 293/270/218 295/272/219 294/273/219
f 294/273/219 295/272/219 297/270/220 296/271/220
f 296/271/220 297/270/220 299/269/221 298/268/221
f 298/268/221 299/269/221 301/274/222 300/275/222
f 300/275/222 301/274/222 303/276/223 302/277/223
f 302/277/223 303/276/223 305/278/224 304/279/224
f 304/279/224 305/278/224 307/280/225 306/281/225
f 306/281/225 307/280/225 309/278/226 308/279/226
f 308/279/226 309/278/226 311/276/227 310/277/227
f 310/277/227 311/276/227 288/274/228 289/275/228
f 267/259/174 291/258/174 288/255/1 265/254/1
f 296/282/229 317/283/229 316/284/230 294/285/230
f 310/262/231 324/263/231 323/286/232 308/287/232
f 290/288/233 314/289/233 313/264/234 289/265/234
f 304/287/235 321/286/235 320/263/215 302/262/215
f 298/288/236 318/289/236 317/283/229 296/282/229
f 289/265/234 313/264/234 324/263/231 310/262/231
f 292/282/237 315/283/237 314/289/233 290/288/233
f 306/290/238 322/291/238 321/286/235 304/287/235
f 300/265/216 319/264/216 318/289/236 298/288/236
f 294/285/230 316/284/230 315/283/237 292/282/237
f 308/287/232 323/286/232 322/291/238 306/290/238
f 289/275/228 288/274/228 291/269/217 290/268/217
f 312/292/38 313/293/239 314/294/240
f 312/292/38 314/294/240 315/295/241
f 312/292/38 315/295/241 316/296/242
f 312/292/38 316/296/242 317/295/243
f 312/292/38 317/295/243 318/294/244
f 312/292/38 318/294/244 319/293/245
f 312/292/38 319/293/245 320/297/246
f 312/292/38 320/297/246 321/298/247
f 312/292/38 321/298/247 322/299/248
f 312/292/38 322/299/248 323/298/249
f 312/292/38 323/298/249 324/297/250
f 312/292/38 324/297/250 313/293/239
f 263/300/37 325/301/37 326/300/37
f 263/300/37 327/302/37 325/301/37
f 263/300/37 328/303/37 327/302/37
f 263/300/37 329/302/37 328/303/37
f 263/300/37 330/301/37 329/302/37
f 263/300/37 331/300/37 330/301/37
f 263/300/37 332/304/37 331/300/37
f 263/300/37 333/305/37 332/304/37
f 263/300/37 334/306/37 333/305/37
f 263/300/37 335/305/37 334/306/37
f 263/300/37 336/304/37 335/305/37
f 263/300/37 326/300/37 336/304/37
f 339/215/186 269/214/186 267/213/251 338/212/251
f 337/216/183 338/212/251 267/213/251 265/217/183
f 350/307/172 352/308/173 424/309/174 423/310/1
f 428/311/175 361/312/175 359/313/176 427/314/176
f 429/315/252 363/316/252 361/312/175 428/311/175
f 430/317/178 365/318/178 363/316/252 429/315/252
f 431/319/179 367/320/179 365/318/178 430/317/178
f 432/321/180 369/322/180 367/320/179 431/319/179
f 433/319/181 371/320/181 369/322/180 432/321/180
f 434/317/182 373/318/182 371/320/181 433/319/181
f 423/315/183 351/316/183 373/318/182 434/317/182
f 427/314/176 359/313/176 357/323/184 426/324/184
f 357/325/21 381/326/21 379/327/185 355/328/185
f 426/324/184 357/323/184 355/313/186 425/314/186
f 350/329/172 412/330/187 411/331/188 352/332/173
f 352/332/173 411/331/188 413/333/189 354/334/190
f 352/308/173 354/335/190 425/336/185 424/309/174
f 354/334/190 413/333/189 414/337/191 356/338/192
f 354/335/190 356/339/192 426/340/21 425/336/185
f 356/338/192 414/337/191 415/333/193 358/334/194
f 356/339/192 358/335/194 427/336/195 426/340/21
f 358/334/194 415/333/193 416/331/196 360/332/197
f 358/335/194 360/308/197 428/309/198 427/336/195
f 360/332/197 416/331/196 417/330/199 362/329/200
f 360/308/197 362/307/200 429/310/34 428/309/198
f 362/329/200 417/330/199 418/341/201 364/342/202
f 362/307/200 364/343/202 430/344/203 429/310/34
f 364/342/202 418/341/201 419/345/204 366/346/205
f 364/343/202 366/347/205 431/348/206 430/344/203
f 366/346/205 419/345/204 420/349/207 368/350/208
f 366/347/205 368/351/208 432/352/16 431/348/206
f 368/350/208 420/349/207 421/345/209 370/346/210
f 368/351/208 370/347/210 433/348/211 432/352/16
f 370/346/210 421/345/209 422/341/253 372/342/213
f 370/347/210 372/343/213 434/344/214 433/348/211
f 372/342/213 422/341/253 412/330/187 350/329/172
f 372/343/213 350/307/172 423/310/1 434/344/214
f 351/353/1 374/354/1 397/355/214 373/356/214
f 355/328/185 379/327/185 377/357/174 353/358/174
f 365/356/203 389/355/203 387/354/34 363/353/34
f 373/356/214 397/355/214 395/359/211 371/360/211
f 388/361/215 406/362/215 405/363/216 386/364/216
f 363/353/34 387/354/34 385/357/198 361/358/198
f 371/360/211 395/359/211 393/365/16 369/366/16
f 361/358/198 385/357/198 383/327/195 359/328/195
f 369/366/16 393/365/16 391/359/206 367/360/206
f 359/328/195 383/327/195 381/326/21 357/325/21
f 367/360/206 391/359/206 389/355/203 365/356/203
f 376/367/217 377/368/217 379/369/218 378/370/218
f 378/370/218 379/369/218 381/371/219 380/372/219
f 380/372/219 381/371/219 383/369/220 382/370/220
f 382/370/220 383/369/220 385/368/221 384/367/221
f 384/367/221 385/368/221 387/373/222 386/374/222
f 386/374/222 387/373/222 389/375/223 388/376/223
f 388/376/223 389/375/223 391/377/224 390/378/224
f 390/378/224 391/377/224 393/379/225 392/380/225
f 392/380/225 393/379/225 395/377/226 394/378/226
f 394/378/226 395/377/226 397/375/227 396/376/227
f 396/376/227 397/375/227 374/373/228 375/374/228
f 353/358/174 377/357/174 374/354/1 351/353/1
f 382/381/254 403/382/254 402/383/255 380/384/255
f 396/361/231 410/362/231 409/385/232 394/386/232
f 376/387/233 400/388/233 399/363/234 375/364/234
f 390/386/256 407/385/256 406/362/215 388/361/215
f 384/387/236 404/388/236 403/382/254 382/381/254
f 375/364/234 399/363/234 410/362/231 396/361/231
f 378/381/237 401/382/237 400/388/233 376/387/233
f 392/389/238 408/390/238 407/385/256 390/386/256
f 386/364/216 405/363/216 404/388/236 384/387/236
f 380/384/255 402/383/255 401/382/237 378/381/237
f 394/386/232 409/385/232 408/390/238 392/389/238
f 375/374/228 374/373/228 377/368/217 376/367/217
f 398/391/38 399/392/239 400/393/240
f 398/391/38 400/393/240 401/394/257
f 398/391/38 401/394/257 402/395/258
f 398/391/38 402/395/258 403/394/259
f 398/391/38 403/394/259 404/393/260
f 398/391/38 404/393/260 405/392/261
f 398/391/38 405/392/261 406/396/246
f 398/391/38 406/396/246 407/397/247
f 398/391/38 407/397/247 408/398/262
f 398/391/38 408/398/262 409/397/263
f 398/391/38 409/397/263 410/396/250
f 398/391/38 410/396/250 399/392/239
f 349/399/37 411/400/37 412/399/37
f 349/399/37 413/401/37 411/400/37
f 349/399/37 414/402/37 413/401/37
f 349/399/37 415/401/37 414/402/37
f 349/399/37 416/400/37 415/401/37
f 349/399/37 417/399/37 416/400/37
f 349/399/37 418/403/37 417/399/37
f 349/399/37 419/404/37 418/403/37
f 349/399/37 420/405/37 419/404/37
f 349/399/37 421/404/37 420/405/37
f 349/399/37 422/403/37 421/404/37
f 349/399/37 412/399/37 422/403/37
f 425/314/186 355/313/186 353/312/251 424/311/251
f 423/315/183 424/311/251 353/312/251 351/316/183
f 189/87/264 454/87/265 453/94/46 187/94/45
f 183/81/266 192/82/267 456/82/268 451/81/269
f 184/84/273 183/81/266 451/81/269 452/84/273
f 192/82/267 191/84/274 455/84/274 456/82/268
f 177/83/34 184/84/34 452/84/34 437/83/34
f 452/406/278 451/407/278 456/408/278 455/406/278
f 175/83/1 179/85/1 436/85/1 438/83/1
f 86/86/280 445/86/281 454/87/265 189/87/264
f 191/84/1 175/83/1 438/83/1 455/84/1
f 97/86/34 180/85/34 435/85/34 440/86/34
usemtl restaurant.031
f 469/409/282 470/410/283 460/411/284 458/412/285
f 464/412/286 465/411/287 477/410/288 473/409/289
f 457/413/290 458/414/285 459/415/291
f 460/416/284 478/417/292 461/418/293
f 462/413/294 463/415/295 464/414/286
f 484/417/296 465/416/287 466/418/297
f 467/419/298 468/420/299 469/421/282
f 490/422/300 470/423/283 471/424/301
f 472/419/302 473/421/289 474/420/303
f 475/422/304 476/424/305 477/423/288
f 462/413/294 457/413/290 459/415/291 463/415/295
f 458/412/285 460/411/284 461/425/293 459/426/291
f 478/417/292 484/417/296 466/418/297 461/418/293
f 465/411/287 464/412/286 463/426/295 466/425/297
f 472/419/302 462/413/294 464/414/286 473/421/289
f 484/417/296 475/422/304 477/423/288 465/416/287
f 476/427/305 474/428/303 473/409/289 477/410/288
f 467/419/298 472/419/302 474/420/303 468/420/299
f 475/422/304 490/422/300 471/424/301 476/424/305
f 470/410/283 469/409/282 468/428/299 471/427/301
f 457/413/290 467/419/298 469/421/282 458/414/285
f 490/422/300 478/417/292 460/416/284 470/423/283
f 462/413/294 472/419/302 467/419/298 457/413/290
f 492/429/282 494/430/283 481/431/284 479/432/285
f 497/433/306 499/434/307 495/434/308 491/433/309
f 498/435/38 487/436/38 482/436/38 493/435/38
f 480/437/291 483/438/310 489/438/297 485/437/295
f 486/432/286 488/431/287 500/430/288 496/429/289
f 478/439/311 479/432/285 480/437/291
f 481/440/284 482/441/292 483/442/310
f 484/439/312 485/437/295 486/432/286
f 487/441/296 488/440/287 489/442/297
f 490/443/313 491/433/309 492/429/282
f 493/444/300 494/445/283 495/446/308
f 475/443/314 496/429/289 497/433/306
f 498/444/304 499/446/307 500/445/288
f 484/439/312 478/439/311 480/437/291 485/437/295
f 479/432/285 481/431/284 483/438/310 480/437/291
f 482/441/292 487/441/296 489/442/297 483/442/310
f 488/431/287 486/432/286 485/437/295 489/438/297
f 475/443/314 484/439/312 486/432/286 496/429/289
f 487/441/296 498/444/304 500/445/288 488/440/287
f 499/434/307 497/433/306 496/429/289 500/430/288
f 490/443/313 475/443/314 497/433/306 491/433/309
f 498/444/304 493/444/300 495/446/308 499/446/307
f 494/430/283 492/429/282 491/433/309 495/434/308
f 478/439/311 490/443/313 492/429/282 479/432/285
f 493/444/300 482/441/292 481/440/284 494/445/283
f 509/447/21 511/448/21 505/449/21 507/450/21
f 508/451/315 507/452/315 506/453/315
f 505/454/316 504/455/316 503/456/316
f 502/457/317 501/458/317 509/459/317
f 510/460/318 511/461/318 512/462/318
f 507/450/155 505/449/155 503/463/155 506/464/155
f 511/448/319 509/447/319 501/465/319 512/466/319
f 508/451/320 502/457/320 509/459/320 507/452/320
f 510/460/321 504/455/321 505/454/321 511/461/321
f 521/467/21 523/468/21 517/469/21 519/470/21
f 520/471/322 519/472/322 518/473/322
f 517/474/323 516/475/323 515/476/323
f 514/477/324 513/478/324 521/479/324
f 522/480/325 523/481/325 524/482/325
f 519/470/155 517/469/155 515/483/155 518/484/155
f 523/468/319 521/467/319 513/485/319 524/486/319
f 520/471/320 514/477/320 521/479/320 519/472/320
f 522/480/321 516/475/321 517/474/321 523/481/321
f 474/428/326 476/427/327 529/487/328 532/488/329
f 476/427/327 471/427/330 535/487/331 529/487/328
f 471/427/330 468/428/332 534/488/333 535/487/331
f 468/428/332 474/428/326 532/488/329 534/488/333
f 459/426/291 461/425/34 526/489/34 525/490/34
f 461/425/34 466/425/297 527/489/34 526/489/34
f 466/425/297 463/426/295 528/490/34 527/489/34
f 463/426/295 459/426/291 525/490/34 528/490/34
f 538/491/34 537/492/34 540/492/34 539/491/34
f 530/493/334 531/494/334 532/495/334 529/496/334
f 531/497/14 533/497/14 534/498/14 532/498/14
f 536/499/15 530/499/15 529/500/15 535/500/15
f 533/494/155 536/493/155 535/496/155 534/495/155
f 537/501/335 538/502/335 525/503/335 526/504/335
f 538/505/336 539/505/336 528/506/336 525/506/336
f 540/507/337 537/507/337 526/508/337 527/508/337
f 539/502/338 540/501/338 527/504/338 528/503/338
f 531/509/1 530/510/1 536/510/1 533/509/1
f 549/511/16 551/512/16 545/513/16 547/514/16
f 548/515/339 547/516/339 546/517/339
f 545/518/340 544/519/340 543/520/340
f 542/521/341 541/522/341 549/523/341
f 550/524/342 551/525/342 552/526/342
f 547/514/151 545/513/151 543/527/151 546/528/151
f 551/512/334 549/511/334 541/529/334 552/530/334
f 548/515/53 542/521/53 549/523/53 547/516/53
f 550/524/275 544/519/275 545/518/275 551/525/275
f 561/531/343 563/532/344 557/533/345 559/534/346
f 560/535/347 559/536/346 558/537/348
f 557/538/345 556/539/349 555/540/350
f 554/541/351 553/542/352 561/543/343
f 562/544/353 563/545/344 564/546/354
f 559/547/346 557/538/345 555/540/350 558/548/348
f 563/545/344 561/549/343 553/550/352 564/546/354
f 560/535/347 554/541/351 561/543/343 559/536/346
f 562/551/353 556/552/349 557/553/345 563/554/344
f 560/535/347 558/537/348 567/555/355
f 564/556/356 553/557/356 565/558/356 568/559/356
f 555/560/350 556/561/349 566/562/357
f 558/563/358 555/560/358 566/562/358 567/564/358
f 553/542/352 554/541/351 565/565/359
f 556/561/360 562/566/360 568/567/360 566/568/360
f 554/569/361 560/570/361 567/571/361 565/572/361
f 562/566/353 564/556/354 568/567/362
f 576/573/363 592/574/363 578/575/364 569/576/364
f 571/577/365 582/578/365 584/579/366 572/580/366
f 572/580/367 584/579/367 586/581/367 573/582/367
f 573/583/368 586/584/368 588/585/369 574/586/369
f 574/587/369 588/588/369 590/589/370 575/590/370
f 575/590/371 590/589/371 592/574/363 576/573/363
f 569/591/372 578/592/372 580/593/373 570/594/373
f 570/595/373 580/596/373 582/578/365 571/577/365
f 580/593/374 578/592/375 577/597/375 579/598/374
f 582/599/376 580/593/374 579/598/374 581/600/376
f 584/601/377 582/599/376 581/600/376 583/602/377
f 586/584/378 584/601/377 583/602/377 585/603/378
f 588/585/379 586/584/378 585/603/378 587/604/379
f 590/605/380 588/585/379 587/604/379 589/606/380
f 592/607/381 590/605/380 589/606/380 591/608/381
f 578/592/375 592/607/381 591/608/381 577/597/375
f 581/609/382 579/610/383 679/611/383 680/612/384
f 587/613/385 585/614/386 682/615/386 683/616/385
f 583/617/387 581/609/382 680/612/384 681/618/387
f 589/619/388 587/613/385 683/616/385 684/620/388
f 579/610/383 577/621/389 678/622/389 679/611/383
f 577/621/389 591/623/390 685/624/390 678/622/389
f 585/614/386 583/617/387 681/618/387 682/615/386
f 591/623/390 589/619/388 684/620/388 685/624/390
f 601/625/391 617/626/392 603/627/393 594/628/391
f 596/629/394 607/630/395 609/631/396 597/632/397
f 597/632/397 609/631/396 611/633/398 598/634/399
f 598/634/355 611/633/398 613/635/400 599/636/401
f 599/636/401 613/635/400 615/637/402 600/638/403
f 600/638/403 615/637/402 617/626/392 601/625/357
f 594/628/404 603/627/393 605/639/405 595/640/406
f 595/640/406 605/639/405 607/630/395 596/629/1
f 605/641/405 603/642/393 602/643/407 604/644/408
f 607/645/395 605/641/405 604/644/408 606/646/409
f 609/647/396 607/645/395 606/646/409 608/648/410
f 611/649/398 609/647/396 608/648/410 610/650/411
f 613/651/400 611/649/398 610/650/411 612/652/412
f 615/653/402 613/651/400 612/652/412 614/654/413
f 617/655/392 615/653/402 614/654/413 616/656/414
f 603/642/393 617/655/392 616/656/414 602/643/407
f 616/656/415 614/654/415 612/652/415 610/650/415
f 602/643/407 616/656/414 619/657/416 618/658/416
f 616/659/417 610/660/417 620/661/417 619/662/417
f 608/663/418 602/664/418 618/665/418 621/666/418
f 618/658/415 619/657/415 620/667/415 621/668/415
f 604/644/415 602/643/415 608/648/415 606/646/415
f 610/660/411 608/663/410 621/666/419 620/661/419
f 629/669/391 645/670/392 631/671/393 622/672/391
f 624/673/420 635/674/395 637/675/396 625/676/394
f 625/676/399 637/675/396 639/677/398 626/678/399
f 626/678/355 639/677/398 641/679/400 627/680/401
f 627/680/401 641/679/400 643/681/402 628/682/403
f 628/682/403 643/681/402 645/670/392 629/669/357
f 622/672/362 631/671/393 633/683/405 623/684/406
f 623/684/406 633/683/405 635/674/395 624/673/420
f 633/685/405 631/686/393 630/687/407 632/688/408
f 635/689/395 633/685/405 632/688/408 634/690/409
f 637/691/396 635/689/395 634/690/409 636/692/410
f 639/693/398 637/691/396 636/692/410 638/694/411
f 641/695/400 639/693/398 638/694/411 640/696/412
f 643/697/402 641/695/400 640/696/412 642/698/413
f 645/699/392 643/697/402 642/698/413 644/700/414
f 631/686/393 645/699/392 644/700/414 630/687/407
f 644/700/415 642/698/415 640/696/415 638/694/415
f 630/687/407 644/700/414 647/701/416 646/702/416
f 644/703/417 638/704/417 648/705/417 647/706/417
f 636/707/418 630/708/418 646/709/418 649/710/418
f 646/702/415 647/701/415 648/711/415 649/712/415
f 632/688/415 630/687/415 636/692/415 634/690/415
f 638/704/411 636/707/410 649/710/419 648/705/419
f 657/713/391 673/714/392 659/715/393 650/716/391
f 652/717/420 663/718/395 665/719/396 653/720/394
f 653/720/399 665/719/396 667/721/398 654/722/399
f 654/722/355 667/721/398 669/723/400 655/724/401
f 655/724/401 669/723/400 671/725/402 656/726/403
f 656/726/403 671/725/402 673/714/392 657/713/357
f 650/716/404 659/715/393 661/727/405 651/728/406
f 651/728/406 661/727/405 663/718/395 652/717/420
f 661/729/405 659/730/393 658/731/407 660/732/408
f 663/733/395 661/729/405 660/732/408 662/734/409
f 665/735/396 663/733/395 662/734/409 664/736/410
f 667/737/398 665/735/396 664/736/410 666/738/411
f 669/739/400 667/737/398 666/738/411 668/740/412
f 671/741/402 669/739/400 668/740/412 670/742/413
f 673/743/392 671/741/402 670/742/413 672/744/414
f 659/730/393 673/743/392 672/744/414 658/731/407
f 672/744/415 670/742/415 668/740/415 666/738/415
f 658/731/407 672/744/414 675/745/416 674/746/416
f 672/747/421 666/748/421 676/749/421 675/750/421
f 664/751/418 658/752/418 674/753/418 677/754/418
f 674/746/415 675/745/415 676/755/415 677/756/415
f 660/732/415 658/731/415 664/736/415 662/734/415
f 666/748/411 664/751/410 677/754/419 676/749/419
f 593/757/415 679/758/415 678/759/415
f 593/757/415 680/760/415 679/758/415
f 593/757/415 681/761/415 680/760/415
f 593/757/415 682/762/415 681/761/415
f 593/757/415 683/763/415 682/762/415
f 593/757/415 684/764/415 683/763/415
f 593/757/415 685/765/415 684/764/415
f 593/757/415 678/759/415 685/765/415
f 686/766/16 688/767/16 796/768/16 789/769/16
f 793/770/38 791/771/38 790/771/38 795/770/38
f 689/767/21 687/766/21 792/769/21 794/768/21
f 688/767/1 689/767/1 794/768/1 796/768/1
f 698/772/422 699/773/155 695/774/423
f 695/775/424 694/776/424 702/777/424 703/778/424
f 692/779/334 699/773/334 696/780/334 690/781/334
f 691/782/319 694/783/319 695/774/319 693/781/319
f 694/783/425 697/784/426 700/785/427 702/786/427
f 695/774/423 703/787/428 701/788/428 698/772/422
f 693/781/155 695/774/423 699/773/155 692/779/155
f 696/789/429 699/790/429 698/791/430 697/792/430
f 696/780/151 697/784/426 694/783/425
f 712/793/431 713/794/319 709/795/432
f 690/781/151 696/780/151 694/783/425 691/782/151
f 702/786/319 700/785/319 701/788/319 703/787/319
f 698/791/430 701/796/38 700/797/38 697/792/430
f 709/798/433 708/799/433 716/800/433 717/801/433
f 706/802/155 713/794/155 710/803/155 704/804/155
f 705/802/151 708/805/151 709/795/151 707/806/151
f 708/805/434 711/807/435 714/808/436 716/809/436
f 709/795/432 717/810/437 715/811/437 712/793/431
f 707/806/319 709/795/432 713/794/319 706/802/319
f 710/812/438 713/813/438 712/814/439 711/815/439
f 710/803/334 711/807/435 708/805/434
f 726/816/440 727/817/151 723/818/441
f 704/804/334 710/803/334 708/805/434 705/802/334
f 716/809/151 714/808/151 715/811/151 717/810/151
f 712/814/439 715/819/38 714/820/38 711/815/439
f 723/821/442 722/822/442 730/823/442 731/824/442
f 720/825/319 727/817/319 724/826/319 718/827/319
f 719/828/334 722/829/334 723/818/334 721/827/334
f 722/829/443 725/830/444 728/831/445 730/832/445
f 723/818/441 731/833/446 729/834/446 726/816/440
f 721/827/151 723/818/441 727/817/151 720/825/151
f 724/835/447 727/836/447 726/837/448 725/838/448
f 724/826/155 725/830/444 722/829/443
f 740/839/449 741/840/334 737/841/450
f 718/827/155 724/826/155 722/829/443 719/828/155
f 730/832/334 728/831/334 729/834/334 731/833/334
f 726/837/448 729/842/38 728/843/38 725/838/448
f 737/844/451 736/845/451 744/846/451 745/847/451
f 734/848/151 741/840/151 738/849/151 732/850/151
f 733/848/155 736/851/155 737/841/155 735/852/155
f 736/851/452 739/853/453 742/854/454 744/855/454
f 737/841/450 745/856/455 743/857/455 740/839/449
f 735/852/334 737/841/450 741/840/334 734/848/334
f 738/858/456 741/859/456 740/860/457 739/861/457
f 738/849/319 739/853/453 736/851/452
f 732/850/319 738/849/319 736/851/452 733/848/319
f 744/855/155 742/854/155 743/857/155 745/856/155
f 740/860/457 743/862/38 742/863/38 739/861/457
f 747/864/458 781/865/458 771/866/459 769/867/459
f 751/867/460 779/866/460 780/865/461 749/864/461
f 753/868/462 778/869/462 779/866/460 751/867/460
f 755/870/463 777/871/463 778/869/462 753/868/462
f 757/872/464 776/873/464 777/871/463 755/870/463
f 759/874/465 775/875/465 776/873/464 757/872/464
f 761/874/466 774/875/466 775/875/465 759/874/465
f 763/872/467 773/876/467 774/875/466 761/874/466
f 765/877/468 772/871/468 773/876/467 763/872/467
f 767/868/469 770/869/469 772/871/468 765/877/468
f 762/878/470 764/879/471 783/880/472 785/881/473
f 769/867/459 771/866/459 770/869/469 767/868/469
f 749/864/461 780/865/461 781/865/458 747/864/458
f 768/882/38 766/883/38 770/884/38 771/885/38
f 766/883/38 764/886/38 772/887/38 770/884/38
f 764/886/38 762/888/38 773/889/38 772/887/38
f 762/888/38 760/890/38 774/891/38 773/889/38
f 760/890/38 758/890/38 775/891/38 774/891/38
f 758/890/38 756/888/38 776/892/38 775/891/38
f 756/888/38 754/886/38 777/887/38 776/892/38
f 754/886/38 752/883/38 778/884/38 777/887/38
f 752/883/38 750/882/38 779/885/38 778/884/38
f 750/882/38 748/893/38 780/894/38 779/885/38
f 748/893/38 746/893/38 781/894/38 780/894/38
f 746/893/38 768/882/38 771/885/38 781/894/38
f 748/895/474 750/896/475 788/897/476
f 754/879/477 756/878/478 786/881/479 787/880/480
f 760/898/481 762/878/470 785/881/473
f 746/895/482 748/895/474 788/897/476 784/897/483
f 766/899/484 768/896/485 784/897/483 783/880/472
f 752/899/486 754/879/477 787/880/480
f 758/898/487 760/898/481 785/881/473 786/881/479
f 768/896/485 746/895/482 784/897/483
f 764/879/471 766/899/484 783/880/472
f 750/896/475 752/899/486 787/880/480 788/897/476
f 756/878/478 758/898/487 786/881/479
f 782/900/38 783/901/38 784/902/38
f 782/900/38 785/903/38 783/901/38
f 782/900/38 786/903/38 785/903/38
f 782/900/38 787/901/38 786/903/38
f 782/900/38 788/902/38 787/901/38
f 782/900/38 784/902/38 788/902/38
f 790/904/7 791/904/7 792/905/7 789/905/7
f 791/904/321 793/906/321 794/907/321 792/905/321
f 793/906/14 795/906/14 796/907/14 794/907/14
f 795/906/275 790/904/275 789/905/275 796/907/275
f 687/766/34 686/766/34 789/769/34 792/769/34
f 805/908/488 806/909/21 802/910/489
f 802/911/490 801/911/490 809/912/490 810/912/490
f 799/913/1 806/909/1 803/909/1 797/913/1
f 798/914/34 801/910/34 802/910/34 800/914/34
f 801/910/491 804/908/492 807/915/493 809/916/493
f 802/910/489 810/916/494 808/915/494 805/908/488
f 800/914/21 802/910/489 806/909/21 799/913/21
f 803/917/495 806/917/495 805/918/496 804/918/496
f 803/909/16 804/908/492 801/910/491
f 819/919/497 820/920/34 816/921/498
f 797/913/16 803/909/16 801/910/491 798/914/16
f 809/916/34 807/915/34 808/915/34 810/916/34
f 805/918/496 808/922/499 807/922/499 804/918/496
f 816/923/500 815/924/500 823/925/500 824/926/500
f 813/927/21 820/920/21 817/928/21 811/929/21
f 812/929/16 815/930/16 816/921/16 814/927/16
f 815/930/501 818/931/502 821/932/503 823/933/503
f 816/921/498 824/934/504 822/935/504 819/919/497
f 814/927/34 816/921/498 820/920/34 813/927/34
f 817/936/505 820/937/505 819/938/506 818/939/506
f 817/928/1 818/931/502 815/930/501
f 833/940/507 834/941/16 830/942/508
f 811/929/1 817/928/1 815/930/501 812/929/1
f 823/933/16 821/932/16 822/935/16 824/934/16
f 819/938/506 822/943/509 821/944/509 818/939/506
f 830/945/510 829/945/510 837/946/510 838/947/510
f 827/948/34 834/941/34 831/949/34 825/950/34
f 826/951/1 829/942/1 830/942/1 828/951/1
f 829/942/511 832/940/512 835/952/513 837/953/513
f 830/942/508 838/954/514 836/955/514 833/940/507
f 828/951/16 830/942/508 834/941/16 827/948/16
f 831/956/515 834/957/515 833/958/516 832/958/516
f 831/949/21 832/940/512 829/942/511
f 847/959/517 848/960/1 844/961/518
f 825/950/21 831/949/21 829/942/511 826/951/21
f 837/953/1 835/952/1 836/955/1 838/954/1
f 833/958/516 836/962/519 835/963/519 832/958/516
f 844/964/520 843/965/520 851/966/520 852/967/520
f 841/968/16 848/960/16 845/969/16 839/970/16
f 840/970/21 843/971/21 844/961/21 842/968/21
f 843/971/521 846/972/522 849/973/523 851/974/523
f 844/961/518 852/975/524 850/976/524 847/959/517
f 842/968/1 844/961/518 848/960/1 841/968/1
f 845/977/525 848/978/525 847/979/526 846/980/527
f 845/969/34 846/972/522 843/971/521
f 839/970/34 845/969/34 843/971/521 840/970/34
f 851/974/21 849/973/21 850/976/21 852/975/21
f 847/979/526 850/981/528 849/982/528 846/980/527
f 853/983/529 854/984/529 855/983/529
f 855/983/530 854/984/530 857/985/530 858/986/530
f 858/986/531 857/985/531 856/986/531
f 856/987/532 857/988/532 854/989/532 853/990/532
f 859/983/529 860/984/529 861/983/529
f 861/983/530 860/984/530 863/985/530 864/986/530
f 864/986/531 863/985/531 862/986/531
f 862/987/532 863/988/532 860/989/532 859/990/532
f 865/983/529 866/984/529 867/983/529
f 867/983/530 866/984/530 869/985/530 870/986/530
f 870/986/531 869/985/531 868/986/531
f 868/987/532 869/988/532 866/989/532 865/990/532
f 871/991/529 872/992/529 873/991/529
f 873/991/530 872/992/530 875/993/530 876/994/530
f 876/994/531 875/993/531 874/994/531
f 874/995/532 875/996/532 872/997/532 871/998/532
f 877/991/529 878/992/529 879/991/529
f 879/991/530 878/992/530 881/993/530 882/994/530
f 882/994/531 881/993/531 880/994/531
f 880/995/532 881/996/532 878/997/532 877/998/532
f 883/991/529 884/992/529 885/991/529
f 885/991/530 884/992/530 887/993/530 888/994/530
f 888/994/531 887/993/531 886/994/531
f 886/995/532 887/996/532 884/997/532 883/998/532
f 901/409/282 902/410/283 892/411/284 890/412/285
f 896/412/286 897/411/287 909/410/288 905/409/289
f 889/413/290 890/414/285 891/415/291
f 892/416/284 910/417/292 893/418/293
f 894/413/294 895/415/295 896/414/286
f 916/417/533 897/416/287 898/418/297
f 899/419/298 900/420/299 901/421/282
f 922/422/300 902/423/283 903/424/301
f 904/419/302 905/421/289 906/420/303
f 907/422/304 908/424/305 909/423/288
f 894/413/294 889/413/290 891/415/291 895/415/295
f 890/412/285 892/411/284 893/425/293 891/426/291
f 910/417/292 916/417/533 898/418/297 893/418/293
f 897/411/287 896/412/286 895/426/295 898/425/297
f 904/419/302 894/413/294 896/414/286 905/421/289
f 916/417/533 907/422/304 909/423/288 897/416/287
f 908/427/305 906/428/303 905/409/289 909/410/288
f 899/419/298 904/419/302 906/420/303 900/420/299
f 907/422/304 922/422/300 903/424/301 908/424/305
f 902/410/283 901/409/282 900/428/299 903/427/301
f 889/413/290 899/419/298 901/421/282 890/414/285
f 922/422/300 910/417/292 892/416/284 902/423/283
f 894/413/294 904/419/302 899/419/298 889/413/290
f 924/429/282 926/430/283 913/431/284 911/432/285
f 929/433/306 931/434/307 927/434/308 923/433/309
f 930/435/38 919/436/38 914/436/38 925/435/38
f 912/437/291 915/438/310 921/438/297 917/437/295
f 918/432/286 920/431/287 932/430/288 928/429/289
f 910/439/311 911/432/285 912/437/291
f 913/440/284 914/441/292 915/442/310
f 916/439/534 917/437/295 918/432/286
f 919/441/533 920/440/287 921/442/297
f 922/443/313 923/433/309 924/429/282
f 925/444/300 926/445/283 927/446/308
f 907/443/314 928/429/289 929/433/306
f 930/444/304 931/446/307 932/445/288
f 916/439/534 910/439/311 912/437/291 917/437/295
f 911/432/285 913/431/284 915/438/310 912/437/291
f 914/441/292 919/441/533 921/442/297 915/442/310
f 920/431/287 918/432/286 917/437/295 921/438/297
f 907/443/314 916/439/534 918/432/286 928/429/289
f 919/441/533 930/444/304 932/445/288 920/440/287
f 931/434/307 929/433/306 928/429/289 932/430/288
f 922/443/313 907/443/314 929/433/306 923/433/309
f 930/444/304 925/444/300 927/446/308 931/446/307
f 926/430/283 924/429/282 923/433/309 927/434/308
f 910/439/311 922/443/313 924/429/282 911/432/285
f 925/444/300 914/441/292 913/440/284 926/445/283
f 941/447/21 943/448/21 937/449/21 939/450/21
f 940/451/315 939/452/315 938/453/315
f 937/454/316 936/455/316 935/456/316
f 934/457/535 933/458/535 941/459/535
f 942/460/318 943/461/318 944/462/318
f 939/450/155 937/449/155 935/463/155 938/464/155
f 943/448/319 941/447/319 933/465/319 944/466/319
f 940/451/320 934/457/320 941/459/320 939/452/320
f 942/460/321 936/455/321 937/454/321 943/461/321
f 953/467/21 955/468/21 949/469/21 951/470/21
f 952/471/322 951/472/322 950/473/322
f 949/474/323 948/475/323 947/476/323
f 946/477/324 945/478/324 953/479/324
f 954/480/325 955/481/325 956/482/325
f 951/470/155 949/469/155 947/483/155 950/484/155
f 955/468/319 953/467/319 945/485/319 956/486/319
f 952/471/320 946/477/320 953/479/320 951/472/320
f 954/480/321 948/475/321 949/474/321 955/481/321
f 906/428/326 908/427/327 961/487/328 964/488/329
f 908/427/327 903/427/330 967/487/331 961/487/328
f 903/427/330 900/428/332 966/488/333 967/487/331
f 900/428/332 906/428/326 964/488/329 966/488/333
f 891/426/291 893/425/34 958/489/34 957/490/34
f 893/425/34 898/425/297 959/489/34 958/489/34
f 898/425/297 895/426/295 960/490/34 959/489/34
f 895/426/295 891/426/291 957/490/34 960/490/34
f 970/491/34 969/492/34 972/492/34 971/491/34
f 962/493/334 963/494/334 964/495/334 961/496/334
f 963/497/14 965/497/14 966/498/14 964/498/14
f 968/499/15 962/499/15 961/500/15 967/500/15
f 965/494/155 968/493/155 967/496/155 966/495/155
f 969/501/335 970/502/335 957/503/335 958/504/335
f 970/505/336 971/505/336 960/506/336 957/506/336
f 972/507/337 969/507/337 958/508/337 959/508/337
f 971/502/536 972/501/536 959/504/536 960/503/536
f 963/509/1 962/510/1 968/510/1 965/509/1
f 981/511/16 983/512/16 977/513/16 979/514/16
f 980/515/339 979/516/339 978/517/339
f 977/518/340 976/519/340 975/520/340
f 974/521/341 973/522/341 981/523/341
f 982/524/342 983/525/342 984/526/342
f 979/514/151 977/513/151 975/527/151 978/528/151
f 983/512/334 981/511/334 973/529/334 984/530/334
f 980/515/53 974/521/53 981/523/53 979/516/53
f 982/524/275 976/519/275 977/518/275 983/525/275
f 993/531/343 995/532/344 989/533/345 991/534/346
f 992/535/347 991/536/346 990/537/348
f 989/538/345 988/539/349 987/540/350
f 986/541/351 985/542/352 993/543/343
f 994/544/353 995/545/344 996/546/354
f 991/547/346 989/538/345 987/540/350 990/548/348
f 995/545/344 993/549/343 985/550/352 996/546/354
f 992/535/347 986/541/351 993/543/343 991/536/346
f 994/551/353 988/552/349 989/553/345 995/554/344
f 992/535/347 990/537/348 999/555/355
f 996/556/356 985/557/356 997/558/356 1000/559/356
f 987/560/350 988/561/349 998/562/357
f 990/563/358 987/560/358 998/562/358 999/564/358
f 985/542/352 986/541/351 997/565/359
f 988/561/360 994/566/360 1000/567/360 998/568/360
f 986/569/361 992/570/361 999/571/361 997/572/361
f 994/566/353 996/556/354 1000/567/362
f 1008/573/363 1024/574/363 1010/575/364 1001/576/364
f 1003/577/365 1014/578/365 1016/579/366 1004/580/366
f 1004/580/367 1016/579/367 1018/581/367 1005/582/367
f 1005/583/368 1018/584/368 1020/585/369 1006/586/369
f 1006/587/369 1020/588/369 1022/589/370 1007/590/370
f 1007/590/371 1022/589/371 1024/574/363 1008/573/363
f 1001/591/372 1010/592/372 1012/593/373 1002/594/373
f 1002/595/373 1012/596/373 1014/578/365 1003/577/365
f 1012/593/374 1010/592/375 1009/597/375 1011/598/374
f 1014/599/376 1012/593/374 1011/598/374 1013/600/376
f 1016/601/377 1014/599/376 1013/600/376 1015/602/377
f 1018/584/378 1016/601/377 1015/602/377 1017/603/378
f 1020/585/379 1018/584/378 1017/603/378 1019/604/379
f 1022/605/380 1020/585/379 1019/604/379 1021/606/380
f 1024/607/381 1022/605/380 1021/606/380 1023/608/381
f 1010/592/375 1024/607/381 1023/608/381 1009/597/375
f 1013/609/382 1011/610/383 1111/611/383 1112/612/384
f 1019/613/385 1017/614/386 1114/615/386 1115/616/385
f 1015/617/387 1013/609/382 1112/612/384 1113/618/387
f 1021/619/388 1019/613/385 1115/616/385 1116/620/537
f 1011/610/383 1009/621/389 1110/622/389 1111/611/383
f 1009/621/389 1023/623/390 1117/624/538 1110/622/389
f 1017/614/386 1015/617/387 1113/618/387 1114/615/386
f 1023/623/390 1021/619/388 1116/620/537 1117/624/538
f 1033/625/391 1049/626/392 1035/627/393 1026/628/391
f 1028/629/394 1039/630/395 1041/631/396 1029/632/397
f 1029/632/397 1041/631/396 1043/633/398 1030/634/399
f 1030/634/355 1043/633/398 1045/635/400 1031/636/401
f 1031/636/401 1045/635/400 1047/637/402 1032/638/403
f 1032/638/403 1047/637/402 1049/626/392 1033/625/539
f 1026/628/404 1035/627/393 1037/639/405 1027/640/406
f 1027/640/406 1037/639/405 1039/630/395 1028/629/1
f 1037/641/405 1035/642/393 1034/643/407 1036/644/408
f 1039/645/395 1037/641/405 1036/644/408 1038/646/409
f 1041/647/396 1039/645/395 1038/646/409 1040/648/410
f 1043/649/398 1041/647/396 1040/648/410 1042/650/411
f 1045/651/400 1043/649/398 1042/650/411 1044/652/412
f 1047/653/402 1045/651/400 1044/652/412 1046/654/413
f 1049/655/392 1047/653/402 1046/654/413 1048/656/414
f 1035/642/393 1049/655/392 1048/656/414 1034/643/407
f 1048/656/415 1046/654/415 1044/652/415 1042/650/415
f 1034/643/407 1048/656/414 1051/657/416 1050/658/416
f 1048/659/421 1042/660/421 1052/661/421 1051/662/421
f 1040/663/418 1034/664/418 1050/665/418 1053/666/418
f 1050/658/415 1051/657/415 1052/667/415 1053/668/415
f 1036/644/415 1034/643/415 1040/648/415 1038/646/415
f 1042/660/411 1040/663/410 1053/666/419 1052/661/419
f 1061/669/391 1077/670/392 1063/671/393 1054/672/391
f 1056/673/420 1067/674/395 1069/675/396 1057/676/540
f 1057/676/399 1069/675/396 1071/677/398 1058/678/399
f 1058/678/355 1071/677/398 1073/679/400 1059/680/401
f 1059/680/401 1073/679/400 1075/681/402 1060/682/403
f 1060/682/403 1075/681/402 1077/670/392 1061/669/539
f 1054/672/404 1063/671/393 1065/683/405 1055/684/406
f 1055/684/406 1065/683/405 1067/674/395 1056/673/420
f 1065/685/405 1063/686/393 1062/687/407 1064/688/408
f 1067/689/395 1065/685/405 1064/688/408 1066/690/409
f 1069/691/396 1067/689/395 1066/690/409 1068/692/410
f 1071/693/398 1069/691/396 1068/692/410 1070/694/411
f 1073/695/400 1071/693/398 1070/694/411 1072/696/412
f 1075/697/402 1073/695/400 1072/696/412 1074/698/413
f 1077/699/392 1075/697/402 1074/698/413 1076/700/414
f 1063/686/393 1077/699/392 1076/700/414 1062/687/407
f 1076/700/415 1074/698/415 1072/696/415 1070/694/415
f 1062/687/407 1076/700/414 1079/701/416 1078/702/416
f 1076/703/421 1070/704/421 1080/705/421 1079/706/421
f 1068/707/418 1062/708/418 1078/709/418 1081/710/418
f 1078/702/415 1079/701/415 1080/711/415 1081/712/415
f 1064/688/415 1062/687/415 1068/692/415 1066/690/415
f 1070/704/411 1068/707/410 1081/710/419 1080/705/419
f 1089/713/391 1105/714/392 1091/715/393 1082/716/391
f 1084/717/420 1095/718/395 1097/719/396 1085/720/394
f 1085/720/399 1097/719/396 1099/721/398 1086/722/399
f 1086/722/355 1099/721/398 1101/723/400 1087/724/401
f 1087/724/401 1101/723/400 1103/725/402 1088/726/403
f 1088/726/403 1103/725/402 1105/714/392 1089/713/357
f 1082/716/362 1091/715/393 1093/727/405 1083/728/406
f 1083/728/406 1093/727/405 1095/718/395 1084/717/420
f 1093/729/405 1091/730/393 1090/731/407 1092/732/408
f 1095/733/395 1093/729/405 1092/732/408 1094/734/409
f 1097/735/396 1095/733/395 1094/734/409 1096/736/410
f 1099/737/398 1097/735/396 1096/736/410 1098/738/411
f 1101/739/400 1099/737/398 1098/738/411 1100/740/412
f 1103/741/402 1101/739/400 1100/740/412 1102/742/413
f 1105/743/392 1103/741/402 1102/742/413 1104/744/414
f 1091/730/393 1105/743/392 1104/744/414 1090/731/407
f 1104/744/415 1102/742/415 1100/740/415 1098/738/415
f 1090/731/407 1104/744/414 1107/745/416 1106/746/416
f 1104/747/421 1098/748/421 1108/749/421 1107/750/421
f 1096/751/418 1090/752/418 1106/753/418 1109/754/418
f 1106/746/415 1107/745/415 1108/755/415 1109/756/415
f 1092/732/415 1090/731/415 1096/736/415 1094/734/415
f 1098/748/411 1096/751/410 1109/754/419 1108/749/419
f 1025/757/415 1111/758/415 1110/759/415
f 1025/757/415 1112/760/415 1111/758/415
f 1025/757/415 1113/761/415 1112/760/415
f 1025/757/415 1114/762/415 1113/761/415
f 1025/757/415 1115/763/415 1114/762/415
f 1025/757/415 1116/764/415 1115/763/415
f 1025/757/415 1117/765/415 1116/764/415
f 1025/757/415 1110/759/415 1117/765/415
f 1118/766/16 1120/767/16 1228/768/16 1221/769/16
f 1225/770/38 1223/771/38 1222/771/38 1227/770/38
f 1121/767/21 1119/766/21 1224/769/21 1226/768/21
f 1120/767/1 1121/767/1 1226/768/1 1228/768/1
f 1130/772/422 1131/773/155 1127/774/423
f 1127/775/424 1126/776/424 1134/777/424 1135/778/424
f 1124/779/334 1131/773/334 1128/780/334 1122/781/334
f 1123/782/319 1126/783/319 1127/774/319 1125/781/319
f 1126/783/425 1129/784/426 1132/785/427 1134/786/427
f 1127/774/423 1135/787/428 1133/788/428 1130/772/422
f 1125/781/155 1127/774/423 1131/773/155 1124/779/155
f 1128/789/429 1131/790/429 1130/791/430 1129/792/430
f 1128/780/151 1129/784/426 1126/783/425
f 1144/793/431 1145/794/319 1141/795/432
f 1122/781/151 1128/780/151 1126/783/425 1123/782/151
f 1134/786/319 1132/785/319 1133/788/319 1135/787/319
f 1130/791/430 1133/796/38 1132/797/38 1129/792/430
f 1141/798/433 1140/799/433 1148/800/433 1149/801/433
f 1138/802/155 1145/794/155 1142/803/155 1136/804/155
f 1137/802/151 1140/805/151 1141/795/151 1139/806/151
f 1140/805/434 1143/807/435 1146/808/436 1148/809/436
f 1141/795/432 1149/810/437 1147/811/437 1144/793/431
f 1139/806/319 1141/795/432 1145/794/319 1138/802/319
f 1142/812/438 1145/813/438 1144/814/439 1143/815/439
f 1142/803/334 1143/807/435 1140/805/434
f 1158/816/440 1159/817/151 1155/818/441
f 1136/804/334 1142/803/334 1140/805/434 1137/802/334
f 1148/809/151 1146/808/151 1147/811/151 1149/810/151
f 1144/814/439 1147/819/38 1146/820/38 1143/815/439
f 1155/821/442 1154/822/442 1162/823/442 1163/824/442
f 1152/825/319 1159/817/319 1156/826/319 1150/827/319
f 1151/828/334 1154/829/334 1155/818/334 1153/827/334
f 1154/829/443 1157/830/444 1160/831/445 1162/832/445
f 1155/818/441 1163/833/446 1161/834/446 1158/816/440
f 1153/827/151 1155/818/441 1159/817/151 1152/825/151
f 1156/835/447 1159/836/447 1158/837/448 1157/838/448
f 1156/826/155 1157/830/444 1154/829/443
f 1172/839/449 1173/840/334 1169/841/450
f 1150/827/155 1156/826/155 1154/829/443 1151/828/155
f 1162/832/334 1160/831/334 1161/834/334 1163/833/334
f 1158/837/448 1161/842/38 1160/843/38 1157/838/448
f 1169/844/451 1168/845/451 1176/846/451 1177/847/451
f 1166/848/151 1173/840/151 1170/849/151 1164/850/151
f 1165/848/155 1168/851/155 1169/841/155 1167/852/155
f 1168/851/452 1171/853/453 1174/854/454 1176/855/454
f 1169/841/450 1177/856/455 1175/857/455 1172/839/449
f 1167/852/334 1169/841/450 1173/840/334 1166/848/334
f 1170/858/456 1173/859/456 1172/860/457 1171/861/457
f 1170/849/319 1171/853/453 1168/851/452
f 1164/850/319 1170/849/319 1168/851/452 1165/848/319
f 1176/855/155 1174/854/155 1175/857/155 1177/856/155
f 1172/860/457 1175/862/38 1174/863/38 1171/861/457
f 1179/864/458 1213/865/458 1203/866/459 1201/867/459
f 1183/867/460 1211/866/460 1212/865/461 1181/864/461
f 1185/868/462 1210/869/462 1211/866/460 1183/867/460
f 1187/870/463 1209/871/463 1210/869/462 1185/868/462
f 1189/872/464 1208/873/464 1209/871/463 1187/870/463
f 1191/874/465 1207/875/465 1208/873/464 1189/872/464
f 1193/874/466 1206/875/466 1207/875/465 1191/874/465
f 1195/872/467 1205/876/467 1206/875/466 1193/874/466
f 1197/877/468 1204/871/468 1205/876/467 1195/872/467
f 1199/868/469 1202/869/469 1204/871/468 1197/877/468
f 1194/878/470 1196/879/471 1215/880/472 1217/881/473
f 1201/867/459 1203/866/459 1202/869/469 1199/868/469
f 1181/864/461 1212/865/461 1213/865/458 1179/864/458
f 1200/882/38 1198/883/38 1202/884/38 1203/885/38
f 1198/883/38 1196/886/38 1204/887/38 1202/884/38
f 1196/886/38 1194/888/38 1205/889/38 1204/887/38
f 1194/888/38 1192/890/38 1206/891/38 1205/889/38
f 1192/890/38 1190/890/38 1207/891/38 1206/891/38
f 1190/890/38 1188/888/38 1208/892/38 1207/891/38
f 1188/888/38 1186/886/38 1209/887/38 1208/892/38
f 1186/886/38 1184/883/38 1210/884/38 1209/887/38
f 1184/883/38 1182/882/38 1211/885/38 1210/884/38
f 1182/882/38 1180/893/38 1212/894/38 1211/885/38
f 1180/893/38 1178/893/38 1213/894/38 1212/894/38
f 1178/893/38 1200/882/38 1203/885/38 1213/894/38
f 1180/895/474 1182/896/475 1220/897/476
f 1186/879/477 1188/878/478 1218/881/479 1219/880/480
f 1192/898/541 1194/878/470 1217/881/473
f 1178/895/482 1180/895/474 1220/897/476 1216/897/483
f 1198/899/484 1200/896/485 1216/897/483 1215/880/472
f 1184/899/486 1186/879/477 1219/880/480
f 1190/898/542 1192/898/541 1217/881/473 1218/881/479
f 1200/896/485 1178/895/482 1216/897/483
f 1196/879/471 1198/899/484 1215/880/472
f 1182/896/475 1184/899/486 1219/880/480 1220/897/476
f 1188/878/478 1190/898/542 1218/881/479
f 1214/900/38 1215/901/38 1216/902/38
f 1214/900/38 1217/903/38 1215/901/38
f 1214/900/38 1218/903/38 1217/903/38
f 1214/900/38 1219/901/38 1218/903/38
f 1214/900/38 1220/902/38 1219/901/38
f 1214/900/38 1216/902/38 1220/902/38
f 1222/904/7 1223/904/7 1224/905/7 1221/905/7
f 1223/904/321 1225/906/321 1226/907/321 1224/905/321
f 1225/906/14 1227/906/14 1228/907/14 1226/907/14
f 1227/906/275 1222/904/275 1221/905/275 1228/907/275
f 1119/766/34 1118/766/34 1221/769/34 1224/769/34
f 1237/908/488 1238/909/21 1234/910/489
f 1234/911/490 1233/911/490 1241/912/490 1242/912/490
f 1231/913/1 1238/909/1 1235/909/1 1229/913/1
f 1230/914/34 1233/910/34 1234/910/34 1232/914/34
f 1233/910/491 1236/908/492 1239/915/493 1241/916/493
f 1234/910/489 1242/916/494 1240/915/494 1237/908/488
f 1232/914/21 1234/910/489 1238/909/21 1231/913/21
f 1235/917/495 1238/917/495 1237/918/496 1236/918/496
f 1235/909/16 1236/908/492 1233/910/491
f 1251/919/497 1252/920/34 1248/921/498
f 1229/913/16 1235/909/16 1233/910/491 1230/914/16
f 1241/916/34 1239/915/34 1240/915/34 1242/916/34
f 1237/918/496 1240/922/499 1239/922/499 1236/918/496
f 1248/923/500 1247/924/500 1255/925/500 1256/926/500
f 1245/927/21 1252/920/21 1249/928/21 1243/929/21
f 1244/929/16 1247/930/16 1248/921/16 1246/927/16
f 1247/930/501 1250/931/502 1253/932/503 1255/933/503
f 1248/921/498 1256/934/504 1254/935/504 1251/919/497
f 1246/927/34 1248/921/498 1252/920/34 1245/927/34
f 1249/936/505 1252/937/505 1251/938/506 1250/939/506
f 1249/928/1 1250/931/502 1247/930/501
f 1265/940/507 1266/941/16 1262/942/508
f 1243/929/1 1249/928/1 1247/930/501 1244/929/1
f 1255/933/16 1253/932/16 1254/935/16 1256/934/16
f 1251/938/506 1254/943/543 1253/944/543 1250/939/506
f 1262/945/510 1261/945/510 1269/946/510 1270/947/510
f 1259/948/34 1266/941/34 1263/949/34 1257/950/34
f 1258/951/1 1261/942/1 1262/942/1 1260/951/1
f 1261/942/511 1264/940/512 1267/952/513 1269/953/513
f 1262/942/508 1270/954/514 1268/955/514 1265/940/507
f 1260/951/16 1262/942/508 1266/941/16 1259/948/16
f 1263/956/515 1266/957/515 1265/958/516 1264/958/516
f 1263/949/21 1264/940/512 1261/942/511
f 1279/959/517 1280/960/1 1276/961/518
f 1257/950/21 1263/949/21 1261/942/511 1258/951/21
f 1269/953/1 1267/952/1 1268/955/1 1270/954/1
f 1265/958/516 1268/962/519 1267/963/519 1264/958/516
f 1276/964/520 1275/965/520 1283/966/520 1284/967/520
f 1273/968/16 1280/960/16 1277/969/16 1271/970/16
f 1272/970/21 1275/971/21 1276/961/21 1274/968/21
f 1275/971/521 1278/972/522 1281/973/523 1283/974/523
f 1276/961/518 1284/975/524 1282/976/524 1279/959/517
f 1274/968/1 1276/961/518 1280/960/1 1273/968/1
f 1277/977/525 1280/978/525 1279/979/527 1278/980/527
f 1277/969/34 1278/972/522 1275/971/521
f 1271/970/34 1277/969/34 1275/971/521 1272/970/34
f 1283/974/21 1281/973/21 1282/976/21 1284/975/21
f 1279/979/527 1282/981/528 1281/982/528 1278/980/527
f 1285/983/529 1286/984/529 1287/983/529
f 1287/983/530 1286/984/530 1289/985/530 1290/986/530
f 1290/986/531 1289/985/531 1288/986/531
f 1288/987/532 1289/988/532 1286/989/532 1285/990/532
f 1291/983/529 1292/984/529 1293/983/529
f 1293/983/530 1292/984/530 1295/985/530 1296/986/530
f 1296/986/531 1295/985/531 1294/986/531
f 1294/987/532 1295/988/532 1292/989/532 1291/990/532
f 1297/983/529 1298/984/529 1299/983/529
f 1299/983/530 1298/984/530 1301/985/530 1302/986/530
f 1302/986/531 1301/985/531 1300/986/531
f 1300/987/532 1301/988/532 1298/989/532 1297/990/532
f 1303/991/529 1304/992/529 1305/991/529
f 1305/991/530 1304/992/530 1307/993/530 1308/994/530
f 1308/994/531 1307/993/531 1306/994/531
f 1306/995/532 1307/996/532 1304/997/532 1303/998/532
f 1309/991/529 1310/992/529 1311/991/529
f 1311/991/530 1310/992/530 1313/993/530 1314/994/530
f 1314/994/531 1313/993/531 1312/994/531
f 1312/995/532 1313/996/532 1310/997/532 1309/998/532
f 1315/991/529 1316/992/529 1317/991/529
f 1317/991/544 1316/992/544 1319/993/544 1320/994/544
f 1320/994/531 1319/993/531 1318/994/531
f 1318/995/532 1319/996/532 1316/997/532 1315/998/532
f 1333/409/282 1334/410/283 1324/411/284 1322/412/285
f 1328/412/286 1329/411/287 1341/410/288 1337/409/289
f 1321/413/290 1322/414/285 1323/415/291
f 1324/416/284 1342/417/292 1325/418/293
f 1326/413/294 1327/415/295 1328/414/286
f 1348/417/533 1329/416/287 1330/418/297
f 1331/419/298 1332/420/299 1333/421/282
f 1354/422/300 1334/423/283 1335/424/301
f 1336/419/302 1337/421/289 1338/420/303
f 1339/422/304 1340/424/305 1341/423/288
f 1326/413/294 1321/413/290 1323/415/291 1327/415/295
f 1322/412/285 1324/411/284 1325/425/293 1323/426/291
f 1342/417/292 1348/417/533 1330/418/297 1325/418/293
f 1329/411/287 1328/412/286 1327/426/295 1330/425/297
f 1336/419/302 1326/413/294 1328/414/286 1337/421/289
f 1348/417/533 1339/422/304 1341/423/288 1329/416/287
f 1340/427/305 1338/428/303 1337/409/289 1341/410/288
f 1331/419/298 1336/419/302 1338/420/303 1332/420/299
f 1339/422/304 1354/422/300 1335/424/301 1340/424/305
f 1334/410/283 1333/409/282 1332/428/299 1335/427/301
f 1321/413/290 1331/419/298 1333/421/282 1322/414/285
f 1354/422/300 1342/417/292 1324/416/284 1334/423/283
f 1326/413/294 1336/419/302 1331/419/298 1321/413/290
f 1356/429/282 1358/430/283 1345/431/284 1343/432/285
f 1361/433/306 1363/434/307 1359/434/308 1355/433/309
f 1362/435/38 1351/436/38 1346/436/38 1357/435/38
f 1344/437/291 1347/438/310 1353/438/297 1349/437/295
f 1350/432/286 1352/431/287 1364/430/288 1360/429/289
f 1342/439/311 1343/432/285 1344/437/291
f 1345/440/284 1346/441/292 1347/442/310
f 1348/439/534 1349/437/295 1350/432/286
f 1351/441/533 1352/440/287 1353/442/297
f 1354/443/313 1355/433/309 1356/429/282
f 1357/444/300 1358/445/283 1359/446/308
f 1339/443/314 1360/429/289 1361/433/306
f 1362/444/304 1363/446/307 1364/445/288
f 1348/439/534 1342/439/311 1344/437/291 1349/437/295
f 1343/432/285 1345/431/284 1347/438/310 1344/437/291
f 1346/441/292 1351/441/533 1353/442/297 1347/442/310
f 1352/431/287 1350/432/286 1349/437/295 1353/438/297
f 1339/443/314 1348/439/534 1350/432/286 1360/429/289
f 1351/441/533 1362/444/304 1364/445/288 1352/440/287
f 1363/434/307 1361/433/306 1360/429/289 1364/430/288
f 1354/443/313 1339/443/314 1361/433/306 1355/433/309
f 1362/444/304 1357/444/300 1359/446/308 1363/446/307
f 1358/430/283 1356/429/282 1355/433/309 1359/434/308
f 1342/439/311 1354/443/313 1356/429/282 1343/432/285
f 1357/444/300 1346/441/292 1345/440/284 1358/445/283
f 1373/447/21 1375/448/21 1369/449/21 1371/450/21
f 1372/451/545 1371/452/545 1370/453/545
f 1369/454/323 1368/455/323 1367/456/323
f 1366/457/317 1365/458/317 1373/459/317
f 1374/460/546 1375/461/546 1376/462/546
f 1371/450/155 1369/449/155 1367/463/155 1370/464/155
f 1375/448/319 1373/447/319 1365/465/319 1376/466/319
f 1372/451/320 1366/457/320 1373/459/320 1371/452/320
f 1374/460/321 1368/455/321 1369/454/321 1375/461/321
f 1385/467/21 1387/468/21 1381/469/21 1383/470/21
f 1384/471/545 1383/472/545 1382/473/545
f 1381/474/547 1380/475/547 1379/476/547
f 1378/477/548 1377/478/548 1385/479/548
f 1386/480/549 1387/481/549 1388/482/549
f 1383/470/155 1381/469/155 1379/483/155 1382/484/155
f 1387/468/319 1385/467/319 1377/485/319 1388/486/319
f 1384/471/320 1378/477/320 1385/479/320 1383/472/320
f 1386/480/321 1380/475/321 1381/474/321 1387/481/321
f 1338/428/326 1340/427/327 1393/487/328 1396/488/329
f 1340/427/327 1335/427/330 1399/487/331 1393/487/328
f 1335/427/330 1332/428/332 1398/488/333 1399/487/331
f 1332/428/332 1338/428/326 1396/488/329 1398/488/333
f 1323/426/291 1325/425/34 1390/489/34 1389/490/34
f 1325/425/34 1330/425/297 1391/489/34 1390/489/34
f 1330/425/297 1327/426/295 1392/490/34 1391/489/34
f 1327/426/295 1323/426/291 1389/490/34 1392/490/34
f 1402/491/34 1401/492/34 1404/492/34 1403/491/34
f 1394/493/334 1395/494/334 1396/495/334 1393/496/334
f 1395/497/14 1397/497/14 1398/498/14 1396/498/14
f 1400/499/15 1394/499/15 1393/500/15 1399/500/15
f 1397/494/155 1400/493/155 1399/496/155 1398/495/155
f 1401/501/335 1402/502/335 1389/503/335 1390/504/335
f 1402/505/336 1403/505/336 1392/506/336 1389/506/336
f 1404/507/337 1401/507/337 1390/508/337 1391/508/337
f 1403/502/536 1404/501/536 1391/504/536 1392/503/536
f 1395/509/1 1394/510/1 1400/510/1 1397/509/1
f 1413/511/16 1415/512/16 1409/513/16 1411/514/16
f 1412/515/550 1411/516/550 1410/517/550
f 1409/518/551 1408/519/551 1407/520/551
f 1406/521/552 1405/522/552 1413/523/552
f 1414/524/342 1415/525/342 1416/526/342
f 1411/514/151 1409/513/151 1407/527/151 1410/528/151
f 1415/512/334 1413/511/334 1405/529/334 1416/530/334
f 1412/515/53 1406/521/53 1413/523/53 1411/516/53
f 1414/524/275 1408/519/275 1409/518/275 1415/525/275
f 1425/531/343 1427/532/344 1421/533/553 1423/534/346
f 1424/535/347 1423/536/346 1422/537/348
f 1421/538/553 1420/539/349 1419/540/350
f 1418/541/351 1417/542/352 1425/543/343
f 1426/544/353 1427/545/344 1428/546/354
f 1423/547/346 1421/538/553 1419/540/350 1422/548/348
f 1427/545/344 1425/549/343 1417/550/352 1428/546/354
f 1424/535/347 1418/541/351 1425/543/343 1423/536/346
f 1426/551/353 1420/552/349 1421/553/553 1427/554/344
f 1424/535/347 1422/537/348 1431/555/355
f 1428/556/356 1417/557/356 1429/558/356 1432/559/356
f 1419/560/350 1420/561/349 1430/562/357
f 1422/563/358 1419/560/358 1430/562/358 1431/564/358
f 1417/542/352 1418/541/351 1429/565/394
f 1420/561/360 1426/566/360 1432/567/360 1430/568/360
f 1418/569/361 1424/570/361 1431/571/361 1429/572/361
f 1426/566/353 1428/556/354 1432/567/362
f 1440/573/363 1456/574/363 1442/575/364 1433/576/364
f 1435/577/365 1446/578/365 1448/579/366 1436/580/366
f 1436/580/367 1448/579/367 1450/581/367 1437/582/367
f 1437/583/368 1450/584/368 1452/585/369 1438/586/369
f 1438/587/369 1452/588/369 1454/589/554 1439/590/554
f 1439/590/371 1454/589/371 1456/574/363 1440/573/363
f 1433/591/372 1442/592/372 1444/593/373 1434/594/373
f 1434/595/373 1444/596/373 1446/578/365 1435/577/365
f 1444/593/374 1442/592/375 1441/597/375 1443/598/374
f 1446/599/555 1444/593/374 1443/598/374 1445/600/555
f 1448/601/377 1446/599/555 1445/600/555 1447/602/377
f 1450/584/378 1448/601/377 1447/602/377 1449/603/378
f 1452/585/379 1450/584/378 1449/603/378 1451/604/379
f 1454/605/380 1452/585/379 1451/604/379 1453/606/380
f 1456/607/381 1454/605/380 1453/606/380 1455/608/381
f 1442/592/375 1456/607/381 1455/608/381 1441/597/375
f 1445/609/382 1443/610/383 1543/611/383 1544/612/382
f 1451/613/385 1449/614/386 1546/615/386 1547/616/385
f 1447/617/387 1445/609/382 1544/612/382 1545/618/387
f 1453/619/537 1451/613/385 1547/616/385 1548/620/388
f 1443/610/383 1441/621/389 1542/622/389 1543/611/383
f 1441/621/389 1455/623/538 1549/624/390 1542/622/389
f 1449/614/386 1447/617/387 1545/618/387 1546/615/386
f 1455/623/538 1453/619/537 1548/620/388 1549/624/390
f 1465/625/391 1481/626/392 1467/627/393 1458/628/391
f 1460/629/540 1471/630/395 1473/631/396 1461/632/397
f 1461/632/397 1473/631/396 1475/633/398 1462/634/399
f 1462/634/355 1475/633/398 1477/635/400 1463/636/401
f 1463/636/401 1477/635/400 1479/637/402 1464/638/403
f 1464/638/403 1479/637/402 1481/626/392 1465/625/357
f 1458/628/362 1467/627/393 1469/639/405 1459/640/406
f 1459/640/406 1469/639/405 1471/630/395 1460/629/1
f 1469/641/405 1467/642/393 1466/643/407 1468/644/408
f 1471/645/395 1469/641/405 1468/644/408 1470/646/409
f 1473/647/396 1471/645/395 1470/646/409 1472/648/410
f 1475/649/398 1473/647/396 1472/648/410 1474/650/411
f 1477/651/400 1475/649/398 1474/650/411 1476/652/556
f 1479/653/402 1477/651/400 1476/652/556 1478/654/413
f 1481/655/392 1479/653/402 1478/654/413 1480/656/414
f 1467/642/393 1481/655/392 1480/656/414 1466/643/407
f 1480/656/415 1478/654/415 1476/652/415 1474/650/415
f 1466/643/407 1480/656/414 1483/657/416 1482/658/416
f 1480/659/417 1474/660/417 1484/661/417 1483/662/417
f 1472/663/418 1466/664/418 1482/665/418 1485/666/418
f 1482/658/415 1483/657/415 1484/667/415 1485/668/415
f 1468/644/415 1466/643/415 1472/648/415 1470/646/415
f 1474/660/411 1472/663/410 1485/666/419 1484/661/419
f 1493/669/391 1509/670/392 1495/671/393 1486/672/391
f 1488/673/420 1499/674/395 1501/675/396 1489/676/394
f 1489/676/399 1501/675/396 1503/677/398 1490/678/399
f 1490/678/355 1503/677/398 1505/679/400 1491/680/401
f 1491/680/401 1505/679/400 1507/681/402 1492/682/403
f 1492/682/403 1507/681/402 1509/670/392 1493/669/357
f 1486/672/404 1495/671/393 1497/683/405 1487/684/406
f 1487/684/406 1497/683/405 1499/674/395 1488/673/420
f 1497/685/405 1495/686/393 1494/687/407 1496/688/408
f 1499/689/395 1497/685/405 1496/688/408 1498/690/557
f 1501/691/396 1499/689/395 1498/690/557 1500/692/410
f 1503/693/398 1501/691/396 1500/692/410 1502/694/411
f 1505/695/400 1503/693/398 1502/694/411 1504/696/412
f 1507/697/402 1505/695/400 1504/696/412 1506/698/413
f 1509/699/392 1507/697/402 1506/698/413 1508/700/414
f 1495/686/393 1509/699/392 1508/700/414 1494/687/407
f 1508/700/415 1506/698/415 1504/696/415 1502/694/415
f 1494/687/407 1508/700/414 1511/701/416 1510/702/416
f 1508/703/417 1502/704/417 1512/705/417 1511/706/417
f 1500/707/418 1494/708/418 1510/709/418 1513/710/418
f 1510/702/415 1511/701/415 1512/711/415 1513/712/415
f 1496/688/415 1494/687/415 1500/692/415 1498/690/415
f 1502/704/411 1500/707/410 1513/710/419 1512/705/419
f 1521/713/391 1537/714/392 1523/715/393 1514/716/391
f 1516/717/420 1527/718/395 1529/719/396 1517/720/394
f 1517/720/399 1529/719/396 1531/721/398 1518/722/399
f 1518/722/355 1531/721/398 1533/723/400 1519/724/401
f 1519/724/401 1533/723/400 1535/725/402 1520/726/403
f 1520/726/403 1535/725/402 1537/714/392 1521/713/357
f 1514/716/362 1523/715/393 1525/727/405 1515/728/406
f 1515/728/406 1525/727/405 1527/718/395 1516/717/420
f 1525/729/405 1523/730/393 1522/731/407 1524/732/408
f 1527/733/395 1525/729/405 1524/732/408 1526/734/409
f 1529/735/396 1527/733/395 1526/734/409 1528/736/410
f 1531/737/398 1529/735/396 1528/736/410 1530/738/411
f 1533/739/400 1531/737/398 1530/738/411 1532/740/556
f 1535/741/402 1533/739/400 1532/740/556 1534/742/413
f 1537/743/392 1535/741/402 1534/742/413 1536/744/414
f 1523/730/393 1537/743/392 1536/744/414 1522/731/407
f 1536/744/415 1534/742/415 1532/740/415 1530/738/415
f 1522/731/407 1536/744/414 1539/745/416 1538/746/416
f 1536/747/417 1530/748/417 1540/749/417 1539/750/417
f 1528/751/418 1522/752/418 1538/753/418 1541/754/418
f 1538/746/415 1539/745/415 1540/755/415 1541/756/415
f 1524/732/415 1522/731/415 1528/736/415 1526/734/415
f 1530/748/411 1528/751/410 1541/754/419 1540/749/419
f 1457/757/415 1543/758/415 1542/759/415
f 1457/757/415 1544/760/415 1543/758/415
f 1457/757/415 1545/761/415 1544/760/415
f 1457/757/415 1546/762/415 1545/761/415
f 1457/757/415 1547/763/415 1546/762/415
f 1457/757/415 1548/764/415 1547/763/415
f 1457/757/415 1549/765/415 1548/764/415
f 1457/757/415 1542/759/415 1549/765/415
f 1550/766/16 1552/767/16 1660/768/16 1653/769/16
f 1657/770/38 1655/771/38 1654/771/38 1659/770/38
f 1553/767/21 1551/766/21 1656/769/21 1658/768/21
f 1552/767/1 1553/767/1 1658/768/1 1660/768/1
f 1562/772/422 1563/773/155 1559/774/423
f 1559/775/424 1558/776/424 1566/777/424 1567/778/424
f 1556/779/334 1563/773/334 1560/780/334 1554/781/334
f 1555/782/319 1558/783/319 1559/774/319 1557/781/319
f 1558/783/425 1561/784/558 1564/785/427 1566/786/427
f 1559/774/423 1567/787/428 1565/788/428 1562/772/422
f 1557/781/155 1559/774/423 1563/773/155 1556/779/155
f 1560/789/429 1563/790/429 1562/791/430 1561/792/430
f 1560/780/151 1561/784/558 1558/783/425
f 1576/793/559 1577/794/319 1573/795/432
f 1554/781/151 1560/780/151 1558/783/425 1555/782/151
f 1566/786/319 1564/785/319 1565/788/319 1567/787/319
f 1562/791/430 1565/796/38 1564/797/38 1561/792/430
f 1573/798/433 1572/799/433 1580/800/433 1581/801/433
f 1570/802/155 1577/794/155 1574/803/155 1568/804/155
f 1569/802/151 1572/805/151 1573/795/151 1571/806/151
f 1572/805/434 1575/807/435 1578/808/436 1580/809/436
f 1573/795/432 1581/810/437 1579/811/437 1576/793/559
f 1571/806/319 1573/795/432 1577/794/319 1570/802/319
f 1574/812/438 1577/813/438 1576/814/439 1575/815/439
f 1574/803/334 1575/807/435 1572/805/434
f 1590/816/440 1591/817/151 1587/818/441
f 1568/804/334 1574/803/334 1572/805/434 1569/802/334
f 1580/809/151 1578/808/151 1579/811/151 1581/810/151
f 1576/814/439 1579/819/38 1578/820/38 1575/815/439
f 1587/821/442 1586/822/442 1594/823/442 1595/824/442
f 1584/825/319 1591/817/319 1588/826/319 1582/827/319
f 1583/828/334 1586/829/334 1587/818/334 1585/827/334
f 1586/829/443 1589/830/444 1592/831/560 1594/832/560
f 1587/818/441 1595/833/446 1593/834/446 1590/816/440
f 1585/827/151 1587/818/441 1591/817/151 1584/825/151
f 1588/835/447 1591/836/447 1590/837/448 1589/838/448
f 1588/826/155 1589/830/444 1586/829/443
f 1604/839/449 1605/840/334 1601/841/450
f 1582/827/155 1588/826/155 1586/829/443 1583/828/155
f 1594/832/334 1592/831/334 1593/834/334 1595/833/334
f 1590/837/448 1593/842/38 1592/843/38 1589/838/448
f 1601/844/451 1600/845/451 1608/846/451 1609/847/451
f 1598/848/151 1605/840/151 1602/849/151 1596/850/151
f 1597/848/155 1600/851/155 1601/841/155 1599/852/155
f 1600/851/452 1603/853/453 1606/854/454 1608/855/454
f 1601/841/450 1609/856/455 1607/857/455 1604/839/449
f 1599/852/334 1601/841/450 1605/840/334 1598/848/334
f 1602/858/456 1605/859/456 1604/860/457 1603/861/457
f 1602/849/319 1603/853/453 1600/851/452
f 1596/850/319 1602/849/319 1600/851/452 1597/848/319
f 1608/855/155 1606/854/155 1607/857/155 1609/856/155
f 1604/860/457 1607/862/38 1606/863/38 1603/861/457
f 1611/864/458 1645/865/458 1635/866/459 1633/867/459
f 1615/867/460 1643/866/460 1644/865/461 1613/864/461
f 1617/868/462 1642/869/462 1643/866/460 1615/867/460
f 1619/870/463 1641/871/463 1642/869/462 1617/868/462
f 1621/872/464 1640/873/464 1641/871/463 1619/870/463
f 1623/874/465 1639/875/465 1640/873/464 1621/872/464
f 1625/874/466 1638/875/466 1639/875/465 1623/874/465
f 1627/872/467 1637/876/467 1638/875/466 1625/874/466
f 1629/877/468 1636/871/468 1637/876/467 1627/872/467
f 1631/868/469 1634/869/469 1636/871/468 1629/877/468
f 1626/878/470 1628/879/471 1647/880/472 1649/881/473
f 1633/867/459 1635/866/459 1634/869/469 1631/868/469
f 1613/864/461 1644/865/461 1645/865/458 1611/864/458
f 1632/882/38 1630/883/38 1634/884/38 1635/885/38
f 1630/883/38 1628/886/38 1636/887/38 1634/884/38
f 1628/886/38 1626/888/38 1637/889/38 1636/887/38
f 1626/888/38 1624/890/38 1638/891/38 1637/889/38
f 1624/890/38 1622/890/38 1639/891/38 1638/891/38
f 1622/890/38 1620/888/38 1640/892/38 1639/891/38
f 1620/888/38 1618/886/38 1641/887/38 1640/892/38
f 1618/886/38 1616/883/38 1642/884/38 1641/887/38
f 1616/883/38 1614/882/38 1643/885/38 1642/884/38
f 1614/882/38 1612/893/38 1644/894/38 1643/885/38
f 1612/893/38 1610/893/38 1645/894/38 1644/894/38
f 1610/893/38 1632/882/38 1635/885/38 1645/894/38
f 1612/895/474 1614/896/475 1652/897/476
f 1618/879/477 1620/878/478 1650/881/479 1651/880/480
f 1624/898/541 1626/878/470 1649/881/473
f 1610/895/482 1612/895/474 1652/897/476 1648/897/483
f 1630/899/484 1632/896/485 1648/897/483 1647/880/472
f 1616/899/486 1618/879/477 1651/880/480
f 1622/898/542 1624/898/541 1649/881/473 1650/881/479
f 1632/896/485 1610/895/482 1648/897/483
f 1628/879/471 1630/899/484 1647/880/472
f 1614/896/475 1616/899/486 1651/880/480 1652/897/476
f 1620/878/478 1622/898/542 1650/881/479
f 1646/900/38 1647/901/38 1648/902/38
f 1646/900/38 1649/903/38 1647/901/38
f 1646/900/38 1650/903/38 1649/903/38
f 1646/900/38 1651/901/38 1650/903/38
f 1646/900/38 1652/902/38 1651/901/38
f 1646/900/38 1648/902/38 1652/902/38
f 1654/904/7 1655/904/7 1656/905/7 1653/905/7
f 1655/904/321 1657/906/321 1658/907/321 1656/905/321
f 1657/906/14 1659/906/14 1660/907/14 1658/907/14
f 1659/906/275 1654/904/275 1653/905/275 1660/907/275
f 1551/766/34 1550/766/34 1653/769/34 1656/769/34
f 1669/908/488 1670/909/21 1666/910/489
f 1666/911/490 1665/911/490 1673/912/490 1674/912/490
f 1663/913/1 1670/909/1 1667/909/1 1661/913/1
f 1662/914/34 1665/910/34 1666/910/34 1664/914/34
f 1665/910/491 1668/908/492 1671/915/493 1673/916/493
f 1666/910/489 1674/916/494 1672/915/494 1669/908/488
f 1664/914/21 1666/910/489 1670/909/21 1663/913/21
f 1667/917/495 1670/917/495 1669/918/496 1668/918/496
f 1667/909/16 1668/908/492 1665/910/491
f 1683/919/497 1684/920/34 1680/921/498
f 1661/913/16 1667/909/16 1665/910/491 1662/914/16
f 1673/916/34 1671/915/34 1672/915/34 1674/916/34
f 1669/918/496 1672/922/499 1671/922/499 1668/918/496
f 1680/923/500 1679/924/500 1687/925/500 1688/926/500
f 1677/927/21 1684/920/21 1681/928/21 1675/929/21
f 1676/929/16 1679/930/16 1680/921/16 1678/927/16
f 1679/930/501 1682/931/502 1685/932/503 1687/933/503
f 1680/921/498 1688/934/504 1686/935/504 1683/919/497
f 1678/927/34 1680/921/498 1684/920/34 1677/927/34
f 1681/936/505 1684/937/505 1683/938/506 1682/939/506
f 1681/928/1 1682/931/502 1679/930/501
f 1697/940/507 1698/941/16 1694/942/508
f 1675/929/1 1681/928/1 1679/930/501 1676/929/1
f 1687/933/16 1685/932/16 1686/935/16 1688/934/16
f 1683/938/506 1686/943/509 1685/944/509 1682/939/506
f 1694/945/510 1693/945/510 1701/946/510 1702/947/510
f 1691/948/34 1698/941/34 1695/949/34 1689/950/34
f 1690/951/1 1693/942/1 1694/942/1 1692/951/1
f 1693/942/511 1696/940/512 1699/952/513 1701/953/513
f 1694/942/508 1702/954/514 1700/955/514 1697/940/507
f 1692/951/16 1694/942/508 1698/941/16 1691/948/16
f 1695/956/515 1698/957/515 1697/958/516 1696/958/516
f 1695/949/21 1696/940/512 1693/942/511
f 1711/959/517 1712/960/1 1708/961/518
f 1689/950/21 1695/949/21 1693/942/511 1690/951/21
f 1701/953/1 1699/952/1 1700/955/1 1702/954/1
f 1697/958/516 1700/962/519 1699/963/519 1696/958/516
f 1708/964/520 1707/965/520 1715/966/520 1716/967/520
f 1705/968/16 1712/960/16 1709/969/16 1703/970/16
f 1704/970/21 1707/971/21 1708/961/21 1706/968/21
f 1707/971/521 1710/972/561 1713/973/523 1715/974/523
f 1708/961/518 1716/975/524 1714/976/524 1711/959/517
f 1706/968/1 1708/961/518 1712/960/1 1705/968/1
f 1709/977/525 1712/978/525 1711/979/526 1710/980/527
f 1709/969/34 1710/972/561 1707/971/521
f 1703/970/34 1709/969/34 1707/971/521 1704/970/34
f 1715/974/21 1713/973/21 1714/976/21 1716/975/21
f 1711/979/526 1714/981/528 1713/982/528 1710/980/527
f 1717/983/529 1718/984/529 1719/983/529
f 1719/983/530 1718/984/530 1721/985/530 1722/986/530
f 1722/986/531 1721/985/531 1720/986/531
f 1720/987/532 1721/988/532 1718/989/532 1717/990/532
f 1723/983/529 1724/984/529 1725/983/529
f 1725/983/530 1724/984/530 1727/985/530 1728/986/530
f 1728/986/531 1727/985/531 1726/986/531
f 1726/987/532 1727/988/532 1724/989/532 1723/990/532
f 1729/983/529 1730/984/529 1731/983/529
f 1731/983/544 1730/984/544 1733/985/544 1734/986/544
f 1734/986/531 1733/985/531 1732/986/531
f 1732/987/532 1733/988/532 1730/989/532 1729/990/532
f 1735/991/529 1736/992/529 1737/991/529
f 1737/991/530 1736/992/530 1739/993/530 1740/994/530
f 1740/994/531 1739/993/531 1738/994/531
f 1738/995/532 1739/996/532 1736/997/532 1735/998/532
f 1741/991/529 1742/992/529 1743/991/529
f 1743/991/530 1742/992/530 1745/993/530 1746/994/530
f 1746/994/531 1745/993/531 1744/994/531
f 1744/995/532 1745/996/532 1742/997/532 1741/998/532
f 1747/991/529 1748/992/529 1749/991/529
f 1749/991/530 1748/992/530 1751/993/530 1752/994/530
f 1752/994/531 1751/993/531 1750/994/531
f 1750/995/562 1751/996/562 1748/997/562 1747/998/562
f 1765/409/282 1766/410/283 1756/411/284 1754/412/285
f 1760/412/286 1761/411/287 1773/410/288 1769/409/289
f 1753/413/290 1754/414/285 1755/415/291
f 1756/416/284 1774/417/292 1757/418/293
f 1758/413/294 1759/415/295 1760/414/286
f 1780/417/533 1761/416/287 1762/418/297
f 1763/419/298 1764/420/299 1765/421/282
f 1786/422/300 1766/423/283 1767/424/301
f 1768/419/302 1769/421/289 1770/420/303
f 1771/422/563 1772/424/305 1773/423/288
f 1758/413/294 1753/413/290 1755/415/291 1759/415/295
f 1754/412/285 1756/411/284 1757/425/293 1755/426/291
f 1774/417/292 1780/417/533 1762/418/297 1757/418/293
f 1761/411/287 1760/412/286 1759/426/295 1762/425/297
f 1768/419/302 1758/413/294 1760/414/286 1769/421/289
f 1780/417/533 1771/422/563 1773/423/288 1761/416/287
f 1772/427/305 1770/428/303 1769/409/289 1773/410/288
f 1763/419/298 1768/419/302 1770/420/303 1764/420/299
f 1771/422/563 1786/422/300 1767/424/301 1772/424/305
f 1766/410/283 1765/409/282 1764/428/299 1767/427/301
f 1753/413/290 1763/419/298 1765/421/282 1754/414/285
f 1786/422/300 1774/417/292 1756/416/284 1766/423/283
f 1758/413/294 1768/419/302 1763/419/298 1753/413/290
f 1788/429/282 1790/430/283 1777/431/284 1775/432/285
f 1793/433/306 1795/434/307 1791/434/308 1787/433/309
f 1794/435/38 1783/436/38 1778/436/38 1789/435/38
f 1776/437/291 1779/438/310 1785/438/297 1781/437/295
f 1782/432/286 1784/431/287 1796/430/288 1792/429/289
f 1774/439/311 1775/432/285 1776/437/291
f 1777/440/284 1778/441/292 1779/442/310
f 1780/439/534 1781/437/295 1782/432/286
f 1783/441/533 1784/440/287 1785/442/297
f 1786/443/313 1787/433/309 1788/429/282
f 1789/444/300 1790/445/283 1791/446/308
f 1771/443/564 1792/429/289 1793/433/306
f 1794/444/563 1795/446/307 1796/445/288
f 1780/439/534 1774/439/311 1776/437/291 1781/437/295
f 1775/432/285 1777/431/284 1779/438/310 1776/437/291
f 1778/441/292 1783/441/533 1785/442/297 1779/442/310
f 1784/431/287 1782/432/286 1781/437/295 1785/438/297
f 1771/443/564 1780/439/534 1782/432/286 1792/429/289
f 1783/441/533 1794/444/563 1796/445/288 1784/440/287
f 1795/434/307 1793/433/306 1792/429/289 1796/430/288
f 1786/443/313 1771/443/564 1793/433/306 1787/433/309
f 1794/444/563 1789/444/300 1791/446/308 1795/446/307
f 1790/430/283 1788/429/282 1787/433/309 1791/434/308
f 1774/439/311 1786/443/313 1788/429/282 1775/432/285
f 1789/444/300 1778/441/292 1777/440/284 1790/445/283
f 1805/447/21 1807/448/21 1801/449/21 1803/450/21
f 1804/451/322 1803/452/322 1802/453/322
f 1801/454/323 1800/455/323 1799/456/323
f 1798/457/317 1797/458/317 1805/459/317
f 1806/460/565 1807/461/565 1808/462/565
f 1803/450/155 1801/449/155 1799/463/155 1802/464/155
f 1807/448/319 1805/447/319 1797/465/319 1808/466/319
f 1804/451/320 1798/457/320 1805/459/320 1803/452/320
f 1806/460/321 1800/455/321 1801/454/321 1807/461/321
f 1817/467/21 1819/468/21 1813/469/21 1815/470/21
f 1816/471/545 1815/472/545 1814/473/545
f 1813/474/547 1812/475/547 1811/476/547
f 1810/477/548 1809/478/548 1817/479/548
f 1818/480/549 1819/481/549 1820/482/549
f 1815/470/155 1813/469/155 1811/483/155 1814/484/155
f 1819/468/319 1817/467/319 1809/485/319 1820/486/319
f 1816/471/320 1810/477/320 1817/479/320 1815/472/320
f 1818/480/321 1812/475/321 1813/474/321 1819/481/321
f 1770/428/326 1772/427/327 1825/487/328 1828/488/329
f 1772/427/327 1767/427/330 1831/487/331 1825/487/328
f 1767/427/330 1764/428/332 1830/488/333 1831/487/331
f 1764/428/332 1770/428/326 1828/488/329 1830/488/333
f 1755/426/291 1757/425/34 1822/489/34 1821/490/34
f 1757/425/34 1762/425/297 1823/489/34 1822/489/34
f 1762/425/297 1759/426/295 1824/490/34 1823/489/34
f 1759/426/295 1755/426/291 1821/490/34 1824/490/34
f 1834/491/34 1833/492/34 1836/492/34 1835/491/34
f 1826/493/334 1827/494/334 1828/495/334 1825/496/334
f 1827/497/14 1829/497/14 1830/498/14 1828/498/14
f 1832/499/15 1826/499/15 1825/500/15 1831/500/15
f 1829/494/155 1832/493/155 1831/496/155 1830/495/155
f 1833/501/335 1834/502/335 1821/503/335 1822/504/335
f 1834/505/336 1835/505/336 1824/506/336 1821/506/336
f 1836/507/337 1833/507/337 1822/508/337 1823/508/337
f 1835/502/338 1836/501/338 1823/504/338 1824/503/338
f 1827/509/1 1826/510/1 1832/510/1 1829/509/1
f 1845/511/16 1847/512/16 1841/513/16 1843/514/16
f 1844/515/566 1843/516/566 1842/517/566
f 1841/518/551 1840/519/551 1839/520/551
f 1838/521/552 1837/522/552 1845/523/552
f 1846/524/567 1847/525/567 1848/526/567
f 1843/514/151 1841/513/151 1839/527/151 1842/528/151
f 1847/512/334 1845/511/334 1837/529/334 1848/530/334
f 1844/515/53 1838/521/53 1845/523/53 1843/516/53
f 1846/524/275 1840/519/275 1841/518/275 1847/525/275
f 1857/531/343 1859/532/568 1853/533/553 1855/534/346
f 1856/535/347 1855/536/346 1854/537/348
f 1853/538/553 1852/539/349 1851/540/350
f 1850/541/351 1849/542/352 1857/543/343
f 1858/544/353 1859/545/568 1860/546/354
f 1855/547/346 1853/538/553 1851/540/350 1854/548/348
f 1859/545/568 1857/549/343 1849/550/352 1860/546/354
f 1856/535/347 1850/541/351 1857/543/343 1855/536/346
f 1858/551/353 1852/552/349 1853/553/553 1859/554/568
f 1856/535/347 1854/537/348 1863/555/569
f 1860/556/356 1849/557/356 1861/558/356 1864/559/356
f 1851/560/350 1852/561/349 1862/562/357
f 1854/563/358 1851/560/358 1862/562/358 1863/564/358
f 1849/542/352 1850/541/351 1861/565/540
f 1852/561/360 1858/566/360 1864/567/360 1862/568/360
f 1850/569/361 1856/570/361 1863/571/361 1861/572/361
f 1858/566/353 1860/556/354 1864/567/404
f 1872/573/363 1888/574/363 1874/575/364 1865/576/364
f 1867/577/365 1878/578/365 1880/579/366 1868/580/366
f 1868/580/367 1880/579/367 1882/581/367 1869/582/367
f 1869/583/368 1882/584/368 1884/585/369 1870/586/369
f 1870/587/369 1884/588/369 1886/589/554 1871/590/554
f 1871/590/371 1886/589/371 1888/574/363 1872/573/363
f 1865/591/372 1874/592/372 1876/593/373 1866/594/373
f 1866/595/373 1876/596/373 1878/578/365 1867/577/365
f 1876/593/374 1874/592/375 1873/597/375 1875/598/374
f 1878/599/376 1876/593/374 1875/598/374 1877/600/376
f 1880/601/570 1878/599/376 1877/600/376 1879/602/570
f 1882/584/378 1880/601/570 1879/602/570 1881/603/378
f 1884/585/379 1882/584/378 1881/603/378 1883/604/379
f 1886/605/571 1884/585/379 1883/604/379 1885/606/571
f 1888/607/381 1886/605/571 1885/606/571 1887/608/381
f 1874/592/375 1888/607/381 1887/608/381 1873/597/375
f 1877/609/382 1875/610/383 1975/611/383 1976/612/384
f 1883/613/385 1881/614/386 1978/615/386 1979/616/385
f 1879/617/387 1877/609/382 1976/612/384 1977/618/387
f 1885/619/537 1883/613/385 1979/616/385 1980/620/537
f 1875/610/383 1873/621/389 1974/622/389 1975/611/383
f 1873/621/389 1887/623/390 1981/624/390 1974/622/389
f 1881/614/386 1879/617/387 1977/618/387 1978/615/386
f 1887/623/390 1885/619/537 1980/620/537 1981/624/390
f 1897/625/391 1913/626/392 1899/627/393 1890/628/391
f 1892/629/394 1903/630/395 1905/631/396 1893/632/397
f 1893/632/397 1905/631/396 1907/633/398 1894/634/399
f 1894/634/572 1907/633/398 1909/635/400 1895/636/401
f 1895/636/401 1909/635/400 1911/637/402 1896/638/403
f 1896/638/403 1911/637/402 1913/626/392 1897/625/357
f 1890/628/362 1899/627/393 1901/639/405 1891/640/406
f 1891/640/406 1901/639/405 1903/630/395 1892/629/1
f 1901/641/405 1899/642/393 1898/643/407 1900/644/408
f 1903/645/395 1901/641/405 1900/644/408 1902/646/409
f 1905/647/396 1903/645/395 1902/646/409 1904/648/410
f 1907/649/398 1905/647/396 1904/648/410 1906/650/411
f 1909/651/400 1907/649/398 1906/650/411 1908/652/412
f 1911/653/402 1909/651/400 1908/652/412 1910/654/413
f 1913/655/392 1911/653/402 1910/654/413 1912/656/414
f 1899/642/393 1913/655/392 1912/656/414 1898/643/407
f 1912/656/415 1910/654/415 1908/652/415 1906/650/415
f 1898/643/407 1912/656/414 1915/657/416 1914/658/416
f 1912/659/417 1906/660/417 1916/661/417 1915/662/417
f 1904/663/418 1898/664/418 1914/665/418 1917/666/418
f 1914/658/415 1915/657/415 1916/667/415 1917/668/415
f 1900/644/415 1898/643/415 1904/648/415 1902/646/415
f 1906/660/411 1904/663/410 1917/666/419 1916/661/419
f 1925/669/391 1941/670/392 1927/671/393 1918/672/391
f 1920/673/420 1931/674/395 1933/675/573 1921/676/394
f 1921/676/399 1933/675/573 1935/677/398 1922/678/399
f 1922/678/355 1935/677/398 1937/679/400 1923/680/401
f 1923/680/401 1937/679/400 1939/681/402 1924/682/403
f 1924/682/403 1939/681/402 1941/670/392 1925/669/357
f 1918/672/362 1927/671/393 1929/683/405 1919/684/406
f 1919/684/406 1929/683/405 1931/674/395 1920/673/420
f 1929/685/405 1927/686/393 1926/687/407 1928/688/408
f 1931/689/395 1929/685/405 1928/688/408 1930/690/557
f 1933/691/573 1931/689/395 1930/690/557 1932/692/410
f 1935/693/398 1933/691/573 1932/692/410 1934/694/411
f 1937/695/400 1935/693/398 1934/694/411 1936/696/412
f 1939/697/402 1937/695/400 1936/696/412 1938/698/413
f 1941/699/392 1939/697/402 1938/698/413 1940/700/414
f 1927/686/393 1941/699/392 1940/700/414 1926/687/407
f 1940/700/415 1938/698/415 1936/696/415 1934/694/415
f 1926/687/407 1940/700/414 1943/701/416 1942/702/416
f 1940/703/417 1934/704/417 1944/705/417 1943/706/417
f 1932/707/418 1926/708/418 1942/709/418 1945/710/418
f 1942/702/415 1943/701/415 1944/711/415 1945/712/415
f 1928/688/415 1926/687/415 1932/692/415 1930/690/415
f 1934/704/411 1932/707/410 1945/710/419 1944/705/419
f 1953/713/391 1969/714/392 1955/715/393 1946/716/391
f 1948/717/420 1959/718/395 1961/719/396 1949/720/394
f 1949/720/399 1961/719/396 1963/721/398 1950/722/399
f 1950/722/355 1963/721/398 1965/723/400 1951/724/401
f 1951/724/401 1965/723/400 1967/725/402 1952/726/403
f 1952/726/403 1967/725/402 1969/714/392 1953/713/357
f 1946/716/362 1955/715/393 1957/727/405 1947/728/406
f 1947/728/406 1957/727/405 1959/718/395 1948/717/420
f 1957/729/405 1955/730/393 1954/731/407 1956/732/408
f 1959/733/395 1957/729/405 1956/732/408 1958/734/409
f 1961/735/396 1959/733/395 1958/734/409 1960/736/410
f 1963/737/398 1961/735/396 1960/736/410 1962/738/411
f 1965/739/400 1963/737/398 1962/738/411 1964/740/412
f 1967/741/402 1965/739/400 1964/740/412 1966/742/413
f 1969/743/392 1967/741/402 1966/742/413 1968/744/414
f 1955/730/393 1969/743/392 1968/744/414 1954/731/407
f 1968/744/415 1966/742/415 1964/740/415 1962/738/415
f 1954/731/407 1968/744/414 1971/745/416 1970/746/416
f 1968/747/417 1962/748/417 1972/749/417 1971/750/417
f 1960/751/418 1954/752/418 1970/753/418 1973/754/418
f 1970/746/415 1971/745/415 1972/755/415 1973/756/415
f 1956/732/415 1954/731/415 1960/736/415 1958/734/415
f 1962/748/411 1960/751/410 1973/754/419 1972/749/419
f 1889/757/415 1975/758/415 1974/759/415
f 1889/757/415 1976/760/415 1975/758/415
f 1889/757/415 1977/761/415 1976/760/415
f 1889/757/415 1978/762/415 1977/761/415
f 1889/757/415 1979/763/415 1978/762/415
f 1889/757/415 1980/764/415 1979/763/415
f 1889/757/415 1981/765/415 1980/764/415
f 1889/757/415 1974/759/415 1981/765/415
f 1982/766/16 1984/767/16 2092/768/16 2085/769/16
f 2089/770/38 2087/771/38 2086/771/38 2091/770/38
f 1985/767/21 1983/766/21 2088/769/21 2090/768/21
f 1984/767/1 1985/767/1 2090/768/1 2092/768/1
f 1994/772/422 1995/773/155 1991/774/423
f 1991/775/424 1990/776/424 1998/777/424 1999/778/424
f 1988/779/334 1995/773/334 1992/780/334 1986/781/334
f 1987/782/319 1990/783/319 1991/774/319 1989/781/319
f 1990/783/425 1993/784/558 1996/785/427 1998/786/427
f 1991/774/423 1999/787/428 1997/788/428 1994/772/422
f 1989/781/155 1991/774/423 1995/773/155 1988/779/155
f 1992/789/429 1995/790/429 1994/791/430 1993/792/430
f 1992/780/151 1993/784/558 1990/783/425
f 2008/793/431 2009/794/319 2005/795/432
f 1986/781/151 1992/780/151 1990/783/425 1987/782/151
f 1998/786/319 1996/785/319 1997/788/319 1999/787/319
f 1994/791/430 1997/796/38 1996/797/38 1993/792/430
f 2005/798/433 2004/799/433 2012/800/433 2013/801/433
f 2002/802/155 2009/794/155 2006/803/155 2000/804/155
f 2001/802/151 2004/805/151 2005/795/151 2003/806/151
f 2004/805/434 2007/807/435 2010/808/436 2012/809/436
f 2005/795/432 2013/810/437 2011/811/437 2008/793/431
f 2003/806/319 2005/795/432 2009/794/319 2002/802/319
f 2006/812/438 2009/813/438 2008/814/439 2007/815/439
f 2006/803/334 2007/807/435 2004/805/434
f 2022/816/440 2023/817/151 2019/818/574
f 2000/804/334 2006/803/334 2004/805/434 2001/802/334
f 2012/809/151 2010/808/151 2011/811/151 2013/810/151
f 2008/814/439 2011/819/38 2010/820/38 2007/815/439
f 2019/821/442 2018/822/442 2026/823/442 2027/824/442
f 2016/825/319 2023/817/319 2020/826/319 2014/827/319
f 2015/828/334 2018/829/334 2019/818/334 2017/827/334
f 2018/829/443 2021/830/444 2024/831/560 2026/832/560
f 2019/818/574 2027/833/446 2025/834/446 2022/816/440
f 2017/827/151 2019/818/574 2023/817/151 2016/825/151
f 2020/835/447 2023/836/447 2022/837/448 2021/838/448
f 2020/826/155 2021/830/444 2018/829/443
f 2036/839/449 2037/840/334 2033/841/450
f 2014/827/155 2020/826/155 2018/829/443 2015/828/155
f 2026/832/334 2024/831/334 2025/834/334 2027/833/334
f 2022/837/448 2025/842/38 2024/843/38 2021/838/448
f 2033/844/451 2032/845/451 2040/846/451 2041/847/451
f 2030/848/151 2037/840/151 2034/849/151 2028/850/151
f 2029/848/155 2032/851/155 2033/841/155 2031/852/155
f 2032/851/452 2035/853/453 2038/854/454 2040/855/454
f 2033/841/450 2041/856/455 2039/857/455 2036/839/449
f 2031/852/334 2033/841/450 2037/840/334 2030/848/334
f 2034/858/456 2037/859/456 2036/860/457 2035/861/457
f 2034/849/319 2035/853/453 2032/851/452
f 2028/850/319 2034/849/319 2032/851/452 2029/848/319
f 2040/855/155 2038/854/155 2039/857/155 2041/856/155
f 2036/860/457 2039/862/38 2038/863/38 2035/861/457
f 2043/864/458 2077/865/458 2067/866/459 2065/867/459
f 2047/867/460 2075/866/460 2076/865/461 2045/864/461
f 2049/868/462 2074/869/462 2075/866/460 2047/867/460
f 2051/870/463 2073/871/463 2074/869/462 2049/868/462
f 2053/872/464 2072/873/464 2073/871/463 2051/870/463
f 2055/874/465 2071/875/465 2072/873/464 2053/872/464
f 2057/874/466 2070/875/466 2071/875/465 2055/874/465
f 2059/872/467 2069/876/467 2070/875/466 2057/874/466
f 2061/877/468 2068/871/468 2069/876/467 2059/872/467
f 2063/868/469 2066/869/469 2068/871/468 2061/877/468
f 2058/878/470 2060/879/471 2079/880/472 2081/881/473
f 2065/867/459 2067/866/459 2066/869/469 2063/868/469
f 2045/864/461 2076/865/461 2077/865/458 2043/864/458
f 2064/882/38 2062/883/38 2066/884/38 2067/885/38
f 2062/883/38 2060/886/38 2068/887/38 2066/884/38
f 2060/886/38 2058/888/38 2069/889/38 2068/887/38
f 2058/888/38 2056/890/38 2070/891/38 2069/889/38
f 2056/890/38 2054/890/38 2071/891/38 2070/891/38
f 2054/890/38 2052/888/38 2072/892/38 2071/891/38
f 2052/888/38 2050/886/38 2073/887/38 2072/892/38
f 2050/886/38 2048/883/38 2074/884/38 2073/887/38
f 2048/883/38 2046/882/38 2075/885/38 2074/884/38
f 2046/882/38 2044/893/38 2076/894/38 2075/885/38
f 2044/893/38 2042/893/38 2077/894/38 2076/894/38
f 2042/893/38 2064/882/38 2067/885/38 2077/894/38
f 2044/895/474 2046/896/475 2084/897/476
f 2050/879/477 2052/878/478 2082/881/479 2083/880/480
f 2056/898/541 2058/878/470 2081/881/473
f 2042/895/482 2044/895/474 2084/897/476 2080/897/483
f 2062/899/484 2064/896/485 2080/897/483 2079/880/472
f 2048/899/486 2050/879/477 2083/880/480
f 2054/898/542 2056/898/541 2081/881/473 2082/881/479
f 2064/896/485 2042/895/482 2080/897/483
f 2060/879/471 2062/899/484 2079/880/472
f 2046/896/475 2048/899/486 2083/880/480 2084/897/476
f 2052/878/478 2054/898/542 2082/881/479
f 2078/900/38 2079/901/38 2080/902/38
f 2078/900/38 2081/903/38 2079/901/38
f 2078/900/38 2082/903/38 2081/903/38
f 2078/900/38 2083/901/38 2082/903/38
f 2078/900/38 2084/902/38 2083/901/38
f 2078/900/38 2080/902/38 2084/902/38
f 2086/904/7 2087/904/7 2088/905/7 2085/905/7
f 2087/904/321 2089/906/321 2090/907/321 2088/905/321
f 2089/906/14 2091/906/14 2092/907/14 2090/907/14
f 2091/906/275 2086/904/275 2085/905/275 2092/907/275
f 1983/766/34 1982/766/34 2085/769/34 2088/769/34
f 2101/908/488 2102/909/21 2098/910/489
f 2098/911/490 2097/911/490 2105/912/490 2106/912/490
f 2095/913/1 2102/909/1 2099/909/1 2093/913/1
f 2094/914/34 2097/910/34 2098/910/34 2096/914/34
f 2097/910/491 2100/908/492 2103/915/493 2105/916/493
f 2098/910/489 2106/916/494 2104/915/494 2101/908/488
f 2096/914/21 2098/910/489 2102/909/21 2095/913/21
f 2099/917/495 2102/917/495 2101/918/496 2100/918/496
f 2099/909/16 2100/908/492 2097/910/491
f 2115/919/575 2116/920/34 2112/921/576
f 2093/913/16 2099/909/16 2097/910/491 2094/914/16
f 2105/916/34 2103/915/34 2104/915/34 2106/916/34
f 2101/918/496 2104/922/499 2103/922/499 2100/918/496
f 2112/923/500 2111/924/500 2119/925/500 2120/926/500
f 2109/927/21 2116/920/21 2113/928/21 2107/929/21
f 2108/929/16 2111/930/16 2112/921/16 2110/927/16
f 2111/930/501 2114/931/502 2117/932/503 2119/933/503
f 2112/921/576 2120/934/504 2118/935/504 2115/919/575
f 2110/927/34 2112/921/576 2116/920/34 2109/927/34
f 2113/936/505 2116/937/505 2115/938/506 2114/939/506
f 2113/928/1 2114/931/502 2111/930/501
f 2129/940/577 2130/941/16 2126/942/508
f 2107/929/1 2113/928/1 2111/930/501 2108/929/1
f 2119/933/16 2117/932/16 2118/935/16 2120/934/16
f 2115/938/506 2118/943/543 2117/944/543 2114/939/506
f 2126/945/510 2125/945/510 2133/946/510 2134/947/510
f 2123/948/34 2130/941/34 2127/949/34 2121/950/34
f 2122/951/1 2125/942/1 2126/942/1 2124/951/1
f 2125/942/511 2128/940/512 2131/952/513 2133/953/513
f 2126/942/508 2134/954/514 2132/955/514 2129/940/577
f 2124/951/16 2126/942/508 2130/941/16 2123/948/16
f 2127/956/515 2130/957/515 2129/958/516 2128/958/516
f 2127/949/21 2128/940/512 2125/942/511
f 2143/959/517 2144/960/1 2140/961/518
f 2121/950/21 2127/949/21 2125/942/511 2122/951/21
f 2133/953/1 2131/952/1 2132/955/1 2134/954/1
f 2129/958/516 2132/962/519 2131/963/519 2128/958/516
f 2140/964/520 2139/965/520 2147/966/520 2148/967/520
f 2137/968/16 2144/960/16 2141/969/16 2135/970/16
f 2136/970/21 2139/971/21 2140/961/21 2138/968/21
f 2139/971/521 2142/972/578 2145/973/523 2147/974/523
f 2140/961/518 2148/975/524 2146/976/524 2143/959/517
f 2138/968/1 2140/961/518 2144/960/1 2137/968/1
f 2141/977/525 2144/978/525 2143/979/527 2142/980/527
f 2141/969/34 2142/972/578 2139/971/521
f 2135/970/34 2141/969/34 2139/971/521 2136/970/34
f 2147/974/21 2145/973/21 2146/976/21 2148/975/21
f 2143/979/527 2146/981/528 2145/982/528 2142/980/527
f 2149/983/529 2150/984/529 2151/983/529
f 2151/983/530 2150/984/530 2153/985/530 2154/986/530
f 2154/986/531 2153/985/531 2152/986/531
f 2152/987/532 2153/988/532 2150/989/532 2149/990/532
f 2155/983/529 2156/984/529 2157/983/529
f 2157/983/544 2156/984/544 2159/985/544 2160/986/544
f 2160/986/531 2159/985/531 2158/986/531
f 2158/987/562 2159/988/562 2156/989/562 2155/990/562
f 2161/983/529 2162/984/529 2163/983/529
f 2163/983/544 2162/984/544 2165/985/544 2166/986/544
f 2166/986/531 2165/985/531 2164/986/531
f 2164/987/532 2165/988/532 2162/989/532 2161/990/532
f 2167/991/529 2168/992/529 2169/991/529
f 2169/991/530 2168/992/530 2171/993/530 2172/994/530
f 2172/994/531 2171/993/531 2170/994/531
f 2170/995/532 2171/996/532 2168/997/532 2167/998/532
f 2173/991/529 2174/992/529 2175/991/529
f 2175/991/530 2174/992/530 2177/993/530 2178/994/530
f 2178/994/531 2177/993/531 2176/994/531
f 2176/995/532 2177/996/532 2174/997/532 2173/998/532
f 2179/991/529 2180/992/529 2181/991/529
f 2181/991/544 2180/992/544 2183/993/544 2184/994/544
f 2184/994/531 2183/993/531 2182/994/531
f 2182/995/532 2183/996/532 2180/997/532 2179/998/532
usemtl restaurant.033
f 2185/999/21 2186/1000/21 2188/1001/21 2187/1002/21
f 2187/1002/1 2188/1001/1 2192/1003/1 2191/1004/1
f 2191/1004/16 2192/1003/16 2190/1005/16 2189/1006/16
f 2189/1006/34 2190/1005/34 2186/1000/34 2185/999/34
f 2187/1007/37 2191/1008/37 2189/1009/37 2185/1010/37
f 2190/1011/16 2192/1012/16 2195/1013/16 2196/1014/16
f 2195/1015/38 2194/1016/38 2193/1017/38 2196/1018/38
f 2188/1019/21 2186/1020/21 2193/1021/21 2194/1022/21
f 2192/1012/1 2188/1019/1 2194/1022/1 2195/1013/1
f 2202/1023/579 2199/1024/579 2197/1025/580 2198/1026/580
f 2196/1027/7 2193/1028/7 2198/1029/580 2197/1030/580
f 2190/1011/16 2196/1014/16 2200/1011/16
f 2199/1031/579 2202/1032/579 2201/1033/581 2200/1034/581
f 2186/1035/37 2190/1036/37 2200/1036/581 2201/1035/581
f 2201/1020/21 2202/1023/21 2198/1026/21 2193/1021/21
f 2215/1037/291 2217/1038/310 2206/1039/34 2204/1040/34
f 2205/1041/286 2208/1042/287 2211/1042/21 2210/1041/582
f 2219/1043/16 2222/1044/16 2218/1044/16 2214/1043/16
f 2203/1045/294 2204/1046/583 2205/1047/286
f 2206/1048/584 2207/1049/533 2208/1050/287
f 2213/1051/290 2214/1052/585 2215/1053/291
f 2216/1054/292 2217/1055/310 2218/1056/586
f 2209/1057/587 2203/1057/294 2205/1058/286 2210/1058/582
f 2204/1040/583 2206/1039/584 2208/1059/287 2205/1060/286
f 2207/1061/533 2212/1061/321 2211/1062/321 2208/1062/287
f 2213/1063/290 2220/1063/588 2219/1064/53 2214/1064/585
f 2221/1065/275 2216/1065/292 2218/1066/586 2222/1066/275
f 2217/1038/310 2215/1037/291 2214/1067/585 2218/1068/586
f 2203/1045/294 2213/1051/290 2215/1053/291 2204/1046/583
f 2216/1054/292 2207/1049/533 2206/1048/584 2217/1055/310
f 2209/1057/587 2220/1063/588 2213/1063/290 2203/1057/294
f 2232/1069/291 2234/1070/310 2225/1071/34 2223/1072/295
f 2237/1073/589 2230/1074/590 2226/1074/591 2233/1073/592
f 2224/1075/286 2227/1076/287 2229/1076/21 2228/1075/582
f 2236/1077/593 2238/1078/16 2235/1078/16 2231/1077/285
f 2207/1079/534 2223/1080/295 2224/1081/286
f 2225/1082/584 2226/1083/591 2227/1084/287
f 2216/1085/311 2231/1086/285 2232/1087/291
f 2233/1088/592 2234/1089/310 2235/1090/586
f 2212/1091/320 2207/1092/534 2224/1093/286 2228/1093/582
f 2223/1072/295 2225/1071/584 2227/1094/287 2224/1095/286
f 2226/1074/591 2230/1074/590 2229/1096/321 2227/1096/287
f 2216/1097/311 2221/1098/53 2236/1099/593 2231/1099/285
f 2237/1073/589 2233/1073/592 2235/1100/586 2238/1100/275
f 2234/1070/310 2232/1069/291 2231/1101/285 2235/1102/586
f 2207/1079/534 2216/1085/311 2232/1087/291 2223/1080/295
f 2233/1088/592 2226/1083/591 2225/1082/584 2234/1089/310
f 2196/1014/16 2197/1025/16 2199/1024/16 2200/1011/16
f 2186/1020/21 2201/1020/21 2193/1021/21
f 2260/1103/594 2262/1104/595 2239/1105/34
f 2261/1106/596 2246/1107/596 2245/1108/597 2259/1109/597
f 2251/1110/598 2241/1111/598 2240/1112/599 2249/1113/599
f 2255/1114/600 2243/1115/600 2242/1116/601 2253/1117/601
f 2245/1118/602 2258/1119/602 2256/1120/603 2244/1121/603
f 2247/1122/604 2262/1104/604 2260/1103/605 2246/1123/605
f 2242/1124/606 2252/1125/606 2250/1126/607 2241/1127/607
f 2240/1128/608 2248/1129/608 2262/1104/604 2247/1122/604
f 2241/1127/607 2250/1126/607 2248/1129/608 2240/1128/608
f 2243/1130/609 2254/1131/609 2252/1125/606 2242/1124/606
f 2263/1132/610 2247/1133/610 2246/1107/596 2261/1106/596
f 2262/1104/595 2248/1129/611 2239/1105/34
f 2257/1134/612 2244/1135/612 2243/1115/600 2255/1114/600
f 2244/1121/603 2256/1120/603 2254/1131/609 2243/1130/609
f 2249/1113/599 2240/1112/599 2247/1133/610 2263/1132/610
f 2256/1120/613 2258/1119/614 2239/1105/34
f 2246/1123/605 2260/1103/605 2258/1119/602 2245/1118/602
f 2253/1117/601 2242/1116/601 2241/1111/598 2251/1110/598
f 2259/1109/597 2245/1108/597 2244/1135/612 2257/1134/612
f 2252/1125/615 2254/1131/616 2239/1105/34
f 2250/1126/617 2252/1125/615 2239/1105/34
f 2254/1131/616 2256/1120/613 2239/1105/34
f 2248/1129/611 2250/1126/617 2239/1105/34
f 2258/1119/614 2260/1103/594 2239/1105/34
f 2285/1103/594 2287/1104/595 2264/1105/34
f 2286/1106/596 2271/1107/596 2270/1108/597 2284/1109/597
f 2276/1110/598 2266/1111/598 2265/1112/599 2274/1113/599
f 2280/1114/600 2268/1115/600 2267/1116/601 2278/1117/601
f 2270/1118/602 2283/1119/602 2281/1120/603 2269/1121/603
f 2272/1122/604 2287/1104/604 2285/1103/605 2271/1123/605
f 2267/1124/606 2277/1125/606 2275/1126/607 2266/1127/607
f 2265/1128/608 2273/1129/608 2287/1104/604 2272/1122/604
f 2266/1127/607 2275/1126/607 2273/1129/608 2265/1128/608
f 2268/1130/609 2279/1131/609 2277/1125/606 2267/1124/606
f 2288/1132/610 2272/1133/610 2271/1107/596 2286/1106/596
f 2287/1104/595 2273/1129/611 2264/1105/34
f 2282/1134/612 2269/1135/612 2268/1115/600 2280/1114/600
f 2269/1121/603 2281/1120/603 2279/1131/609 2268/1130/609
f 2274/1113/599 2265/1112/599 2272/1133/610 2288/1132/610
f 2281/1120/613 2283/1119/614 2264/1105/34
f 2271/1123/605 2285/1103/605 2283/1119/602 2270/1118/602
f 2278/1117/601 2267/1116/601 2266/1111/598 2276/1110/598
f 2284/1109/597 2270/1108/597 2269/1135/612 2282/1134/612
f 2277/1125/615 2279/1131/616 2264/1105/34
f 2275/1126/617 2277/1125/615 2264/1105/34
f 2279/1131/616 2281/1120/613 2264/1105/34
f 2273/1129/611 2275/1126/617 2264/1105/34
f 2283/1119/614 2285/1103/594 2264/1105/34
f 2289/999/16 2290/1000/16 2292/1001/16 2291/1002/16
f 2291/1002/34 2292/1001/34 2296/1003/34 2295/1004/34
f 2295/1004/21 2296/1003/21 2294/1005/21 2293/1006/21
f 2293/1006/1 2294/1005/1 2290/1000/1 2289/999/1
f 2291/1007/37 2295/1008/37 2293/1009/37 2289/1010/37
f 2294/1011/21 2296/1012/21 2299/1013/21 2300/1014/21
f 2299/1015/38 2298/1016/38 2297/1017/38 2300/1018/38
f 2292/1019/16 2290/1020/16 2297/1021/16 2298/1022/16
f 2296/1012/34 2292/1019/34 2298/1022/34 2299/1013/34
f 2306/1023/618 2303/1024/618 2301/1025/619 2302/1026/619
f 2300/1027/14 2297/1028/14 2302/1029/619 2301/1030/619
f 2294/1011/21 2300/1014/21 2304/1011/21
f 2303/1031/618 2306/1032/618 2305/1033/620 2304/1034/620
f 2290/1035/37 2294/1036/37 2304/1036/620 2305/1035/620
f 2305/1020/16 2306/1023/16 2302/1026/16 2297/1021/16
f 2319/1037/306 2321/1038/307 2310/1039/1 2308/1040/1
f 2309/1041/282 2312/1042/283 2315/1042/16 2314/1041/593
f 2323/1043/21 2326/1044/21 2322/1044/21 2318/1043/21
f 2307/1045/298 2308/1046/299 2309/1047/282
f 2310/1048/301 2311/1049/300 2312/1050/283
f 2317/1051/302 2318/1052/621 2319/1053/306
f 2320/1054/304 2321/1055/307 2322/1056/622
f 2313/1057/588 2307/1057/298 2309/1058/282 2314/1058/593
f 2308/1040/299 2310/1039/301 2312/1059/283 2309/1060/282
f 2311/1061/300 2316/1061/275 2315/1062/275 2312/1062/283
f 2317/1063/302 2324/1063/587 2323/1064/320 2318/1064/621
f 2325/1065/321 2320/1065/304 2322/1066/622 2326/1066/321
f 2321/1038/307 2319/1037/306 2318/1067/621 2322/1068/622
f 2307/1045/298 2317/1051/302 2319/1053/306 2308/1046/299
f 2320/1054/304 2311/1049/300 2310/1048/301 2321/1055/307
f 2313/1057/588 2324/1063/587 2317/1063/302 2307/1057/298
f 2336/1069/306 2338/1070/307 2329/1071/1 2327/1072/309
f 2341/1073/590 2334/1074/589 2330/1074/623 2337/1073/624
f 2328/1075/282 2331/1076/283 2333/1076/16 2332/1075/593
f 2340/1077/582 2342/1078/21 2339/1078/21 2335/1077/289
f 2311/1079/313 2327/1080/309 2328/1081/282
f 2329/1082/301 2330/1083/623 2331/1084/283
f 2320/1085/314 2335/1086/289 2336/1087/306
f 2337/1088/624 2338/1089/307 2339/1090/622
f 2316/1091/53 2311/1092/313 2328/1093/282 2332/1093/593
f 2327/1072/309 2329/1071/301 2331/1094/283 2328/1095/282
f 2330/1074/623 2334/1074/589 2333/1096/275 2331/1096/283
f 2320/1097/314 2325/1098/320 2340/1099/582 2335/1099/289
f 2341/1073/590 2337/1073/624 2339/1100/622 2342/1100/321
f 2338/1070/307 2336/1069/306 2335/1101/289 2339/1102/622
f 2311/1079/313 2320/1085/314 2336/1087/306 2327/1080/309
f 2337/1088/624 2330/1083/623 2329/1082/301 2338/1089/307
f 2300/1014/21 2301/1025/21 2303/1024/21 2304/1011/21
f 2290/1020/16 2305/1020/16 2297/1021/16
f 2364/1103/625 2366/1104/626 2343/1105/1
f 2365/1106/627 2350/1107/627 2349/1108/628 2363/1109/628
f 2355/1110/602 2345/1111/602 2344/1112/629 2353/1113/629
f 2359/1114/609 2347/1115/609 2346/1116/603 2357/1117/603
f 2349/1118/598 2362/1119/598 2360/1120/601 2348/1121/601
f 2351/1122/610 2366/1104/610 2364/1103/630 2350/1123/630
f 2346/1124/612 2356/1125/612 2354/1126/597 2345/1127/597
f 2344/1128/631 2352/1129/631 2366/1104/610 2351/1122/610
f 2345/1127/597 2354/1126/597 2352/1129/631 2344/1128/631
f 2347/1130/600 2358/1131/600 2356/1125/612 2346/1124/612
f 2367/1132/604 2351/1133/604 2350/1107/627 2365/1106/627
f 2366/1104/626 2352/1129/632 2343/1105/1
f 2361/1134/606 2348/1135/606 2347/1115/609 2359/1114/609
f 2348/1121/601 2360/1120/601 2358/1131/600 2347/1130/600
f 2353/1113/629 2344/1112/629 2351/1133/604 2367/1132/604
f 2360/1120/633 2362/1119/634 2343/1105/1
f 2350/1123/630 2364/1103/630 2362/1119/598 2349/1118/598
f 2357/1117/603 2346/1116/603 2345/1111/602 2355/1110/602
f 2363/1109/628 2349/1108/628 2348/1135/606 2361/1134/606
f 2356/1125/635 2358/1131/636 2343/1105/1
f 2354/1126/637 2356/1125/635 2343/1105/1
f 2358/1131/636 2360/1120/633 2343/1105/1
f 2352/1129/632 2354/1126/637 2343/1105/1
f 2362/1119/634 2364/1103/625 2343/1105/1
f 2389/1103/625 2391/1104/626 2368/1105/1
f 2390/1106/627 2375/1107/627 2374/1108/628 2388/1109/628
f 2380/1110/602 2370/1111/602 2369/1112/629 2378/1113/629
f 2384/1114/609 2372/1115/609 2371/1116/603 2382/1117/603
f 2374/1118/598 2387/1119/598 2385/1120/601 2373/1121/601
f 2376/1122/610 2391/1104/610 2389/1103/630 2375/1123/630
f 2371/1124/612 2381/1125/612 2379/1126/597 2370/1127/597
f 2369/1128/631 2377/1129/631 2391/1104/610 2376/1122/610
f 2370/1127/597 2379/1126/597 2377/1129/631 2369/1128/631
f 2372/1130/600 2383/1131/600 2381/1125/612 2371/1124/612
f 2392/1132/604 2376/1133/604 2375/1107/627 2390/1106/627
f 2391/1104/626 2377/1129/632 2368/1105/1
f 2386/1134/606 2373/1135/606 2372/1115/609 2384/1114/609
f 2373/1121/601 2385/1120/601 2383/1131/600 2372/1130/600
f 2378/1113/629 2369/1112/629 2376/1133/604 2392/1132/604
f 2385/1120/633 2387/1119/634 2368/1105/1
f 2375/1123/630 2389/1103/630 2387/1119/598 2374/1118/598
f 2382/1117/603 2371/1116/603 2370/1111/602 2380/1110/602
f 2388/1109/628 2374/1108/628 2373/1135/606 2386/1134/606
f 2381/1125/635 2383/1131/636 2368/1105/1
f 2379/1126/637 2381/1125/635 2368/1105/1
f 2383/1131/636 2385/1120/633 2368/1105/1
f 2377/1129/632 2379/1126/637 2368/1105/1
f 2387/1119/634 2389/1103/625 2368/1105/1
f 2393/999/34 2394/1000/34 2396/1001/34 2395/1002/34
f 2395/1002/21 2396/1001/21 2400/1003/21 2399/1004/21
f 2399/1004/1 2400/1003/1 2398/1005/1 2397/1006/1
f 2397/1006/16 2398/1005/16 2394/1000/16 2393/999/16
f 2395/1007/37 2399/1008/37 2397/1009/37 2393/1010/37
f 2398/1011/1 2400/1012/1 2403/1013/1 2404/1014/1
f 2403/1015/38 2402/1016/38 2401/1017/38 2404/1018/38
f 2396/1019/34 2394/1020/34 2401/1021/34 2402/1022/34
f 2400/1012/21 2396/1019/21 2402/1022/21 2403/1013/21
f 2410/1023/593 2407/1024/593 2405/1025/638 2406/1026/638
f 2404/1027/275 2401/1028/275 2406/1029/638 2405/1030/638
f 2398/1011/1 2404/1014/1 2408/1011/1
f 2407/1031/593 2410/1032/593 2409/1033/588 2408/1034/588
f 2394/1035/37 2398/1036/37 2408/1036/588 2409/1035/588
f 2409/1020/34 2410/1023/34 2406/1026/34 2401/1021/34
f 2423/1037/282 2425/1038/283 2414/1039/16 2412/1040/16
f 2413/1041/291 2416/1042/310 2419/1042/34 2418/1041/579
f 2427/1043/1 2430/1044/1 2426/1044/1 2422/1043/1
f 2411/1045/290 2412/1046/585 2413/1047/291
f 2414/1048/586 2415/1049/292 2416/1050/310
f 2421/1051/298 2422/1052/299 2423/1053/282
f 2424/1054/300 2425/1055/283 2426/1056/301
f 2417/1057/581 2411/1057/290 2413/1058/291 2418/1058/579
f 2412/1040/585 2414/1039/586 2416/1059/310 2413/1060/291
f 2415/1061/292 2420/1061/7 2419/1062/7 2416/1062/310
f 2421/1063/298 2428/1063/620 2427/1064/15 2422/1064/299
f 2429/1065/14 2424/1065/300 2426/1066/301 2430/1066/14
f 2425/1038/283 2423/1037/282 2422/1067/299 2426/1068/301
f 2411/1045/290 2421/1051/298 2423/1053/282 2412/1046/585
f 2424/1054/300 2415/1049/292 2414/1048/586 2425/1055/283
f 2417/1057/581 2428/1063/620 2421/1063/298 2411/1057/290
f 2440/1069/282 2442/1070/283 2433/1071/16 2431/1072/285
f 2445/1073/639 2438/1074/640 2434/1074/592 2441/1073/623
f 2432/1075/291 2435/1076/310 2437/1076/34 2436/1075/579
f 2444/1077/618 2446/1078/1 2443/1078/1 2439/1077/309
f 2415/1079/311 2431/1080/285 2432/1081/291
f 2433/1082/586 2434/1083/592 2435/1084/310
f 2424/1085/313 2439/1086/309 2440/1087/282
f 2441/1088/623 2442/1089/283 2443/1090/301
f 2420/1091/8 2415/1092/311 2432/1093/291 2436/1093/579
f 2431/1072/285 2433/1071/586 2435/1094/310 2432/1095/291
f 2434/1074/592 2438/1074/640 2437/1096/7 2435/1096/310
f 2424/1097/313 2429/1098/15 2444/1099/618 2439/1099/309
f 2445/1073/639 2441/1073/623 2443/1100/301 2446/1100/14
f 2442/1070/283 2440/1069/282 2439/1101/309 2443/1102/301
f 2415/1079/311 2424/1085/313 2440/1087/282 2431/1080/285
f 2441/1088/623 2434/1083/592 2433/1082/586 2442/1089/283
f 2404/1014/1 2405/1025/1 2407/1024/1 2408/1011/1
f 2394/1020/34 2409/1020/34 2401/1021/34
f 2468/1103/641 2470/1104/642 2447/1105/16
f 2469/1106/643 2454/1107/643 2453/1108/644 2467/1109/644
f 2459/1110/645 2449/1111/645 2448/1112/646 2457/1113/646
f 2463/1114/647 2451/1115/647 2450/1116/648 2461/1117/648
f 2453/1118/649 2466/1119/649 2464/1120/650 2452/1121/650
f 2455/1122/651 2470/1104/651 2468/1103/652 2454/1123/652
f 2450/1124/653 2460/1125/653 2458/1126/654 2449/1127/654
f 2448/1128/655 2456/1129/655 2470/1104/651 2455/1122/651
f 2449/1127/654 2458/1126/654 2456/1129/655 2448/1128/655
f 2451/1130/656 2462/1131/656 2460/1125/653 2450/1124/653
f 2471/1132/657 2455/1133/657 2454/1107/643 2469/1106/643
f 2470/1104/642 2456/1129/658 2447/1105/16
f 2465/1134/659 2452/1135/659 2451/1115/647 2463/1114/647
f 2452/1121/650 2464/1120/650 2462/1131/656 2451/1130/656
f 2457/1113/646 2448/1112/646 2455/1133/657 2471/1132/657
f 2464/1120/660 2466/1119/661 2447/1105/16
f 2454/1123/652 2468/1103/652 2466/1119/649 2453/1118/649
f 2461/1117/648 2450/1116/648 2449/1111/645 2459/1110/645
f 2467/1109/644 2453/1108/644 2452/1135/659 2465/1134/659
f 2460/1125/662 2462/1131/663 2447/1105/16
f 2458/1126/664 2460/1125/662 2447/1105/16
f 2462/1131/663 2464/1120/660 2447/1105/16
f 2456/1129/658 2458/1126/664 2447/1105/16
f 2466/1119/661 2468/1103/641 2447/1105/16
f 2493/1103/665 2495/1104/642 2472/1105/16
f 2494/1106/643 2479/1107/643 2478/1108/644 2492/1109/644
f 2484/1110/645 2474/1111/645 2473/1112/646 2482/1113/646
f 2488/1114/647 2476/1115/647 2475/1116/648 2486/1117/648
f 2478/1118/666 2491/1119/666 2489/1120/650 2477/1121/650
f 2480/1122/651 2495/1104/651 2493/1103/652 2479/1123/652
f 2475/1124/653 2485/1125/653 2483/1126/654 2474/1127/654
f 2473/1128/655 2481/1129/655 2495/1104/651 2480/1122/651
f 2474/1127/654 2483/1126/654 2481/1129/655 2473/1128/655
f 2476/1130/656 2487/1131/656 2485/1125/653 2475/1124/653
f 2496/1132/657 2480/1133/657 2479/1107/643 2494/1106/643
f 2495/1104/642 2481/1129/667 2472/1105/16
f 2490/1134/659 2477/1135/659 2476/1115/647 2488/1114/647
f 2477/1121/650 2489/1120/650 2487/1131/656 2476/1130/656
f 2482/1113/646 2473/1112/646 2480/1133/657 2496/1132/657
f 2489/1120/668 2491/1119/669 2472/1105/16
f 2479/1123/652 2493/1103/652 2491/1119/666 2478/1118/666
f 2486/1117/648 2475/1116/648 2474/1111/645 2484/1110/645
f 2492/1109/644 2478/1108/644 2477/1135/659 2490/1134/659
f 2485/1125/670 2487/1131/663 2472/1105/16
f 2483/1126/671 2485/1125/670 2472/1105/16
f 2487/1131/663 2489/1120/668 2472/1105/16
f 2481/1129/667 2483/1126/671 2472/1105/16
f 2491/1119/669 2493/1103/665 2472/1105/16
f 2497/999/34 2498/1000/34 2500/1001/34 2499/1002/34
f 2499/1002/21 2500/1001/21 2504/1003/21 2503/1004/21
f 2503/1004/1 2504/1003/1 2502/1005/1 2501/1006/1
f 2501/1006/16 2502/1005/16 2498/1000/16 2497/999/16
f 2499/1007/37 2503/1008/37 2501/1009/37 2497/1010/37
f 2502/1011/1 2504/1012/1 2507/1013/1 2508/1014/1
f 2507/1015/38 2506/1016/38 2505/1017/38 2508/1018/38
f 2500/1019/34 2498/1020/34 2505/1021/34 2506/1022/34
f 2504/1012/21 2500/1019/21 2506/1022/21 2507/1013/21
f 2514/1023/593 2511/1024/593 2509/1025/638 2510/1026/638
f 2508/1027/275 2505/1028/275 2510/1029/638 2509/1030/638
f 2502/1011/1 2508/1014/1 2512/1011/1
f 2511/1031/593 2514/1032/593 2513/1033/588 2512/1034/588
f 2498/1035/37 2502/1036/37 2512/1036/588 2513/1035/588
f 2513/1020/34 2514/1023/34 2510/1026/34 2505/1021/34
f 2527/1037/282 2529/1038/283 2518/1039/16 2516/1040/16
f 2517/1041/291 2520/1042/310 2523/1042/34 2522/1041/579
f 2531/1043/1 2534/1044/1 2530/1044/1 2526/1043/1
f 2515/1045/290 2516/1046/585 2517/1047/291
f 2518/1048/586 2519/1049/292 2520/1050/310
f 2525/1051/298 2526/1052/299 2527/1053/282
f 2528/1054/300 2529/1055/283 2530/1056/301
f 2521/1057/581 2515/1057/290 2517/1058/291 2522/1058/579
f 2516/1040/585 2518/1039/586 2520/1059/310 2517/1060/291
f 2519/1061/292 2524/1061/7 2523/1062/7 2520/1062/310
f 2525/1063/298 2532/1063/620 2531/1064/15 2526/1064/299
f 2533/1065/14 2528/1065/300 2530/1066/301 2534/1066/14
f 2529/1038/283 2527/1037/282 2526/1067/299 2530/1068/301
f 2515/1045/290 2525/1051/298 2527/1053/282 2516/1046/585
f 2528/1054/300 2519/1049/292 2518/1048/586 2529/1055/283
f 2521/1057/581 2532/1063/620 2525/1063/298 2515/1057/290
f 2544/1069/282 2546/1070/283 2537/1071/16 2535/1072/285
f 2549/1073/639 2542/1074/640 2538/1074/592 2545/1073/623
f 2536/1075/291 2539/1076/310 2541/1076/34 2540/1075/579
f 2548/1077/618 2550/1078/1 2547/1078/1 2543/1077/309
f 2519/1079/311 2535/1080/285 2536/1081/291
f 2537/1082/586 2538/1083/592 2539/1084/310
f 2528/1085/313 2543/1086/309 2544/1087/282
f 2545/1088/623 2546/1089/283 2547/1090/301
f 2524/1091/8 2519/1092/311 2536/1093/291 2540/1093/579
f 2535/1072/285 2537/1071/586 2539/1094/310 2536/1095/291
f 2538/1074/592 2542/1074/640 2541/1096/7 2539/1096/310
f 2528/1097/313 2533/1098/15 2548/1099/618 2543/1099/309
f 2549/1073/639 2545/1073/623 2547/1100/301 2550/1100/14
f 2546/1070/283 2544/1069/282 2543/1101/309 2547/1102/301
f 2519/1079/311 2528/1085/313 2544/1087/282 2535/1080/285
f 2545/1088/623 2538/1083/592 2537/1082/586 2546/1089/283
f 2508/1014/1 2509/1025/1 2511/1024/1 2512/1011/1
f 2498/1020/34 2513/1020/34 2505/1021/34
f 2572/1103/641 2574/1104/642 2551/1105/16
f 2573/1106/643 2558/1107/643 2557/1108/644 2571/1109/644
f 2563/1110/645 2553/1111/645 2552/1112/646 2561/1113/646
f 2567/1114/647 2555/1115/647 2554/1116/648 2565/1117/648
f 2557/1118/649 2570/1119/649 2568/1120/650 2556/1121/650
f 2559/1122/651 2574/1104/651 2572/1103/652 2558/1123/652
f 2554/1124/653 2564/1125/653 2562/1126/654 2553/1127/654
f 2552/1128/655 2560/1129/655 2574/1104/651 2559/1122/651
f 2553/1127/654 2562/1126/654 2560/1129/655 2552/1128/655
f 2555/1130/656 2566/1131/656 2564/1125/653 2554/1124/653
f 2575/1132/657 2559/1133/657 2558/1107/643 2573/1106/643
f 2574/1104/642 2560/1129/658 2551/1105/16
f 2569/1134/659 2556/1135/659 2555/1115/647 2567/1114/647
f 2556/1121/650 2568/1120/650 2566/1131/656 2555/1130/656
f 2561/1113/646 2552/1112/646 2559/1133/657 2575/1132/657
f 2568/1120/660 2570/1119/661 2551/1105/16
f 2558/1123/652 2572/1103/652 2570/1119/649 2557/1118/649
f 2565/1117/648 2554/1116/648 2553/1111/645 2563/1110/645
f 2571/1109/644 2557/1108/644 2556/1135/659 2569/1134/659
f 2564/1125/662 2566/1131/663 2551/1105/16
f 2562/1126/664 2564/1125/662 2551/1105/16
f 2566/1131/663 2568/1120/660 2551/1105/16
f 2560/1129/658 2562/1126/664 2551/1105/16
f 2570/1119/661 2572/1103/641 2551/1105/16
f 2597/1103/665 2599/1104/672 2576/1105/16
f 2598/1106/643 2583/1107/643 2582/1108/644 2596/1109/644
f 2588/1110/645 2578/1111/645 2577/1112/646 2586/1113/646
f 2592/1114/647 2580/1115/647 2579/1116/648 2590/1117/648
f 2582/1118/666 2595/1119/666 2593/1120/650 2581/1121/650
f 2584/1122/651 2599/1104/651 2597/1103/652 2583/1123/652
f 2579/1124/653 2589/1125/653 2587/1126/654 2578/1127/654
f 2577/1128/655 2585/1129/655 2599/1104/651 2584/1122/651
f 2578/1127/654 2587/1126/654 2585/1129/655 2577/1128/655
f 2580/1130/656 2591/1131/656 2589/1125/653 2579/1124/653
f 2600/1132/657 2584/1133/657 2583/1107/643 2598/1106/643
f 2599/1104/672 2585/1129/667 2576/1105/16
f 2594/1134/659 2581/1135/659 2580/1115/647 2592/1114/647
f 2581/1121/650 2593/1120/650 2591/1131/656 2580/1130/656
f 2586/1113/646 2577/1112/646 2584/1133/657 2600/1132/657
f 2593/1120/668 2595/1119/669 2576/1105/16
f 2583/1123/652 2597/1103/652 2595/1119/666 2582/1118/666
f 2590/1117/648 2579/1116/648 2578/1111/645 2588/1110/645
f 2596/1109/644 2582/1108/644 2581/1135/659 2594/1134/659
f 2589/1125/670 2591/1131/673 2576/1105/16
f 2587/1126/671 2589/1125/670 2576/1105/16
f 2591/1131/673 2593/1120/668 2576/1105/16
f 2585/1129/667 2587/1126/671 2576/1105/16
f 2595/1119/669 2597/1103/665 2576/1105/16
f 2601/999/34 2602/1000/34 2604/1001/34 2603/1002/34
f 2603/1002/21 2604/1001/21 2608/1003/21 2607/1004/21
f 2607/1004/1 2608/1003/1 2606/1005/1 2605/1006/1
f 2605/1006/16 2606/1005/16 2602/1000/16 2601/999/16
f 2603/1007/37 2607/1008/37 2605/1009/37 2601/1010/37
f 2606/1011/1 2608/1012/1 2611/1013/1 2612/1014/1
f 2611/1015/38 2610/1016/38 2609/1017/38 2612/1018/38
f 2604/1019/34 2602/1020/34 2609/1021/34 2610/1022/34
f 2608/1012/21 2604/1019/21 2610/1022/21 2611/1013/21
f 2618/1023/593 2615/1024/593 2613/1025/638 2614/1026/638
f 2612/1027/275 2609/1028/275 2614/1029/638 2613/1030/638
f 2606/1011/1 2612/1014/1 2616/1011/1
f 2615/1031/593 2618/1032/593 2617/1033/588 2616/1034/588
f 2602/1035/37 2606/1036/37 2616/1036/588 2617/1035/588
f 2617/1020/34 2618/1023/34 2614/1026/34 2609/1021/34
f 2631/1037/282 2633/1038/283 2622/1039/16 2620/1040/16
f 2621/1041/291 2624/1042/310 2627/1042/34 2626/1041/579
f 2635/1043/1 2638/1044/1 2634/1044/1 2630/1043/1
f 2619/1045/290 2620/1046/674 2621/1047/291
f 2622/1048/675 2623/1049/292 2624/1050/310
f 2629/1051/298 2630/1052/299 2631/1053/282
f 2632/1054/300 2633/1055/283 2634/1056/301
f 2625/1057/581 2619/1057/290 2621/1058/291 2626/1058/579
f 2620/1040/674 2622/1039/675 2624/1059/310 2621/1060/291
f 2623/1061/292 2628/1061/7 2627/1062/7 2624/1062/310
f 2629/1063/298 2636/1063/620 2635/1064/15 2630/1064/299
f 2637/1065/14 2632/1065/300 2634/1066/301 2638/1066/14
f 2633/1038/283 2631/1037/282 2630/1067/299 2634/1068/301
f 2619/1045/290 2629/1051/298 2631/1053/282 2620/1046/674
f 2632/1054/300 2623/1049/292 2622/1048/675 2633/1055/283
f 2625/1057/581 2636/1063/620 2629/1063/298 2619/1057/290
f 2648/1069/282 2650/1070/283 2641/1071/16 2639/1072/285
f 2653/1073/639 2646/1074/640 2642/1074/592 2649/1073/623
f 2640/1075/291 2643/1076/310 2645/1076/34 2644/1075/579
f 2652/1077/618 2654/1078/1 2651/1078/1 2647/1077/309
f 2623/1079/311 2639/1080/285 2640/1081/291
f 2641/1082/675 2642/1083/592 2643/1084/310
f 2632/1085/313 2647/1086/309 2648/1087/282
f 2649/1088/623 2650/1089/283 2651/1090/301
f 2628/1091/8 2623/1092/311 2640/1093/291 2644/1093/579
f 2639/1072/285 2641/1071/675 2643/1094/310 2640/1095/291
f 2642/1074/592 2646/1074/640 2645/1096/7 2643/1096/310
f 2632/1097/313 2637/1098/15 2652/1099/618 2647/1099/309
f 2653/1073/639 2649/1073/623 2651/1100/301 2654/1100/14
f 2650/1070/283 2648/1069/282 2647/1101/309 2651/1102/301
f 2623/1079/311 2632/1085/313 2648/1087/282 2639/1080/285
f 2649/1088/623 2642/1083/592 2641/1082/675 2650/1089/283
f 2612/1014/1 2613/1025/1 2615/1024/1 2616/1011/1
f 2602/1020/34 2617/1020/34 2609/1021/34
f 2676/1103/641 2678/1104/642 2655/1105/16
f 2677/1106/676 2662/1107/676 2661/1108/677 2675/1109/677
f 2667/1110/645 2657/1111/645 2656/1112/678 2665/1113/678
f 2671/1114/647 2659/1115/647 2658/1116/648 2669/1117/648
f 2661/1118/666 2674/1119/666 2672/1120/650 2660/1121/650
f 2663/1122/651 2678/1104/651 2676/1103/679 2662/1123/679
f 2658/1124/653 2668/1125/653 2666/1126/654 2657/1127/654
f 2656/1128/655 2664/1129/655 2678/1104/651 2663/1122/651
f 2657/1127/654 2666/1126/654 2664/1129/655 2656/1128/655
f 2659/1130/656 2670/1131/656 2668/1125/653 2658/1124/653
f 2679/1132/657 2663/1133/657 2662/1107/676 2677/1106/676
f 2678/1104/642 2664/1129/658 2655/1105/16
f 2673/1134/659 2660/1135/659 2659/1115/647 2671/1114/647
f 2660/1121/650 2672/1120/650 2670/1131/656 2659/1130/656
f 2665/1113/678 2656/1112/678 2663/1133/657 2679/1132/657
f 2672/1120/680 2674/1119/661 2655/1105/16
f 2662/1123/679 2676/1103/679 2674/1119/666 2661/1118/666
f 2669/1117/648 2658/1116/648 2657/1111/645 2667/1110/645
f 2675/1109/677 2661/1108/677 2660/1135/659 2673/1134/659
f 2668/1125/662 2670/1131/663 2655/1105/16
f 2666/1126/664 2668/1125/662 2655/1105/16
f 2670/1131/663 2672/1120/680 2655/1105/16
f 2664/1129/658 2666/1126/664 2655/1105/16
f 2674/1119/661 2676/1103/641 2655/1105/16
f 2701/1103/641 2703/1104/642 2680/1105/16
f 2702/1106/676 2687/1107/676 2686/1108/677 2700/1109/677
f 2692/1110/645 2682/1111/645 2681/1112/678 2690/1113/678
f 2696/1114/647 2684/1115/647 2683/1116/648 2694/1117/648
f 2686/1118/666 2699/1119/666 2697/1120/650 2685/1121/650
f 2688/1122/651 2703/1104/651 2701/1103/652 2687/1123/652
f 2683/1124/653 2693/1125/653 2691/1126/654 2682/1127/654
f 2681/1128/655 2689/1129/655 2703/1104/651 2688/1122/651
f 2682/1127/654 2691/1126/654 2689/1129/655 2681/1128/655
f 2684/1130/656 2695/1131/656 2693/1125/653 2683/1124/653
f 2704/1132/657 2688/1133/657 2687/1107/676 2702/1106/676
f 2703/1104/642 2689/1129/658 2680/1105/16
f 2698/1134/659 2685/1135/659 2684/1115/647 2696/1114/647
f 2685/1121/650 2697/1120/650 2695/1131/656 2684/1130/656
f 2690/1113/678 2681/1112/678 2688/1133/657 2704/1132/657
f 2697/1120/680 2699/1119/661 2680/1105/16
f 2687/1123/652 2701/1103/652 2699/1119/666 2686/1118/666
f 2694/1117/648 2683/1116/648 2682/1111/645 2692/1110/645
f 2700/1109/677 2686/1108/677 2685/1135/659 2698/1134/659
f 2693/1125/662 2695/1131/663 2680/1105/16
f 2691/1126/664 2693/1125/662 2680/1105/16
f 2695/1131/663 2697/1120/680 2680/1105/16
f 2689/1129/658 2691/1126/664 2680/1105/16
f 2699/1119/661 2701/1103/641 2680/1105/16
f 2705/999/34 2706/1000/34 2708/1001/34 2707/1002/34
f 2707/1002/21 2708/1001/21 2712/1003/21 2711/1004/21
f 2711/1004/1 2712/1003/1 2710/1005/1 2709/1006/1
f 2709/1006/16 2710/1005/16 2706/1000/16 2705/999/16
f 2707/1007/37 2711/1008/37 2709/1009/37 2705/1010/37
f 2710/1011/1 2712/1012/1 2715/1013/1 2716/1014/1
f 2715/1015/38 2714/1016/38 2713/1017/38 2716/1018/38
f 2708/1019/34 2706/1020/34 2713/1021/34 2714/1022/34
f 2712/1012/21 2708/1019/21 2714/1022/21 2715/1013/21
f 2722/1023/593 2719/1024/593 2717/1025/638 2718/1026/638
f 2716/1027/275 2713/1028/275 2718/1029/638 2717/1030/638
f 2710/1011/1 2716/1014/1 2720/1011/1
f 2719/1031/593 2722/1032/593 2721/1033/588 2720/1034/588
f 2706/1035/37 2710/1036/37 2720/1036/588 2721/1035/588
f 2721/1020/34 2722/1023/34 2718/1026/34 2713/1021/34
f 2735/1037/282 2737/1038/283 2726/1039/16 2724/1040/16
f 2725/1041/291 2728/1042/310 2731/1042/34 2730/1041/579
f 2739/1043/1 2742/1044/1 2738/1044/1 2734/1043/1
f 2723/1045/290 2724/1046/585 2725/1047/291
f 2726/1048/586 2727/1049/292 2728/1050/310
f 2733/1051/298 2734/1052/299 2735/1053/282
f 2736/1054/300 2737/1055/283 2738/1056/301
f 2729/1057/581 2723/1057/290 2725/1058/291 2730/1058/579
f 2724/1040/585 2726/1039/586 2728/1059/310 2725/1060/291
f 2727/1061/292 2732/1061/7 2731/1062/7 2728/1062/310
f 2733/1063/298 2740/1063/620 2739/1064/15 2734/1064/299
f 2741/1065/14 2736/1065/300 2738/1066/301 2742/1066/14
f 2737/1038/283 2735/1037/282 2734/1067/299 2738/1068/301
f 2723/1045/290 2733/1051/298 2735/1053/282 2724/1046/585
f 2736/1054/300 2727/1049/292 2726/1048/586 2737/1055/283
f 2729/1057/581 2740/1063/620 2733/1063/298 2723/1057/290
f 2752/1069/282 2754/1070/283 2745/1071/16 2743/1072/285
f 2757/1073/639 2750/1074/640 2746/1074/592 2753/1073/623
f 2744/1075/291 2747/1076/310 2749/1076/34 2748/1075/579
f 2756/1077/618 2758/1078/1 2755/1078/1 2751/1077/309
f 2727/1079/311 2743/1080/285 2744/1081/291
f 2745/1082/586 2746/1083/592 2747/1084/310
f 2736/1085/313 2751/1086/309 2752/1087/282
f 2753/1088/623 2754/1089/283 2755/1090/301
f 2732/1091/8 2727/1092/311 2744/1093/291 2748/1093/579
f 2743/1072/285 2745/1071/586 2747/1094/310 2744/1095/291
f 2746/1074/592 2750/1074/640 2749/1096/7 2747/1096/310
f 2736/1097/313 2741/1098/15 2756/1099/618 2751/1099/309
f 2757/1073/639 2753/1073/623 2755/1100/301 2758/1100/14
f 2754/1070/283 2752/1069/282 2751/1101/309 2755/1102/301
f 2727/1079/311 2736/1085/313 2752/1087/282 2743/1080/285
f 2753/1088/623 2746/1083/592 2745/1082/586 2754/1089/283
f 2716/1014/1 2717/1025/1 2719/1024/1 2720/1011/1
f 2706/1020/34 2721/1020/34 2713/1021/34
f 2780/1103/641 2782/1104/642 2759/1105/16
f 2781/1106/643 2766/1107/643 2765/1108/644 2779/1109/644
f 2771/1110/645 2761/1111/645 2760/1112/678 2769/1113/678
f 2775/1114/647 2763/1115/647 2762/1116/648 2773/1117/648
f 2765/1118/649 2778/1119/649 2776/1120/650 2764/1121/650
f 2767/1122/651 2782/1104/651 2780/1103/652 2766/1123/652
f 2762/1124/653 2772/1125/653 2770/1126/654 2761/1127/654
f 2760/1128/655 2768/1129/655 2782/1104/651 2767/1122/651
f 2761/1127/654 2770/1126/654 2768/1129/655 2760/1128/655
f 2763/1130/656 2774/1131/656 2772/1125/653 2762/1124/653
f 2783/1132/657 2767/1133/657 2766/1107/643 2781/1106/643
f 2782/1104/642 2768/1129/658 2759/1105/16
f 2777/1134/659 2764/1135/659 2763/1115/647 2775/1114/647
f 2764/1121/650 2776/1120/650 2774/1131/656 2763/1130/656
f 2769/1113/678 2760/1112/678 2767/1133/657 2783/1132/657
f 2776/1120/680 2778/1119/661 2759/1105/16
f 2766/1123/652 2780/1103/652 2778/1119/649 2765/1118/649
f 2773/1117/648 2762/1116/648 2761/1111/645 2771/1110/645
f 2779/1109/644 2765/1108/644 2764/1135/659 2777/1134/659
f 2772/1125/662 2774/1131/663 2759/1105/16
f 2770/1126/664 2772/1125/662 2759/1105/16
f 2774/1131/663 2776/1120/680 2759/1105/16
f 2768/1129/658 2770/1126/664 2759/1105/16
f 2778/1119/661 2780/1103/641 2759/1105/16
f 2805/1103/641 2807/1104/642 2784/1105/16
f 2806/1106/643 2791/1107/643 2790/1108/644 2804/1109/644
f 2796/1110/645 2786/1111/645 2785/1112/678 2794/1113/678
f 2800/1114/647 2788/1115/647 2787/1116/648 2798/1117/648
f 2790/1118/649 2803/1119/649 2801/1120/650 2789/1121/650
f 2792/1122/651 2807/1104/651 2805/1103/652 2791/1123/652
f 2787/1124/653 2797/1125/653 2795/1126/654 2786/1127/654
f 2785/1128/655 2793/1129/655 2807/1104/651 2792/1122/651
f 2786/1127/654 2795/1126/654 2793/1129/655 2785/1128/655
f 2788/1130/656 2799/1131/656 2797/1125/653 2787/1124/653
f 2808/1132/657 2792/1133/657 2791/1107/643 2806/1106/643
f 2807/1104/642 2793/1129/658 2784/1105/16
f 2802/1134/659 2789/1135/659 2788/1115/647 2800/1114/647
f 2789/1121/650 2801/1120/650 2799/1131/656 2788/1130/656
f 2794/1113/678 2785/1112/678 2792/1133/657 2808/1132/657
f 2801/1120/680 2803/1119/661 2784/1105/16
f 2791/1123/652 2805/1103/652 2803/1119/649 2790/1118/649
f 2798/1117/648 2787/1116/648 2786/1111/645 2796/1110/645
f 2804/1109/644 2790/1108/644 2789/1135/659 2802/1134/659
f 2797/1125/662 2799/1131/663 2784/1105/16
f 2795/1126/664 2797/1125/662 2784/1105/16
f 2799/1131/663 2801/1120/680 2784/1105/16
f 2793/1129/658 2795/1126/664 2784/1105/16
f 2803/1119/661 2805/1103/641 2784/1105/16
f 2809/999/21 2810/1000/21 2812/1001/21 2811/1002/21
f 2811/1002/1 2812/1001/1 2816/1003/1 2815/1004/1
f 2815/1004/16 2816/1003/16 2814/1005/16 2813/1006/16
f 2813/1006/34 2814/1005/34 2810/1000/34 2809/999/34
f 2811/1007/37 2815/1008/37 2813/1009/37 2809/1010/37
f 2814/1011/16 2816/1012/16 2819/1013/16 2820/1014/16
f 2819/1015/38 2818/1016/38 2817/1017/38 2820/1018/38
f 2812/1019/21 2810/1020/21 2817/1021/21 2818/1022/21
f 2816/1012/1 2812/1019/1 2818/1022/1 2819/1013/1
f 2826/1023/579 2823/1024/579 2821/1025/580 2822/1026/580
f 2820/1027/7 2817/1028/7 2822/1029/580 2821/1030/580
f 2814/1011/16 2820/1014/16 2824/1011/16
f 2823/1031/579 2826/1032/579 2825/1033/581 2824/1034/581
f 2810/1035/37 2814/1036/37 2824/1036/581 2825/1035/581
f 2825/1020/21 2826/1023/21 2822/1026/21 2817/1021/21
f 2839/1037/291 2841/1038/310 2830/1039/34 2828/1040/34
f 2829/1041/286 2832/1042/287 2835/1042/21 2834/1041/582
f 2843/1043/16 2846/1044/16 2842/1044/16 2838/1043/16
f 2827/1045/294 2828/1046/583 2829/1047/286
f 2830/1048/584 2831/1049/533 2832/1050/287
f 2837/1051/290 2838/1052/585 2839/1053/291
f 2840/1054/292 2841/1055/310 2842/1056/586
f 2833/1057/587 2827/1057/294 2829/1058/286 2834/1058/582
f 2828/1040/583 2830/1039/584 2832/1059/287 2829/1060/286
f 2831/1061/533 2836/1061/321 2835/1062/321 2832/1062/287
f 2837/1063/290 2844/1063/588 2843/1064/53 2838/1064/585
f 2845/1065/275 2840/1065/292 2842/1066/586 2846/1066/275
f 2841/1038/310 2839/1037/291 2838/1067/585 2842/1068/586
f 2827/1045/294 2837/1051/290 2839/1053/291 2828/1046/583
f 2840/1054/292 2831/1049/533 2830/1048/584 2841/1055/310
f 2833/1057/587 2844/1063/588 2837/1063/290 2827/1057/294
f 2856/1069/291 2858/1070/310 2849/1071/34 2847/1072/295
f 2861/1073/589 2854/1074/590 2850/1074/591 2857/1073/592
f 2848/1075/286 2851/1076/287 2853/1076/21 2852/1075/582
f 2860/1077/593 2862/1078/16 2859/1078/16 2855/1077/285
f 2831/1079/534 2847/1080/295 2848/1081/286
f 2849/1082/584 2850/1083/591 2851/1084/287
f 2840/1085/311 2855/1086/285 2856/1087/291
f 2857/1088/592 2858/1089/310 2859/1090/586
f 2836/1091/320 2831/1092/534 2848/1093/286 2852/1093/582
f 2847/1072/295 2849/1071/584 2851/1094/287 2848/1095/286
f 2850/1074/591 2854/1074/590 2853/1096/321 2851/1096/287
f 2840/1097/311 2845/1098/53 2860/1099/593 2855/1099/285
f 2861/1073/589 2857/1073/592 2859/1100/586 2862/1100/275
f 2858/1070/310 2856/1069/291 2855/1101/285 2859/1102/586
f 2831/1079/534 2840/1085/311 2856/1087/291 2847/1080/295
f 2857/1088/592 2850/1083/591 2849/1082/584 2858/1089/310
f 2820/1014/16 2821/1025/16 2823/1024/16 2824/1011/16
f 2810/1020/21 2825/1020/21 2817/1021/21
f 2884/1103/594 2886/1104/595 2863/1105/34
f 2885/1106/596 2870/1107/596 2869/1108/597 2883/1109/597
f 2875/1110/598 2865/1111/598 2864/1112/599 2873/1113/599
f 2879/1114/600 2867/1115/600 2866/1116/601 2877/1117/601
f 2869/1118/602 2882/1119/602 2880/1120/603 2868/1121/603
f 2871/1122/604 2886/1104/604 2884/1103/605 2870/1123/605
f 2866/1124/606 2876/1125/606 2874/1126/607 2865/1127/607
f 2864/1128/608 2872/1129/608 2886/1104/604 2871/1122/604
f 2865/1127/607 2874/1126/607 2872/1129/608 2864/1128/608
f 2867/1130/609 2878/1131/609 2876/1125/606 2866/1124/606
f 2887/1132/610 2871/1133/610 2870/1107/596 2885/1106/596
f 2886/1104/595 2872/1129/611 2863/1105/34
f 2881/1134/612 2868/1135/612 2867/1115/600 2879/1114/600
f 2868/1121/603 2880/1120/603 2878/1131/609 2867/1130/609
f 2873/1113/599 2864/1112/599 2871/1133/610 2887/1132/610
f 2880/1120/613 2882/1119/614 2863/1105/34
f 2870/1123/605 2884/1103/605 2882/1119/602 2869/1118/602
f 2877/1117/601 2866/1116/601 2865/1111/598 2875/1110/598
f 2883/1109/597 2869/1108/597 2868/1135/612 2881/1134/612
f 2876/1125/615 2878/1131/616 2863/1105/34
f 2874/1126/617 2876/1125/615 2863/1105/34
f 2878/1131/616 2880/1120/613 2863/1105/34
f 2872/1129/611 2874/1126/617 2863/1105/34
f 2882/1119/614 2884/1103/594 2863/1105/34
f 2909/1103/594 2911/1104/595 2888/1105/34
f 2910/1106/596 2895/1107/596 2894/1108/597 2908/1109/597
f 2900/1110/598 2890/1111/598 2889/1112/599 2898/1113/599
f 2904/1114/600 2892/1115/600 2891/1116/601 2902/1117/601
f 2894/1118/602 2907/1119/602 2905/1120/603 2893/1121/603
f 2896/1122/604 2911/1104/604 2909/1103/605 2895/1123/605
f 2891/1124/606 2901/1125/606 2899/1126/607 2890/1127/607
f 2889/1128/608 2897/1129/608 2911/1104/604 2896/1122/604
f 2890/1127/607 2899/1126/607 2897/1129/608 2889/1128/608
f 2892/1130/609 2903/1131/609 2901/1125/606 2891/1124/606
f 2912/1132/610 2896/1133/610 2895/1107/596 2910/1106/596
f 2911/1104/595 2897/1129/611 2888/1105/34
f 2906/1134/612 2893/1135/612 2892/1115/600 2904/1114/600
f 2893/1121/603 2905/1120/603 2903/1131/609 2892/1130/609
f 2898/1113/599 2889/1112/599 2896/1133/610 2912/1132/610
f 2905/1120/613 2907/1119/614 2888/1105/34
f 2895/1123/605 2909/1103/605 2907/1119/602 2894/1118/602
f 2902/1117/601 2891/1116/601 2890/1111/598 2900/1110/598
f 2908/1109/597 2894/1108/597 2893/1135/612 2906/1134/612
f 2901/1125/615 2903/1131/616 2888/1105/34
f 2899/1126/617 2901/1125/615 2888/1105/34
f 2903/1131/616 2905/1120/613 2888/1105/34
f 2897/1129/611 2899/1126/617 2888/1105/34
f 2907/1119/614 2909/1103/594 2888/1105/34
f 2913/999/21 2914/1000/21 2916/1001/21 2915/1002/21
f 2915/1002/1 2916/1001/1 2920/1003/1 2919/1004/1
f 2919/1004/16 2920/1003/16 2918/1005/16 2917/1006/16
f 2917/1006/34 2918/1005/34 2914/1000/34 2913/999/34
f 2915/1007/37 2919/1008/37 2917/1009/37 2913/1010/37
f 2918/1011/16 2920/1012/16 2923/1013/16 2924/1014/16
f 2923/1015/38 2922/1016/38 2921/1017/38 2924/1018/38
f 2916/1019/21 2914/1020/21 2921/1021/21 2922/1022/21
f 2920/1012/1 2916/1019/1 2922/1022/1 2923/1013/1
f 2930/1023/579 2927/1024/579 2925/1025/580 2926/1026/580
f 2924/1027/7 2921/1028/7 2926/1029/580 2925/1030/580
f 2918/1011/16 2924/1014/16 2928/1011/16
f 2927/1031/579 2930/1032/579 2929/1033/581 2928/1034/581
f 2914/1035/37 2918/1036/37 2928/1036/581 2929/1035/581
f 2929/1020/21 2930/1023/21 2926/1026/21 2921/1021/21
f 2943/1037/291 2945/1038/310 2934/1039/34 2932/1040/34
f 2933/1041/286 2936/1042/287 2939/1042/21 2938/1041/582
f 2947/1043/16 2950/1044/16 2946/1044/16 2942/1043/16
f 2931/1045/294 2932/1046/583 2933/1047/286
f 2934/1048/584 2935/1049/533 2936/1050/287
f 2941/1051/290 2942/1052/585 2943/1053/291
f 2944/1054/292 2945/1055/310 2946/1056/586
f 2937/1057/587 2931/1057/294 2933/1058/286 2938/1058/582
f 2932/1040/583 2934/1039/584 2936/1059/287 2933/1060/286
f 2935/1061/533 2940/1061/321 2939/1062/321 2936/1062/287
f 2941/1063/290 2948/1063/588 2947/1064/53 2942/1064/585
f 2949/1065/275 2944/1065/292 2946/1066/586 2950/1066/275
f 2945/1038/310 2943/1037/291 2942/1067/585 2946/1068/586
f 2931/1045/294 2941/1051/290 2943/1053/291 2932/1046/583
f 2944/1054/292 2935/1049/533 2934/1048/584 2945/1055/310
f 2937/1057/587 2948/1063/588 2941/1063/290 2931/1057/294
f 2960/1069/291 2962/1070/310 2953/1071/34 2951/1072/295
f 2965/1073/589 2958/1074/590 2954/1074/591 2961/1073/592
f 2952/1075/286 2955/1076/287 2957/1076/21 2956/1075/582
f 2964/1077/593 2966/1078/16 2963/1078/16 2959/1077/285
f 2935/1079/534 2951/1080/295 2952/1081/286
f 2953/1082/584 2954/1083/591 2955/1084/287
f 2944/1085/311 2959/1086/285 2960/1087/291
f 2961/1088/592 2962/1089/310 2963/1090/586
f 2940/1091/320 2935/1092/534 2952/1093/286 2956/1093/582
f 2951/1072/295 2953/1071/584 2955/1094/287 2952/1095/286
f 2954/1074/591 2958/1074/590 2957/1096/321 2955/1096/287
f 2944/1097/311 2949/1098/53 2964/1099/593 2959/1099/285
f 2965/1073/589 2961/1073/592 2963/1100/586 2966/1100/275
f 2962/1070/310 2960/1069/291 2959/1101/285 2963/1102/586
f 2935/1079/534 2944/1085/311 2960/1087/291 2951/1080/295
f 2961/1088/592 2954/1083/591 2953/1082/584 2962/1089/310
f 2924/1014/16 2925/1025/16 2927/1024/16 2928/1011/16
f 2914/1020/21 2929/1020/21 2921/1021/21
f 2988/1103/594 2990/1104/595 2967/1105/34
f 2989/1106/596 2974/1107/596 2973/1108/597 2987/1109/597
f 2979/1110/598 2969/1111/598 2968/1112/599 2977/1113/599
f 2983/1114/600 2971/1115/600 2970/1116/601 2981/1117/601
f 2973/1118/602 2986/1119/602 2984/1120/603 2972/1121/603
f 2975/1122/604 2990/1104/604 2988/1103/605 2974/1123/605
f 2970/1124/606 2980/1125/606 2978/1126/607 2969/1127/607
f 2968/1128/608 2976/1129/608 2990/1104/604 2975/1122/604
f 2969/1127/607 2978/1126/607 2976/1129/608 2968/1128/608
f 2971/1130/609 2982/1131/609 2980/1125/606 2970/1124/606
f 2991/1132/610 2975/1133/610 2974/1107/596 2989/1106/596
f 2990/1104/595 2976/1129/611 2967/1105/34
f 2985/1134/612 2972/1135/612 2971/1115/600 2983/1114/600
f 2972/1121/603 2984/1120/603 2982/1131/609 2971/1130/609
f 2977/1113/599 2968/1112/599 2975/1133/610 2991/1132/610
f 2984/1120/613 2986/1119/614 2967/1105/34
f 2974/1123/605 2988/1103/605 2986/1119/602 2973/1118/602
f 2981/1117/601 2970/1116/601 2969/1111/598 2979/1110/598
f 2987/1109/597 2973/1108/597 2972/1135/612 2985/1134/612
f 2980/1125/615 2982/1131/616 2967/1105/34
f 2978/1126/617 2980/1125/615 2967/1105/34
f 2982/1131/616 2984/1120/613 2967/1105/34
f 2976/1129/611 2978/1126/617 2967/1105/34
f 2986/1119/614 2988/1103/594 2967/1105/34
f 3013/1103/594 3015/1104/595 2992/1105/34
f 3014/1106/596 2999/1107/596 2998/1108/597 3012/1109/597
f 3004/1110/598 2994/1111/598 2993/1112/599 3002/1113/599
f 3008/1114/600 2996/1115/600 2995/1116/601 3006/1117/601
f 2998/1118/602 3011/1119/602 3009/1120/603 2997/1121/603
f 3000/1122/604 3015/1104/604 3013/1103/605 2999/1123/605
f 2995/1124/606 3005/1125/606 3003/1126/607 2994/1127/607
f 2993/1128/608 3001/1129/608 3015/1104/604 3000/1122/604
f 2994/1127/607 3003/1126/607 3001/1129/608 2993/1128/608
f 2996/1130/609 3007/1131/609 3005/1125/606 2995/1124/606
f 3016/1132/610 3000/1133/610 2999/1107/596 3014/1106/596
f 3015/1104/595 3001/1129/611 2992/1105/34
f 3010/1134/612 2997/1135/612 2996/1115/600 3008/1114/600
f 2997/1121/603 3009/1120/603 3007/1131/609 2996/1130/609
f 3002/1113/599 2993/1112/599 3000/1133/610 3016/1132/610
f 3009/1120/613 3011/1119/614 2992/1105/34
f 2999/1123/605 3013/1103/605 3011/1119/602 2998/1118/602
f 3006/1117/601 2995/1116/601 2994/1111/598 3004/1110/598
f 3012/1109/597 2998/1108/597 2997/1135/612 3010/1134/612
f 3005/1125/615 3007/1131/616 2992/1105/34
f 3003/1126/617 3005/1125/615 2992/1105/34
f 3007/1131/616 3009/1120/613 2992/1105/34
f 3001/1129/611 3003/1126/617 2992/1105/34
f 3011/1119/614 3013/1103/594 2992/1105/34
f 3017/999/21 3018/1000/21 3020/1001/21 3019/1002/21
f 3019/1002/1 3020/1001/1 3024/1003/1 3023/1004/1
f 3023/1004/16 3024/1003/16 3022/1005/16 3021/1006/16
f 3021/1006/34 3022/1005/34 3018/1000/34 3017/999/34
f 3019/1007/37 3023/1008/37 3021/1009/37 3017/1010/37
f 3022/1011/16 3024/1012/16 3027/1013/16 3028/1014/16
f 3027/1015/38 3026/1016/38 3025/1017/38 3028/1018/38
f 3020/1019/21 3018/1020/21 3025/1021/21 3026/1022/21
f 3024/1012/1 3020/1019/1 3026/1022/1 3027/1013/1
f 3034/1023/579 3031/1024/579 3029/1025/580 3030/1026/580
f 3028/1027/7 3025/1028/7 3030/1029/580 3029/1030/580
f 3022/1011/16 3028/1014/16 3032/1011/16
f 3031/1031/579 3034/1032/579 3033/1033/581 3032/1034/581
f 3018/1035/37 3022/1036/37 3032/1036/581 3033/1035/581
f 3033/1020/21 3034/1023/21 3030/1026/21 3025/1021/21
f 3047/1037/291 3049/1038/310 3038/1039/34 3036/1040/34
f 3037/1041/286 3040/1042/287 3043/1042/21 3042/1041/582
f 3051/1043/16 3054/1044/16 3050/1044/16 3046/1043/16
f 3035/1045/294 3036/1046/583 3037/1047/286
f 3038/1048/584 3039/1049/533 3040/1050/287
f 3045/1051/290 3046/1052/585 3047/1053/291
f 3048/1054/292 3049/1055/310 3050/1056/586
f 3041/1057/587 3035/1057/294 3037/1058/286 3042/1058/582
f 3036/1040/583 3038/1039/584 3040/1059/287 3037/1060/286
f 3039/1061/533 3044/1061/321 3043/1062/321 3040/1062/287
f 3045/1063/290 3052/1063/588 3051/1064/53 3046/1064/585
f 3053/1065/275 3048/1065/292 3050/1066/586 3054/1066/275
f 3049/1038/310 3047/1037/291 3046/1067/585 3050/1068/586
f 3035/1045/294 3045/1051/290 3047/1053/291 3036/1046/583
f 3048/1054/292 3039/1049/533 3038/1048/584 3049/1055/310
f 3041/1057/587 3052/1063/588 3045/1063/290 3035/1057/294
f 3064/1069/291 3066/1070/310 3057/1071/34 3055/1072/295
f 3069/1073/589 3062/1074/590 3058/1074/591 3065/1073/592
f 3056/1075/286 3059/1076/287 3061/1076/21 3060/1075/582
f 3068/1077/593 3070/1078/16 3067/1078/16 3063/1077/285
f 3039/1079/534 3055/1080/295 3056/1081/286
f 3057/1082/584 3058/1083/591 3059/1084/287
f 3048/1085/311 3063/1086/285 3064/1087/291
f 3065/1088/592 3066/1089/310 3067/1090/586
f 3044/1091/320 3039/1092/534 3056/1093/286 3060/1093/582
f 3055/1072/295 3057/1071/584 3059/1094/287 3056/1095/286
f 3058/1074/591 3062/1074/590 3061/1096/321 3059/1096/287
f 3048/1097/311 3053/1098/53 3068/1099/593 3063/1099/285
f 3069/1073/589 3065/1073/592 3067/1100/586 3070/1100/275
f 3066/1070/310 3064/1069/291 3063/1101/285 3067/1102/586
f 3039/1079/534 3048/1085/311 3064/1087/291 3055/1080/295
f 3065/1088/592 3058/1083/591 3057/1082/584 3066/1089/310
f 3028/1014/16 3029/1025/16 3031/1024/16 3032/1011/16
f 3018/1020/21 3033/1020/21 3025/1021/21
f 3092/1103/594 3094/1104/595 3071/1105/34
f 3093/1106/596 3078/1107/596 3077/1108/597 3091/1109/597
f 3083/1110/598 3073/1111/598 3072/1112/599 3081/1113/599
f 3087/1114/600 3075/1115/600 3074/1116/601 3085/1117/601
f 3077/1118/602 3090/1119/602 3088/1120/603 3076/1121/603
f 3079/1122/604 3094/1104/604 3092/1103/605 3078/1123/605
f 3074/1124/606 3084/1125/606 3082/1126/607 3073/1127/607
f 3072/1128/608 3080/1129/608 3094/1104/604 3079/1122/604
f 3073/1127/607 3082/1126/607 3080/1129/608 3072/1128/608
f 3075/1130/609 3086/1131/609 3084/1125/606 3074/1124/606
f 3095/1132/610 3079/1133/610 3078/1107/596 3093/1106/596
f 3094/1104/595 3080/1129/611 3071/1105/34
f 3089/1134/612 3076/1135/612 3075/1115/600 3087/1114/600
f 3076/1121/603 3088/1120/603 3086/1131/609 3075/1130/609
f 3081/1113/599 3072/1112/599 3079/1133/610 3095/1132/610
f 3088/1120/613 3090/1119/614 3071/1105/34
f 3078/1123/605 3092/1103/605 3090/1119/602 3077/1118/602
f 3085/1117/601 3074/1116/601 3073/1111/598 3083/1110/598
f 3091/1109/597 3077/1108/597 3076/1135/612 3089/1134/612
f 3084/1125/615 3086/1131/616 3071/1105/34
f 3082/1126/617 3084/1125/615 3071/1105/34
f 3086/1131/616 3088/1120/613 3071/1105/34
f 3080/1129/611 3082/1126/617 3071/1105/34
f 3090/1119/614 3092/1103/594 3071/1105/34
f 3117/1103/594 3119/1104/595 3096/1105/34
f 3118/1106/596 3103/1107/596 3102/1108/681 3116/1109/681
f 3108/1110/598 3098/1111/598 3097/1112/599 3106/1113/599
f 3112/1114/600 3100/1115/600 3099/1116/601 3110/1117/601
f 3102/1118/602 3115/1119/602 3113/1120/603 3101/1121/603
f 3104/1122/604 3119/1104/604 3117/1103/605 3103/1123/605
f 3099/1124/606 3109/1125/606 3107/1126/607 3098/1127/607
f 3097/1128/608 3105/1129/608 3119/1104/604 3104/1122/604
f 3098/1127/607 3107/1126/607 3105/1129/608 3097/1128/608
f 3100/1130/609 3111/1131/609 3109/1125/606 3099/1124/606
f 3120/1132/610 3104/1133/610 3103/1107/596 3118/1106/596
f 3119/1104/595 3105/1129/611 3096/1105/34
f 3114/1134/612 3101/1135/612 3100/1115/600 3112/1114/600
f 3101/1121/603 3113/1120/603 3111/1131/609 3100/1130/609
f 3106/1113/599 3097/1112/599 3104/1133/610 3120/1132/610
f 3113/1120/613 3115/1119/614 3096/1105/34
f 3103/1123/605 3117/1103/605 3115/1119/602 3102/1118/602
f 3110/1117/601 3099/1116/601 3098/1111/598 3108/1110/598
f 3116/1109/681 3102/1108/681 3101/1135/612 3114/1134/612
f 3109/1125/615 3111/1131/616 3096/1105/34
f 3107/1126/617 3109/1125/615 3096/1105/34
f 3111/1131/616 3113/1120/613 3096/1105/34
f 3105/1129/611 3107/1126/617 3096/1105/34
f 3115/1119/614 3117/1103/594 3096/1105/34
f 3121/999/21 3122/1000/21 3124/1001/21 3123/1002/21
f 3123/1002/1 3124/1001/1 3128/1003/1 3127/1004/1
f 3127/1004/16 3128/1003/16 3126/1005/16 3125/1006/16
f 3125/1006/34 3126/1005/34 3122/1000/34 3121/999/34
f 3123/1007/37 3127/1008/37 3125/1009/37 3121/1010/37
f 3126/1011/16 3128/1012/16 3131/1013/16 3132/1014/16
f 3131/1015/38 3130/1016/38 3129/1017/38 3132/1018/38
f 3124/1019/21 3122/1020/21 3129/1021/21 3130/1022/21
f 3128/1012/1 3124/1019/1 3130/1022/1 3131/1013/1
f 3138/1023/579 3135/1024/579 3133/1025/580 3134/1026/580
f 3132/1027/7 3129/1028/7 3134/1029/580 3133/1030/580
f 3126/1011/16 3132/1014/16 3136/1011/16
f 3135/1031/579 3138/1032/579 3137/1033/581 3136/1034/581
f 3122/1035/37 3126/1036/37 3136/1036/581 3137/1035/581
f 3137/1020/21 3138/1023/21 3134/1026/21 3129/1021/21
f 3151/1037/291 3153/1038/310 3142/1039/34 3140/1040/34
f 3141/1041/286 3144/1042/287 3147/1042/21 3146/1041/582
f 3155/1043/16 3158/1044/16 3154/1044/16 3150/1043/16
f 3139/1045/294 3140/1046/583 3141/1047/286
f 3142/1048/584 3143/1049/533 3144/1050/287
f 3149/1051/290 3150/1052/585 3151/1053/291
f 3152/1054/292 3153/1055/310 3154/1056/586
f 3145/1057/587 3139/1057/294 3141/1058/286 3146/1058/582
f 3140/1040/583 3142/1039/584 3144/1059/287 3141/1060/286
f 3143/1061/533 3148/1061/321 3147/1062/321 3144/1062/287
f 3149/1063/290 3156/1063/588 3155/1064/53 3150/1064/585
f 3157/1065/275 3152/1065/292 3154/1066/586 3158/1066/275
f 3153/1038/310 3151/1037/291 3150/1067/585 3154/1068/586
f 3139/1045/294 3149/1051/290 3151/1053/291 3140/1046/583
f 3152/1054/292 3143/1049/533 3142/1048/584 3153/1055/310
f 3145/1057/587 3156/1063/588 3149/1063/290 3139/1057/294
f 3168/1069/291 3170/1070/310 3161/1071/34 3159/1072/295
f 3173/1073/589 3166/1074/590 3162/1074/591 3169/1073/592
f 3160/1075/286 3163/1076/287 3165/1076/21 3164/1075/582
f 3172/1077/593 3174/1078/16 3171/1078/16 3167/1077/285
f 3143/1079/534 3159/1080/295 3160/1081/286
f 3161/1082/584 3162/1083/591 3163/1084/287
f 3152/1085/311 3167/1086/285 3168/1087/291
f 3169/1088/592 3170/1089/310 3171/1090/586
f 3148/1091/320 3143/1092/534 3160/1093/286 3164/1093/582
f 3159/1072/295 3161/1071/584 3163/1094/287 3160/1095/286
f 3162/1074/591 3166/1074/590 3165/1096/321 3163/1096/287
f 3152/1097/311 3157/1098/53 3172/1099/593 3167/1099/285
f 3173/1073/589 3169/1073/592 3171/1100/586 3174/1100/275
f 3170/1070/310 3168/1069/291 3167/1101/285 3171/1102/586
f 3143/1079/534 3152/1085/311 3168/1087/291 3159/1080/295
f 3169/1088/592 3162/1083/591 3161/1082/584 3170/1089/310
f 3132/1014/16 3133/1025/16 3135/1024/16 3136/1011/16
f 3122/1020/21 3137/1020/21 3129/1021/21
f 3196/1103/594 3198/1104/595 3175/1105/34
f 3197/1106/596 3182/1107/596 3181/1108/597 3195/1109/597
f 3187/1110/598 3177/1111/598 3176/1112/599 3185/1113/599
f 3191/1114/600 3179/1115/600 3178/1116/601 3189/1117/601
f 3181/1118/602 3194/1119/602 3192/1120/603 3180/1121/603
f 3183/1122/604 3198/1104/604 3196/1103/605 3182/1123/605
f 3178/1124/606 3188/1125/606 3186/1126/607 3177/1127/607
f 3176/1128/608 3184/1129/608 3198/1104/604 3183/1122/604
f 3177/1127/607 3186/1126/607 3184/1129/608 3176/1128/608
f 3179/1130/609 3190/1131/609 3188/1125/606 3178/1124/606
f 3199/1132/610 3183/1133/610 3182/1107/596 3197/1106/596
f 3198/1104/595 3184/1129/611 3175/1105/34
f 3193/1134/612 3180/1135/612 3179/1115/600 3191/1114/600
f 3180/1121/603 3192/1120/603 3190/1131/609 3179/1130/609
f 3185/1113/599 3176/1112/599 3183/1133/610 3199/1132/610
f 3192/1120/613 3194/1119/614 3175/1105/34
f 3182/1123/605 3196/1103/605 3194/1119/602 3181/1118/602
f 3189/1117/601 3178/1116/601 3177/1111/598 3187/1110/598
f 3195/1109/597 3181/1108/597 3180/1135/612 3193/1134/612
f 3188/1125/615 3190/1131/616 3175/1105/34
f 3186/1126/617 3188/1125/615 3175/1105/34
f 3190/1131/616 3192/1120/613 3175/1105/34
f 3184/1129/611 3186/1126/617 3175/1105/34
f 3194/1119/614 3196/1103/594 3175/1105/34
f 3221/1103/594 3223/1104/595 3200/1105/34
f 3222/1106/596 3207/1107/596 3206/1108/597 3220/1109/597
f 3212/1110/598 3202/1111/598 3201/1112/599 3210/1113/599
f 3216/1114/600 3204/1115/600 3203/1116/601 3214/1117/601
f 3206/1118/602 3219/1119/602 3217/1120/603 3205/1121/603
f 3208/1122/604 3223/1104/604 3221/1103/605 3207/1123/605
f 3203/1124/606 3213/1125/606 3211/1126/607 3202/1127/607
f 3201/1128/608 3209/1129/608 3223/1104/604 3208/1122/604
f 3202/1127/607 3211/1126/607 3209/1129/608 3201/1128/608
f 3204/1130/609 3215/1131/609 3213/1125/606 3203/1124/606
f 3224/1132/610 3208/1133/610 3207/1107/596 3222/1106/596
f 3223/1104/595 3209/1129/611 3200/1105/34
f 3218/1134/612 3205/1135/612 3204/1115/600 3216/1114/600
f 3205/1121/603 3217/1120/603 3215/1131/609 3204/1130/609
f 3210/1113/599 3201/1112/599 3208/1133/610 3224/1132/610
f 3217/1120/613 3219/1119/614 3200/1105/34
f 3207/1123/605 3221/1103/605 3219/1119/602 3206/1118/602
f 3214/1117/601 3203/1116/601 3202/1111/598 3212/1110/598
f 3220/1109/597 3206/1108/597 3205/1135/612 3218/1134/612
f 3213/1125/615 3215/1131/616 3200/1105/34
f 3211/1126/617 3213/1125/615 3200/1105/34
f 3215/1131/616 3217/1120/613 3200/1105/34
f 3209/1129/611 3211/1126/617 3200/1105/34
f 3219/1119/614 3221/1103/594 3200/1105/34
f 3225/999/21 3226/1000/21 3228/1001/21 3227/1002/21
f 3227/1002/1 3228/1001/1 3232/1003/1 3231/1004/1
f 3231/1004/16 3232/1003/16 3230/1005/16 3229/1006/16
f 3229/1006/34 3230/1005/34 3226/1000/34 3225/999/34
f 3227/1007/37 3231/1008/37 3229/1009/37 3225/1010/37
f 3230/1011/16 3232/1012/16 3235/1013/16 3236/1014/16
f 3235/1015/38 3234/1016/38 3233/1017/38 3236/1018/38
f 3228/1019/21 3226/1020/21 3233/1021/21 3234/1022/21
f 3232/1012/1 3228/1019/1 3234/1022/1 3235/1013/1
f 3242/1023/579 3239/1024/579 3237/1025/580 3238/1026/580
f 3236/1027/7 3233/1028/7 3238/1029/580 3237/1030/580
f 3230/1011/16 3236/1014/16 3240/1011/16
f 3239/1031/579 3242/1032/579 3241/1033/581 3240/1034/581
f 3226/1035/37 3230/1036/37 3240/1036/581 3241/1035/581
f 3241/1020/21 3242/1023/21 3238/1026/21 3233/1021/21
f 3255/1037/291 3257/1038/310 3246/1039/34 3244/1040/34
f 3245/1041/286 3248/1042/287 3251/1042/21 3250/1041/582
f 3259/1043/16 3262/1044/16 3258/1044/16 3254/1043/16
f 3243/1045/294 3244/1046/583 3245/1047/286
f 3246/1048/584 3247/1049/533 3248/1050/287
f 3253/1051/290 3254/1052/585 3255/1053/291
f 3256/1054/292 3257/1055/310 3258/1056/586
f 3249/1057/587 3243/1057/294 3245/1058/286 3250/1058/582
f 3244/1040/583 3246/1039/584 3248/1059/287 3245/1060/286
f 3247/1061/533 3252/1061/321 3251/1062/321 3248/1062/287
f 3253/1063/290 3260/1063/588 3259/1064/53 3254/1064/585
f 3261/1065/275 3256/1065/292 3258/1066/586 3262/1066/275
f 3257/1038/310 3255/1037/291 3254/1067/585 3258/1068/586
f 3243/1045/294 3253/1051/290 3255/1053/291 3244/1046/583
f 3256/1054/292 3247/1049/533 3246/1048/584 3257/1055/310
f 3249/1057/587 3260/1063/588 3253/1063/290 3243/1057/294
f 3272/1069/291 3274/1070/310 3265/1071/34 3263/1072/295
f 3277/1073/589 3270/1074/590 3266/1074/591 3273/1073/592
f 3264/1075/286 3267/1076/287 3269/1076/21 3268/1075/582
f 3276/1077/593 3278/1078/16 3275/1078/16 3271/1077/285
f 3247/1079/534 3263/1080/295 3264/1081/286
f 3265/1082/584 3266/1083/591 3267/1084/287
f 3256/1085/311 3271/1086/285 3272/1087/291
f 3273/1088/592 3274/1089/310 3275/1090/586
f 3252/1091/320 3247/1092/534 3264/1093/286 3268/1093/582
f 3263/1072/295 3265/1071/584 3267/1094/287 3264/1095/286
f 3266/1074/591 3270/1074/590 3269/1096/321 3267/1096/287
f 3256/1097/311 3261/1098/53 3276/1099/593 3271/1099/285
f 3277/1073/589 3273/1073/592 3275/1100/586 3278/1100/275
f 3274/1070/310 3272/1069/291 3271/1101/285 3275/1102/586
f 3247/1079/534 3256/1085/311 3272/1087/291 3263/1080/295
f 3273/1088/592 3266/1083/591 3265/1082/584 3274/1089/310
f 3236/1014/16 3237/1025/16 3239/1024/16 3240/1011/16
f 3226/1020/21 3241/1020/21 3233/1021/21
f 3300/1103/594 3302/1104/595 3279/1105/34
f 3301/1106/596 3286/1107/596 3285/1108/597 3299/1109/597
f 3291/1110/598 3281/1111/598 3280/1112/599 3289/1113/599
f 3295/1114/600 3283/1115/600 3282/1116/601 3293/1117/601
f 3285/1118/602 3298/1119/602 3296/1120/603 3284/1121/603
f 3287/1122/604 3302/1104/604 3300/1103/605 3286/1123/605
f 3282/1124/606 3292/1125/606 3290/1126/607 3281/1127/607
f 3280/1128/608 3288/1129/608 3302/1104/604 3287/1122/604
f 3281/1127/607 3290/1126/607 3288/1129/608 3280/1128/608
f 3283/1130/609 3294/1131/609 3292/1125/606 3282/1124/606
f 3303/1132/610 3287/1133/610 3286/1107/596 3301/1106/596
f 3302/1104/595 3288/1129/611 3279/1105/34
f 3297/1134/612 3284/1135/612 3283/1115/600 3295/1114/600
f 3284/1121/603 3296/1120/603 3294/1131/609 3283/1130/609
f 3289/1113/599 3280/1112/599 3287/1133/610 3303/1132/610
f 3296/1120/613 3298/1119/614 3279/1105/34
f 3286/1123/605 3300/1103/605 3298/1119/602 3285/1118/602
f 3293/1117/601 3282/1116/601 3281/1111/598 3291/1110/598
f 3299/1109/597 3285/1108/597 3284/1135/612 3297/1134/612
f 3292/1125/615 3294/1131/616 3279/1105/34
f 3290/1126/617 3292/1125/615 3279/1105/34
f 3294/1131/616 3296/1120/613 3279/1105/34
f 3288/1129/611 3290/1126/617 3279/1105/34
f 3298/1119/614 3300/1103/594 3279/1105/34
f 3325/1103/594 3327/1104/595 3304/1105/34
f 3326/1106/596 3311/1107/596 3310/1108/597 3324/1109/597
f 3316/1110/598 3306/1111/598 3305/1112/599 3314/1113/599
f 3320/1114/600 3308/1115/600 3307/1116/601 3318/1117/601
f 3310/1118/602 3323/1119/602 3321/1120/603 3309/1121/603
f 3312/1122/604 3327/1104/604 3325/1103/605 3311/1123/605
f 3307/1124/606 3317/1125/606 3315/1126/607 3306/1127/607
f 3305/1128/608 3313/1129/608 3327/1104/604 3312/1122/604
f 3306/1127/607 3315/1126/607 3313/1129/608 3305/1128/608
f 3308/1130/609 3319/1131/609 3317/1125/606 3307/1124/606
f 3328/1132/610 3312/1133/610 3311/1107/596 3326/1106/596
f 3327/1104/595 3313/1129/611 3304/1105/34
f 3322/1134/612 3309/1135/612 3308/1115/600 3320/1114/600
f 3309/1121/603 3321/1120/603 3319/1131/609 3308/1130/609
f 3314/1113/599 3305/1112/599 3312/1133/610 3328/1132/610
f 3321/1120/613 3323/1119/614 3304/1105/34
f 3311/1123/605 3325/1103/605 3323/1119/602 3310/1118/602
f 3318/1117/601 3307/1116/601 3306/1111/598 3316/1110/598
f 3324/1109/597 3310/1108/597 3309/1135/612 3322/1134/612
f 3317/1125/615 3319/1131/616 3304/1105/34
f 3315/1126/617 3317/1125/615 3304/1105/34
f 3319/1131/616 3321/1120/613 3304/1105/34
f 3313/1129/611 3315/1126/617 3304/1105/34
f 3323/1119/614 3325/1103/594 3304/1105/34
f 3329/999/21 3330/1000/21 3332/1001/21 3331/1002/21
f 3331/1002/1 3332/1001/1 3336/1003/1 3335/1004/1
f 3335/1004/16 3336/1003/16 3334/1005/16 3333/1006/16
f 3333/1006/34 3334/1005/34 3330/1000/34 3329/999/34
f 3331/1007/37 3335/1008/37 3333/1009/37 3329/1010/37
f 3334/1011/16 3336/1012/16 3339/1013/16 3340/1014/16
f 3339/1015/38 3338/1016/38 3337/1017/38 3340/1018/38
f 3332/1019/21 3330/1020/21 3337/1021/21 3338/1022/21
f 3336/1012/1 3332/1019/1 3338/1022/1 3339/1013/1
f 3346/1023/579 3343/1024/579 3341/1025/580 3342/1026/580
f 3340/1027/7 3337/1028/7 3342/1029/580 3341/1030/580
f 3334/1011/16 3340/1014/16 3344/1011/16
f 3343/1031/579 3346/1032/579 3345/1033/581 3344/1034/581
f 3330/1035/37 3334/1036/37 3344/1036/581 3345/1035/581
f 3345/1020/21 3346/1023/21 3342/1026/21 3337/1021/21
f 3359/1037/291 3361/1038/310 3350/1039/34 3348/1040/34
f 3349/1041/286 3352/1042/287 3355/1042/21 3354/1041/582
f 3363/1043/16 3366/1044/16 3362/1044/16 3358/1043/16
f 3347/1045/294 3348/1046/583 3349/1047/286
f 3350/1048/584 3351/1049/533 3352/1050/287
f 3357/1051/290 3358/1052/585 3359/1053/291
f 3360/1054/292 3361/1055/310 3362/1056/586
f 3353/1057/587 3347/1057/294 3349/1058/286 3354/1058/582
f 3348/1040/583 3350/1039/584 3352/1059/287 3349/1060/286
f 3351/1061/533 3356/1061/321 3355/1062/321 3352/1062/287
f 3357/1063/290 3364/1063/588 3363/1064/53 3358/1064/585
f 3365/1065/275 3360/1065/292 3362/1066/586 3366/1066/275
f 3361/1038/310 3359/1037/291 3358/1067/585 3362/1068/586
f 3347/1045/294 3357/1051/290 3359/1053/291 3348/1046/583
f 3360/1054/292 3351/1049/533 3350/1048/584 3361/1055/310
f 3353/1057/587 3364/1063/588 3357/1063/290 3347/1057/294
f 3376/1069/291 3378/1070/310 3369/1071/34 3367/1072/295
f 3381/1073/589 3374/1074/590 3370/1074/591 3377/1073/592
f 3368/1075/286 3371/1076/287 3373/1076/21 3372/1075/582
f 3380/1077/593 3382/1078/16 3379/1078/16 3375/1077/285
f 3351/1079/534 3367/1080/295 3368/1081/286
f 3369/1082/584 3370/1083/591 3371/1084/287
f 3360/1085/311 3375/1086/285 3376/1087/291
f 3377/1088/592 3378/1089/310 3379/1090/586
f 3356/1091/320 3351/1092/534 3368/1093/286 3372/1093/582
f 3367/1072/295 3369/1071/584 3371/1094/287 3368/1095/286
f 3370/1074/591 3374/1074/590 3373/1096/321 3371/1096/287
f 3360/1097/311 3365/1098/53 3380/1099/593 3375/1099/285
f 3381/1073/589 3377/1073/592 3379/1100/586 3382/1100/275
f 3378/1070/310 3376/1069/291 3375/1101/285 3379/1102/586
f 3351/1079/534 3360/1085/311 3376/1087/291 3367/1080/295
f 3377/1088/592 3370/1083/591 3369/1082/584 3378/1089/310
f 3340/1014/16 3341/1025/16 3343/1024/16 3344/1011/16
f 3330/1020/21 3345/1020/21 3337/1021/21
f 3404/1103/594 3406/1104/595 3383/1105/34
f 3405/1106/596 3390/1107/596 3389/1108/597 3403/1109/597
f 3395/1110/598 3385/1111/598 3384/1112/599 3393/1113/599
f 3399/1114/600 3387/1115/600 3386/1116/601 3397/1117/601
f 3389/1118/602 3402/1119/602 3400/1120/603 3388/1121/603
f 3391/1122/604 3406/1104/604 3404/1103/605 3390/1123/605
f 3386/1124/606 3396/1125/606 3394/1126/607 3385/1127/607
f 3384/1128/608 3392/1129/608 3406/1104/604 3391/1122/604
f 3385/1127/607 3394/1126/607 3392/1129/608 3384/1128/608
f 3387/1130/609 3398/1131/609 3396/1125/606 3386/1124/606
f 3407/1132/610 3391/1133/610 3390/1107/596 3405/1106/596
f 3406/1104/595 3392/1129/611 3383/1105/34
f 3401/1134/612 3388/1135/612 3387/1115/600 3399/1114/600
f 3388/1121/603 3400/1120/603 3398/1131/609 3387/1130/609
f 3393/1113/599 3384/1112/599 3391/1133/610 3407/1132/610
f 3400/1120/613 3402/1119/614 3383/1105/34
f 3390/1123/605 3404/1103/605 3402/1119/602 3389/1118/602
f 3397/1117/601 3386/1116/601 3385/1111/598 3395/1110/598
f 3403/1109/597 3389/1108/597 3388/1135/612 3401/1134/612
f 3396/1125/615 3398/1131/616 3383/1105/34
f 3394/1126/617 3396/1125/615 3383/1105/34
f 3398/1131/616 3400/1120/613 3383/1105/34
f 3392/1129/611 3394/1126/617 3383/1105/34
f 3402/1119/614 3404/1103/594 3383/1105/34
f 3429/1103/594 3431/1104/595 3408/1105/34
f 3430/1106/596 3415/1107/596 3414/1108/597 3428/1109/597
f 3420/1110/598 3410/1111/598 3409/1112/599 3418/1113/599
f 3424/1114/600 3412/1115/600 3411/1116/601 3422/1117/601
f 3414/1118/602 3427/1119/602 3425/1120/603 3413/1121/603
f 3416/1122/604 3431/1104/604 3429/1103/605 3415/1123/605
f 3411/1124/606 3421/1125/606 3419/1126/607 3410/1127/607
f 3409/1128/608 3417/1129/608 3431/1104/604 3416/1122/604
f 3410/1127/607 3419/1126/607 3417/1129/608 3409/1128/608
f 3412/1130/609 3423/1131/609 3421/1125/606 3411/1124/606
f 3432/1132/610 3416/1133/610 3415/1107/596 3430/1106/596
f 3431/1104/595 3417/1129/611 3408/1105/34
f 3426/1134/612 3413/1135/612 3412/1115/600 3424/1114/600
f 3413/1121/603 3425/1120/603 3423/1131/609 3412/1130/609
f 3418/1113/599 3409/1112/599 3416/1133/610 3432/1132/610
f 3425/1120/613 3427/1119/614 3408/1105/34
f 3415/1123/605 3429/1103/605 3427/1119/602 3414/1118/602
f 3422/1117/601 3411/1116/601 3410/1111/598 3420/1110/598
f 3428/1109/597 3414/1108/597 3413/1135/612 3426/1134/612
f 3421/1125/615 3423/1131/616 3408/1105/34
f 3419/1126/617 3421/1125/615 3408/1105/34
f 3423/1131/616 3425/1120/613 3408/1105/34
f 3417/1129/611 3419/1126/617 3408/1105/34
f 3427/1119/614 3429/1103/594 3408/1105/34
f 3433/999/16 3434/1000/16 3436/1001/16 3435/1002/16
f 3435/1002/34 3436/1001/34 3440/1003/34 3439/1004/34
f 3439/1004/21 3440/1003/21 3438/1005/21 3437/1006/21
f 3437/1006/1 3438/1005/1 3434/1000/1 3433/999/1
f 3435/1007/37 3439/1008/37 3437/1009/37 3433/1010/37
f 3438/1011/21 3440/1012/21 3443/1013/21 3444/1014/21
f 3443/1015/38 3442/1016/38 3441/1017/38 3444/1018/38
f 3436/1019/16 3434/1020/16 3441/1021/16 3442/1022/16
f 3440/1012/34 3436/1019/34 3442/1022/34 3443/1013/34
f 3450/1023/618 3447/1024/618 3445/1025/619 3446/1026/619
f 3444/1027/14 3441/1028/14 3446/1029/619 3445/1030/619
f 3438/1011/21 3444/1014/21 3448/1011/21
f 3447/1031/618 3450/1032/618 3449/1033/620 3448/1034/620
f 3434/1035/37 3438/1036/37 3448/1036/620 3449/1035/620
f 3449/1020/16 3450/1023/16 3446/1026/16 3441/1021/16
f 3463/1037/306 3465/1038/307 3454/1039/1 3452/1040/1
f 3453/1041/282 3456/1042/283 3459/1042/16 3458/1041/593
f 3467/1043/21 3470/1044/21 3466/1044/21 3462/1043/21
f 3451/1045/298 3452/1046/299 3453/1047/282
f 3454/1048/301 3455/1049/300 3456/1050/283
f 3461/1051/302 3462/1052/621 3463/1053/306
f 3464/1054/304 3465/1055/307 3466/1056/622
f 3457/1057/588 3451/1057/298 3453/1058/282 3458/1058/593
f 3452/1040/299 3454/1039/301 3456/1059/283 3453/1060/282
f 3455/1061/300 3460/1061/275 3459/1062/275 3456/1062/283
f 3461/1063/302 3468/1063/587 3467/1064/320 3462/1064/621
f 3469/1065/321 3464/1065/304 3466/1066/622 3470/1066/321
f 3465/1038/307 3463/1037/306 3462/1067/621 3466/1068/622
f 3451/1045/298 3461/1051/302 3463/1053/306 3452/1046/299
f 3464/1054/304 3455/1049/300 3454/1048/301 3465/1055/307
f 3457/1057/588 3468/1063/587 3461/1063/302 3451/1057/298
f 3480/1069/306 3482/1070/307 3473/1071/1 3471/1072/309
f 3485/1073/590 3478/1074/589 3474/1074/623 3481/1073/624
f 3472/1075/282 3475/1076/283 3477/1076/16 3476/1075/593
f 3484/1077/582 3486/1078/21 3483/1078/21 3479/1077/289
f 3455/1079/313 3471/1080/309 3472/1081/282
f 3473/1082/301 3474/1083/623 3475/1084/283
f 3464/1085/314 3479/1086/289 3480/1087/306
f 3481/1088/624 3482/1089/307 3483/1090/622
f 3460/1091/53 3455/1092/313 3472/1093/282 3476/1093/593
f 3471/1072/309 3473/1071/301 3475/1094/283 3472/1095/282
f 3474/1074/623 3478/1074/589 3477/1096/275 3475/1096/283
f 3464/1097/314 3469/1098/320 3484/1099/582 3479/1099/289
f 3485/1073/590 3481/1073/624 3483/1100/622 3486/1100/321
f 3482/1070/307 3480/1069/306 3479/1101/289 3483/1102/622
f 3455/1079/313 3464/1085/314 3480/1087/306 3471/1080/309
f 3481/1088/624 3474/1083/623 3473/1082/301 3482/1089/307
f 3444/1014/21 3445/1025/21 3447/1024/21 3448/1011/21
f 3434/1020/16 3449/1020/16 3441/1021/16
f 3508/1103/625 3510/1104/626 3487/1105/1
f 3509/1106/627 3494/1107/627 3493/1108/607 3507/1109/607
f 3499/1110/602 3489/1111/602 3488/1112/605 3497/1113/605
f 3503/1114/609 3491/1115/609 3490/1116/603 3501/1117/603
f 3493/1118/598 3506/1119/598 3504/1120/601 3492/1121/601
f 3495/1122/610 3510/1104/610 3508/1103/630 3494/1123/630
f 3490/1124/612 3500/1125/612 3498/1126/597 3489/1127/597
f 3488/1128/631 3496/1129/631 3510/1104/610 3495/1122/610
f 3489/1127/597 3498/1126/597 3496/1129/631 3488/1128/631
f 3491/1130/600 3502/1131/600 3500/1125/612 3490/1124/612
f 3511/1132/604 3495/1133/604 3494/1107/627 3509/1106/627
f 3510/1104/626 3496/1129/632 3487/1105/1
f 3505/1134/606 3492/1135/606 3491/1115/609 3503/1114/609
f 3492/1121/601 3504/1120/601 3502/1131/600 3491/1130/600
f 3497/1113/605 3488/1112/605 3495/1133/604 3511/1132/604
f 3504/1120/633 3506/1119/682 3487/1105/1
f 3494/1123/630 3508/1103/630 3506/1119/598 3493/1118/598
f 3501/1117/603 3490/1116/603 3489/1111/602 3499/1110/602
f 3507/1109/607 3493/1108/607 3492/1135/606 3505/1134/606
f 3500/1125/635 3502/1131/636 3487/1105/1
f 3498/1126/637 3500/1125/635 3487/1105/1
f 3502/1131/636 3504/1120/633 3487/1105/1
f 3496/1129/632 3498/1126/637 3487/1105/1
f 3506/1119/682 3508/1103/625 3487/1105/1
f 3533/1103/625 3535/1104/626 3512/1105/1
f 3534/1106/627 3519/1107/627 3518/1108/607 3532/1109/607
f 3524/1110/602 3514/1111/602 3513/1112/605 3522/1113/605
f 3528/1114/609 3516/1115/609 3515/1116/603 3526/1117/603
f 3518/1118/598 3531/1119/598 3529/1120/601 3517/1121/601
f 3520/1122/610 3535/1104/610 3533/1103/630 3519/1123/630
f 3515/1124/612 3525/1125/612 3523/1126/597 3514/1127/597
f 3513/1128/631 3521/1129/631 3535/1104/610 3520/1122/610
f 3514/1127/597 3523/1126/597 3521/1129/631 3513/1128/631
f 3516/1130/600 3527/1131/600 3525/1125/612 3515/1124/612
f 3536/1132/604 3520/1133/604 3519/1107/627 3534/1106/627
f 3535/1104/626 3521/1129/632 3512/1105/1
f 3530/1134/606 3517/1135/606 3516/1115/609 3528/1114/609
f 3517/1121/601 3529/1120/601 3527/1131/600 3516/1130/600
f 3522/1113/605 3513/1112/605 3520/1133/604 3536/1132/604
f 3529/1120/633 3531/1119/682 3512/1105/1
f 3519/1123/630 3533/1103/630 3531/1119/598 3518/1118/598
f 3526/1117/603 3515/1116/603 3514/1111/602 3524/1110/602
f 3532/1109/607 3518/1108/607 3517/1135/606 3530/1134/606
f 3525/1125/635 3527/1131/636 3512/1105/1
f 3523/1126/637 3525/1125/635 3512/1105/1
f 3527/1131/636 3529/1120/633 3512/1105/1
f 3521/1129/632 3523/1126/637 3512/1105/1
f 3531/1119/682 3533/1103/625 3512/1105/1
f 3537/999/16 3538/1000/16 3540/1001/16 3539/1002/16
f 3539/1002/34 3540/1001/34 3544/1003/34 3543/1004/34
f 3543/1004/21 3544/1003/21 3542/1005/21 3541/1006/21
f 3541/1006/1 3542/1005/1 3538/1000/1 3537/999/1
f 3539/1007/37 3543/1008/37 3541/1009/37 3537/1010/37
f 3542/1011/21 3544/1012/21 3547/1013/21 3548/1014/21
f 3547/1015/38 3546/1016/38 3545/1017/38 3548/1018/38
f 3540/1019/16 3538/1020/16 3545/1021/16 3546/1022/16
f 3544/1012/34 3540/1019/34 3546/1022/34 3547/1013/34
f 3554/1023/618 3551/1024/618 3549/1025/619 3550/1026/619
f 3548/1027/14 3545/1028/14 3550/1029/619 3549/1030/619
f 3542/1011/21 3548/1014/21 3552/1011/21
f 3551/1031/618 3554/1032/618 3553/1033/620 3552/1034/620
f 3538/1035/37 3542/1036/37 3552/1036/620 3553/1035/620
f 3553/1020/16 3554/1023/16 3550/1026/16 3545/1021/16
f 3567/1037/306 3569/1038/307 3558/1039/1 3556/1040/1
f 3557/1041/282 3560/1042/283 3563/1042/16 3562/1041/593
f 3571/1043/21 3574/1044/21 3570/1044/21 3566/1043/21
f 3555/1045/298 3556/1046/299 3557/1047/282
f 3558/1048/301 3559/1049/300 3560/1050/283
f 3565/1051/302 3566/1052/621 3567/1053/306
f 3568/1054/304 3569/1055/307 3570/1056/622
f 3561/1057/588 3555/1057/298 3557/1058/282 3562/1058/593
f 3556/1040/299 3558/1039/301 3560/1059/283 3557/1060/282
f 3559/1061/300 3564/1061/275 3563/1062/275 3560/1062/283
f 3565/1063/302 3572/1063/587 3571/1064/320 3566/1064/621
f 3573/1065/321 3568/1065/304 3570/1066/622 3574/1066/321
f 3569/1038/307 3567/1037/306 3566/1067/621 3570/1068/622
f 3555/1045/298 3565/1051/302 3567/1053/306 3556/1046/299
f 3568/1054/304 3559/1049/300 3558/1048/301 3569/1055/307
f 3561/1057/588 3572/1063/587 3565/1063/302 3555/1057/298
f 3584/1069/306 3586/1070/307 3577/1071/1 3575/1072/309
f 3589/1073/590 3582/1074/589 3578/1074/623 3585/1073/624
f 3576/1075/282 3579/1076/283 3581/1076/16 3580/1075/593
f 3588/1077/582 3590/1078/21 3587/1078/21 3583/1077/289
f 3559/1079/313 3575/1080/309 3576/1081/282
f 3577/1082/301 3578/1083/623 3579/1084/283
f 3568/1085/314 3583/1086/289 3584/1087/306
f 3585/1088/624 3586/1089/307 3587/1090/622
f 3564/1091/53 3559/1092/313 3576/1093/282 3580/1093/593
f 3575/1072/309 3577/1071/301 3579/1094/283 3576/1095/282
f 3578/1074/623 3582/1074/589 3581/1096/275 3579/1096/283
f 3568/1097/314 3573/1098/320 3588/1099/582 3583/1099/289
f 3589/1073/590 3585/1073/624 3587/1100/622 3590/1100/321
f 3586/1070/307 3584/1069/306 3583/1101/289 3587/1102/622
f 3559/1079/313 3568/1085/314 3584/1087/306 3575/1080/309
f 3585/1088/624 3578/1083/623 3577/1082/301 3586/1089/307
f 3548/1014/21 3549/1025/21 3551/1024/21 3552/1011/21
f 3538/1020/16 3553/1020/16 3545/1021/16
f 3612/1103/625 3614/1104/626 3591/1105/1
f 3613/1106/627 3598/1107/627 3597/1108/628 3611/1109/628
f 3603/1110/602 3593/1111/602 3592/1112/605 3601/1113/605
f 3607/1114/609 3595/1115/609 3594/1116/603 3605/1117/603
f 3597/1118/598 3610/1119/598 3608/1120/601 3596/1121/601
f 3599/1122/610 3614/1104/610 3612/1103/630 3598/1123/630
f 3594/1124/612 3604/1125/612 3602/1126/597 3593/1127/597
f 3592/1128/631 3600/1129/631 3614/1104/610 3599/1122/610
f 3593/1127/597 3602/1126/597 3600/1129/631 3592/1128/631
f 3595/1130/600 3606/1131/600 3604/1125/612 3594/1124/612
f 3615/1132/604 3599/1133/604 3598/1107/627 3613/1106/627
f 3614/1104/626 3600/1129/632 3591/1105/1
f 3609/1134/606 3596/1135/606 3595/1115/609 3607/1114/609
f 3596/1121/601 3608/1120/601 3606/1131/600 3595/1130/600
f 3601/1113/605 3592/1112/605 3599/1133/604 3615/1132/604
f 3608/1120/633 3610/1119/682 3591/1105/1
f 3598/1123/630 3612/1103/630 3610/1119/598 3597/1118/598
f 3605/1117/603 3594/1116/603 3593/1111/602 3603/1110/602
f 3611/1109/628 3597/1108/628 3596/1135/606 3609/1134/606
f 3604/1125/635 3606/1131/636 3591/1105/1
f 3602/1126/637 3604/1125/635 3591/1105/1
f 3606/1131/636 3608/1120/633 3591/1105/1
f 3600/1129/632 3602/1126/637 3591/1105/1
f 3610/1119/682 3612/1103/625 3591/1105/1
f 3637/1103/625 3639/1104/626 3616/1105/1
f 3638/1106/627 3623/1107/627 3622/1108/628 3636/1109/628
f 3628/1110/602 3618/1111/602 3617/1112/605 3626/1113/629
f 3632/1114/609 3620/1115/609 3619/1116/603 3630/1117/603
f 3622/1118/598 3635/1119/598 3633/1120/601 3621/1121/601
f 3624/1122/610 3639/1104/610 3637/1103/630 3623/1123/630
f 3619/1124/612 3629/1125/612 3627/1126/597 3618/1127/597
f 3617/1128/631 3625/1129/631 3639/1104/610 3624/1122/610
f 3618/1127/597 3627/1126/597 3625/1129/631 3617/1128/631
f 3620/1130/600 3631/1131/600 3629/1125/612 3619/1124/612
f 3640/1132/604 3624/1133/604 3623/1107/627 3638/1106/627
f 3639/1104/626 3625/1129/632 3616/1105/1
f 3634/1134/606 3621/1135/606 3620/1115/609 3632/1114/609
f 3621/1121/601 3633/1120/601 3631/1131/600 3620/1130/600
f 3626/1113/629 3617/1112/605 3624/1133/604 3640/1132/604
f 3633/1120/633 3635/1119/682 3616/1105/1
f 3623/1123/630 3637/1103/630 3635/1119/598 3622/1118/598
f 3630/1117/603 3619/1116/603 3618/1111/602 3628/1110/602
f 3636/1109/628 3622/1108/628 3621/1135/606 3634/1134/606
f 3629/1125/635 3631/1131/636 3616/1105/1
f 3627/1126/637 3629/1125/635 3616/1105/1
f 3631/1131/636 3633/1120/633 3616/1105/1
f 3625/1129/632 3627/1126/637 3616/1105/1
f 3635/1119/682 3637/1103/625 3616/1105/1
f 3641/999/16 3642/1000/16 3644/1001/16 3643/1002/16
f 3643/1002/34 3644/1001/34 3648/1003/34 3647/1004/34
f 3647/1004/21 3648/1003/21 3646/1005/21 3645/1006/21
f 3645/1006/1 3646/1005/1 3642/1000/1 3641/999/1
f 3643/1007/37 3647/1008/37 3645/1009/37 3641/1010/37
f 3646/1011/21 3648/1012/21 3651/1013/21 3652/1014/21
f 3651/1015/38 3650/1016/38 3649/1017/38 3652/1018/38
f 3644/1019/16 3642/1020/16 3649/1021/16 3650/1022/16
f 3648/1012/34 3644/1019/34 3650/1022/34 3651/1013/34
f 3658/1023/618 3655/1024/618 3653/1025/619 3654/1026/619
f 3652/1027/14 3649/1028/14 3654/1029/619 3653/1030/619
f 3646/1011/21 3652/1014/21 3656/1011/21
f 3655/1031/618 3658/1032/618 3657/1033/620 3656/1034/620
f 3642/1035/37 3646/1036/37 3656/1036/620 3657/1035/620
f 3657/1020/16 3658/1023/16 3654/1026/16 3649/1021/16
f 3671/1037/306 3673/1038/307 3662/1039/1 3660/1040/1
f 3661/1041/282 3664/1042/283 3667/1042/16 3666/1041/593
f 3675/1043/21 3678/1044/21 3674/1044/21 3670/1043/21
f 3659/1045/298 3660/1046/299 3661/1047/282
f 3662/1048/301 3663/1049/300 3664/1050/283
f 3669/1051/302 3670/1052/621 3671/1053/306
f 3672/1054/304 3673/1055/307 3674/1056/622
f 3665/1057/588 3659/1057/298 3661/1058/282 3666/1058/593
f 3660/1040/299 3662/1039/301 3664/1059/283 3661/1060/282
f 3663/1061/300 3668/1061/275 3667/1062/275 3664/1062/283
f 3669/1063/302 3676/1063/587 3675/1064/320 3670/1064/621
f 3677/1065/321 3672/1065/304 3674/1066/622 3678/1066/321
f 3673/1038/307 3671/1037/306 3670/1067/621 3674/1068/622
f 3659/1045/298 3669/1051/302 3671/1053/306 3660/1046/299
f 3672/1054/304 3663/1049/300 3662/1048/301 3673/1055/307
f 3665/1057/588 3676/1063/587 3669/1063/302 3659/1057/298
f 3688/1069/306 3690/1070/307 3681/1071/1 3679/1072/309
f 3693/1073/590 3686/1074/589 3682/1074/623 3689/1073/624
f 3680/1075/282 3683/1076/283 3685/1076/16 3684/1075/593
f 3692/1077/582 3694/1078/21 3691/1078/21 3687/1077/289
f 3663/1079/313 3679/1080/309 3680/1081/282
f 3681/1082/301 3682/1083/623 3683/1084/283
f 3672/1085/314 3687/1086/289 3688/1087/306
f 3689/1088/624 3690/1089/307 3691/1090/622
f 3668/1091/53 3663/1092/313 3680/1093/282 3684/1093/593
f 3679/1072/309 3681/1071/301 3683/1094/283 3680/1095/282
f 3682/1074/623 3686/1074/589 3685/1096/275 3683/1096/283
f 3672/1097/314 3677/1098/320 3692/1099/582 3687/1099/289
f 3693/1073/590 3689/1073/624 3691/1100/622 3694/1100/321
f 3690/1070/307 3688/1069/306 3687/1101/289 3691/1102/622
f 3663/1079/313 3672/1085/314 3688/1087/306 3679/1080/309
f 3689/1088/624 3682/1083/623 3681/1082/301 3690/1089/307
f 3652/1014/21 3653/1025/21 3655/1024/21 3656/1011/21
f 3642/1020/16 3657/1020/16 3649/1021/16
f 3716/1103/625 3718/1104/683 3695/1105/1
f 3717/1106/627 3702/1107/627 3701/1108/628 3715/1109/628
f 3707/1110/602 3697/1111/602 3696/1112/605 3705/1113/605
f 3711/1114/609 3699/1115/609 3698/1116/603 3709/1117/603
f 3701/1118/598 3714/1119/598 3712/1120/601 3700/1121/601
f 3703/1122/610 3718/1104/610 3716/1103/630 3702/1123/630
f 3698/1124/612 3708/1125/612 3706/1126/597 3697/1127/597
f 3696/1128/631 3704/1129/631 3718/1104/610 3703/1122/610
f 3697/1127/597 3706/1126/597 3704/1129/631 3696/1128/631
f 3699/1130/600 3710/1131/600 3708/1125/612 3698/1124/612
f 3719/1132/604 3703/1133/604 3702/1107/627 3717/1106/627
f 3718/1104/683 3704/1129/632 3695/1105/1
f 3713/1134/606 3700/1135/606 3699/1115/609 3711/1114/609
f 3700/1121/601 3712/1120/601 3710/1131/600 3699/1130/600
f 3705/1113/605 3696/1112/605 3703/1133/604 3719/1132/604
f 3712/1120/633 3714/1119/634 3695/1105/1
f 3702/1123/630 3716/1103/630 3714/1119/598 3701/1118/598
f 3709/1117/603 3698/1116/603 3697/1111/602 3707/1110/602
f 3715/1109/628 3701/1108/628 3700/1135/606 3713/1134/606
f 3708/1125/635 3710/1131/684 3695/1105/1
f 3706/1126/637 3708/1125/635 3695/1105/1
f 3710/1131/684 3712/1120/633 3695/1105/1
f 3704/1129/632 3706/1126/637 3695/1105/1
f 3714/1119/634 3716/1103/625 3695/1105/1
f 3741/1103/625 3743/1104/683 3720/1105/1
f 3742/1106/627 3727/1107/627 3726/1108/628 3740/1109/628
f 3732/1110/602 3722/1111/602 3721/1112/605 3730/1113/605
f 3736/1114/609 3724/1115/609 3723/1116/603 3734/1117/603
f 3726/1118/598 3739/1119/598 3737/1120/601 3725/1121/601
f 3728/1122/610 3743/1104/610 3741/1103/630 3727/1123/630
f 3723/1124/612 3733/1125/612 3731/1126/597 3722/1127/597
f 3721/1128/631 3729/1129/631 3743/1104/610 3728/1122/610
f 3722/1127/597 3731/1126/597 3729/1129/631 3721/1128/631
f 3724/1130/600 3735/1131/600 3733/1125/612 3723/1124/612
f 3744/1132/604 3728/1133/604 3727/1107/627 3742/1106/627
f 3743/1104/683 3729/1129/632 3720/1105/1
f 3738/1134/606 3725/1135/606 3724/1115/609 3736/1114/609
f 3725/1121/601 3737/1120/601 3735/1131/600 3724/1130/600
f 3730/1113/605 3721/1112/605 3728/1133/604 3744/1132/604
f 3737/1120/633 3739/1119/634 3720/1105/1
f 3727/1123/630 3741/1103/630 3739/1119/598 3726/1118/598
f 3734/1117/603 3723/1116/603 3722/1111/602 3732/1110/602
f 3740/1109/628 3726/1108/628 3725/1135/606 3738/1134/606
f 3733/1125/635 3735/1131/684 3720/1105/1
f 3731/1126/637 3733/1125/635 3720/1105/1
f 3735/1131/684 3737/1120/633 3720/1105/1
f 3729/1129/632 3731/1126/637 3720/1105/1
f 3739/1119/634 3741/1103/625 3720/1105/1
f 3745/999/16 3746/1000/16 3748/1001/16 3747/1002/16
f 3747/1002/34 3748/1001/34 3752/1003/34 3751/1004/34
f 3751/1004/21 3752/1003/21 3750/1005/21 3749/1006/21
f 3749/1006/1 3750/1005/1 3746/1000/1 3745/999/1
f 3747/1007/37 3751/1008/37 3749/1009/37 3745/1010/37
f 3750/1011/21 3752/1012/21 3755/1013/21 3756/1014/21
f 3755/1015/38 3754/1016/38 3753/1017/38 3756/1018/38
f 3748/1019/16 3746/1020/16 3753/1021/16 3754/1022/16
f 3752/1012/34 3748/1019/34 3754/1022/34 3755/1013/34
f 3762/1023/618 3759/1024/618 3757/1025/619 3758/1026/619
f 3756/1027/14 3753/1028/14 3758/1029/619 3757/1030/619
f 3750/1011/21 3756/1014/21 3760/1011/21
f 3759/1031/618 3762/1032/618 3761/1033/620 3760/1034/620
f 3746/1035/37 3750/1036/37 3760/1036/620 3761/1035/620
f 3761/1020/16 3762/1023/16 3758/1026/16 3753/1021/16
f 3775/1037/306 3777/1038/307 3766/1039/1 3764/1040/1
f 3765/1041/282 3768/1042/283 3771/1042/16 3770/1041/593
f 3779/1043/21 3782/1044/21 3778/1044/21 3774/1043/21
f 3763/1045/298 3764/1046/299 3765/1047/282
f 3766/1048/301 3767/1049/300 3768/1050/283
f 3773/1051/302 3774/1052/621 3775/1053/306
f 3776/1054/304 3777/1055/307 3778/1056/622
f 3769/1057/588 3763/1057/298 3765/1058/282 3770/1058/593
f 3764/1040/299 3766/1039/301 3768/1059/283 3765/1060/282
f 3767/1061/300 3772/1061/275 3771/1062/275 3768/1062/283
f 3773/1063/302 3780/1063/587 3779/1064/320 3774/1064/621
f 3781/1065/321 3776/1065/304 3778/1066/622 3782/1066/321
f 3777/1038/307 3775/1037/306 3774/1067/621 3778/1068/622
f 3763/1045/298 3773/1051/302 3775/1053/306 3764/1046/299
f 3776/1054/304 3767/1049/300 3766/1048/301 3777/1055/307
f 3769/1057/588 3780/1063/587 3773/1063/302 3763/1057/298
f 3792/1069/306 3794/1070/307 3785/1071/1 3783/1072/309
f 3797/1073/590 3790/1074/589 3786/1074/623 3793/1073/624
f 3784/1075/282 3787/1076/283 3789/1076/16 3788/1075/593
f 3796/1077/582 3798/1078/21 3795/1078/21 3791/1077/289
f 3767/1079/313 3783/1080/309 3784/1081/282
f 3785/1082/301 3786/1083/623 3787/1084/283
f 3776/1085/314 3791/1086/289 3792/1087/306
f 3793/1088/624 3794/1089/307 3795/1090/622
f 3772/1091/53 3767/1092/313 3784/1093/282 3788/1093/593
f 3783/1072/309 3785/1071/301 3787/1094/283 3784/1095/282
f 3786/1074/623 3790/1074/589 3789/1096/275 3787/1096/283
f 3776/1097/314 3781/1098/320 3796/1099/582 3791/1099/289
f 3797/1073/590 3793/1073/624 3795/1100/622 3798/1100/321
f 3794/1070/307 3792/1069/306 3791/1101/289 3795/1102/622
f 3767/1079/313 3776/1085/314 3792/1087/306 3783/1080/309
f 3793/1088/624 3786/1083/623 3785/1082/301 3794/1089/307
f 3756/1014/21 3757/1025/21 3759/1024/21 3760/1011/21
f 3746/1020/16 3761/1020/16 3753/1021/16
f 3820/1103/625 3822/1104/626 3799/1105/1
f 3821/1106/627 3806/1107/627 3805/1108/628 3819/1109/628
f 3811/1110/602 3801/1111/602 3800/1112/605 3809/1113/605
f 3815/1114/609 3803/1115/609 3802/1116/603 3813/1117/603
f 3805/1118/598 3818/1119/598 3816/1120/601 3804/1121/601
f 3807/1122/610 3822/1104/610 3820/1103/630 3806/1123/630
f 3802/1124/612 3812/1125/612 3810/1126/597 3801/1127/597
f 3800/1128/631 3808/1129/631 3822/1104/610 3807/1122/610
f 3801/1127/597 3810/1126/597 3808/1129/631 3800/1128/631
f 3803/1130/600 3814/1131/600 3812/1125/612 3802/1124/612
f 3823/1132/604 3807/1133/604 3806/1107/627 3821/1106/627
f 3822/1104/626 3808/1129/632 3799/1105/1
f 3817/1134/606 3804/1135/606 3803/1115/609 3815/1114/609
f 3804/1121/601 3816/1120/601 3814/1131/600 3803/1130/600
f 3809/1113/605 3800/1112/605 3807/1133/604 3823/1132/604
f 3816/1120/633 3818/1119/634 3799/1105/1
f 3806/1123/630 3820/1103/630 3818/1119/598 3805/1118/598
f 3813/1117/603 3802/1116/603 3801/1111/602 3811/1110/602
f 3819/1109/628 3805/1108/628 3804/1135/606 3817/1134/606
f 3812/1125/635 3814/1131/636 3799/1105/1
f 3810/1126/637 3812/1125/635 3799/1105/1
f 3814/1131/636 3816/1120/633 3799/1105/1
f 3808/1129/632 3810/1126/637 3799/1105/1
f 3818/1119/634 3820/1103/625 3799/1105/1
f 3845/1103/625 3847/1104/626 3824/1105/1
f 3846/1106/627 3831/1107/627 3830/1108/628 3844/1109/628
f 3836/1110/602 3826/1111/602 3825/1112/605 3834/1113/605
f 3840/1114/609 3828/1115/609 3827/1116/603 3838/1117/603
f 3830/1118/598 3843/1119/598 3841/1120/601 3829/1121/601
f 3832/1122/610 3847/1104/610 3845/1103/630 3831/1123/630
f 3827/1124/612 3837/1125/612 3835/1126/597 3826/1127/597
f 3825/1128/631 3833/1129/631 3847/1104/610 3832/1122/610
f 3826/1127/597 3835/1126/597 3833/1129/631 3825/1128/631
f 3828/1130/600 3839/1131/600 3837/1125/612 3827/1124/612
f 3848/1132/604 3832/1133/604 3831/1107/627 3846/1106/627
f 3847/1104/626 3833/1129/632 3824/1105/1
f 3842/1134/606 3829/1135/606 3828/1115/609 3840/1114/609
f 3829/1121/601 3841/1120/601 3839/1131/600 3828/1130/600
f 3834/1113/605 3825/1112/605 3832/1133/604 3848/1132/604
f 3841/1120/633 3843/1119/634 3824/1105/1
f 3831/1123/630 3845/1103/630 3843/1119/598 3830/1118/598
f 3838/1117/603 3827/1116/603 3826/1111/602 3836/1110/602
f 3844/1109/628 3830/1108/628 3829/1135/606 3842/1134/606
f 3837/1125/635 3839/1131/636 3824/1105/1
f 3835/1126/637 3837/1125/635 3824/1105/1
f 3839/1131/636 3841/1120/633 3824/1105/1
f 3833/1129/632 3835/1126/637 3824/1105/1
f 3843/1119/634 3845/1103/625 3824/1105/1
f 3849/999/16 3850/1000/16 3852/1001/16 3851/1002/16
f 3851/1002/34 3852/1001/34 3856/1003/34 3855/1004/34
f 3855/1004/21 3856/1003/21 3854/1005/21 3853/1006/21
f 3853/1006/1 3854/1005/1 3850/1000/1 3849/999/1
f 3851/1007/37 3855/1008/37 3853/1009/37 3849/1010/37
f 3854/1011/21 3856/1012/21 3859/1013/21 3860/1014/21
f 3859/1015/38 3858/1016/38 3857/1017/38 3860/1018/38
f 3852/1019/16 3850/1020/16 3857/1021/16 3858/1022/16
f 3856/1012/34 3852/1019/34 3858/1022/34 3859/1013/34
f 3866/1023/618 3863/1024/618 3861/1025/619 3862/1026/619
f 3860/1027/14 3857/1028/14 3862/1029/619 3861/1030/619
f 3854/1011/21 3860/1014/21 3864/1011/21
f 3863/1031/618 3866/1032/618 3865/1033/620 3864/1034/620
f 3850/1035/37 3854/1036/37 3864/1036/620 3865/1035/620
f 3865/1020/16 3866/1023/16 3862/1026/16 3857/1021/16
f 3879/1037/306 3881/1038/307 3870/1039/1 3868/1040/1
f 3869/1041/282 3872/1042/283 3875/1042/16 3874/1041/593
f 3883/1043/21 3886/1044/21 3882/1044/21 3878/1043/21
f 3867/1045/298 3868/1046/299 3869/1047/282
f 3870/1048/301 3871/1049/300 3872/1050/283
f 3877/1051/302 3878/1052/621 3879/1053/306
f 3880/1054/304 3881/1055/307 3882/1056/622
f 3873/1057/588 3867/1057/298 3869/1058/282 3874/1058/593
f 3868/1040/299 3870/1039/301 3872/1059/283 3869/1060/282
f 3871/1061/300 3876/1061/275 3875/1062/275 3872/1062/283
f 3877/1063/302 3884/1063/587 3883/1064/320 3878/1064/621
f 3885/1065/321 3880/1065/304 3882/1066/622 3886/1066/321
f 3881/1038/307 3879/1037/306 3878/1067/621 3882/1068/622
f 3867/1045/298 3877/1051/302 3879/1053/306 3868/1046/299
f 3880/1054/304 3871/1049/300 3870/1048/301 3881/1055/307
f 3873/1057/588 3884/1063/587 3877/1063/302 3867/1057/298
f 3896/1069/306 3898/1070/307 3889/1071/1 3887/1072/309
f 3901/1073/590 3894/1074/589 3890/1074/623 3897/1073/624
f 3888/1075/282 3891/1076/283 3893/1076/16 3892/1075/593
f 3900/1077/582 3902/1078/21 3899/1078/21 3895/1077/289
f 3871/1079/313 3887/1080/309 3888/1081/282
f 3889/1082/301 3890/1083/623 3891/1084/283
f 3880/1085/314 3895/1086/289 3896/1087/306
f 3897/1088/624 3898/1089/307 3899/1090/622
f 3876/1091/53 3871/1092/313 3888/1093/282 3892/1093/593
f 3887/1072/309 3889/1071/301 3891/1094/283 3888/1095/282
f 3890/1074/623 3894/1074/589 3893/1096/275 3891/1096/283
f 3880/1097/314 3885/1098/320 3900/1099/582 3895/1099/289
f 3901/1073/590 3897/1073/624 3899/1100/622 3902/1100/321
f 3898/1070/307 3896/1069/306 3895/1101/289 3899/1102/622
f 3871/1079/313 3880/1085/314 3896/1087/306 3887/1080/309
f 3897/1088/624 3890/1083/623 3889/1082/301 3898/1089/307
f 3860/1014/21 3861/1025/21 3863/1024/21 3864/1011/21
f 3850/1020/16 3865/1020/16 3857/1021/16
f 3924/1103/625 3926/1104/626 3903/1105/1
f 3925/1106/627 3910/1107/627 3909/1108/628 3923/1109/628
f 3915/1110/602 3905/1111/602 3904/1112/605 3913/1113/605
f 3919/1114/609 3907/1115/609 3906/1116/603 3917/1117/603
f 3909/1118/598 3922/1119/598 3920/1120/601 3908/1121/601
f 3911/1122/610 3926/1104/610 3924/1103/630 3910/1123/630
f 3906/1124/612 3916/1125/612 3914/1126/597 3905/1127/597
f 3904/1128/631 3912/1129/631 3926/1104/610 3911/1122/610
f 3905/1127/597 3914/1126/597 3912/1129/631 3904/1128/631
f 3907/1130/600 3918/1131/600 3916/1125/612 3906/1124/612
f 3927/1132/604 3911/1133/604 3910/1107/627 3925/1106/627
f 3926/1104/626 3912/1129/632 3903/1105/1
f 3921/1134/606 3908/1135/606 3907/1115/609 3919/1114/609
f 3908/1121/601 3920/1120/601 3918/1131/600 3907/1130/600
f 3913/1113/605 3904/1112/605 3911/1133/604 3927/1132/604
f 3920/1120/633 3922/1119/634 3903/1105/1
f 3910/1123/630 3924/1103/630 3922/1119/598 3909/1118/598
f 3917/1117/603 3906/1116/603 3905/1111/602 3915/1110/602
f 3923/1109/628 3909/1108/628 3908/1135/606 3921/1134/606
f 3916/1125/635 3918/1131/636 3903/1105/1
f 3914/1126/637 3916/1125/635 3903/1105/1
f 3918/1131/636 3920/1120/633 3903/1105/1
f 3912/1129/632 3914/1126/637 3903/1105/1
f 3922/1119/634 3924/1103/625 3903/1105/1
f 3949/1103/625 3951/1104/626 3928/1105/1
f 3950/1106/627 3935/1107/627 3934/1108/628 3948/1109/628
f 3940/1110/602 3930/1111/602 3929/1112/605 3938/1113/605
f 3944/1114/609 3932/1115/609 3931/1116/603 3942/1117/603
f 3934/1118/598 3947/1119/598 3945/1120/601 3933/1121/601
f 3936/1122/610 3951/1104/610 3949/1103/630 3935/1123/630
f 3931/1124/612 3941/1125/612 3939/1126/597 3930/1127/597
f 3929/1128/631 3937/1129/631 3951/1104/610 3936/1122/610
f 3930/1127/597 3939/1126/597 3937/1129/631 3929/1128/631
f 3932/1130/600 3943/1131/600 3941/1125/612 3931/1124/612
f 3952/1132/604 3936/1133/604 3935/1107/627 3950/1106/627
f 3951/1104/626 3937/1129/632 3928/1105/1
f 3946/1134/606 3933/1135/606 3932/1115/609 3944/1114/609
f 3933/1121/601 3945/1120/601 3943/1131/600 3932/1130/600
f 3938/1113/605 3929/1112/605 3936/1133/604 3952/1132/604
f 3945/1120/633 3947/1119/634 3928/1105/1
f 3935/1123/630 3949/1103/630 3947/1119/598 3934/1118/598
f 3942/1117/603 3931/1116/603 3930/1111/602 3940/1110/602
f 3948/1109/628 3934/1108/628 3933/1135/606 3946/1134/606
f 3941/1125/635 3943/1131/636 3928/1105/1
f 3939/1126/637 3941/1125/635 3928/1105/1
f 3943/1131/636 3945/1120/633 3928/1105/1
f 3937/1129/632 3939/1126/637 3928/1105/1
f 3947/1119/634 3949/1103/625 3928/1105/1
f 3953/999/16 3954/1000/16 3956/1001/16 3955/1002/16
f 3955/1002/34 3956/1001/34 3960/1003/34 3959/1004/34
f 3959/1004/21 3960/1003/21 3958/1005/21 3957/1006/21
f 3957/1006/1 3958/1005/1 3954/1000/1 3953/999/1
f 3955/1007/37 3959/1008/37 3957/1009/37 3953/1010/37
f 3958/1011/21 3960/1012/21 3963/1013/21 3964/1014/21
f 3963/1015/38 3962/1016/38 3961/1017/38 3964/1018/38
f 3956/1019/16 3954/1020/16 3961/1021/16 3962/1022/16
f 3960/1012/34 3956/1019/34 3962/1022/34 3963/1013/34
f 3970/1023/618 3967/1024/618 3965/1025/619 3966/1026/619
f 3964/1027/14 3961/1028/14 3966/1029/619 3965/1030/619
f 3958/1011/21 3964/1014/21 3968/1011/21
f 3967/1031/618 3970/1032/618 3969/1033/620 3968/1034/620
f 3954/1035/37 3958/1036/37 3968/1036/620 3969/1035/620
f 3969/1020/16 3970/1023/16 3966/1026/16 3961/1021/16
f 3983/1037/306 3985/1038/307 3974/1039/1 3972/1040/1
f 3973/1041/282 3976/1042/283 3979/1042/16 3978/1041/593
f 3987/1043/21 3990/1044/21 3986/1044/21 3982/1043/21
f 3971/1045/298 3972/1046/299 3973/1047/282
f 3974/1048/301 3975/1049/300 3976/1050/283
f 3981/1051/302 3982/1052/621 3983/1053/306
f 3984/1054/304 3985/1055/307 3986/1056/622
f 3977/1057/588 3971/1057/298 3973/1058/282 3978/1058/593
f 3972/1040/299 3974/1039/301 3976/1059/283 3973/1060/282
f 3975/1061/300 3980/1061/275 3979/1062/275 3976/1062/283
f 3981/1063/302 3988/1063/587 3987/1064/320 3982/1064/621
f 3989/1065/321 3984/1065/304 3986/1066/622 3990/1066/321
f 3985/1038/307 3983/1037/306 3982/1067/621 3986/1068/622
f 3971/1045/298 3981/1051/302 3983/1053/306 3972/1046/299
f 3984/1054/304 3975/1049/300 3974/1048/301 3985/1055/307
f 3977/1057/588 3988/1063/587 3981/1063/302 3971/1057/298
f 4000/1069/306 4002/1070/307 3993/1071/1 3991/1072/309
f 4005/1073/590 3998/1074/589 3994/1074/623 4001/1073/624
f 3992/1075/282 3995/1076/283 3997/1076/16 3996/1075/593
f 4004/1077/582 4006/1078/21 4003/1078/21 3999/1077/289
f 3975/1079/313 3991/1080/309 3992/1081/282
f 3993/1082/301 3994/1083/623 3995/1084/283
f 3984/1085/314 3999/1086/289 4000/1087/306
f 4001/1088/624 4002/1089/307 4003/1090/622
f 3980/1091/53 3975/1092/313 3992/1093/282 3996/1093/593
f 3991/1072/309 3993/1071/301 3995/1094/283 3992/1095/282
f 3994/1074/623 3998/1074/589 3997/1096/275 3995/1096/283
f 3984/1097/314 3989/1098/320 4004/1099/582 3999/1099/289
f 4005/1073/590 4001/1073/624 4003/1100/622 4006/1100/321
f 4002/1070/307 4000/1069/306 3999/1101/289 4003/1102/622
f 3975/1079/313 3984/1085/314 4000/1087/306 3991/1080/309
f 4001/1088/624 3994/1083/623 3993/1082/301 4002/1089/307
f 3964/1014/21 3965/1025/21 3967/1024/21 3968/1011/21
f 3954/1020/16 3969/1020/16 3961/1021/16
f 4028/1103/625 4030/1104/626 4007/1105/1
f 4029/1106/627 4014/1107/627 4013/1108/628 4027/1109/628
f 4019/1110/602 4009/1111/602 4008/1112/605 4017/1113/605
f 4023/1114/609 4011/1115/609 4010/1116/603 4021/1117/603
f 4013/1118/598 4026/1119/598 4024/1120/601 4012/1121/601
f 4015/1122/610 4030/1104/610 4028/1103/630 4014/1123/630
f 4010/1124/612 4020/1125/612 4018/1126/597 4009/1127/597
f 4008/1128/631 4016/1129/631 4030/1104/610 4015/1122/610
f 4009/1127/597 4018/1126/597 4016/1129/631 4008/1128/631
f 4011/1130/600 4022/1131/600 4020/1125/612 4010/1124/612
f 4031/1132/604 4015/1133/604 4014/1107/627 4029/1106/627
f 4030/1104/626 4016/1129/632 4007/1105/1
f 4025/1134/606 4012/1135/606 4011/1115/609 4023/1114/609
f 4012/1121/601 4024/1120/601 4022/1131/600 4011/1130/600
f 4017/1113/605 4008/1112/605 4015/1133/604 4031/1132/604
f 4024/1120/633 4026/1119/682 4007/1105/1
f 4014/1123/630 4028/1103/630 4026/1119/598 4013/1118/598
f 4021/1117/603 4010/1116/603 4009/1111/602 4019/1110/602
f 4027/1109/628 4013/1108/628 4012/1135/606 4025/1134/606
f 4020/1125/635 4022/1131/636 4007/1105/1
f 4018/1126/685 4020/1125/635 4007/1105/1
f 4022/1131/636 4024/1120/633 4007/1105/1
f 4016/1129/632 4018/1126/685 4007/1105/1
f 4026/1119/682 4028/1103/625 4007/1105/1
f 4053/1103/625 4055/1104/626 4032/1105/1
f 4054/1106/627 4039/1107/627 4038/1108/628 4052/1109/628
f 4044/1110/602 4034/1111/602 4033/1112/605 4042/1113/605
f 4048/1114/609 4036/1115/609 4035/1116/603 4046/1117/603
f 4038/1118/598 4051/1119/598 4049/1120/601 4037/1121/601
f 4040/1122/610 4055/1104/610 4053/1103/630 4039/1123/630
f 4035/1124/612 4045/1125/612 4043/1126/597 4034/1127/597
f 4033/1128/631 4041/1129/631 4055/1104/610 4040/1122/610
f 4034/1127/597 4043/1126/597 4041/1129/631 4033/1128/631
f 4036/1130/600 4047/1131/600 4045/1125/612 4035/1124/612
f 4056/1132/604 4040/1133/604 4039/1107/627 4054/1106/627
f 4055/1104/626 4041/1129/632 4032/1105/1
f 4050/1134/606 4037/1135/606 4036/1115/609 4048/1114/609
f 4037/1121/601 4049/1120/601 4047/1131/600 4036/1130/600
f 4042/1113/605 4033/1112/605 4040/1133/604 4056/1132/604
f 4049/1120/633 4051/1119/682 4032/1105/1
f 4039/1123/630 4053/1103/630 4051/1119/598 4038/1118/598
f 4046/1117/603 4035/1116/603 4034/1111/602 4044/1110/602
f 4052/1109/628 4038/1108/628 4037/1135/606 4050/1134/606
f 4045/1125/635 4047/1131/636 4032/1105/1
f 4043/1126/685 4045/1125/635 4032/1105/1
f 4047/1131/636 4049/1120/633 4032/1105/1
f 4041/1129/632 4043/1126/685 4032/1105/1
f 4051/1119/682 4053/1103/625 4032/1105/1
f 4057/999/34 4058/1000/34 4060/1001/34 4059/1002/34
f 4059/1002/21 4060/1001/21 4064/1003/21 4063/1004/21
f 4063/1004/1 4064/1003/1 4062/1005/1 4061/1006/1
f 4061/1006/16 4062/1005/16 4058/1000/16 4057/999/16
f 4059/1007/37 4063/1008/37 4061/1009/37 4057/1010/37
f 4062/1011/1 4064/1012/1 4067/1013/1 4068/1014/1
f 4067/1015/38 4066/1016/38 4065/1017/38 4068/1018/38
f 4060/1019/34 4058/1020/34 4065/1021/34 4066/1022/34
f 4064/1012/21 4060/1019/21 4066/1022/21 4067/1013/21
f 4074/1023/593 4071/1024/593 4069/1025/638 4070/1026/638
f 4068/1027/275 4065/1028/275 4070/1029/638 4069/1030/638
f 4062/1011/1 4068/1014/1 4072/1011/1
f 4071/1031/593 4074/1032/593 4073/1033/588 4072/1034/588
f 4058/1035/37 4062/1036/37 4072/1036/588 4073/1035/588
f 4073/1020/34 4074/1023/34 4070/1026/34 4065/1021/34
f 4087/1037/282 4089/1038/283 4078/1039/16 4076/1040/16
f 4077/1041/291 4080/1042/310 4083/1042/34 4082/1041/579
f 4091/1043/1 4094/1044/1 4090/1044/1 4086/1043/1
f 4075/1045/290 4076/1046/585 4077/1047/291
f 4078/1048/586 4079/1049/292 4080/1050/310
f 4085/1051/298 4086/1052/299 4087/1053/282
f 4088/1054/300 4089/1055/283 4090/1056/301
f 4081/1057/581 4075/1057/290 4077/1058/291 4082/1058/579
f 4076/1040/585 4078/1039/586 4080/1059/310 4077/1060/291
f 4079/1061/292 4084/1061/7 4083/1062/7 4080/1062/310
f 4085/1063/298 4092/1063/620 4091/1064/15 4086/1064/299
f 4093/1065/14 4088/1065/300 4090/1066/301 4094/1066/14
f 4089/1038/283 4087/1037/282 4086/1067/299 4090/1068/301
f 4075/1045/290 4085/1051/298 4087/1053/282 4076/1046/585
f 4088/1054/300 4079/1049/292 4078/1048/586 4089/1055/283
f 4081/1057/581 4092/1063/620 4085/1063/298 4075/1057/290
f 4104/1069/282 4106/1070/283 4097/1071/16 4095/1072/285
f 4109/1073/639 4102/1074/640 4098/1074/592 4105/1073/623
f 4096/1075/291 4099/1076/310 4101/1076/34 4100/1075/579
f 4108/1077/618 4110/1078/1 4107/1078/1 4103/1077/309
f 4079/1079/311 4095/1080/285 4096/1081/291
f 4097/1082/586 4098/1083/592 4099/1084/310
f 4088/1085/313 4103/1086/309 4104/1087/282
f 4105/1088/623 4106/1089/283 4107/1090/301
f 4084/1091/8 4079/1092/311 4096/1093/291 4100/1093/579
f 4095/1072/285 4097/1071/586 4099/1094/310 4096/1095/291
f 4098/1074/592 4102/1074/640 4101/1096/7 4099/1096/310
f 4088/1097/313 4093/1098/15 4108/1099/618 4103/1099/309
f 4109/1073/639 4105/1073/623 4107/1100/301 4110/1100/14
f 4106/1070/283 4104/1069/282 4103/1101/309 4107/1102/301
f 4079/1079/311 4088/1085/313 4104/1087/282 4095/1080/285
f 4105/1088/623 4098/1083/592 4097/1082/586 4106/1089/283
f 4068/1014/1 4069/1025/1 4071/1024/1 4072/1011/1
f 4058/1020/34 4073/1020/34 4065/1021/34
f 4132/1103/641 4134/1104/642 4111/1105/16
f 4133/1106/643 4118/1107/643 4117/1108/644 4131/1109/644
f 4123/1110/645 4113/1111/645 4112/1112/678 4121/1113/678
f 4127/1114/647 4115/1115/647 4114/1116/648 4125/1117/648
f 4117/1118/649 4130/1119/649 4128/1120/650 4116/1121/650
f 4119/1122/651 4134/1104/651 4132/1103/652 4118/1123/652
f 4114/1124/653 4124/1125/653 4122/1126/654 4113/1127/654
f 4112/1128/655 4120/1129/655 4134/1104/651 4119/1122/651
f 4113/1127/654 4122/1126/654 4120/1129/655 4112/1128/655
f 4115/1130/656 4126/1131/656 4124/1125/653 4114/1124/653
f 4135/1132/657 4119/1133/657 4118/1107/643 4133/1106/643
f 4134/1104/642 4120/1129/658 4111/1105/16
f 4129/1134/659 4116/1135/659 4115/1115/647 4127/1114/647
f 4116/1121/650 4128/1120/650 4126/1131/656 4115/1130/656
f 4121/1113/678 4112/1112/678 4119/1133/657 4135/1132/657
f 4128/1120/660 4130/1119/661 4111/1105/16
f 4118/1123/652 4132/1103/652 4130/1119/649 4117/1118/649
f 4125/1117/648 4114/1116/648 4113/1111/645 4123/1110/645
f 4131/1109/644 4117/1108/644 4116/1135/659 4129/1134/659
f 4124/1125/662 4126/1131/663 4111/1105/16
f 4122/1126/664 4124/1125/662 4111/1105/16
f 4126/1131/663 4128/1120/660 4111/1105/16
f 4120/1129/658 4122/1126/664 4111/1105/16
f 4130/1119/661 4132/1103/641 4111/1105/16
f 4157/1103/665 4159/1104/672 4136/1105/16
f 4158/1106/643 4143/1107/643 4142/1108/644 4156/1109/644
f 4148/1110/645 4138/1111/645 4137/1112/678 4146/1113/678
f 4152/1114/647 4140/1115/647 4139/1116/648 4150/1117/648
f 4142/1118/649 4155/1119/649 4153/1120/650 4141/1121/650
f 4144/1122/651 4159/1104/651 4157/1103/652 4143/1123/652
f 4139/1124/653 4149/1125/653 4147/1126/654 4138/1127/654
f 4137/1128/655 4145/1129/655 4159/1104/651 4144/1122/651
f 4138/1127/654 4147/1126/654 4145/1129/655 4137/1128/655
f 4140/1130/656 4151/1131/656 4149/1125/653 4139/1124/653
f 4160/1132/657 4144/1133/657 4143/1107/643 4158/1106/643
f 4159/1104/672 4145/1129/686 4136/1105/16
f 4154/1134/687 4141/1135/687 4140/1115/647 4152/1114/647
f 4141/1121/650 4153/1120/650 4151/1131/656 4140/1130/656
f 4146/1113/678 4137/1112/678 4144/1133/657 4160/1132/657
f 4153/1120/668 4155/1119/669 4136/1105/16
f 4143/1123/652 4157/1103/652 4155/1119/649 4142/1118/649
f 4150/1117/648 4139/1116/648 4138/1111/645 4148/1110/645
f 4156/1109/644 4142/1108/644 4141/1135/687 4154/1134/687
f 4149/1125/670 4151/1131/673 4136/1105/16
f 4147/1126/671 4149/1125/670 4136/1105/16
f 4151/1131/673 4153/1120/668 4136/1105/16
f 4145/1129/686 4147/1126/671 4136/1105/16
f 4155/1119/669 4157/1103/665 4136/1105/16
f 4161/999/34 4162/1000/34 4164/1001/34 4163/1002/34
f 4163/1002/21 4164/1001/21 4168/1003/21 4167/1004/21
f 4167/1004/1 4168/1003/1 4166/1005/1 4165/1006/1
f 4165/1006/16 4166/1005/16 4162/1000/16 4161/999/16
f 4163/1007/37 4167/1008/37 4165/1009/37 4161/1010/37
f 4166/1011/1 4168/1012/1 4171/1013/1 4172/1014/1
f 4171/1015/38 4170/1016/38 4169/1017/38 4172/1018/38
f 4164/1019/34 4162/1020/34 4169/1021/34 4170/1022/34
f 4168/1012/21 4164/1019/21 4170/1022/21 4171/1013/21
f 4178/1023/593 4175/1024/593 4173/1025/638 4174/1026/638
f 4172/1027/275 4169/1028/275 4174/1029/638 4173/1030/638
f 4166/1011/1 4172/1014/1 4176/1011/1
f 4175/1031/593 4178/1032/593 4177/1033/588 4176/1034/588
f 4162/1035/37 4166/1036/37 4176/1036/588 4177/1035/588
f 4177/1020/34 4178/1023/34 4174/1026/34 4169/1021/34
f 4191/1037/282 4193/1038/283 4182/1039/16 4180/1040/16
f 4181/1041/291 4184/1042/310 4187/1042/34 4186/1041/579
f 4195/1043/1 4198/1044/1 4194/1044/1 4190/1043/1
f 4179/1045/290 4180/1046/585 4181/1047/291
f 4182/1048/586 4183/1049/292 4184/1050/310
f 4189/1051/298 4190/1052/299 4191/1053/282
f 4192/1054/300 4193/1055/283 4194/1056/688
f 4185/1057/581 4179/1057/290 4181/1058/291 4186/1058/579
f 4180/1040/585 4182/1039/586 4184/1059/310 4181/1060/291
f 4183/1061/292 4188/1061/7 4187/1062/7 4184/1062/310
f 4189/1063/298 4196/1063/620 4195/1064/15 4190/1064/299
f 4197/1065/14 4192/1065/300 4194/1066/688 4198/1066/14
f 4193/1038/283 4191/1037/282 4190/1067/299 4194/1068/688
f 4179/1045/290 4189/1051/298 4191/1053/282 4180/1046/585
f 4192/1054/300 4183/1049/292 4182/1048/586 4193/1055/283
f 4185/1057/581 4196/1063/620 4189/1063/298 4179/1057/290
f 4208/1069/282 4210/1070/283 4201/1071/16 4199/1072/285
f 4213/1073/639 4206/1074/640 4202/1074/592 4209/1073/623
f 4200/1075/291 4203/1076/310 4205/1076/34 4204/1075/579
f 4212/1077/618 4214/1078/1 4211/1078/1 4207/1077/309
f 4183/1079/311 4199/1080/285 4200/1081/291
f 4201/1082/586 4202/1083/592 4203/1084/310
f 4192/1085/313 4207/1086/309 4208/1087/282
f 4209/1088/623 4210/1089/283 4211/1090/688
f 4188/1091/8 4183/1092/311 4200/1093/291 4204/1093/579
f 4199/1072/285 4201/1071/586 4203/1094/310 4200/1095/291
f 4202/1074/592 4206/1074/640 4205/1096/7 4203/1096/310
f 4192/1097/313 4197/1098/15 4212/1099/618 4207/1099/309
f 4213/1073/639 4209/1073/623 4211/1100/688 4214/1100/14
f 4210/1070/283 4208/1069/282 4207/1101/309 4211/1102/688
f 4183/1079/311 4192/1085/313 4208/1087/282 4199/1080/285
f 4209/1088/623 4202/1083/592 4201/1082/586 4210/1089/283
f 4172/1014/1 4173/1025/1 4175/1024/1 4176/1011/1
f 4162/1020/34 4177/1020/34 4169/1021/34
f 4236/1103/641 4238/1104/642 4215/1105/16
f 4237/1106/643 4222/1107/643 4221/1108/644 4235/1109/644
f 4227/1110/645 4217/1111/645 4216/1112/678 4225/1113/678
f 4231/1114/647 4219/1115/647 4218/1116/648 4229/1117/648
f 4221/1118/649 4234/1119/649 4232/1120/650 4220/1121/650
f 4223/1122/651 4238/1104/651 4236/1103/652 4222/1123/652
f 4218/1124/653 4228/1125/653 4226/1126/654 4217/1127/654
f 4216/1128/655 4224/1129/655 4238/1104/651 4223/1122/651
f 4217/1127/654 4226/1126/654 4224/1129/655 4216/1128/655
f 4219/1130/656 4230/1131/656 4228/1125/653 4218/1124/653
f 4239/1132/657 4223/1133/657 4222/1107/643 4237/1106/643
f 4238/1104/642 4224/1129/658 4215/1105/16
f 4233/1134/687 4220/1135/687 4219/1115/647 4231/1114/647
f 4220/1121/650 4232/1120/650 4230/1131/656 4219/1130/656
f 4225/1113/678 4216/1112/678 4223/1133/657 4239/1132/657
f 4232/1120/660 4234/1119/661 4215/1105/16
f 4222/1123/652 4236/1103/652 4234/1119/649 4221/1118/649
f 4229/1117/648 4218/1116/648 4217/1111/645 4227/1110/645
f 4235/1109/644 4221/1108/644 4220/1135/687 4233/1134/687
f 4228/1125/689 4230/1131/663 4215/1105/16
f 4226/1126/664 4228/1125/689 4215/1105/16
f 4230/1131/663 4232/1120/660 4215/1105/16
f 4224/1129/658 4226/1126/664 4215/1105/16
f 4234/1119/661 4236/1103/641 4215/1105/16
f 4261/1103/665 4263/1104/672 4240/1105/16
f 4262/1106/643 4247/1107/643 4246/1108/644 4260/1109/644
f 4252/1110/645 4242/1111/645 4241/1112/678 4250/1113/678
f 4256/1114/647 4244/1115/647 4243/1116/648 4254/1117/648
f 4246/1118/649 4259/1119/649 4257/1120/650 4245/1121/650
f 4248/1122/651 4263/1104/651 4261/1103/652 4247/1123/652
f 4243/1124/653 4253/1125/653 4251/1126/654 4242/1127/654
f 4241/1128/655 4249/1129/655 4263/1104/651 4248/1122/651
f 4242/1127/654 4251/1126/654 4249/1129/655 4241/1128/655
f 4244/1130/656 4255/1131/656 4253/1125/653 4243/1124/653
f 4264/1132/657 4248/1133/657 4247/1107/643 4262/1106/643
f 4263/1104/672 4249/1129/686 4240/1105/16
f 4258/1134/687 4245/1135/687 4244/1115/647 4256/1114/647
f 4245/1121/650 4257/1120/650 4255/1131/656 4244/1130/656
f 4250/1113/678 4241/1112/678 4248/1133/657 4264/1132/657
f 4257/1120/668 4259/1119/669 4240/1105/16
f 4247/1123/652 4261/1103/652 4259/1119/649 4246/1118/649
f 4254/1117/648 4243/1116/648 4242/1111/645 4252/1110/645
f 4260/1109/644 4246/1108/644 4245/1135/687 4258/1134/687
f 4253/1125/670 4255/1131/673 4240/1105/16
f 4251/1126/671 4253/1125/670 4240/1105/16
f 4255/1131/673 4257/1120/668 4240/1105/16
f 4249/1129/686 4251/1126/671 4240/1105/16
f 4259/1119/669 4261/1103/665 4240/1105/16
f 4265/999/34 4266/1000/34 4268/1001/34 4267/1002/34
f 4267/1002/21 4268/1001/21 4272/1003/21 4271/1004/21
f 4271/1004/1 4272/1003/1 4270/1005/1 4269/1006/1
f 4269/1006/16 4270/1005/16 4266/1000/16 4265/999/16
f 4267/1007/37 4271/1008/37 4269/1009/37 4265/1010/37
f 4270/1011/1 4272/1012/1 4275/1013/1 4276/1014/1
f 4275/1015/38 4274/1016/38 4273/1017/38 4276/1018/38
f 4268/1019/34 4266/1020/34 4273/1021/34 4274/1022/34
f 4272/1012/21 4268/1019/21 4274/1022/21 4275/1013/21
f 4282/1023/593 4279/1024/593 4277/1025/638 4278/1026/638
f 4276/1027/275 4273/1028/275 4278/1029/638 4277/1030/638
f 4270/1011/1 4276/1014/1 4280/1011/1
f 4279/1031/593 4282/1032/593 4281/1033/588 4280/1034/588
f 4266/1035/37 4270/1036/37 4280/1036/588 4281/1035/588
f 4281/1020/34 4282/1023/34 4278/1026/34 4273/1021/34
f 4295/1037/282 4297/1038/283 4286/1039/16 4284/1040/16
f 4285/1041/291 4288/1042/310 4291/1042/34 4290/1041/579
f 4299/1043/1 4302/1044/1 4298/1044/1 4294/1043/1
f 4283/1045/290 4284/1046/585 4285/1047/291
f 4286/1048/586 4287/1049/292 4288/1050/310
f 4293/1051/298 4294/1052/299 4295/1053/282
f 4296/1054/300 4297/1055/283 4298/1056/301
f 4289/1057/581 4283/1057/290 4285/1058/291 4290/1058/579
f 4284/1040/585 4286/1039/586 4288/1059/310 4285/1060/291
f 4287/1061/292 4292/1061/7 4291/1062/7 4288/1062/310
f 4293/1063/298 4300/1063/620 4299/1064/15 4294/1064/299
f 4301/1065/14 4296/1065/300 4298/1066/301 4302/1066/14
f 4297/1038/283 4295/1037/282 4294/1067/299 4298/1068/301
f 4283/1045/290 4293/1051/298 4295/1053/282 4284/1046/585
f 4296/1054/300 4287/1049/292 4286/1048/586 4297/1055/283
f 4289/1057/581 4300/1063/620 4293/1063/298 4283/1057/290
f 4312/1069/282 4314/1070/283 4305/1071/16 4303/1072/285
f 4317/1073/639 4310/1074/640 4306/1074/592 4313/1073/623
f 4304/1075/291 4307/1076/310 4309/1076/34 4308/1075/579
f 4316/1077/618 4318/1078/1 4315/1078/1 4311/1077/309
f 4287/1079/311 4303/1080/285 4304/1081/291
f 4305/1082/586 4306/1083/592 4307/1084/310
f 4296/1085/313 4311/1086/309 4312/1087/282
f 4313/1088/623 4314/1089/283 4315/1090/301
f 4292/1091/8 4287/1092/311 4304/1093/291 4308/1093/579
f 4303/1072/285 4305/1071/586 4307/1094/310 4304/1095/291
f 4306/1074/592 4310/1074/640 4309/1096/7 4307/1096/310
f 4296/1097/313 4301/1098/15 4316/1099/618 4311/1099/309
f 4317/1073/639 4313/1073/623 4315/1100/301 4318/1100/14
f 4314/1070/283 4312/1069/282 4311/1101/309 4315/1102/301
f 4287/1079/311 4296/1085/313 4312/1087/282 4303/1080/285
f 4313/1088/623 4306/1083/592 4305/1082/586 4314/1089/283
f 4276/1014/1 4277/1025/1 4279/1024/1 4280/1011/1
f 4266/1020/34 4281/1020/34 4273/1021/34
f 4340/1103/641 4342/1104/642 4319/1105/16
f 4341/1106/643 4326/1107/643 4325/1108/644 4339/1109/644
f 4331/1110/645 4321/1111/645 4320/1112/646 4329/1113/646
f 4335/1114/647 4323/1115/647 4322/1116/648 4333/1117/648
f 4325/1118/649 4338/1119/649 4336/1120/650 4324/1121/650
f 4327/1122/651 4342/1104/651 4340/1103/652 4326/1123/652
f 4322/1124/653 4332/1125/653 4330/1126/654 4321/1127/654
f 4320/1128/655 4328/1129/655 4342/1104/651 4327/1122/651
f 4321/1127/654 4330/1126/654 4328/1129/655 4320/1128/655
f 4323/1130/656 4334/1131/656 4332/1125/653 4322/1124/653
f 4343/1132/657 4327/1133/657 4326/1107/643 4341/1106/643
f 4342/1104/642 4328/1129/658 4319/1105/16
f 4337/1134/659 4324/1135/659 4323/1115/647 4335/1114/647
f 4324/1121/650 4336/1120/650 4334/1131/656 4323/1130/656
f 4329/1113/646 4320/1112/646 4327/1133/657 4343/1132/657
f 4336/1120/660 4338/1119/661 4319/1105/16
f 4326/1123/652 4340/1103/652 4338/1119/649 4325/1118/649
f 4333/1117/648 4322/1116/648 4321/1111/645 4331/1110/645
f 4339/1109/644 4325/1108/644 4324/1135/659 4337/1134/659
f 4332/1125/662 4334/1131/663 4319/1105/16
f 4330/1126/664 4332/1125/662 4319/1105/16
f 4334/1131/663 4336/1120/660 4319/1105/16
f 4328/1129/658 4330/1126/664 4319/1105/16
f 4338/1119/661 4340/1103/641 4319/1105/16
f 4365/1103/665 4367/1104/672 4344/1105/16
f 4366/1106/643 4351/1107/643 4350/1108/644 4364/1109/644
f 4356/1110/645 4346/1111/645 4345/1112/646 4354/1113/646
f 4360/1114/647 4348/1115/647 4347/1116/648 4358/1117/648
f 4350/1118/666 4363/1119/666 4361/1120/650 4349/1121/650
f 4352/1122/651 4367/1104/651 4365/1103/652 4351/1123/652
f 4347/1124/653 4357/1125/653 4355/1126/654 4346/1127/654
f 4345/1128/655 4353/1129/655 4367/1104/651 4352/1122/651
f 4346/1127/654 4355/1126/654 4353/1129/655 4345/1128/655
f 4348/1130/656 4359/1131/656 4357/1125/653 4347/1124/653
f 4368/1132/657 4352/1133/657 4351/1107/643 4366/1106/643
f 4367/1104/672 4353/1129/667 4344/1105/16
f 4362/1134/659 4349/1135/659 4348/1115/647 4360/1114/647
f 4349/1121/650 4361/1120/650 4359/1131/656 4348/1130/656
f 4354/1113/646 4345/1112/646 4352/1133/657 4368/1132/657
f 4361/1120/668 4363/1119/669 4344/1105/16
f 4351/1123/652 4365/1103/652 4363/1119/666 4350/1118/666
f 4358/1117/648 4347/1116/648 4346/1111/645 4356/1110/645
f 4364/1109/644 4350/1108/644 4349/1135/659 4362/1134/659
f 4357/1125/670 4359/1131/673 4344/1105/16
f 4355/1126/671 4357/1125/670 4344/1105/16
f 4359/1131/673 4361/1120/668 4344/1105/16
f 4353/1129/667 4355/1126/671 4344/1105/16
f 4363/1119/669 4365/1103/665 4344/1105/16
f 4369/999/34 4370/1000/34 4372/1001/34 4371/1002/34
f 4371/1002/21 4372/1001/21 4376/1003/21 4375/1004/21
f 4375/1004/1 4376/1003/1 4374/1005/1 4373/1006/1
f 4373/1006/16 4374/1005/16 4370/1000/16 4369/999/16
f 4371/1007/37 4375/1008/37 4373/1009/37 4369/1010/37
f 4374/1011/1 4376/1012/1 4379/1013/1 4380/1014/1
f 4379/1015/38 4378/1016/38 4377/1017/38 4380/1018/38
f 4372/1019/34 4370/1020/34 4377/1021/34 4378/1022/34
f 4376/1012/21 4372/1019/21 4378/1022/21 4379/1013/21
f 4386/1023/593 4383/1024/593 4381/1025/638 4382/1026/638
f 4380/1027/275 4377/1028/275 4382/1029/638 4381/1030/638
f 4374/1011/1 4380/1014/1 4384/1011/1
f 4383/1031/593 4386/1032/593 4385/1033/588 4384/1034/588
f 4370/1035/37 4374/1036/37 4384/1036/588 4385/1035/588
f 4385/1020/34 4386/1023/34 4382/1026/34 4377/1021/34
f 4399/1037/282 4401/1038/283 4390/1039/16 4388/1040/16
f 4389/1041/291 4392/1042/310 4395/1042/34 4394/1041/579
f 4403/1043/1 4406/1044/1 4402/1044/1 4398/1043/1
f 4387/1045/290 4388/1046/585 4389/1047/291
f 4390/1048/586 4391/1049/292 4392/1050/310
f 4397/1051/298 4398/1052/299 4399/1053/282
f 4400/1054/300 4401/1055/283 4402/1056/301
f 4393/1057/581 4387/1057/290 4389/1058/291 4394/1058/579
f 4388/1040/585 4390/1039/586 4392/1059/310 4389/1060/291
f 4391/1061/292 4396/1061/7 4395/1062/7 4392/1062/310
f 4397/1063/298 4404/1063/620 4403/1064/15 4398/1064/299
f 4405/1065/14 4400/1065/300 4402/1066/301 4406/1066/14
f 4401/1038/283 4399/1037/282 4398/1067/299 4402/1068/301
f 4387/1045/290 4397/1051/298 4399/1053/282 4388/1046/585
f 4400/1054/300 4391/1049/292 4390/1048/586 4401/1055/283
f 4393/1057/581 4404/1063/620 4397/1063/298 4387/1057/290
f 4416/1069/282 4418/1070/283 4409/1071/16 4407/1072/285
f 4421/1073/639 4414/1074/640 4410/1074/592 4417/1073/623
f 4408/1075/291 4411/1076/310 4413/1076/34 4412/1075/579
f 4420/1077/618 4422/1078/1 4419/1078/1 4415/1077/309
f 4391/1079/311 4407/1080/285 4408/1081/291
f 4409/1082/586 4410/1083/592 4411/1084/310
f 4400/1085/313 4415/1086/309 4416/1087/282
f 4417/1088/623 4418/1089/283 4419/1090/301
f 4396/1091/8 4391/1092/311 4408/1093/291 4412/1093/579
f 4407/1072/285 4409/1071/586 4411/1094/310 4408/1095/291
f 4410/1074/592 4414/1074/640 4413/1096/7 4411/1096/310
f 4400/1097/313 4405/1098/15 4420/1099/618 4415/1099/309
f 4421/1073/639 4417/1073/623 4419/1100/301 4422/1100/14
f 4418/1070/283 4416/1069/282 4415/1101/309 4419/1102/301
f 4391/1079/311 4400/1085/313 4416/1087/282 4407/1080/285
f 4417/1088/623 4410/1083/592 4409/1082/586 4418/1089/283
f 4380/1014/1 4381/1025/1 4383/1024/1 4384/1011/1
f 4370/1020/34 4385/1020/34 4377/1021/34
f 4444/1103/641 4446/1104/642 4423/1105/16
f 4445/1106/643 4430/1107/643 4429/1108/644 4443/1109/644
f 4435/1110/645 4425/1111/645 4424/1112/646 4433/1113/646
f 4439/1114/647 4427/1115/647 4426/1116/648 4437/1117/648
f 4429/1118/649 4442/1119/649 4440/1120/650 4428/1121/650
f 4431/1122/651 4446/1104/651 4444/1103/652 4430/1123/652
f 4426/1124/653 4436/1125/653 4434/1126/654 4425/1127/654
f 4424/1128/655 4432/1129/655 4446/1104/651 4431/1122/651
f 4425/1127/654 4434/1126/654 4432/1129/655 4424/1128/655
f 4427/1130/656 4438/1131/656 4436/1125/653 4426/1124/653
f 4447/1132/657 4431/1133/657 4430/1107/643 4445/1106/643
f 4446/1104/642 4432/1129/658 4423/1105/16
f 4441/1134/659 4428/1135/659 4427/1115/647 4439/1114/647
f 4428/1121/650 4440/1120/650 4438/1131/656 4427/1130/656
f 4433/1113/646 4424/1112/646 4431/1133/657 4447/1132/657
f 4440/1120/660 4442/1119/661 4423/1105/16
f 4430/1123/652 4444/1103/652 4442/1119/649 4429/1118/649
f 4437/1117/648 4426/1116/648 4425/1111/645 4435/1110/645
f 4443/1109/644 4429/1108/644 4428/1135/659 4441/1134/659
f 4436/1125/662 4438/1131/663 4423/1105/16
f 4434/1126/664 4436/1125/662 4423/1105/16
f 4438/1131/663 4440/1120/660 4423/1105/16
f 4432/1129/658 4434/1126/664 4423/1105/16
f 4442/1119/661 4444/1103/641 4423/1105/16
f 4469/1103/665 4471/1104/672 4448/1105/16
f 4470/1106/643 4455/1107/643 4454/1108/644 4468/1109/644
f 4460/1110/645 4450/1111/645 4449/1112/646 4458/1113/646
f 4464/1114/647 4452/1115/647 4451/1116/648 4462/1117/648
f 4454/1118/666 4467/1119/666 4465/1120/650 4453/1121/650
f 4456/1122/690 4471/1104/690 4469/1103/652 4455/1123/652
f 4451/1124/653 4461/1125/653 4459/1126/654 4450/1127/654
f 4449/1128/655 4457/1129/655 4471/1104/690 4456/1122/690
f 4450/1127/654 4459/1126/654 4457/1129/655 4449/1128/655
f 4452/1130/656 4463/1131/656 4461/1125/653 4451/1124/653
f 4472/1132/657 4456/1133/657 4455/1107/643 4470/1106/643
f 4471/1104/672 4457/1129/667 4448/1105/16
f 4466/1134/659 4453/1135/659 4452/1115/647 4464/1114/647
f 4453/1121/650 4465/1120/650 4463/1131/656 4452/1130/656
f 4458/1113/646 4449/1112/646 4456/1133/657 4472/1132/657
f 4465/1120/668 4467/1119/669 4448/1105/16
f 4455/1123/652 4469/1103/652 4467/1119/666 4454/1118/666
f 4462/1117/648 4451/1116/648 4450/1111/645 4460/1110/645
f 4468/1109/644 4454/1108/644 4453/1135/659 4466/1134/659
f 4461/1125/670 4463/1131/673 4448/1105/16
f 4459/1126/671 4461/1125/670 4448/1105/16
f 4463/1131/673 4465/1120/668 4448/1105/16
f 4457/1129/667 4459/1126/671 4448/1105/16
f 4467/1119/669 4469/1103/665 4448/1105/16
f 4515/999/21 4516/1000/21 4518/1001/21 4517/1002/21
f 4517/1002/1 4518/1001/1 4522/1003/1 4521/1004/1
f 4521/1004/16 4522/1003/16 4520/1005/16 4519/1006/16
f 4519/1006/34 4520/1005/34 4516/1000/34 4515/999/34
f 4517/1007/37 4521/1008/37 4519/1009/37 4515/1010/37
f 4520/1011/16 4522/1012/16 4525/1013/16 4526/1014/16
f 4525/1015/38 4524/1016/38 4523/1017/38 4526/1018/38
f 4518/1019/21 4516/1020/21 4523/1021/21 4524/1022/21
f 4522/1012/1 4518/1019/1 4524/1022/1 4525/1013/1
f 4532/1023/579 4529/1024/579 4527/1025/580 4528/1026/580
f 4526/1027/7 4523/1028/7 4528/1029/580 4527/1030/580
f 4520/1011/16 4526/1014/16 4530/1011/16
f 4529/1031/579 4532/1032/579 4531/1033/581 4530/1034/581
f 4516/1035/37 4520/1036/37 4530/1036/581 4531/1035/581
f 4531/1020/21 4532/1023/21 4528/1026/21 4523/1021/21
f 4545/1037/291 4547/1038/310 4536/1039/34 4534/1040/34
f 4535/1041/286 4538/1042/287 4541/1042/21 4540/1041/582
f 4549/1043/16 4552/1044/16 4548/1044/16 4544/1043/16
f 4533/1045/294 4534/1046/583 4535/1047/286
f 4536/1048/584 4537/1049/533 4538/1050/287
f 4543/1051/290 4544/1052/585 4545/1053/291
f 4546/1054/292 4547/1055/310 4548/1056/586
f 4539/1057/587 4533/1057/294 4535/1058/286 4540/1058/582
f 4534/1040/583 4536/1039/584 4538/1059/287 4535/1060/286
f 4537/1061/533 4542/1061/321 4541/1062/321 4538/1062/287
f 4543/1063/290 4550/1063/588 4549/1064/53 4544/1064/585
f 4551/1065/275 4546/1065/292 4548/1066/586 4552/1066/275
f 4547/1038/310 4545/1037/291 4544/1067/585 4548/1068/586
f 4533/1045/294 4543/1051/290 4545/1053/291 4534/1046/583
f 4546/1054/292 4537/1049/533 4536/1048/584 4547/1055/310
f 4539/1057/587 4550/1063/588 4543/1063/290 4533/1057/294
f 4562/1069/291 4564/1070/310 4555/1071/34 4553/1072/295
f 4567/1073/589 4560/1074/590 4556/1074/591 4563/1073/592
f 4554/1075/286 4557/1076/287 4559/1076/21 4558/1075/582
f 4566/1077/593 4568/1078/16 4565/1078/16 4561/1077/285
f 4537/1079/534 4553/1080/295 4554/1081/286
f 4555/1082/584 4556/1083/591 4557/1084/287
f 4546/1085/311 4561/1086/285 4562/1087/291
f 4563/1088/592 4564/1089/310 4565/1090/586
f 4542/1091/320 4537/1092/534 4554/1093/286 4558/1093/582
f 4553/1072/295 4555/1071/584 4557/1094/287 4554/1095/286
f 4556/1074/591 4560/1074/590 4559/1096/321 4557/1096/287
f 4546/1097/311 4551/1098/53 4566/1099/593 4561/1099/285
f 4567/1073/589 4563/1073/592 4565/1100/586 4568/1100/275
f 4564/1070/310 4562/1069/291 4561/1101/285 4565/1102/586
f 4537/1079/534 4546/1085/311 4562/1087/291 4553/1080/295
f 4563/1088/592 4556/1083/591 4555/1082/584 4564/1089/310
f 4526/1014/16 4527/1025/16 4529/1024/16 4530/1011/16
f 4516/1020/21 4531/1020/21 4523/1021/21
f 4590/1103/594 4592/1104/595 4569/1105/34
f 4591/1106/631 4576/1107/631 4575/1108/597 4589/1109/597
f 4581/1110/598 4571/1111/598 4570/1112/599 4579/1113/599
f 4585/1114/600 4573/1115/600 4572/1116/601 4583/1117/601
f 4575/1118/602 4588/1119/602 4586/1120/603 4574/1121/603
f 4577/1122/604 4592/1104/604 4590/1103/629 4576/1123/629
f 4572/1124/606 4582/1125/606 4580/1126/607 4571/1127/607
f 4570/1128/608 4578/1129/608 4592/1104/604 4577/1122/604
f 4571/1127/607 4580/1126/607 4578/1129/608 4570/1128/608
f 4573/1130/609 4584/1131/609 4582/1125/606 4572/1124/606
f 4593/1132/610 4577/1133/610 4576/1107/631 4591/1106/631
f 4592/1104/595 4578/1129/611 4569/1105/34
f 4587/1134/612 4574/1135/612 4573/1115/600 4585/1114/600
f 4574/1121/603 4586/1120/603 4584/1131/609 4573/1130/609
f 4579/1113/599 4570/1112/599 4577/1133/610 4593/1132/610
f 4586/1120/613 4588/1119/614 4569/1105/34
f 4576/1123/629 4590/1103/629 4588/1119/602 4575/1118/602
f 4583/1117/601 4572/1116/601 4571/1111/598 4581/1110/598
f 4589/1109/597 4575/1108/597 4574/1135/612 4587/1134/612
f 4582/1125/615 4584/1131/616 4569/1105/34
f 4580/1126/617 4582/1125/615 4569/1105/34
f 4584/1131/616 4586/1120/613 4569/1105/34
f 4578/1129/611 4580/1126/617 4569/1105/34
f 4588/1119/614 4590/1103/594 4569/1105/34
f 4615/1103/594 4617/1104/595 4594/1105/34
f 4616/1106/631 4601/1107/631 4600/1108/597 4614/1109/597
f 4606/1110/598 4596/1111/598 4595/1112/599 4604/1113/599
f 4610/1114/600 4598/1115/600 4597/1116/601 4608/1117/601
f 4600/1118/602 4613/1119/602 4611/1120/603 4599/1121/603
f 4602/1122/604 4617/1104/604 4615/1103/629 4601/1123/629
f 4597/1124/606 4607/1125/606 4605/1126/607 4596/1127/607
f 4595/1128/608 4603/1129/608 4617/1104/604 4602/1122/604
f 4596/1127/607 4605/1126/607 4603/1129/608 4595/1128/608
f 4598/1130/609 4609/1131/609 4607/1125/606 4597/1124/606
f 4618/1132/610 4602/1133/610 4601/1107/631 4616/1106/631
f 4617/1104/595 4603/1129/611 4594/1105/34
f 4612/1134/612 4599/1135/612 4598/1115/600 4610/1114/600
f 4599/1121/603 4611/1120/603 4609/1131/609 4598/1130/609
f 4604/1113/599 4595/1112/599 4602/1133/610 4618/1132/610
f 4611/1120/613 4613/1119/614 4594/1105/34
f 4601/1123/629 4615/1103/629 4613/1119/602 4600/1118/602
f 4608/1117/601 4597/1116/601 4596/1111/598 4606/1110/598
f 4614/1109/597 4600/1108/597 4599/1135/612 4612/1134/612
f 4607/1125/615 4609/1131/616 4594/1105/34
f 4605/1126/617 4607/1125/615 4594/1105/34
f 4609/1131/616 4611/1120/613 4594/1105/34
f 4603/1129/611 4605/1126/617 4594/1105/34
f 4613/1119/614 4615/1103/594 4594/1105/34
f 4619/999/21 4620/1000/21 4622/1001/21 4621/1002/21
f 4621/1002/1 4622/1001/1 4626/1003/1 4625/1004/1
f 4625/1004/16 4626/1003/16 4624/1005/16 4623/1006/16
f 4623/1006/34 4624/1005/34 4620/1000/34 4619/999/34
f 4621/1007/37 4625/1008/37 4623/1009/37 4619/1010/37
f 4624/1011/16 4626/1012/16 4629/1013/16 4630/1014/16
f 4629/1015/38 4628/1016/38 4627/1017/38 4630/1018/38
f 4622/1019/21 4620/1020/21 4627/1021/21 4628/1022/21
f 4626/1012/1 4622/1019/1 4628/1022/1 4629/1013/1
f 4636/1023/579 4633/1024/579 4631/1025/580 4632/1026/580
f 4630/1027/7 4627/1028/7 4632/1029/580 4631/1030/580
f 4624/1011/16 4630/1014/16 4634/1011/16
f 4633/1031/579 4636/1032/579 4635/1033/581 4634/1034/581
f 4620/1035/37 4624/1036/37 4634/1036/581 4635/1035/581
f 4635/1020/21 4636/1023/21 4632/1026/21 4627/1021/21
f 4649/1037/291 4651/1038/310 4640/1039/34 4638/1040/34
f 4639/1041/286 4642/1042/287 4645/1042/21 4644/1041/582
f 4653/1043/16 4656/1044/16 4652/1044/16 4648/1043/16
f 4637/1045/294 4638/1046/583 4639/1047/286
f 4640/1048/584 4641/1049/533 4642/1050/287
f 4647/1051/290 4648/1052/585 4649/1053/291
f 4650/1054/292 4651/1055/310 4652/1056/586
f 4643/1057/587 4637/1057/294 4639/1058/286 4644/1058/582
f 4638/1040/583 4640/1039/584 4642/1059/287 4639/1060/286
f 4641/1061/533 4646/1061/321 4645/1062/321 4642/1062/287
f 4647/1063/290 4654/1063/588 4653/1064/53 4648/1064/585
f 4655/1065/275 4650/1065/292 4652/1066/586 4656/1066/275
f 4651/1038/310 4649/1037/291 4648/1067/585 4652/1068/586
f 4637/1045/294 4647/1051/290 4649/1053/291 4638/1046/583
f 4650/1054/292 4641/1049/533 4640/1048/584 4651/1055/310
f 4643/1057/587 4654/1063/588 4647/1063/290 4637/1057/294
f 4666/1069/291 4668/1070/310 4659/1071/34 4657/1072/295
f 4671/1073/589 4664/1074/590 4660/1074/591 4667/1073/592
f 4658/1075/286 4661/1076/287 4663/1076/21 4662/1075/582
f 4670/1077/593 4672/1078/16 4669/1078/16 4665/1077/285
f 4641/1079/534 4657/1080/295 4658/1081/286
f 4659/1082/584 4660/1083/591 4661/1084/287
f 4650/1085/311 4665/1086/285 4666/1087/291
f 4667/1088/592 4668/1089/310 4669/1090/586
f 4646/1091/320 4641/1092/534 4658/1093/286 4662/1093/582
f 4657/1072/295 4659/1071/584 4661/1094/287 4658/1095/286
f 4660/1074/591 4664/1074/590 4663/1096/321 4661/1096/287
f 4650/1097/311 4655/1098/53 4670/1099/593 4665/1099/285
f 4671/1073/589 4667/1073/592 4669/1100/586 4672/1100/275
f 4668/1070/310 4666/1069/291 4665/1101/285 4669/1102/586
f 4641/1079/534 4650/1085/311 4666/1087/291 4657/1080/295
f 4667/1088/592 4660/1083/591 4659/1082/584 4668/1089/310
f 4630/1014/16 4631/1025/16 4633/1024/16 4634/1011/16
f 4620/1020/21 4635/1020/21 4627/1021/21
f 4694/1103/594 4696/1104/595 4673/1105/34
f 4695/1106/596 4680/1107/596 4679/1108/681 4693/1109/681
f 4685/1110/598 4675/1111/598 4674/1112/599 4683/1113/599
f 4689/1114/600 4677/1115/600 4676/1116/601 4687/1117/601
f 4679/1118/602 4692/1119/602 4690/1120/603 4678/1121/603
f 4681/1122/604 4696/1104/604 4694/1103/605 4680/1123/605
f 4676/1124/606 4686/1125/606 4684/1126/607 4675/1127/607
f 4674/1128/608 4682/1129/608 4696/1104/604 4681/1122/604
f 4675/1127/607 4684/1126/607 4682/1129/608 4674/1128/608
f 4677/1130/609 4688/1131/609 4686/1125/606 4676/1124/606
f 4697/1132/610 4681/1133/610 4680/1107/596 4695/1106/596
f 4696/1104/595 4682/1129/611 4673/1105/34
f 4691/1134/612 4678/1135/612 4677/1115/600 4689/1114/600
f 4678/1121/603 4690/1120/603 4688/1131/609 4677/1130/609
f 4683/1113/599 4674/1112/599 4681/1133/610 4697/1132/610
f 4690/1120/613 4692/1119/614 4673/1105/34
f 4680/1123/605 4694/1103/605 4692/1119/602 4679/1118/602
f 4687/1117/601 4676/1116/601 4675/1111/598 4685/1110/598
f 4693/1109/681 4679/1108/681 4678/1135/612 4691/1134/612
f 4686/1125/615 4688/1131/616 4673/1105/34
f 4684/1126/617 4686/1125/615 4673/1105/34
f 4688/1131/616 4690/1120/613 4673/1105/34
f 4682/1129/611 4684/1126/617 4673/1105/34
f 4692/1119/614 4694/1103/594 4673/1105/34
f 4719/1103/594 4721/1104/595 4698/1105/34
f 4720/1106/596 4705/1107/596 4704/1108/681 4718/1109/681
f 4710/1110/598 4700/1111/598 4699/1112/599 4708/1113/599
f 4714/1114/600 4702/1115/600 4701/1116/601 4712/1117/601
f 4704/1118/602 4717/1119/602 4715/1120/603 4703/1121/603
f 4706/1122/604 4721/1104/604 4719/1103/605 4705/1123/605
f 4701/1124/606 4711/1125/606 4709/1126/607 4700/1127/607
f 4699/1128/608 4707/1129/608 4721/1104/604 4706/1122/604
f 4700/1127/607 4709/1126/607 4707/1129/608 4699/1128/608
f 4702/1130/609 4713/1131/609 4711/1125/606 4701/1124/606
f 4722/1132/610 4706/1133/610 4705/1107/596 4720/1106/596
f 4721/1104/595 4707/1129/611 4698/1105/34
f 4716/1134/612 4703/1135/612 4702/1115/600 4714/1114/600
f 4703/1121/603 4715/1120/603 4713/1131/609 4702/1130/609
f 4708/1113/599 4699/1112/599 4706/1133/610 4722/1132/610
f 4715/1120/613 4717/1119/614 4698/1105/34
f 4705/1123/605 4719/1103/605 4717/1119/602 4704/1118/602
f 4712/1117/601 4701/1116/601 4700/1111/598 4710/1110/598
f 4718/1109/681 4704/1108/681 4703/1135/612 4716/1134/612
f 4711/1125/615 4713/1131/616 4698/1105/34
f 4709/1126/617 4711/1125/615 4698/1105/34
f 4713/1131/616 4715/1120/613 4698/1105/34
f 4707/1129/611 4709/1126/617 4698/1105/34
f 4717/1119/614 4719/1103/594 4698/1105/34
f 4723/999/16 4724/1000/16 4726/1001/16 4725/1002/16
f 4725/1002/34 4726/1001/34 4730/1003/34 4729/1004/34
f 4729/1004/21 4730/1003/21 4728/1005/21 4727/1006/21
f 4727/1006/1 4728/1005/1 4724/1000/1 4723/999/1
f 4725/1007/37 4729/1008/37 4727/1009/37 4723/1010/37
f 4728/1011/21 4730/1012/21 4733/1013/21 4734/1014/21
f 4733/1015/38 4732/1016/38 4731/1017/38 4734/1018/38
f 4726/1019/16 4724/1020/16 4731/1021/16 4732/1022/16
f 4730/1012/34 4726/1019/34 4732/1022/34 4733/1013/34
f 4740/1023/618 4737/1024/618 4735/1025/619 4736/1026/619
f 4734/1027/14 4731/1028/14 4736/1029/619 4735/1030/619
f 4728/1011/21 4734/1014/21 4738/1011/21
f 4737/1031/618 4740/1032/618 4739/1033/620 4738/1034/620
f 4724/1035/37 4728/1036/37 4738/1036/620 4739/1035/620
f 4739/1020/16 4740/1023/16 4736/1026/16 4731/1021/16
f 4753/1037/306 4755/1038/307 4744/1039/1 4742/1040/1
f 4743/1041/282 4746/1042/283 4749/1042/16 4748/1041/593
f 4757/1043/21 4760/1044/21 4756/1044/21 4752/1043/21
f 4741/1045/298 4742/1046/693 4743/1047/282
f 4744/1048/688 4745/1049/300 4746/1050/283
f 4751/1051/302 4752/1052/621 4753/1053/306
f 4754/1054/304 4755/1055/307 4756/1056/622
f 4747/1057/588 4741/1057/298 4743/1058/282 4748/1058/593
f 4742/1040/693 4744/1039/688 4746/1059/283 4743/1060/282
f 4745/1061/300 4750/1061/275 4749/1062/275 4746/1062/283
f 4751/1063/302 4758/1063/587 4757/1064/320 4752/1064/621
f 4759/1065/321 4754/1065/304 4756/1066/622 4760/1066/321
f 4755/1038/307 4753/1037/306 4752/1067/621 4756/1068/622
f 4741/1045/298 4751/1051/302 4753/1053/306 4742/1046/693
f 4754/1054/304 4745/1049/300 4744/1048/688 4755/1055/307
f 4747/1057/588 4758/1063/587 4751/1063/302 4741/1057/298
f 4770/1069/306 4772/1070/307 4763/1071/1 4761/1072/309
f 4775/1073/590 4768/1074/589 4764/1074/623 4771/1073/624
f 4762/1075/282 4765/1076/283 4767/1076/16 4766/1075/593
f 4774/1077/582 4776/1078/21 4773/1078/21 4769/1077/289
f 4745/1079/313 4761/1080/309 4762/1081/282
f 4763/1082/301 4764/1083/623 4765/1084/283
f 4754/1085/314 4769/1086/289 4770/1087/306
f 4771/1088/624 4772/1089/307 4773/1090/622
f 4750/1091/53 4745/1092/313 4762/1093/282 4766/1093/593
f 4761/1072/309 4763/1071/301 4765/1094/283 4762/1095/282
f 4764/1074/623 4768/1074/589 4767/1096/275 4765/1096/283
f 4754/1097/314 4759/1098/320 4774/1099/582 4769/1099/289
f 4775/1073/590 4771/1073/624 4773/1100/622 4776/1100/321
f 4772/1070/307 4770/1069/306 4769/1101/289 4773/1102/622
f 4745/1079/313 4754/1085/314 4770/1087/306 4761/1080/309
f 4771/1088/624 4764/1083/623 4763/1082/301 4772/1089/307
f 4734/1014/21 4735/1025/21 4737/1024/21 4738/1011/21
f 4724/1020/16 4739/1020/16 4731/1021/16
f 4798/1103/625 4800/1104/626 4777/1105/1
f 4799/1106/627 4784/1107/627 4783/1108/607 4797/1109/607
f 4789/1110/602 4779/1111/602 4778/1112/605 4787/1113/605
f 4793/1114/609 4781/1115/609 4780/1116/603 4791/1117/603
f 4783/1118/598 4796/1119/598 4794/1120/601 4782/1121/601
f 4785/1122/610 4800/1104/610 4798/1103/630 4784/1123/630
f 4780/1124/612 4790/1125/612 4788/1126/597 4779/1127/597
f 4778/1128/631 4786/1129/631 4800/1104/610 4785/1122/610
f 4779/1127/597 4788/1126/597 4786/1129/631 4778/1128/631
f 4781/1130/600 4792/1131/600 4790/1125/612 4780/1124/612
f 4801/1132/604 4785/1133/604 4784/1107/627 4799/1106/627
f 4800/1104/626 4786/1129/632 4777/1105/1
f 4795/1134/606 4782/1135/606 4781/1115/609 4793/1114/609
f 4782/1121/601 4794/1120/601 4792/1131/600 4781/1130/600
f 4787/1113/605 4778/1112/605 4785/1133/604 4801/1132/604
f 4794/1120/633 4796/1119/682 4777/1105/1
f 4784/1123/630 4798/1103/630 4796/1119/598 4783/1118/598
f 4791/1117/603 4780/1116/603 4779/1111/602 4789/1110/602
f 4797/1109/607 4783/1108/607 4782/1135/606 4795/1134/606
f 4790/1125/635 4792/1131/636 4777/1105/1
f 4788/1126/685 4790/1125/635 4777/1105/1
f 4792/1131/636 4794/1120/633 4777/1105/1
f 4786/1129/632 4788/1126/685 4777/1105/1
f 4796/1119/682 4798/1103/625 4777/1105/1
f 4823/1103/625 4825/1104/626 4802/1105/1
f 4824/1106/627 4809/1107/627 4808/1108/607 4822/1109/607
f 4814/1110/602 4804/1111/602 4803/1112/605 4812/1113/605
f 4818/1114/609 4806/1115/609 4805/1116/603 4816/1117/603
f 4808/1118/598 4821/1119/598 4819/1120/601 4807/1121/601
f 4810/1122/610 4825/1104/610 4823/1103/630 4809/1123/630
f 4805/1124/612 4815/1125/612 4813/1126/597 4804/1127/597
f 4803/1128/631 4811/1129/631 4825/1104/610 4810/1122/610
f 4804/1127/597 4813/1126/597 4811/1129/631 4803/1128/631
f 4806/1130/600 4817/1131/600 4815/1125/612 4805/1124/612
f 4826/1132/604 4810/1133/604 4809/1107/627 4824/1106/627
f 4825/1104/626 4811/1129/632 4802/1105/1
f 4820/1134/606 4807/1135/606 4806/1115/609 4818/1114/609
f 4807/1121/601 4819/1120/601 4817/1131/600 4806/1130/600
f 4812/1113/605 4803/1112/605 4810/1133/604 4826/1132/604
f 4819/1120/633 4821/1119/682 4802/1105/1
f 4809/1123/630 4823/1103/630 4821/1119/598 4808/1118/598
f 4816/1117/603 4805/1116/603 4804/1111/602 4814/1110/602
f 4822/1109/607 4808/1108/607 4807/1135/606 4820/1134/606
f 4815/1125/635 4817/1131/636 4802/1105/1
f 4813/1126/685 4815/1125/635 4802/1105/1
f 4817/1131/636 4819/1120/633 4802/1105/1
f 4811/1129/632 4813/1126/685 4802/1105/1
f 4821/1119/682 4823/1103/625 4802/1105/1
f 4827/999/16 4828/1000/16 4830/1001/16 4829/1002/16
f 4829/1002/34 4830/1001/34 4834/1003/34 4833/1004/34
f 4833/1004/21 4834/1003/21 4832/1005/21 4831/1006/21
f 4831/1006/1 4832/1005/1 4828/1000/1 4827/999/1
f 4829/1007/37 4833/1008/37 4831/1009/37 4827/1010/37
f 4832/1011/21 4834/1012/21 4837/1013/21 4838/1014/21
f 4837/1015/38 4836/1016/38 4835/1017/38 4838/1018/38
f 4830/1019/16 4828/1020/16 4835/1021/16 4836/1022/16
f 4834/1012/34 4830/1019/34 4836/1022/34 4837/1013/34
f 4844/1023/618 4841/1024/618 4839/1025/619 4840/1026/619
f 4838/1027/14 4835/1028/14 4840/1029/619 4839/1030/619
f 4832/1011/21 4838/1014/21 4842/1011/21
f 4841/1031/618 4844/1032/618 4843/1033/620 4842/1034/620
f 4828/1035/37 4832/1036/37 4842/1036/620 4843/1035/620
f 4843/1020/16 4844/1023/16 4840/1026/16 4835/1021/16
f 4857/1037/306 4859/1038/307 4848/1039/1 4846/1040/1
f 4847/1041/282 4850/1042/283 4853/1042/16 4852/1041/593
f 4861/1043/21 4864/1044/21 4860/1044/21 4856/1043/21
f 4845/1045/298 4846/1046/693 4847/1047/282
f 4848/1048/688 4849/1049/300 4850/1050/283
f 4855/1051/302 4856/1052/621 4857/1053/306
f 4858/1054/304 4859/1055/307 4860/1056/622
f 4851/1057/588 4845/1057/298 4847/1058/282 4852/1058/593
f 4846/1040/693 4848/1039/688 4850/1059/283 4847/1060/282
f 4849/1061/300 4854/1061/275 4853/1062/275 4850/1062/283
f 4855/1063/302 4862/1063/587 4861/1064/320 4856/1064/621
f 4863/1065/321 4858/1065/304 4860/1066/622 4864/1066/321
f 4859/1038/307 4857/1037/306 4856/1067/621 4860/1068/622
f 4845/1045/298 4855/1051/302 4857/1053/306 4846/1046/693
f 4858/1054/304 4849/1049/300 4848/1048/688 4859/1055/307
f 4851/1057/588 4862/1063/587 4855/1063/302 4845/1057/298
f 4874/1069/306 4876/1070/307 4867/1071/1 4865/1072/309
f 4879/1073/590 4872/1074/589 4868/1074/623 4875/1073/624
f 4866/1075/282 4869/1076/283 4871/1076/16 4870/1075/593
f 4878/1077/582 4880/1078/21 4877/1078/21 4873/1077/289
f 4849/1079/313 4865/1080/309 4866/1081/282
f 4867/1082/301 4868/1083/623 4869/1084/283
f 4858/1085/314 4873/1086/289 4874/1087/306
f 4875/1088/624 4876/1089/307 4877/1090/622
f 4854/1091/53 4849/1092/313 4866/1093/282 4870/1093/593
f 4865/1072/309 4867/1071/301 4869/1094/283 4866/1095/282
f 4868/1074/623 4872/1074/589 4871/1096/275 4869/1096/283
f 4858/1097/314 4863/1098/320 4878/1099/582 4873/1099/289
f 4879/1073/590 4875/1073/624 4877/1100/622 4880/1100/321
f 4876/1070/307 4874/1069/306 4873/1101/289 4877/1102/622
f 4849/1079/313 4858/1085/314 4874/1087/306 4865/1080/309
f 4875/1088/624 4868/1083/623 4867/1082/301 4876/1089/307
f 4838/1014/21 4839/1025/21 4841/1024/21 4842/1011/21
f 4828/1020/16 4843/1020/16 4835/1021/16
f 4902/1103/625 4904/1104/626 4881/1105/1
f 4903/1106/627 4888/1107/627 4887/1108/607 4901/1109/607
f 4893/1110/602 4883/1111/602 4882/1112/605 4891/1113/605
f 4897/1114/609 4885/1115/609 4884/1116/603 4895/1117/603
f 4887/1118/598 4900/1119/598 4898/1120/601 4886/1121/601
f 4889/1122/610 4904/1104/610 4902/1103/630 4888/1123/630
f 4884/1124/612 4894/1125/612 4892/1126/597 4883/1127/597
f 4882/1128/631 4890/1129/631 4904/1104/610 4889/1122/610
f 4883/1127/597 4892/1126/597 4890/1129/631 4882/1128/631
f 4885/1130/600 4896/1131/600 4894/1125/612 4884/1124/612
f 4905/1132/604 4889/1133/604 4888/1107/627 4903/1106/627
f 4904/1104/626 4890/1129/694 4881/1105/1
f 4899/1134/606 4886/1135/606 4885/1115/609 4897/1114/609
f 4886/1121/601 4898/1120/601 4896/1131/600 4885/1130/600
f 4891/1113/605 4882/1112/605 4889/1133/604 4905/1132/604
f 4898/1120/633 4900/1119/682 4881/1105/1
f 4888/1123/630 4902/1103/630 4900/1119/598 4887/1118/598
f 4895/1117/603 4884/1116/603 4883/1111/602 4893/1110/602
f 4901/1109/607 4887/1108/607 4886/1135/606 4899/1134/606
f 4894/1125/695 4896/1131/636 4881/1105/1
f 4892/1126/685 4894/1125/695 4881/1105/1
f 4896/1131/636 4898/1120/633 4881/1105/1
f 4890/1129/694 4892/1126/685 4881/1105/1
f 4900/1119/682 4902/1103/625 4881/1105/1
f 4927/1103/625 4929/1104/626 4906/1105/1
f 4928/1106/627 4913/1107/627 4912/1108/607 4926/1109/607
f 4918/1110/602 4908/1111/602 4907/1112/605 4916/1113/605
f 4922/1114/609 4910/1115/609 4909/1116/603 4920/1117/603
f 4912/1118/598 4925/1119/598 4923/1120/601 4911/1121/601
f 4914/1122/610 4929/1104/610 4927/1103/630 4913/1123/630
f 4909/1124/612 4919/1125/612 4917/1126/597 4908/1127/597
f 4907/1128/631 4915/1129/631 4929/1104/610 4914/1122/610
f 4908/1127/597 4917/1126/597 4915/1129/631 4907/1128/631
f 4910/1130/600 4921/1131/600 4919/1125/612 4909/1124/612
f 4930/1132/604 4914/1133/604 4913/1107/627 4928/1106/627
f 4929/1104/626 4915/1129/694 4906/1105/1
f 4924/1134/606 4911/1135/606 4910/1115/609 4922/1114/609
f 4911/1121/601 4923/1120/601 4921/1131/600 4910/1130/600
f 4916/1113/605 4907/1112/605 4914/1133/604 4930/1132/604
f 4923/1120/633 4925/1119/682 4906/1105/1
f 4913/1123/630 4927/1103/630 4925/1119/598 4912/1118/598
f 4920/1117/603 4909/1116/603 4908/1111/602 4918/1110/602
f 4926/1109/607 4912/1108/607 4911/1135/606 4924/1134/606
f 4919/1125/695 4921/1131/636 4906/1105/1
f 4917/1126/685 4919/1125/695 4906/1105/1
f 4921/1131/636 4923/1120/633 4906/1105/1
f 4915/1129/694 4917/1126/685 4906/1105/1
f 4925/1119/682 4927/1103/625 4906/1105/1
usemtl restaurant.036
f 4473/999/1 4474/1000/1 4476/1001/1 4475/1002/1
f 4478/1012/21 4476/1019/21 4480/1022/21 4481/1013/21
f 4482/1014/34 4489/1136/34 4478/1012/34 4481/1013/34
f 4486/1137/16 4487/1138/16 4474/1000/16 4473/999/16
f 4475/1002/21 4476/1001/21 4478/1003/21 4477/1004/21
f 4479/1017/37 4483/1139/37 4482/1018/37 4480/1016/37
f 4476/1019/1 4474/1020/1 4479/1021/1 4480/1022/1
f 4487/1140/1 4486/1141/1 4485/1141/1 4484/1142/1
f 4480/1016/37 4482/1018/37 4481/1015/37
f 4479/1021/1 4491/1020/1 4490/1023/1 4493/1026/1
f 4482/1014/16 4483/1143/16 4484/1144/16 4489/1136/16
f 4492/1145/38 4491/1035/38 4474/1035/38 4484/1146/38
f 4488/1006/16 4489/1147/16 4484/1142/16 4485/1141/16
f 4475/1007/38 4477/1008/38 4486/1148/38
f 4490/1032/691 4491/1033/691 4492/1149/691
f 4493/1029/341 4483/1150/341 4479/1028/341
f 4492/1151/16 4484/1144/16 4483/1143/16
f 4479/1021/1 4474/1020/1 4491/1020/1
f 4490/1023/16 4492/1151/16 4483/1143/16 4493/1026/16
f 4484/1146/38 4474/1035/38 4487/1152/38
f 4478/1003/34 4489/1147/34 4488/1006/34 4477/1004/34
f 4473/1010/38 4475/1007/38 4486/1148/38
f 4488/1009/38 4485/1148/38 4486/1148/38
f 4477/1008/38 4488/1009/38 4486/1148/38
f 4494/999/34 4495/1000/34 4497/1001/34 4496/1002/34
f 4499/1012/16 4497/1019/16 4501/1022/16 4502/1013/16
f 4503/1014/1 4510/1136/1 4499/1012/1 4502/1013/1
f 4507/1137/21 4508/1138/21 4495/1000/21 4494/999/21
f 4496/1002/16 4497/1001/16 4499/1003/16 4498/1004/16
f 4500/1017/37 4504/1139/37 4503/1018/37 4501/1016/37
f 4497/1019/34 4495/1020/34 4500/1021/34 4501/1022/34
f 4508/1140/34 4507/1141/34 4506/1141/34 4505/1142/34
f 4501/1016/37 4503/1018/37 4502/1015/37
f 4500/1021/34 4512/1020/34 4511/1023/34 4514/1026/34
f 4503/1014/21 4504/1143/21 4505/1144/21 4510/1136/21
f 4513/1145/38 4512/1035/38 4495/1035/38 4505/1146/38
f 4509/1006/21 4510/1147/21 4505/1142/21 4506/1141/21
f 4496/1007/38 4498/1008/38 4507/1148/38
f 4511/1032/318 4512/1033/318 4513/1149/318
f 4514/1029/692 4504/1150/692 4500/1028/692
f 4513/1151/21 4505/1144/21 4504/1143/21
f 4500/1021/34 4495/1020/34 4512/1020/34
f 4511/1023/21 4513/1151/21 4504/1143/21 4514/1026/21
f 4505/1146/38 4495/1035/38 4508/1152/38
f 4499/1003/1 4510/1147/1 4509/1006/1 4498/1004/1
f 4494/1010/38 4496/1007/38 4507/1148/38
f 4509/1009/38 4506/1148/38 4507/1148/38
f 4498/1008/38 4509/1009/38 4507/1148/38
f 4931/999/1 4932/1000/1 4934/1001/1 4933/1002/1
f 4936/1012/16 4934/1019/16 4938/1022/16 4939/1013/16
f 4940/1014/34 4947/1136/34 4936/1012/34 4939/1013/34
f 4944/1137/21 4945/1138/21 4932/1000/21 4931/999/21
f 4933/1002/16 4934/1001/16 4936/1003/16 4935/1004/16
f 4937/1017/38 4941/1139/38 4940/1018/38 4938/1016/38
f 4934/1019/1 4932/1020/1 4937/1021/1 4938/1022/1
f 4945/1140/1 4944/1141/1 4943/1141/1 4942/1142/1
f 4938/1016/38 4940/1018/38 4939/1015/38
f 4937/1021/1 4949/1020/1 4948/1023/1 4951/1026/1
f 4940/1014/21 4941/1143/21 4942/1144/21 4947/1136/21
f 4950/1145/37 4949/1035/37 4932/1035/37 4942/1146/37
f 4946/1006/21 4947/1147/21 4942/1142/21 4943/1141/21
f 4933/1007/37 4935/1008/37 4944/1148/37
f 4948/1032/696 4949/1033/696 4950/1149/696
f 4951/1029/697 4941/1150/697 4937/1028/697
f 4950/1151/21 4942/1144/21 4941/1143/21
f 4937/1021/1 4932/1020/1 4949/1020/1
f 4948/1023/21 4950/1151/21 4941/1143/21 4951/1026/21
f 4942/1146/37 4932/1035/37 4945/1152/37
f 4936/1003/34 4947/1147/34 4946/1006/34 4935/1004/34
f 4931/1010/37 4933/1007/37 4944/1148/37
f 4946/1009/37 4943/1148/37 4944/1148/37
f 4935/1008/37 4946/1009/37 4944/1148/37
f 4952/999/34 4953/1000/34 4955/1001/34 4954/1002/34
f 4957/1012/21 4955/1019/21 4959/1022/21 4960/1013/21
f 4961/1014/1 4968/1136/1 4957/1012/1 4960/1013/1
f 4965/1137/16 4966/1138/16 4953/1000/16 4952/999/16
f 4954/1002/21 4955/1001/21 4957/1003/21 4956/1004/21
f 4958/1017/38 4962/1139/38 4961/1018/38 4959/1016/38
f 4955/1019/34 4953/1020/34 4958/1021/34 4959/1022/34
f 4966/1140/34 4965/1141/34 4964/1141/34 4963/1142/34
f 4959/1016/38 4961/1018/38 4960/1015/38
f 4958/1021/34 4970/1020/34 4969/1023/34 4972/1026/34
f 4961/1014/16 4962/1143/16 4963/1144/16 4968/1136/16
f 4971/1145/37 4970/1035/37 4953/1035/37 4963/1146/37
f 4967/1006/16 4968/1147/16 4963/1142/16 4964/1141/16
f 4954/1007/37 4956/1008/37 4965/1148/37
f 4969/1032/550 4970/1033/550 4971/1149/550
f 4972/1029/551 4962/1150/551 4958/1028/551
f 4971/1151/16 4963/1144/16 4962/1143/16
f 4958/1021/34 4953/1020/34 4970/1020/34
f 4969/1023/16 4971/1151/16 4962/1143/16 4972/1026/16
f 4963/1146/37 4953/1035/37 4966/1152/37
f 4957/1003/1 4968/1147/1 4967/1006/1 4956/1004/1
f 4952/1010/37 4954/1007/37 4965/1148/37
f 4967/1009/37 4964/1148/37 4965/1148/37
f 4956/1008/37 4967/1009/37 4965/1148/37
usemtl restaurant.020
f 5036/1/21 5002/4/21 4995/3/21 5031/2/21
f 4988/5/698 4976/6/699 4978/7/700 4989/8/699
f 4990/9/701 4977/10/702 4976/11/703 4988/12/703
f 4988/12/53 4982/14/53 4984/13/53 4990/9/53
f 4989/8/275 4983/16/275 4982/15/275 4988/5/275
f 4973/12/704 4985/17/705 4987/18/706 4974/9/707
f 4975/8/708 4986/19/709 4985/20/710 4973/5/709
f 4979/14/320 4973/12/320 4974/9/320 4980/13/320
f 4981/16/321 4975/8/321 4973/5/321 4979/15/321
f 4985/17/34 4976/11/34 4977/10/34 4987/18/34
f 4986/19/34 4978/7/34 4976/6/34 4985/20/34
f 4982/14/1 4979/14/1 4980/13/1 4984/13/1
f 4983/16/1 4981/16/1 4979/15/1 4982/15/1
f 4994/33/34 4997/33/34 4999/34/34 4995/34/34
f 4996/35/34 4998/35/34 4997/36/34 4994/36/34
f 5000/26/711 4994/33/712 4995/34/713 5002/25/714
f 5001/22/715 4996/35/716 4994/36/717 5000/21/718
f 4997/33/719 4991/26/720 4992/25/721 4999/34/722
f 4998/35/723 4993/22/724 4991/21/725 4997/36/726
f 4990/37/701 5038/38/727 5037/39/727 4977/40/702
f 5009/41/728 4989/42/729 4978/43/730 5012/44/731
f 4986/45/34 5007/46/34 5012/44/34 4978/43/34
f 4981/47/21 5003/48/21 5011/41/21 4975/42/21
f 4975/42/732 5011/41/733 5007/46/734 4986/45/735
f 4983/47/1 5004/48/1 5003/48/1 4981/47/1
f 4998/55/16 5006/56/16 5010/54/16 4993/51/16
f 4998/55/34 4996/55/34 5005/56/34 5006/56/34
f 5029/59/21 4980/60/21 4974/37/21 5035/38/21
f 5005/61/38 5003/62/38 5004/62/38 5006/61/38
f 5034/63/34 4987/64/34 4977/40/34 5037/39/34
f 5032/2/16 4999/3/16 4992/4/16 5033/1/16
f 5030/59/1 4984/60/1 4980/60/1 5029/59/1
f 5031/67/37 5032/67/37 5030/68/37 5029/68/37
f 5035/38/736 4974/37/707 4987/64/706 5034/63/737
f 5038/38/16 4990/37/16 4984/60/16 5030/59/16
f 5015/69/16 5019/70/16 5017/71/16 5013/72/16
f 5016/73/16 5014/74/16 5018/75/16 5020/76/16
f 5016/73/16 5020/76/16 5019/70/16 5015/69/16
f 5018/75/16 5014/74/16 5013/72/16 5017/71/16
f 5023/69/21 5021/72/21 5025/71/21 5027/70/21
f 5024/73/21 5028/76/21 5026/75/21 5022/74/21
f 5024/73/21 5023/69/21 5027/70/21 5028/76/21
f 5026/75/21 5025/71/21 5021/72/21 5022/74/21
f 5049/77/738 5050/78/739 5007/46/734 5011/41/733
f 5047/81/34 5034/63/34 5037/39/34 5056/82/34
f 5041/83/21 5029/59/21 5035/38/21 5048/84/21
f 5043/85/16 5032/2/16 5033/1/16 5053/86/16
f 5032/2/34 5031/2/34 4995/3/34 4999/3/34
f 4989/42/16 5009/41/740 5004/48/741 4983/47/16
f 5001/51/21 5008/54/21 5005/56/21 4996/55/21
f 5048/84/742 5035/38/736 5034/63/737 5047/81/743
f 5039/83/16 5030/59/16 5032/2/16 5043/85/16
f 5051/86/21 5036/1/21 5031/2/21 5044/85/21
f 5055/84/16 5038/38/16 5030/59/16 5039/83/16
f 5044/85/21 5031/2/21 5029/59/21 5041/83/21
f 5042/88/740 5004/48/741 5009/41/740 5058/77/744
f 5046/89/21 5005/56/21 5008/54/21 5052/80/21
f 5048/84/745 5047/81/746 5189/81/747 5190/84/748
f 5049/90/749 5040/91/750 5042/91/37 5058/90/749
f 5050/78/34 5057/92/34 5012/44/34 5007/46/34
f 5003/48/21 5040/88/21 5049/77/21 5011/41/21
f 5004/48/741 5042/88/740 5045/89/16 5006/56/16
f 5005/56/21 5046/89/21 5040/88/21 5003/48/21
f 5040/91/750 5046/93/37 5045/93/37 5042/91/37
f 5046/93/37 5052/95/37 5054/95/37 5045/93/37
f 5050/96/755 5049/90/756 5058/90/757 5057/97/758
f 5038/38/727 5055/84/759 5056/82/760 5037/39/727
f 5058/77/761 5009/41/728 5012/44/731 5057/92/762
f 5054/80/16 5010/54/16 5006/56/16 5045/89/16
f 5020/101/37 5028/101/37 5027/102/37 5019/102/37
f 5019/103/34 5027/103/34 5025/104/34 5017/104/34
f 5018/105/1 5026/105/1 5028/106/1 5020/106/1
f 5017/107/38 5025/108/38 5026/109/38 5018/110/38
f 5062/111/21 5064/114/21 5066/113/21 5059/112/21
f 5063/111/16 5061/114/16 5060/113/16 5065/112/16
f 5159/86/16 5149/85/16 5199/85/16 5204/86/16
f 5142/1/21 5137/2/21 5101/3/21 5108/4/21
f 5094/5/797 5095/8/798 5084/7/799 5082/6/800
f 5096/9/801 5094/12/802 5082/11/802 5083/10/803
f 5094/12/53 5096/9/53 5090/13/53 5088/14/53
f 5095/8/275 5094/5/275 5088/15/275 5089/16/275
f 5079/12/804 5080/9/805 5093/18/806 5091/17/804
f 5081/8/807 5079/5/808 5091/20/808 5092/19/809
f 5085/14/320 5086/13/320 5080/9/320 5079/12/320
f 5087/16/321 5085/15/321 5079/5/321 5081/8/321
f 5091/17/1 5093/18/1 5083/10/1 5082/11/1
f 5092/19/1 5091/20/1 5082/6/1 5084/7/1
f 5088/14/34 5090/13/34 5086/13/34 5085/14/34
f 5089/16/34 5088/15/34 5085/15/34 5087/16/34
f 5100/33/1 5101/34/1 5105/34/1 5103/33/1
f 5102/35/1 5100/36/1 5103/36/1 5104/35/1
f 5106/26/810 5108/25/811 5101/34/812 5100/33/811
f 5107/22/715 5106/21/813 5100/36/814 5102/35/815
f 5103/33/816 5105/34/817 5098/25/816 5097/26/818
f 5104/35/819 5103/36/820 5097/21/821 5099/22/820
f 5096/37/801 5083/40/803 5143/39/822 5144/38/822
f 5115/41/823 5118/44/824 5084/43/825 5095/42/826
f 5092/45/1 5084/43/1 5118/44/1 5113/46/1
f 5087/47/21 5081/42/21 5117/41/21 5109/48/21
f 5081/42/827 5092/45/828 5113/46/829 5117/41/830
f 5089/47/34 5087/47/34 5109/48/34 5110/48/34
f 5104/55/16 5099/51/16 5116/54/16 5112/56/16
f 5104/55/1 5112/56/1 5111/56/1 5102/55/1
f 5135/59/21 5141/38/21 5080/37/21 5086/60/21
f 5111/61/38 5112/61/38 5110/62/38 5109/62/38
f 5140/63/1 5143/39/1 5083/40/1 5093/64/1
f 5138/2/16 5139/1/16 5098/4/16 5105/3/16
f 5136/59/34 5135/59/34 5086/60/34 5090/60/34
f 5137/67/37 5135/68/37 5136/68/37 5138/67/37
f 5141/38/831 5140/63/832 5093/64/806 5080/37/805
f 5144/38/16 5136/59/16 5090/60/16 5096/37/16
f 5121/69/16 5119/72/16 5123/71/16 5125/70/16
f 5122/73/16 5126/76/16 5124/75/16 5120/74/16
f 5122/73/16 5121/69/16 5125/70/16 5126/76/16
f 5124/75/16 5123/71/16 5119/72/16 5120/74/16
f 5129/69/21 5133/70/21 5131/71/21 5127/72/21
f 5130/73/21 5128/74/21 5132/75/21 5134/76/21
f 5130/73/21 5134/76/21 5133/70/21 5129/69/21
f 5132/75/21 5128/74/21 5127/72/21 5131/71/21
f 5155/77/833 5117/41/830 5113/46/829 5156/78/834
f 5153/81/1 5162/82/1 5143/39/1 5140/63/1
f 5147/83/21 5154/84/21 5141/38/21 5135/59/21
f 5149/85/16 5159/86/16 5139/1/16 5138/2/16
f 5138/2/1 5105/3/1 5101/3/1 5137/2/1
f 5095/42/16 5089/47/16 5110/48/835 5115/41/836
f 5107/51/21 5102/55/21 5111/56/21 5114/54/21
f 5154/84/837 5153/81/838 5140/63/832 5141/38/831
f 5145/83/16 5149/85/16 5138/2/16 5136/59/16
f 5157/86/21 5150/85/21 5137/2/21 5142/1/21
f 5161/84/16 5145/83/16 5136/59/16 5144/38/16
f 5150/85/21 5147/83/21 5135/59/21 5137/2/21
f 5148/88/836 5164/77/839 5115/41/836 5110/48/835
f 5152/89/21 5158/80/21 5114/54/21 5111/56/21
f 5155/90/749 5164/90/749 5148/91/37 5146/91/37
f 5156/78/1 5113/46/1 5118/44/1 5163/92/1
f 5109/48/21 5117/41/21 5155/77/21 5146/88/21
f 5110/48/835 5112/56/16 5151/89/16 5148/88/836
f 5111/56/21 5109/48/21 5146/88/21 5152/89/21
f 5146/91/37 5148/91/37 5151/93/37 5152/93/37
f 5152/93/37 5151/93/37 5160/95/37 5158/95/37
f 5156/96/844 5163/97/845 5164/90/846 5155/90/794
f 5144/38/822 5143/39/822 5162/82/847 5161/84/848
f 5164/77/849 5163/92/850 5118/44/824 5115/41/823
f 5043/85/16 5053/86/16 5192/86/16 5187/85/16
f 5160/80/16 5151/89/16 5112/56/16 5116/54/16
f 5126/101/37 5125/102/37 5133/102/37 5134/101/37
f 5125/103/1 5123/104/1 5131/104/1 5133/103/1
f 5124/105/34 5126/106/34 5134/106/34 5132/105/34
f 5123/107/38 5124/110/38 5132/109/38 5131/108/38
f 5168/111/16 5170/114/16 5172/113/16 5165/112/16
f 5169/111/16 5171/112/16 5166/113/16 5167/114/16
f 5147/83/21 5150/85/21 5200/85/21 5198/83/21
f 5154/84/21 5147/83/21 5198/83/21 5202/84/21
f 5145/83/16 5161/84/16 5205/84/16 5197/83/16
f 5188/1153/879 5186/1154/880 5185/1154/880 5187/1153/879
f 5191/117/881 5188/1153/879 5187/1153/879 5192/117/881
f 5186/1154/880 5190/406/880 5193/406/880 5185/1154/880
f 5190/406/882 5189/407/883 5194/408/884 5193/406/885
f 5200/1153/880 5199/1153/880 5197/1154/880 5198/1154/880
f 5203/117/880 5204/117/880 5199/1153/880 5200/1153/880
f 5198/1154/880 5197/1154/880 5205/406/880 5202/406/880
f 5202/406/890 5205/406/891 5206/408/892 5201/407/893
s 0
f 5053/118/898 5051/118/898 5191/118/898 5192/118/898
s 1
f 5153/81/903 5154/84/904 5202/84/905 5201/81/906
s 0
f 5157/118/907 5159/118/907 5204/118/907 5203/118/907
s 1
f 5039/83/16 5043/85/16 5187/85/16 5185/83/16
f 5149/85/16 5145/83/16 5197/83/16 5199/85/16
f 5047/81/746 5056/82/908 5194/82/909 5189/81/747
f 5051/86/21 5044/85/21 5188/85/21 5191/86/21
f 5056/82/908 5055/84/910 5193/84/911 5194/82/909
f 5162/82/912 5153/81/903 5201/81/906 5206/82/913
f 5150/85/21 5157/86/21 5203/86/21 5200/85/21
f 5161/84/914 5162/82/912 5206/82/913 5205/84/915
f 5055/84/16 5039/83/16 5185/83/16 5193/84/16
f 5041/83/21 5048/84/21 5190/84/21 5186/83/21
f 5044/85/21 5041/83/21 5186/83/21 5188/85/21
usemtl restaurant.021
f 5075/94/751 5048/86/752 5190/86/753 5195/94/754
f 5074/49/1 5068/50/1 5067/66/1 5073/65/1
f 4974/4/763 5035/1/764 5068/50/765 5074/49/766
f 5055/86/767 5038/1/768 5067/66/768 5077/87/769
f 5183/87/770 5161/86/771 5205/86/772 5208/87/773
f 5038/1/768 4990/4/774 5073/65/775 5067/66/768
f 4973/26/776 4974/25/763 5074/28/766 5071/27/777
f 4988/21/778 4989/22/779 5069/29/780 5072/30/781
f 5035/1/764 5048/86/782 5075/94/783 5068/50/765
f 5049/80/784 4975/51/785 5070/58/786 5076/98/787
f 4975/22/785 4973/21/788 5071/24/789 5070/23/786
f 4990/25/774 4988/26/790 5072/31/791 5073/32/775
f 4989/51/779 5058/79/792 5069/52/780
f 5070/23/1 5071/24/1 5072/30/1 5069/29/1
f 5068/50/1 5075/94/1 5077/87/1 5067/66/1
f 5071/27/1 5074/28/1 5073/32/1 5072/31/1
f 5076/98/793 5070/58/1 5069/52/1 5058/79/793
f 5049/95/794 5076/100/795 5058/95/796
f 5055/86/840 5077/87/841 5196/87/842 5193/86/843
f 5180/49/34 5179/65/34 5173/66/34 5174/50/34
f 5080/4/851 5180/49/852 5174/50/853 5141/1/853
f 5161/86/854 5183/87/855 5173/66/856 5144/1/857
f 5144/1/857 5173/66/856 5179/65/858 5096/4/859
f 5079/26/860 5177/27/861 5180/28/852 5080/25/851
f 5094/21/862 5178/30/862 5175/29/863 5095/22/864
f 5141/1/853 5174/50/853 5181/94/865 5154/86/866
f 5155/80/867 5182/98/868 5176/58/869 5081/51/870
f 5081/22/870 5176/23/869 5177/24/871 5079/21/872
f 5096/25/859 5179/32/858 5178/31/873 5094/26/873
f 5095/51/864 5175/52/863 5164/79/874
f 5176/23/875 5175/29/34 5178/30/34 5177/24/34
f 5174/50/34 5173/66/34 5183/87/34 5181/94/34
f 5177/27/34 5178/31/34 5179/32/34 5180/28/34
f 5182/98/34 5164/79/34 5175/52/34 5176/58/875
f 5155/95/876 5164/95/877 5182/100/878
f 5195/115/886 5190/117/887 5193/117/888 5196/116/889
f 5207/115/894 5208/116/895 5205/117/896 5202/117/897
f 5154/86/899 5181/94/900 5207/94/901 5202/86/902
f 5077/87/841 5075/94/751 5195/94/754 5196/87/842
f 5181/94/900 5183/87/770 5208/87/773 5207/94/901
usemtl restaurant.019
f 5259/81/916 5215/63/917 5218/39/917 5265/82/916
f 5227/83/21 5209/59/21 5141/38/21 5202/84/21
f 5235/85/16 5212/2/16 5214/1/16 5193/86/16
f 5254/49/1 5216/50/918 5213/66/918 5253/65/1
f 5250/37/919 5219/38/920 5218/39/921 5251/40/922
f 4974/4/923 5217/1/924 5216/50/925 5254/49/926
f 5202/84/927 5141/38/928 5215/63/928 5259/81/929
f 5193/86/930 5214/1/931 5213/66/932 5263/87/933
f 5223/83/16 5210/59/16 5212/2/16 5235/85/16
f 5190/86/21 5217/1/21 5211/2/21 5236/85/21
f 5205/84/16 5219/38/16 5210/59/16 5223/83/16
f 5236/85/21 5211/2/21 5209/59/21 5227/83/21
f 5238/89/34 5237/55/34 5233/55/34 5239/89/34
f 5228/47/1 5229/88/1 5224/88/1 5221/47/1
f 5225/15/1 5220/15/1 5228/16/1 5221/16/1
f 5226/13/1 5222/13/1 5220/14/1 5225/14/1
f 5236/1153/934 5227/1154/935 5223/1154/935 5235/1153/934
f 5155/90/936 5224/91/936 5229/91/936 5164/90/936
f 5258/5/275 5095/8/275 5228/16/275 5220/15/275
f 5250/9/53 5258/12/53 5220/14/53 5222/13/53
f 5095/42/937 5164/77/937 5229/88/937 5228/47/937
f 5219/38/16 5250/37/16 5222/60/16 5210/59/16
f 5217/1/21 4974/4/21 5232/3/21 5211/2/21
f 5209/59/1 5210/59/1 5222/60/1 5226/60/1
f 5231/36/34 5230/36/34 5233/35/34 5237/35/34
f 5247/21/321 4975/22/321 5233/35/321 5230/36/321
f 4975/51/21 5049/80/21 5239/89/21 5233/55/21
f 5232/34/34 5230/33/34 5231/33/34 5234/34/34
f 4974/25/320 5247/26/320 5230/33/320 5232/34/320
f 5212/2/34 5211/2/34 5232/3/34 5234/3/34
f 5211/67/37 5212/67/37 5210/68/37 5209/68/37
f 5190/117/938 5236/1153/934 5235/1153/934 5193/117/938
f 5227/1154/935 5202/406/939 5205/406/939 5223/1154/935
f 5261/115/940 5190/117/940 5193/117/940 5263/116/940
f 5239/93/37 5049/95/37 5058/95/37 5238/93/37
f 5260/78/8 5155/77/8 5164/77/8 5266/92/8
f 5243/45/34 5260/78/34 5266/92/34 5244/43/34
f 5258/12/941 5250/9/919 5251/10/922 5257/11/941
f 5214/1/931 5252/4/942 5253/65/943 5213/66/932
f 5247/26/944 4974/25/923 5254/28/926 5246/27/944
f 5141/38/928 5255/37/945 5256/64/946 5215/63/928
f 5255/9/945 5240/12/947 5241/11/947 5256/18/946
f 5249/21/948 4989/22/949 5242/29/950 5248/30/948
f 5240/5/951 5081/8/952 5243/19/953 5241/6/951
f 5217/1/924 5190/86/954 5261/94/954 5216/50/925
f 5049/80/955 4975/51/956 5245/58/957 5262/98/958
f 4975/22/956 5247/21/959 5246/24/960 5245/23/957
f 5252/25/942 5249/26/961 5248/31/961 5253/32/943
f 5219/38/920 5205/84/962 5265/82/963 5218/39/921
f 5095/8/964 5258/5/965 5257/6/965 5244/7/966
f 5081/42/952 5155/77/967 5260/78/967 5243/45/953
f 5164/77/968 5095/42/964 5244/43/966 5266/92/968
f 4989/51/949 5058/80/969 5264/79/969 5242/52/950
f 5245/23/1 5246/24/1 5248/30/1 5242/29/1
f 5216/50/918 5261/94/970 5263/87/970 5213/66/918
f 5231/36/275 5237/35/275 4989/22/275 5249/21/275
f 5256/18/34 5241/11/34 5257/11/34 5251/10/34
f 5246/27/1 5254/28/1 5253/32/1 5248/31/1
f 5262/98/1 5245/58/1 5242/52/1 5264/79/1
f 5226/13/320 5225/14/320 5240/12/320 5255/9/320
f 5234/34/53 5231/33/53 5249/26/53 5252/25/53
f 5202/406/971 5259/407/972 5265/408/971 5205/406/971
f 5221/47/21 5224/88/21 5155/77/21 5081/42/21
f 5225/15/321 5221/16/321 5081/8/321 5240/5/321
f 5241/6/34 5243/19/34 5244/7/34 5257/6/34
f 5049/95/15 5262/100/15 5264/99/15 5058/95/15
f 5237/55/16 5238/89/16 5058/80/16 4989/51/16
f 5212/2/16 5234/3/16 5252/4/16 5214/1/16
f 5209/59/21 5226/60/21 5255/37/21 5141/38/21
f 5215/63/917 5256/64/34 5251/40/34 5218/39/917
f 5278/1155/1 5277/1155/1 5281/1156/1 5282/1156/1
f 5276/1157/34 5280/1158/34 5279/1158/34 5275/1157/34
f 5280/1159/37 5282/1160/37 5281/1160/37 5279/1159/37
f 5269/1161/37 5270/1161/37 5277/1162/37 5278/1162/37
f 5271/1163/21 5279/1164/21 5281/1165/21 5274/1166/21
f 5272/1163/16 5280/1164/16 5276/1167/16 5268/1168/16
f 5273/1166/16 5269/1161/16 5278/1162/16 5282/1165/16
f 5268/1168/37 5276/1167/37 5275/1167/37 5267/1168/37
f 5273/1166/16 5282/1165/16 5280/1164/16 5272/1163/16
f 5267/1168/21 5275/1167/21 5279/1164/21 5271/1163/21
f 5270/1161/21 5274/1166/21 5281/1165/21 5277/1162/21
s 0
usemtl restaurant.014
f 5293/118/151 5295/118/151 5477/118/151 5476/118/151
f 5506/118/1063 5508/118/1063 5554/118/1063 5553/118/1063
f 5569/118/1080 5602/118/1080 5603/118/1080 5571/118/1080
s 1
usemtl restaurant.016
f 5352/1/34 5320/4/34 5310/3/34 5347/2/34
f 5283/12/973 5300/14/973 5302/13/974 5284/9/975
f 5285/8/976 5301/16/977 5300/15/977 5283/5/977
f 5297/14/978 5286/12/978 5288/9/978 5298/13/978
f 5299/16/979 5287/8/980 5286/5/979 5297/15/979
f 5300/14/21 5297/14/21 5298/13/21 5302/13/21
f 5301/16/21 5299/16/21 5297/15/21 5300/15/21
f 5318/21/981 5306/24/981 5308/23/981 5319/22/981
f 5320/25/982 5307/28/983 5306/27/984 5318/26/984
f 5306/24/21 5315/30/21 5317/29/21 5308/23/21
f 5307/28/21 5316/32/21 5315/31/21 5306/27/21
f 5309/33/16 5312/33/16 5314/34/16 5310/34/16
f 5311/35/16 5313/35/16 5312/36/16 5309/36/16
f 5318/26/8 5309/33/8 5310/34/8 5320/25/8
f 5319/22/7 5311/35/7 5309/36/7 5318/21/7
f 5303/26/985 5315/31/985 5316/32/986 5304/25/987
f 5305/22/988 5317/29/989 5315/30/988 5303/21/988
f 5312/33/15 5303/26/15 5304/25/15 5314/34/15
f 5313/35/14 5305/22/14 5303/21/14 5312/36/14
f 5299/47/34 5321/48/34 5289/41/34 5287/42/34
f 5301/47/21 5322/48/21 5321/48/21 5299/47/21
f 5320/4/982 5352/1/95 5351/50/990 5307/49/983
f 5305/51/991 5327/54/992 5325/53/993 5317/52/994
f 5313/55/1 5324/56/1 5327/54/1 5305/51/1
f 5326/54/86 5319/51/995 5308/58/995 5328/57/86
f 5328/57/21 5308/58/21 5317/52/21 5325/53/21
f 5313/55/16 5311/55/16 5323/56/16 5324/56/16
f 5345/59/34 5298/60/34 5288/37/34 5292/38/34
f 5323/61/38 5321/62/38 5322/62/38 5324/61/38
f 5348/2/1 5314/3/1 5304/4/1 5350/1/1
f 5346/59/21 5302/60/21 5298/60/21 5345/59/21
f 5307/49/21 5351/50/21 5349/66/21 5316/65/21
f 5347/67/37 5348/67/37 5346/68/37 5345/68/37
f 5350/1/996 5304/4/987 5316/65/986 5349/66/997
f 5353/38/1 5284/37/1 5302/60/1 5346/59/1
f 5331/69/1 5335/70/1 5333/71/1 5329/72/1
f 5332/73/1 5330/74/1 5334/75/1 5336/76/1
f 5332/73/1 5336/76/1 5335/70/1 5331/69/1
f 5339/69/34 5337/72/34 5341/71/34 5343/70/34
f 5340/73/34 5344/76/34 5342/75/34 5338/74/34
f 5340/73/34 5339/69/34 5343/70/34 5344/76/34
f 5344/106/21 5336/106/21 5334/105/21 5342/105/21
f 5341/104/16 5333/104/16 5335/103/16 5343/103/16
f 5343/102/37 5335/102/37 5336/101/37 5344/101/37
f 5327/54/992 5368/80/998 5369/79/998 5325/53/993
f 5356/83/34 5345/59/34 5292/38/34 5293/84/34
f 5358/85/1 5348/2/1 5350/1/1 5367/86/1
f 5348/2/16 5347/2/16 5310/3/16 5314/3/16
f 5285/42/1 5290/41/1 5322/48/1 5301/47/1
f 5319/51/34 5326/54/34 5323/56/34 5311/55/34
f 5367/86/999 5350/1/996 5349/66/997 5366/87/999
f 5354/83/1 5346/59/1 5348/2/1 5358/85/1
f 5362/86/34 5352/1/34 5347/2/34 5359/85/34
f 5295/84/1 5353/38/1 5346/59/1 5354/83/1
f 5359/85/34 5347/2/34 5345/59/34 5356/83/34
f 5357/88/1 5322/48/1 5290/41/1 5296/77/1
f 5361/89/34 5323/56/34 5326/54/34 5365/80/34
f 5362/86/34 5359/85/34 5481/85/34 5482/86/34
f 5294/90/37 5355/91/37 5357/91/37 5296/90/37
f 5321/48/34 5355/88/34 5294/77/34 5289/41/34
f 5322/48/1 5357/88/1 5360/89/1 5324/56/1
f 5323/56/34 5361/89/34 5355/88/34 5321/48/34
f 5355/91/37 5361/93/37 5360/93/37 5357/91/37
f 5295/84/1 5354/83/1 5478/83/1 5477/84/1
f 5361/93/37 5365/95/37 5368/95/37 5360/93/37
f 5352/1/95 5362/86/99 5363/94/99 5351/50/990
f 5365/80/1003 5326/54/86 5328/57/86 5364/98/1003
f 5351/50/21 5363/94/21 5366/87/21 5349/66/21
f 5364/98/21 5328/57/21 5325/53/21 5369/79/21
f 5365/95/320 5364/100/320 5369/99/320 5368/95/320
f 5368/80/1 5327/54/1 5324/56/1 5360/89/1
f 5372/119/37 5373/119/37 5371/120/37 5370/120/37
f 5372/121/34 5370/124/34 5375/123/34 5380/122/34
f 5379/122/21 5380/126/21 5381/125/21 5378/125/21
f 5381/127/38 5374/129/38 5377/128/38 5378/127/38
f 5371/124/1 5373/121/1 5379/126/1 5376/130/1
f 5376/131/14 5379/132/14 5378/132/14 5377/131/14
f 5380/132/7 5375/131/7 5374/133/7 5381/132/7
f 5375/130/16 5376/123/16 5377/135/16 5374/134/16
f 5373/121/21 5372/121/21 5380/126/21 5379/122/21
f 5370/124/16 5371/124/16 5376/123/16 5375/130/16
f 5358/85/1 5367/86/1 5485/86/1 5480/85/1
f 5366/87/1034 5363/94/1035 5483/94/1036 5484/87/1037
f 5481/1153/38 5479/1154/38 5478/1154/38 5480/1153/38
f 5482/117/38 5481/1153/38 5480/1153/38 5485/117/38
f 5479/1154/38 5476/406/38 5477/406/38 5478/1154/38
f 5483/115/321 5482/117/321 5485/117/321 5484/116/321
f 5356/83/34 5293/84/34 5476/84/34 5479/83/34
f 5359/85/34 5356/83/34 5479/83/34 5481/85/34
f 5367/86/1040 5366/87/1034 5484/87/1037 5485/86/1041
f 5363/94/1035 5362/86/1044 5482/86/1045 5483/94/1036
f 5354/83/1 5358/85/1 5480/85/1 5478/83/1
f 5496/12/1047 5513/14/1048 5515/13/1049 5497/9/1050
f 5498/8/1051 5514/16/1052 5513/15/1053 5496/5/1054
f 5510/14/1055 5499/12/1056 5501/9/1057 5511/13/1058
f 5512/16/1059 5500/8/1060 5499/5/1061 5510/15/1062
f 5513/14/34 5510/14/34 5511/13/34 5515/13/34
f 5514/16/34 5512/16/34 5510/15/34 5513/15/34
f 5512/47/16 5516/48/16 5502/41/16 5500/42/16
f 5514/47/34 5517/48/34 5516/48/34 5512/47/34
f 5528/59/16 5511/60/16 5501/37/16 5505/38/16
f 5518/61/38 5516/62/38 5517/62/38 5519/61/38
f 5529/59/34 5515/60/34 5511/60/34 5528/59/34
f 5530/67/37 5531/67/37 5529/68/37 5528/68/37
f 5532/38/21 5497/37/21 5515/60/21 5529/59/21
f 5521/73/21 5520/74/21 5522/75/21 5523/76/21
f 5525/73/16 5527/76/16 5526/75/16 5524/74/16
f 5527/106/34 5523/106/34 5522/105/34 5526/105/34
f 5535/83/16 5528/59/16 5505/38/16 5506/84/16
f 5498/42/21 5503/41/21 5517/48/21 5514/47/21
f 5533/83/21 5529/59/21 5531/2/21 5537/85/21
f 5508/84/21 5532/38/21 5529/59/21 5533/83/21
f 5538/85/16 5530/2/16 5528/59/16 5535/83/16
f 5536/88/21 5517/48/21 5503/41/21 5509/77/21
f 5507/90/37 5534/91/37 5536/91/37 5509/90/37
f 5516/48/16 5534/88/16 5507/77/16 5502/41/16
f 5517/48/21 5536/88/21 5539/89/21 5519/56/21
f 5518/56/16 5540/89/16 5534/88/16 5516/48/16
f 5534/91/37 5540/93/37 5539/93/37 5536/91/37
f 5508/84/21 5533/83/21 5555/83/21 5554/84/21
f 5543/119/37 5544/119/37 5542/120/37 5541/120/37
f 5543/121/16 5541/124/16 5546/123/16 5551/122/16
f 5550/122/34 5551/122/34 5552/125/34 5549/125/34
f 5552/127/38 5545/129/38 5548/128/38 5549/127/38
f 5542/124/21 5544/121/21 5550/122/21 5547/130/21
f 5547/131/321 5550/132/321 5549/132/321 5548/131/321
f 5551/132/275 5546/131/275 5545/133/275 5552/132/275
f 5546/123/1 5547/130/1 5548/135/1 5545/134/1
f 5544/121/34 5543/121/34 5551/122/34 5550/122/34
f 5541/124/1 5542/124/1 5547/130/1 5546/123/1
f 5558/1153/880 5556/1154/880 5555/1154/880 5557/1153/880
f 5556/1154/880 5553/406/880 5554/406/880 5555/1154/880
f 5535/83/16 5506/84/16 5553/84/16 5556/83/16
f 5538/85/16 5535/83/16 5556/83/16 5558/85/16
f 5533/83/21 5537/85/21 5557/85/21 5555/83/21
f 5559/12/1064 5560/9/1065 5578/13/1066 5576/14/1067
f 5561/8/1068 5559/5/1069 5576/15/1070 5577/16/1071
f 5573/14/1072 5574/13/1073 5564/9/1074 5562/12/1075
f 5575/16/1076 5573/15/1077 5562/5/1078 5563/8/1079
f 5576/14/1 5578/13/1 5574/13/1 5573/14/1
f 5577/16/1 5576/15/1 5573/15/1 5575/16/1
f 5575/47/16 5563/42/16 5565/41/16 5579/48/16
f 5577/47/1 5575/47/1 5579/48/1 5580/48/1
f 5589/59/16 5568/38/16 5564/37/16 5574/60/16
f 5518/61/38 5519/61/38 5580/62/38 5579/62/38
f 5590/59/1 5589/59/1 5574/60/1 5578/60/1
f 5530/67/37 5589/68/37 5590/68/37 5531/67/37
f 5591/38/21 5590/59/21 5578/60/21 5560/37/21
f 5582/73/21 5584/76/21 5583/75/21 5581/74/21
f 5586/73/16 5585/74/16 5587/75/16 5588/76/16
f 5588/106/1 5587/105/1 5583/105/1 5584/106/1
f 5594/83/16 5569/84/16 5568/38/16 5589/59/16
f 5561/42/21 5577/47/21 5580/48/21 5566/41/21
f 5592/83/21 5537/85/21 5531/2/21 5590/59/21
f 5571/84/21 5592/83/21 5590/59/21 5591/38/21
f 5538/85/16 5594/83/16 5589/59/16 5530/2/16
f 5595/88/21 5572/77/21 5566/41/21 5580/48/21
f 5570/90/37 5572/90/37 5595/91/37 5593/91/37
f 5579/48/16 5565/41/16 5570/77/16 5593/88/16
f 5580/48/21 5519/56/21 5539/89/21 5595/88/21
f 5518/56/16 5579/48/16 5593/88/16 5540/89/16
f 5593/91/37 5595/91/37 5539/93/37 5540/93/37
f 5571/84/21 5603/84/21 5604/83/21 5592/83/21
f 5543/119/37 5596/120/37 5597/120/37 5544/119/37
f 5543/121/16 5551/122/16 5599/123/16 5596/124/16
f 5552/127/38 5549/127/38 5601/128/38 5598/129/38
f 5597/124/21 5600/130/21 5550/122/21 5544/121/21
f 5600/131/321 5601/131/321 5549/132/321 5550/132/321
f 5551/132/275 5552/132/275 5598/133/275 5599/131/275
f 5599/123/34 5598/134/34 5601/135/34 5600/130/34
f 5596/124/34 5599/123/34 5600/130/34 5597/124/34
f 5558/1153/880 5557/1153/880 5604/1154/880 5605/1154/880
f 5605/1154/880 5604/1154/880 5603/406/880 5602/406/880
f 5594/83/16 5605/83/16 5602/84/16 5569/84/16
f 5538/85/16 5558/85/16 5605/83/16 5594/83/16
f 5592/83/21 5604/83/21 5557/85/21 5537/85/21
usemtl restaurant.017
f 5453/85/34 5450/83/34 5487/83/34 5489/85/34
f 5463/86/1000 5462/87/1001 5493/87/1002 5494/86/1000
f 5446/1/34 5411/4/34 5401/3/34 5440/2/34
f 5303/5/1004 5382/6/1004 5384/7/1004 5305/8/1004
f 5304/9/1005 5383/10/5 5382/11/1006 5303/12/1006
f 5303/12/15 5388/14/15 5390/13/15 5304/9/15
f 5305/8/14 5389/16/14 5388/15/14 5303/5/14
f 5318/12/1007 5391/17/1007 5393/18/1008 5320/9/12
f 5319/8/1009 5392/19/1009 5391/20/1009 5318/5/1009
f 5385/14/8 5318/12/8 5320/9/8 5386/13/8
f 5387/16/7 5319/8/7 5318/5/7 5385/15/7
f 5391/17/16 5382/11/16 5383/10/16 5393/18/16
f 5392/19/16 5384/7/16 5382/6/16 5391/20/16
f 5388/14/21 5385/14/21 5386/13/21 5390/13/21
f 5389/16/21 5387/16/21 5385/15/21 5388/15/21
f 5409/21/1010 5397/24/1010 5399/23/1010 5410/22/1010
f 5411/25/1011 5398/28/1012 5397/27/1013 5409/26/1013
f 5397/24/1014 5406/30/1014 5408/29/1015 5399/23/1015
f 5398/28/1016 5407/32/1016 5406/31/1014 5397/27/1014
f 5400/33/16 5403/33/16 5405/34/16 5401/34/16
f 5402/35/16 5404/35/16 5403/36/16 5400/36/16
f 5409/26/8 5400/33/8 5401/34/8 5411/25/8
f 5410/22/7 5402/35/7 5400/36/7 5409/21/7
f 5394/26/1017 5406/31/1017 5407/32/1018 5395/25/1019
f 5396/22/1020 5408/29/1020 5406/30/1020 5394/21/1020
f 5403/33/1021 5394/26/1021 5395/25/1021 5405/34/1021
f 5404/35/1022 5396/22/1022 5394/21/1022 5403/36/1022
f 5304/37/1005 5350/38/27 5447/39/1023 5383/40/5
f 5327/41/1024 5305/42/29 5384/43/29 5421/44/1024
f 5392/45/16 5417/46/16 5421/44/16 5384/43/16
f 5387/47/34 5412/48/34 5326/41/34 5319/42/34
f 5319/42/30 5326/41/31 5417/46/31 5392/45/30
f 5389/47/21 5413/48/21 5412/48/21 5387/47/21
f 5411/4/1011 5446/1/95 5445/50/95 5398/49/1012
f 5396/51/1025 5419/54/1026 5416/53/1026 5408/52/1025
f 5404/55/1 5415/56/1 5419/54/1 5396/51/1
f 5418/54/86 5410/51/995 5399/58/995 5420/57/86
f 5420/57/21 5399/58/1015 5408/52/1015 5416/53/21
f 5404/55/16 5402/55/16 5414/56/16 5415/56/16
f 5438/59/34 5386/60/34 5320/37/34 5352/38/34
f 5414/61/38 5412/62/38 5413/62/38 5415/61/38
f 5444/63/16 5393/64/16 5383/40/16 5447/39/16
f 5441/2/1 5405/3/1 5395/4/1 5443/1/1
f 5439/59/21 5390/60/21 5386/60/21 5438/59/21
f 5398/49/1016 5445/50/21 5442/66/21 5407/65/1016
f 5440/67/37 5441/67/37 5439/68/37 5438/68/37
f 5443/1/1027 5395/4/1019 5407/65/1018 5442/66/1027
f 5352/38/39 5320/37/12 5393/64/1008 5444/63/39
f 5350/38/1 5304/37/1 5390/60/1 5439/59/1
f 5424/69/1 5428/70/1 5426/71/1 5422/72/1
f 5425/73/1 5423/74/1 5427/75/1 5429/76/1
f 5425/73/1 5429/76/1 5428/70/1 5424/69/1
f 5427/75/1 5423/74/1 5422/72/1 5426/71/1
f 5432/69/34 5430/72/34 5434/71/34 5436/70/34
f 5433/73/34 5437/76/34 5435/75/34 5431/74/34
f 5433/73/34 5432/69/34 5436/70/34 5437/76/34
f 5435/75/34 5434/71/34 5430/72/34 5431/74/34
f 5365/77/41 5457/78/41 5417/46/31 5326/41/31
f 5419/54/1026 5464/80/1028 5465/79/1028 5416/53/1026
f 5456/81/16 5444/63/16 5447/39/16 5466/82/16
f 5450/83/34 5438/59/34 5352/38/34 5362/84/34
f 5452/85/1 5441/2/1 5443/1/1 5463/86/1
f 5441/2/16 5440/2/16 5401/3/16 5405/3/16
f 5305/42/1 5327/41/1 5413/48/1 5389/47/1
f 5410/51/34 5418/54/34 5414/56/34 5402/55/34
f 5362/84/44 5352/38/39 5444/63/39 5456/81/44
f 5463/86/1029 5443/1/1027 5442/66/1027 5462/87/1029
f 5448/83/1 5439/59/1 5441/2/1 5452/85/1
f 5458/86/34 5446/1/34 5440/2/34 5453/85/34
f 5367/84/1 5350/38/1 5439/59/1 5448/83/1
f 5453/85/34 5440/2/34 5438/59/34 5450/83/34
f 5451/88/1 5413/48/1 5327/41/1 5368/77/1
f 5455/89/34 5414/56/34 5418/54/34 5461/80/34
f 5362/84/1030 5456/81/1031 5490/81/1032 5482/84/1033
f 5365/90/37 5449/91/37 5451/91/37 5368/90/37
f 5457/78/16 5467/92/16 5421/44/16 5417/46/16
f 5412/48/34 5449/88/34 5365/77/34 5326/41/34
f 5413/48/1 5451/88/1 5454/89/1 5415/56/1
f 5414/56/34 5455/89/34 5449/88/34 5412/48/34
f 5449/91/37 5455/93/37 5454/93/37 5451/91/37
f 5455/93/37 5461/95/37 5464/95/37 5454/93/37
f 5457/96/53 5365/90/53 5368/90/53 5467/97/53
f 5446/1/95 5458/86/99 5459/94/99 5445/50/95
f 5461/80/1003 5418/54/86 5420/57/86 5460/98/1003
f 5350/38/27 5367/84/57 5466/82/57 5447/39/1023
f 5368/77/59 5327/41/1024 5421/44/1024 5467/92/59
f 5445/50/21 5459/94/21 5462/87/21 5442/66/21
f 5460/98/21 5420/57/21 5416/53/21 5465/79/21
f 5367/84/1 5448/83/1 5486/83/1 5485/84/1
f 5461/95/1038 5460/100/1038 5465/99/1038 5464/95/1038
f 5464/80/1 5419/54/1 5415/56/1 5454/89/1
f 5429/101/37 5437/101/37 5436/102/37 5428/102/37
f 5428/103/16 5436/103/16 5434/104/16 5426/104/16
f 5427/105/21 5435/105/21 5437/106/21 5429/106/21
f 5426/107/38 5434/108/38 5435/109/38 5427/110/38
f 5471/111/1 5468/112/1 5475/113/1 5473/114/1
f 5472/111/1 5470/114/1 5469/113/1 5474/112/1
f 5489/1153/38 5487/1154/38 5486/1154/38 5488/1153/38
f 5491/117/38 5489/1153/38 5488/1153/38 5494/117/38
f 5487/1154/38 5482/406/38 5485/406/38 5486/1154/38
f 5492/115/1039 5491/117/1039 5494/117/1039 5493/116/1039
f 5482/406/275 5490/407/275 5495/408/275 5485/406/275
f 5448/83/1 5452/85/1 5488/85/1 5486/83/1
f 5452/85/1 5463/86/1 5494/86/1 5488/85/1
f 5450/83/34 5362/84/34 5482/84/34 5487/83/34
f 5456/81/1031 5466/82/1042 5495/82/1043 5490/81/1032
f 5459/94/266 5458/86/273 5491/86/273 5492/94/269
f 5458/86/34 5453/85/34 5489/85/34 5491/86/34
f 5462/87/1001 5459/94/266 5492/94/269 5493/87/1002
f 5466/82/1042 5367/84/1046 5485/84/51 5495/82/1043
l 4992 5078
l 5078 5053
l 5098 5184
l 5184 5159
l 5284 5291
l 5291 5295
l 5497 5504
l 5504 5508
l 5560 5567
l 5567 5571
