# Blender 4.5.3 LTS
# www.blender.org
mtllib kitchenV4.mtl
o wall_window_closed.002
v -14.399999 2.000000 -0.409511
v -14.499999 2.100000 -0.409511
v -14.499999 1.900000 -0.409511
v -14.213611 2.000000 -0.319023
v -14.113593 2.100000 -0.319023
v -14.113628 1.900000 -0.319023
v -14.400000 2.000000 -3.000000
v -14.499999 2.100000 -3.000000
v -14.499999 1.900000 -3.000000
v -14.099998 2.000000 -3.000000
v -13.999999 1.900000 -3.000000
v -13.999999 2.100000 -3.000000
v -14.286387 2.000000 -0.319022
v -14.386370 1.900000 -0.319022
v -14.386405 2.100000 -0.319022
v -14.099998 2.000000 -0.409511
v -13.999999 1.900000 -0.409511
v -13.999999 2.100000 -0.409511
v -14.100000 2.000000 -11.031533
v -14.000000 2.100000 -11.031533
v -14.000000 1.900000 -11.031533
v -14.286387 2.000000 -11.131534
v -14.386405 2.100000 -11.131534
v -14.386370 1.900000 -11.131534
v -14.400000 2.000000 -8.499999
v -14.499999 2.100000 -8.499999
v -14.499999 1.900000 -8.499999
v -14.099999 2.000000 -8.499999
v -13.999999 1.900000 -8.499999
v -13.999999 2.100000 -8.499999
v -14.213612 2.000000 -11.131534
v -14.113594 2.100000 -11.131534
v -14.113629 1.900000 -11.131534
v -14.400000 2.000000 -11.366969
v -14.500000 1.900000 -11.445390
v -14.500000 2.100000 -11.445390
v -14.499999 1.000000 -3.000000
v -13.999999 1.000000 -3.000000
v -14.499999 1.000000 -8.499999
v -13.999999 1.000000 -8.499999
v -14.113789 1.000000 -11.131534
v -14.386211 1.000000 -0.319022
v -14.500000 1.000000 -11.445390
v -13.999999 1.000000 -0.409511
v -14.000000 1.000000 -11.031533
v -14.499999 1.000000 -0.409511
v -14.386211 1.000000 -11.131534
v -14.113788 1.000000 -0.319023
v -14.099999 1.000000 -8.499999
v -14.099998 1.000000 -3.000000
v -14.100000 3.000000 -8.499999
v -14.099999 3.000000 -3.000000
v -14.099999 1.200000 -8.300000
v -14.099998 1.200000 -3.200000
v -14.099999 2.800000 -8.300000
v -14.099998 2.800000 -3.200000
v -14.400000 1.000000 -8.499999
v -14.399999 1.000000 -3.000000
v -14.400001 3.000000 -8.499999
v -14.400000 3.000000 -3.000000
v -14.400000 1.200000 -8.300000
v -14.399999 1.200000 -3.200000
v -14.400000 2.800000 -8.300000
v -14.399999 2.800000 -3.200000
v -14.500000 3.000000 -3.000000
v -14.000000 3.000000 -3.000000
v -14.500000 3.000000 -8.499999
v -14.000000 3.000000 -8.499999
v -14.113437 3.000000 -11.131534
v -14.000001 3.000000 -11.031533
v -14.386565 3.000000 -0.319022
v -14.500000 3.000000 -0.409511
v -14.386565 3.000000 -11.131534
v -14.500001 3.000000 -11.445390
v -14.113436 3.000000 -0.319023
v -14.000000 3.000000 -0.409511
v -14.000000 4.500000 -3.000000
v -14.499999 -0.500000 -2.999999
v -14.500000 4.500000 -3.000000
v -13.999999 -0.500000 -3.000000
v -14.000000 4.500000 -8.499999
v -14.500000 4.500000 -8.499999
v -13.999999 -0.500000 -8.499999
v -14.499999 -0.500000 -8.499999
v -14.386724 4.400000 -0.319022
v -14.499999 4.500000 -0.409511
v -14.499999 -0.500000 -0.409511
v -14.386724 -0.400000 -0.319022
v -14.500000 4.500000 -11.445390
v -14.386724 4.400000 -11.131534
v -14.386724 -0.400000 -11.131534
v -14.500000 -0.500000 -11.445390
v -14.113277 4.400000 -11.131534
v -14.000001 4.500000 -11.031533
v -14.000000 -0.500000 -11.031533
v -14.113276 -0.400000 -11.131534
v -13.999999 4.500000 -0.409511
v -14.113276 4.400000 -0.319023
v -14.113276 -0.400000 -0.319023
v -13.999999 -0.500000 -0.409511
v -14.199999 1.200000 -3.200000
v -14.299999 1.200000 -3.200000
v -14.299999 2.800000 -3.200000
v -14.199999 2.800000 -3.200000
v -14.299999 2.800000 -8.300000
v -14.199999 2.800000 -8.300000
v -14.299999 1.200000 -8.300000
v -14.199999 1.200000 -8.300000
v -14.099998 2.000000 11.386392
v -13.999997 2.100000 11.386392
v -13.999997 1.900000 11.386392
v -14.286386 2.000000 11.486390
v -14.386403 2.100000 11.486390
v -14.386368 1.900000 11.486390
v -14.099998 2.000000 7.500001
v -13.999998 2.100000 7.500001
v -13.999998 1.900000 7.500001
v -14.399999 2.000000 7.500000
v -14.499998 1.900000 7.500000
v -14.499998 2.100000 7.500000
v -14.213609 2.000000 11.486392
v -14.113626 1.900000 11.486392
v -14.113591 2.100000 11.486392
v -14.399998 2.000000 11.465354
v -14.499998 1.900000 11.548850
v -14.499997 2.100000 11.548850
v -14.213611 2.000000 -0.499999
v -14.113593 2.100000 -0.499999
v -14.113628 1.900000 -0.499999
v -14.099998 2.000000 2.000001
v -13.999998 2.100000 2.000001
v -13.999998 1.900000 2.000001
v -14.399999 2.000000 2.000000
v -14.499998 1.900000 2.000000
v -14.499998 2.100000 2.000000
v -14.286386 2.000000 -0.500000
v -14.386404 2.100000 -0.500000
v -14.386369 1.900000 -0.500000
v -13.999998 1.000000 7.500001
v -14.499999 1.000000 7.500000
v -13.999999 1.000000 2.000001
v -14.499999 1.000000 2.000000
v -14.386210 1.000000 -0.500000
v -14.113786 1.000000 11.486392
v -14.499998 1.000000 11.548850
v -13.999997 1.000000 11.386392
v -14.113788 1.000000 -0.499999
v -14.386209 1.000000 11.486390
v -14.399999 1.000000 2.000000
v -14.399999 1.000000 7.500000
v -14.399999 3.000000 2.000000
v -14.399999 3.000000 7.500000
v -14.399999 1.000000 2.200000
v -14.399999 1.000000 7.300000
v -14.399998 2.800000 2.200000
v -14.399998 2.800000 7.300000
v -14.099998 1.000000 2.000000
v -14.099998 1.000000 7.500000
v -14.099999 3.000000 2.000000
v -14.099999 3.000000 7.500000
v -14.099998 1.000000 2.200000
v -14.099998 1.000000 7.300000
v -14.099998 2.800000 2.200000
v -14.099998 2.800000 7.300000
v -13.999999 3.000000 7.500001
v -14.499999 3.000000 7.500000
v -13.999999 3.000000 2.000001
v -14.499999 3.000000 2.000000
v -14.386563 3.000000 -0.500000
v -14.113433 3.000000 11.486392
v -13.999998 3.000000 11.386392
v -14.113435 3.000000 -0.499999
v -14.386563 3.000000 11.486390
v -14.499998 3.000000 11.548850
v -14.499999 4.500000 7.500000
v -13.999999 -0.500000 7.500001
v -13.999998 4.500000 7.500001
v -14.499999 -0.500000 7.500000
v -14.499999 4.500000 2.000000
v -13.999999 4.500000 2.000001
v -14.499999 -0.500000 2.000000
v -13.999999 -0.500000 2.000001
v -14.113274 4.400000 11.486392
v -13.999997 4.500000 11.386392
v -13.999998 -0.500000 11.386392
v -14.113274 -0.400000 11.486392
v -14.113276 4.400000 -0.499999
v -14.113276 -0.400000 -0.499999
v -14.386723 4.400000 -0.500000
v -14.386723 -0.400000 -0.500000
v -14.499998 4.500000 11.548850
v -14.386722 4.400000 11.486390
v -14.386723 -0.400000 11.486390
v -14.499998 -0.500000 11.548850
v -13.799998 1.000000 7.500001
v -14.699999 1.000000 7.500000
v -13.799998 1.000000 2.000001
v -14.699999 1.000000 2.000000
v -13.849998 1.200000 7.500001
v -13.799998 1.150000 7.500001
v -14.699999 1.150000 7.500000
v -14.649999 1.200000 7.500000
v -14.649999 1.200000 2.000000
v -14.699999 1.150000 2.000000
v -13.799998 1.150000 2.000001
v -13.849998 1.200000 2.000001
v -14.151003 1.940000 3.169706
v -14.108576 2.000000 3.183849
v -14.094434 1.980000 3.197991
v -14.052008 1.980000 3.155564
v -14.066150 2.000000 3.141422
v -14.080292 1.940000 3.098995
v -14.447988 1.980000 2.844437
v -14.433846 2.000000 2.858579
v -14.419703 1.940000 2.901006
v -14.348992 1.940000 2.830295
v -14.391418 2.000000 2.816153
v -14.405560 1.980000 2.802011
v -14.094434 1.348676 3.197991
v -14.151003 1.400000 3.169706
v -14.080292 1.400000 3.098995
v -14.052008 1.348676 3.155564
v -14.405561 1.348676 2.802011
v -14.348992 1.400000 2.830295
v -14.419703 1.400000 2.901006
v -14.447988 1.348676 2.844437
v -13.981297 1.288676 3.084853
v -13.993423 1.310290 3.068696
v -13.981297 1.280000 3.056569
v -13.981297 1.200000 3.084853
v -13.981297 1.200000 3.056569
v -14.306566 1.200000 2.731300
v -14.334850 1.200000 2.731300
v -14.334850 1.288676 2.731300
v -14.306566 1.280000 2.731300
v -14.318693 1.310290 2.743427
v -14.518699 1.288676 2.915148
v -14.506572 1.310290 2.931305
v -14.518699 1.280000 2.943432
v -14.518699 1.200000 2.915148
v -14.518699 1.200000 2.943432
v -14.193429 1.200000 3.268701
v -14.165145 1.200000 3.268701
v -14.165145 1.288676 3.268701
v -14.193429 1.280000 3.268701
v -14.181302 1.310290 3.256574
v -14.122719 1.360000 3.197991
v -14.122718 1.980000 3.197991
v -14.377276 1.980000 2.802011
v -14.052008 1.980000 3.127280
v -14.447988 1.980000 2.872721
v -14.052008 1.360000 3.127280
v -14.377276 1.360000 2.802011
v -14.447988 1.360000 2.872721
v -14.150295 1.427000 3.142129
v -14.150295 1.913000 3.142129
v -14.392126 1.913000 2.900298
v -14.392126 1.427000 2.900298
v -14.349700 1.913000 2.857872
v -14.107869 1.913000 3.099703
v -14.107869 1.427000 3.099703
v -14.349700 1.427000 2.857872
v -14.399998 1.200000 7.150002
v -14.249997 1.250000 7.150002
v -14.302651 1.760000 7.150002
v -14.270094 1.250000 7.075002
v -14.315693 1.760000 7.101329
v -14.324997 1.250000 7.020098
v -14.351324 1.760000 7.065698
v -14.399998 1.250000 7.000002
v -14.399997 1.760000 7.052656
v -14.474998 1.250000 7.020098
v -14.448670 1.760000 7.065698
v -14.529902 1.250000 7.075002
v -14.484301 1.760000 7.101329
v -14.549997 1.250000 7.150002
v -14.497343 1.760000 7.150002
v -14.529902 1.250000 7.225001
v -14.484301 1.760000 7.198674
v -14.474998 1.250000 7.279905
v -14.448670 1.760000 7.234305
v -14.399998 1.250000 7.300002
v -14.399997 1.760000 7.247348
v -14.324997 1.250000 7.279905
v -14.351324 1.760000 7.234305
v -14.270094 1.250000 7.225001
v -14.315693 1.760000 7.198674
v -14.302651 1.820000 7.150002
v -14.358860 1.890000 7.150002
v -14.364371 1.890000 7.129434
v -14.315693 1.820000 7.101329
v -14.379429 1.890000 7.114376
v -14.351324 1.820000 7.065698
v -14.399997 1.890000 7.108865
v -14.399997 1.820000 7.052656
v -14.420566 1.890000 7.114376
v -14.448670 1.820000 7.065698
v -14.435622 1.890000 7.129434
v -14.484301 1.820000 7.101329
v -14.441133 1.890000 7.150002
v -14.497343 1.820000 7.150002
v -14.435622 1.890000 7.170570
v -14.484301 1.820000 7.198674
v -14.420566 1.890000 7.185627
v -14.448670 1.820000 7.234305
v -14.399997 1.890000 7.191138
v -14.399997 1.820000 7.247348
v -14.379429 1.890000 7.185627
v -14.351324 1.820000 7.234305
v -14.364371 1.890000 7.170570
v -14.315693 1.820000 7.198674
v -14.399997 1.978508 7.150002
v -14.380523 1.973101 7.150002
v -14.383132 1.973101 7.140265
v -14.390260 1.973101 7.133136
v -14.399997 1.973101 7.130527
v -14.409735 1.973101 7.133136
v -14.416862 1.973101 7.140265
v -14.419472 1.973101 7.150002
v -14.416862 1.973101 7.159739
v -14.409735 1.973101 7.166867
v -14.399997 1.973101 7.169477
v -14.390260 1.973101 7.166867
v -14.383132 1.973101 7.159739
v -14.304011 1.200000 7.094584
v -14.289163 1.200000 7.150002
v -14.344580 1.200000 7.054015
v -14.399998 1.200000 7.039166
v -14.455415 1.200000 7.054015
v -14.495983 1.200000 7.094584
v -14.510833 1.200000 7.150002
v -14.495983 1.200000 7.205420
v -14.455415 1.200000 7.245988
v -14.399998 1.200000 7.260837
v -14.344580 1.200000 7.245988
v -14.304011 1.200000 7.205420
v -14.249997 1.733471 7.150002
v -14.270093 1.733471 7.075002
v -14.324997 1.733471 7.020098
v -14.399997 1.733471 7.000002
v -14.474998 1.733471 7.020098
v -14.529901 1.733471 7.075002
v -14.549997 1.733471 7.150002
v -14.529901 1.733471 7.225001
v -14.474998 1.733471 7.279905
v -14.399997 1.733471 7.300002
v -14.324997 1.733471 7.279905
v -14.270093 1.733471 7.225001
v -14.099998 1.200000 7.150002
v -13.949997 1.250000 7.150002
v -14.002651 1.760000 7.150002
v -13.970094 1.250000 7.075002
v -14.015693 1.760000 7.101329
v -14.024997 1.250000 7.020098
v -14.051324 1.760000 7.065698
v -14.099998 1.250000 7.000002
v -14.099997 1.760000 7.052656
v -14.174997 1.250000 7.020098
v -14.148670 1.760000 7.065698
v -14.229901 1.250000 7.075002
v -14.184300 1.760000 7.101329
v -14.249997 1.250000 7.150002
v -14.197343 1.760000 7.150002
v -14.229901 1.250000 7.225001
v -14.184300 1.760000 7.198674
v -14.174997 1.250000 7.279905
v -14.148670 1.760000 7.234305
v -14.099998 1.250000 7.300002
v -14.099997 1.760000 7.247348
v -14.024997 1.250000 7.279905
v -14.051324 1.760000 7.234305
v -13.970094 1.250000 7.225001
v -14.015693 1.760000 7.198674
v -14.002651 1.820000 7.150002
v -14.058860 1.890000 7.150002
v -14.064371 1.890000 7.129434
v -14.015693 1.820000 7.101329
v -14.079429 1.890000 7.114376
v -14.051324 1.820000 7.065698
v -14.099997 1.890000 7.108865
v -14.099997 1.820000 7.052656
v -14.120565 1.890000 7.114376
v -14.148670 1.820000 7.065698
v -14.135622 1.890000 7.129434
v -14.184300 1.820000 7.101329
v -14.141133 1.890000 7.150002
v -14.197343 1.820000 7.150002
v -14.135622 1.890000 7.170570
v -14.184300 1.820000 7.198674
v -14.120565 1.890000 7.185627
v -14.148670 1.820000 7.234305
v -14.099997 1.890000 7.191138
v -14.099997 1.820000 7.247348
v -14.079429 1.890000 7.185627
v -14.051324 1.820000 7.234305
v -14.064371 1.890000 7.170570
v -14.015693 1.820000 7.198674
v -14.099997 1.978508 7.150002
v -14.080523 1.973101 7.150002
v -14.083132 1.973101 7.140265
v -14.090260 1.973101 7.133136
v -14.099997 1.973101 7.130527
v -14.109735 1.973101 7.133136
v -14.116862 1.973101 7.140265
v -14.119472 1.973101 7.150002
v -14.116862 1.973101 7.159739
v -14.109735 1.973101 7.166867
v -14.099997 1.973101 7.169477
v -14.090260 1.973101 7.166867
v -14.083132 1.973101 7.159739
v -14.004011 1.200000 7.094584
v -13.989162 1.200000 7.150002
v -14.044580 1.200000 7.054015
v -14.099998 1.200000 7.039166
v -14.155415 1.200000 7.054015
v -14.195983 1.200000 7.094584
v -14.210833 1.200000 7.150002
v -14.195983 1.200000 7.205420
v -14.155415 1.200000 7.245988
v -14.099998 1.200000 7.260837
v -14.044580 1.200000 7.245988
v -14.004011 1.200000 7.205420
v -13.949997 1.733471 7.150002
v -13.970093 1.733471 7.075002
v -14.024997 1.733471 7.020098
v -14.099997 1.733471 7.000002
v -14.174997 1.733471 7.020098
v -14.229900 1.733471 7.075002
v -14.249997 1.733471 7.150002
v -14.229900 1.733471 7.225001
v -14.174997 1.733471 7.279905
v -14.099997 1.733471 7.300002
v -14.024997 1.733471 7.279905
v -13.970093 1.733471 7.225001
v -13.999998 6.635889 2.000001
v -14.499998 6.635889 2.000000
v -13.999998 6.635889 7.500001
v -14.499998 6.635889 7.500000
v -14.113276 6.535889 -0.319023
v -13.999999 6.635889 -0.409511
v -14.000001 6.635889 -11.031533
v -14.113276 6.535889 -11.131534
v -14.386724 6.535889 -11.131534
v -14.500000 6.635889 -11.445390
v -14.499999 6.635889 -0.409511
v -14.386724 6.535889 -0.319022
v -14.500000 6.635889 -8.499999
v -14.000000 6.635889 -8.499999
v -14.500000 6.635889 -3.000000
v -13.999999 6.635889 -3.000000
v -14.113274 6.535889 11.486392
v -13.999997 6.635889 11.386392
v -14.113275 6.535889 -0.499999
v -14.386723 6.535889 -0.500000
v -14.499997 6.635889 11.548850
v -14.386722 6.535889 11.486390
v 8.030000 0.000000 -9.029999
v 8.030000 0.030000 -9.000000
v 8.000000 0.030000 -9.029999
v 8.030000 0.770000 -9.000000
v 8.000000 0.770000 -9.029999
v 8.029999 -0.000000 -10.969999
v 8.000000 0.030000 -10.969999
v 8.029999 0.030000 -10.999998
v 8.029999 0.770000 -11.000000
v 8.000000 0.770000 -10.969999
v 9.970000 0.000000 -9.029999
v 10.000001 0.030000 -9.029999
v 9.970000 0.030000 -8.999998
v 9.970000 0.770000 -9.000000
v 10.000001 0.770000 -9.029999
v 9.969999 -0.000000 -10.969999
v 9.969999 0.030000 -10.999998
v 10.000000 0.030000 -10.969999
v 9.969999 0.800000 -10.969999
v 10.000000 0.770000 -10.969999
v 9.969999 0.770000 -11.000000
v 8.030000 0.800000 -9.029999
v 8.030000 0.830000 -9.000000
v 8.000000 0.830000 -9.029999
v 8.030000 1.000000 -9.000000
v 8.030000 1.030000 -9.029999
v 8.000000 1.000000 -9.029999
v 8.029999 0.800000 -10.969999
v 8.000000 0.830000 -10.969999
v 8.029999 0.830000 -11.000000
v 8.029999 1.030000 -10.969999
v 8.029999 1.000000 -11.000000
v 8.000000 1.000000 -10.969999
v 9.970000 0.800000 -9.029999
v 10.000001 0.830000 -9.029999
v 9.970000 0.830000 -9.000000
v 9.970000 1.030000 -9.029999
v 9.970000 1.000000 -9.000000
v 10.000001 1.000000 -9.029999
v 9.969999 0.830000 -11.000000
v 10.000000 0.830000 -10.969999
v 9.969999 1.030000 -10.969999
v 10.000000 1.000000 -10.969999
v 9.969999 1.000000 -11.000000
v 8.849998 0.180000 -10.999998
v 8.879999 0.150000 -10.999998
v 9.849998 0.620000 -11.000000
v 9.820000 0.650000 -11.000000
v 9.820000 0.620000 -11.029999
v 9.849998 0.180000 -11.000000
v 9.820000 0.180000 -11.029999
v 9.820000 0.150000 -11.000000
v 8.879999 0.180000 -11.029999
v 8.879999 0.650000 -10.999998
v 8.879999 0.620000 -11.029999
v 8.849998 0.620000 -10.999998
v 8.150000 0.180000 -10.999998
v 8.179998 0.150000 -10.999998
v 8.750000 0.620000 -11.000000
v 8.719999 0.650000 -11.000000
v 8.719999 0.620000 -11.029999
v 8.750000 0.180000 -11.000000
v 8.719999 0.180000 -11.029999
v 8.719999 0.150000 -11.000000
v 8.179998 0.180000 -11.029999
v 8.179998 0.650000 -11.000000
v 8.179998 0.620000 -11.029999
v 8.150000 0.620000 -10.999998
v 8.000000 0.197261 -9.739508
v 8.000000 0.602739 -9.739508
v 8.000000 0.602739 -10.639395
v 8.000000 0.197261 -10.639395
v 9.997973 0.602739 -10.639395
v 9.968574 0.573339 -10.609995
v 9.968574 0.226660 -10.609995
v 9.997973 0.197261 -10.639395
v 9.968574 0.226660 -9.768908
v 9.997973 0.197261 -9.739508
v 9.997973 0.602739 -9.739508
v 9.968574 0.573340 -9.768908
v 8.031426 0.573340 -9.768908
v 8.031426 0.226660 -9.768908
v 8.031426 0.226660 -10.609995
v 8.031426 0.573340 -10.609997
v 9.150001 0.080000 -8.999998
v 9.120000 0.050000 -8.999998
v 8.050000 0.320000 -9.000000
v 8.080001 0.350000 -9.000000
v 8.080001 0.320000 -8.969999
v 8.050000 0.080000 -9.000000
v 8.080001 0.080000 -8.969999
v 8.080001 0.050000 -9.000000
v 9.120000 0.080000 -8.969999
v 9.120000 0.350000 -9.000000
v 9.120000 0.320000 -8.969999
v 9.150001 0.320000 -8.999998
v 9.950000 0.587929 -8.843168
v 9.920001 0.559739 -8.832907
v 8.050000 0.907425 -8.959455
v 8.080001 0.935616 -8.969715
v 8.080001 0.917686 -8.931265
v 8.050000 0.587929 -8.843168
v 8.080001 0.598190 -8.814978
v 8.080001 0.559739 -8.832907
v 9.920001 0.598190 -8.814978
v 9.920001 0.935616 -8.969715
v 9.920001 0.917686 -8.931265
v 9.950000 0.907425 -8.959455
v 9.935000 0.505430 -9.025976
v 8.065000 0.853116 -9.152523
v 8.065000 0.505430 -9.025976
v 9.935000 0.853116 -9.152523
v 9.847281 0.819857 -8.899132
v 9.848350 0.704788 -8.857250
v 9.762517 0.622712 -8.827377
v 9.640063 0.621708 -8.827013
v 9.552720 0.702364 -8.856369
v 9.551652 0.817433 -8.898251
v 9.637483 0.899509 -8.928123
v 9.759938 0.900513 -8.928490
v 9.802445 0.829335 -8.817448
v 9.847281 0.840378 -8.842751
v 9.803189 0.749296 -8.788317
v 9.848350 0.725309 -8.800869
v 9.743485 0.692205 -8.767536
v 9.762517 0.643233 -8.770996
v 9.658309 0.691507 -8.767282
v 9.640063 0.642229 -8.770630
v 9.597556 0.747609 -8.787703
v 9.552720 0.722885 -8.799988
v 9.596812 0.827649 -8.816833
v 9.551652 0.837954 -8.841869
v 9.656514 0.884739 -8.837614
v 9.637483 0.920030 -8.871742
v 9.741691 0.885438 -8.837868
v 9.759938 0.921035 -8.872108
v 9.700000 0.771371 -8.849560
v 8.747848 0.842247 -8.916445
v 8.815497 0.778677 -8.893307
v 8.815497 0.688776 -8.860586
v 8.747848 0.625206 -8.837448
v 8.652177 0.625206 -8.837448
v 8.584527 0.688776 -8.860586
v 8.584527 0.778677 -8.893307
v 8.652177 0.842247 -8.916445
v 8.741376 0.854926 -8.835926
v 8.747848 0.862768 -8.860064
v 8.799872 0.799957 -8.815918
v 8.815497 0.799199 -8.836926
v 8.799872 0.722219 -8.787624
v 8.815497 0.709297 -8.804205
v 8.741376 0.667251 -8.767616
v 8.747848 0.645728 -8.781067
v 8.658648 0.667251 -8.767616
v 8.652177 0.645728 -8.781067
v 8.600152 0.722219 -8.787624
v 8.584527 0.709297 -8.804205
v 8.600152 0.799957 -8.815918
v 8.584527 0.799198 -8.836926
v 8.658648 0.854926 -8.835926
v 8.652177 0.862768 -8.860064
v 8.724355 0.840094 -8.790226
v 8.675672 0.840094 -8.790226
v 8.675672 0.707987 -8.742144
v 8.724355 0.707987 -8.742144
v 9.147841 0.842247 -8.916445
v 9.215491 0.778677 -8.893307
v 9.215491 0.688776 -8.860586
v 9.147841 0.625206 -8.837448
v 9.052171 0.625206 -8.837448
v 8.984521 0.688776 -8.860586
v 8.984521 0.778677 -8.893307
v 9.052171 0.842247 -8.916445
v 9.141370 0.854926 -8.835926
v 9.147841 0.862768 -8.860064
v 9.199866 0.799957 -8.815918
v 9.215491 0.799199 -8.836926
v 9.199866 0.722219 -8.787624
v 9.215491 0.709297 -8.804205
v 9.141370 0.667251 -8.767616
v 9.147841 0.645728 -8.781067
v 9.058642 0.667251 -8.767616
v 9.052171 0.645728 -8.781067
v 9.000146 0.722219 -8.787624
v 8.984521 0.709297 -8.804205
v 9.000146 0.799957 -8.815918
v 8.984521 0.799199 -8.836926
v 9.058642 0.854926 -8.835926
v 9.052171 0.862768 -8.860064
v 9.124349 0.840094 -8.790226
v 9.075665 0.840094 -8.790226
v 9.075665 0.707987 -8.742144
v 9.124349 0.707987 -8.742144
v 8.347838 0.842247 -8.916445
v 8.415488 0.778677 -8.893307
v 8.415488 0.688776 -8.860586
v 8.347838 0.625206 -8.837448
v 8.252168 0.625206 -8.837448
v 8.184518 0.688776 -8.860586
v 8.184518 0.778677 -8.893307
v 8.252168 0.842247 -8.916445
v 8.341367 0.854926 -8.835926
v 8.347838 0.862768 -8.860064
v 8.399863 0.799957 -8.815918
v 8.415488 0.799199 -8.836926
v 8.399863 0.722219 -8.787624
v 8.415488 0.709297 -8.804205
v 8.341367 0.667251 -8.767616
v 8.347838 0.645728 -8.781067
v 8.258639 0.667251 -8.767616
v 8.252168 0.645728 -8.781067
v 8.200143 0.722219 -8.787624
v 8.184518 0.709297 -8.804205
v 8.200143 0.799957 -8.815918
v 8.184518 0.799198 -8.836926
v 8.258639 0.854926 -8.835926
v 8.252168 0.862768 -8.860064
v 8.324346 0.840094 -8.790226
v 8.275662 0.840094 -8.790226
v 8.275662 0.707987 -8.742144
v 8.324346 0.707987 -8.742144
v 9.780789 0.803596 -8.861288
v 9.781377 0.740476 -8.838316
v 9.734294 0.695453 -8.821928
v 9.667123 0.694903 -8.821728
v 9.619210 0.739146 -8.837831
v 9.618625 0.802266 -8.860806
v 9.665708 0.847289 -8.877192
v 9.732879 0.847840 -8.877392
v 8.127000 0.930000 -9.126999
v 8.127000 0.930000 -10.872999
v 9.873000 0.930000 -9.126999
v 9.873000 0.930000 -10.872999
v 9.393786 1.090000 -9.510794
v 9.298326 1.090000 -9.606255
v 9.489244 1.090000 -9.606255
v 9.393786 1.090000 -9.701714
v 9.298326 1.157499 -9.606255
v 9.393786 1.157499 -9.701714
v 9.393786 1.167499 -9.510794
v 9.346055 1.200000 -9.558523
v 9.441516 1.200000 -9.653984
v 9.489244 1.167499 -9.606255
v 9.131883 1.200000 -9.813877
v 9.186231 1.200000 -9.868225
v 9.131883 1.164999 -9.813877
v 9.186231 1.164999 -9.868225
v 9.489215 1.077499 -10.393801
v 9.393756 1.077499 -10.298342
v 9.393756 1.077499 -10.489260
v 9.298295 1.077499 -10.393801
v 9.393756 1.157499 -10.298342
v 9.298295 1.157499 -10.393801
v 9.489215 1.167499 -10.393801
v 9.441485 1.200000 -10.346071
v 9.346026 1.200000 -10.441530
v 9.393756 1.167499 -10.489260
v 9.186162 1.200000 -10.131895
v 9.131812 1.200000 -10.186243
v 9.186162 1.164999 -10.131895
v 9.131812 1.164999 -10.186243
v 8.606204 1.077499 -10.489212
v 8.701663 1.077499 -10.393753
v 8.510745 1.077499 -10.393753
v 8.606204 1.077499 -10.298294
v 8.701663 1.157499 -10.393753
v 8.606204 1.157499 -10.298294
v 8.606204 1.167499 -10.489212
v 8.653935 1.200000 -10.441483
v 8.558475 1.200000 -10.346024
v 8.510745 1.167499 -10.393753
v 8.868133 1.200000 -10.186134
v 8.813785 1.200000 -10.131784
v 8.868133 1.164999 -10.186134
v 8.813785 1.164999 -10.131784
v 8.510774 1.090000 -9.606207
v 8.606235 1.090000 -9.701666
v 8.606235 1.090000 -9.510748
v 8.701694 1.090000 -9.606207
v 8.606235 1.157499 -9.701666
v 8.701694 1.157499 -9.606207
v 8.510774 1.167499 -9.606207
v 8.558505 1.200000 -9.653936
v 8.653964 1.200000 -9.558477
v 8.606235 1.167499 -9.510748
v 8.813853 1.200000 -9.868114
v 8.868203 1.200000 -9.813766
v 8.813853 1.164999 -9.868114
v 8.868203 1.164999 -9.813766
v 8.792655 1.139999 -10.055561
v 8.497954 1.090000 -10.134525
v 8.792655 1.139999 -9.944447
v 8.497954 1.090000 -9.865482
v 8.848210 1.139999 -9.848221
v 8.632476 1.090000 -9.632484
v 8.944438 1.139999 -9.792664
v 8.865474 1.090000 -9.497963
v 9.055551 1.139999 -9.792664
v 9.134515 1.090000 -9.497963
v 9.151778 1.139999 -9.848221
v 9.367513 1.090000 -9.632484
v 9.207335 1.139999 -9.944447
v 9.502034 1.089999 -9.865482
v 9.207335 1.139999 -10.055561
v 9.502034 1.089999 -10.134525
v 9.151778 1.139999 -10.151787
v 9.367513 1.089999 -10.367523
v 9.055551 1.139999 -10.207344
v 9.134517 1.089999 -10.502045
v 8.944438 1.139999 -10.207344
v 8.865474 1.089999 -10.502045
v 8.848210 1.139999 -10.151787
v 8.632476 1.090000 -10.367523
v 8.877702 1.139999 -10.456404
v 8.665887 1.139999 -10.334112
v 9.122285 1.139999 -10.456404
v 9.334104 1.139999 -10.334112
v 9.456395 1.139999 -10.122295
v 9.456393 1.139999 -9.877712
v 9.334102 1.139999 -9.665895
v 9.122285 1.139999 -9.543604
v 8.877702 1.140000 -9.543604
v 8.665887 1.140000 -9.665895
v 8.543593 1.140000 -9.877712
v 8.543593 1.139999 -10.122295
v 8.999995 1.173999 -10.000004
v 8.999995 1.173999 -10.084690
v 8.926654 1.173999 -10.042347
v 9.073335 1.173999 -10.042347
v 9.073335 1.173999 -9.957661
v 8.999995 1.173999 -9.915318
v 8.926654 1.173999 -9.957661
v 8.127000 1.075000 -9.126999
v 8.152001 1.100000 -9.151999
v 8.152001 1.100000 -10.848000
v 8.127000 1.075000 -10.872999
v 9.848001 1.100000 -10.848000
v 9.873000 1.075000 -10.872999
v 9.848001 1.100000 -9.151999
v 9.873000 1.075000 -9.126999
v 9.624402 1.090000 -9.932459
v 9.489402 1.090000 -9.932459
v 9.624402 1.090000 -10.067459
v 9.489402 1.090000 -10.067459
v 9.489402 1.157499 -9.932459
v 9.489402 1.157499 -10.067459
v 9.624402 1.167499 -9.932459
v 9.556901 1.200000 -9.932459
v 9.556903 1.200000 -10.067459
v 9.624402 1.167499 -10.067459
v 9.323691 1.207688 -9.944725
v 9.323691 1.207688 -10.055349
v 9.323691 1.157311 -9.944725
v 9.323691 1.157311 -10.055349
v 9.067502 1.077499 -10.624317
v 9.067502 1.077499 -10.489317
v 8.932502 1.077499 -10.624317
v 8.932502 1.077499 -10.489317
v 9.067502 1.157499 -10.489317
v 8.932502 1.157499 -10.489317
v 9.067502 1.167499 -10.624317
v 9.067502 1.200000 -10.556816
v 8.932502 1.200000 -10.556818
v 8.932502 1.167499 -10.624317
v 9.055274 1.207688 -10.323626
v 8.944650 1.207688 -10.323626
v 9.055274 1.157311 -10.323626
v 8.944650 1.157311 -10.323626
v 8.375651 1.077499 -10.067400
v 8.510652 1.077499 -10.067402
v 8.375653 1.077499 -9.932402
v 8.510652 1.077500 -9.932400
v 8.510652 1.157499 -10.067402
v 8.510652 1.157499 -9.932400
v 8.375651 1.167499 -10.067400
v 8.443152 1.200000 -10.067402
v 8.443152 1.200000 -9.932402
v 8.375653 1.167499 -9.932402
v 8.676404 1.207688 -10.055155
v 8.676406 1.207688 -9.944532
v 8.676404 1.157311 -10.055155
v 8.676406 1.157311 -9.944532
v 8.932553 1.090000 -9.375542
v 8.932553 1.090000 -9.510542
v 9.067554 1.090000 -9.375542
v 9.067554 1.090000 -9.510542
v 8.932553 1.157499 -9.510542
v 9.067554 1.157499 -9.510542
v 8.932553 1.167499 -9.375542
v 8.932553 1.200000 -9.443043
v 9.067554 1.200000 -9.443043
v 9.067554 1.167499 -9.375542
v 8.944821 1.207688 -9.676254
v 9.055448 1.207688 -9.676256
v 8.944821 1.157311 -9.676254
v 9.055448 1.157311 -9.676256
v 9.587195 1.097408 -9.274338
v 9.634196 1.116657 -9.299999
v 9.587195 1.097408 -9.325661
v 9.812776 1.097408 -9.274338
v 9.765775 1.116657 -9.299999
v 9.812776 1.097408 -9.325661
v 9.587195 1.097408 -9.354338
v 9.634196 1.116657 -9.379999
v 9.587195 1.097408 -9.405661
v 9.812776 1.097408 -9.354338
v 9.765775 1.116657 -9.379999
v 9.812776 1.097408 -9.405661
v 9.587195 1.097408 -9.194338
v 9.634196 1.116657 -9.219999
v 9.587195 1.097408 -9.245661
v 9.812776 1.097408 -9.194338
v 9.765775 1.116657 -9.219999
v 9.812776 1.097408 -9.245661
v 8.187196 1.097408 -9.274338
v 8.234197 1.116657 -9.299999
v 8.187196 1.097408 -9.325661
v 8.412776 1.097408 -9.274338
v 8.365773 1.116657 -9.299999
v 8.412776 1.097408 -9.325661
v 8.187196 1.097408 -9.354338
v 8.234197 1.116657 -9.379999
v 8.187196 1.097408 -9.405661
v 8.412776 1.097408 -9.354338
v 8.365773 1.116657 -9.379999
v 8.412776 1.097408 -9.405661
v 8.187196 1.097408 -9.194338
v 8.234197 1.116657 -9.219999
v 8.187196 1.097408 -9.245661
v 8.412776 1.097408 -9.194338
v 8.365773 1.116657 -9.219999
v 8.412776 1.097408 -9.245661
v 6.029998 0.000000 -9.029999
v 6.029998 0.030000 -9.000000
v 6.000000 0.030000 -9.029999
v 6.029998 0.770000 -9.000000
v 6.000000 0.770000 -9.029999
v 6.029998 -0.000000 -10.969999
v 6.000000 0.030000 -10.969999
v 6.029998 0.030000 -10.999998
v 6.029998 0.770000 -11.000000
v 6.000000 0.770000 -10.969999
v 7.969999 0.000000 -9.029999
v 8.000000 0.030000 -9.029999
v 7.969999 0.030000 -8.999998
v 7.969999 0.770000 -9.000000
v 8.000000 0.770000 -9.029999
v 7.969999 -0.000000 -10.969999
v 7.969999 0.030000 -10.999998
v 8.000000 0.030000 -10.969999
v 7.969999 0.800000 -10.969999
v 8.000000 0.770000 -10.969999
v 7.969999 0.770000 -11.000000
v 6.029998 0.800000 -9.029999
v 6.029998 0.830000 -9.000000
v 6.000000 0.830000 -9.029999
v 6.029998 1.000000 -9.000000
v 6.029998 1.030000 -9.029999
v 6.000000 1.000000 -9.029999
v 6.029998 0.800000 -10.969999
v 6.000000 0.830000 -10.969999
v 6.029998 0.830000 -11.000000
v 6.029998 1.030000 -10.969999
v 6.029998 1.000000 -11.000000
v 6.000000 1.000000 -10.969999
v 7.969999 0.800000 -9.029999
v 8.000000 0.830000 -9.029999
v 7.969999 0.830000 -9.000000
v 7.969999 1.030000 -9.029999
v 7.969999 1.000000 -9.000000
v 8.000000 1.000000 -9.029999
v 7.969999 0.830000 -11.000000
v 8.000000 0.830000 -10.969999
v 7.969999 1.030000 -10.969999
v 8.000000 1.000000 -10.969999
v 7.969999 1.000000 -11.000000
v 6.849998 0.180000 -10.999998
v 6.879999 0.150000 -10.999998
v 7.849998 0.620000 -11.000000
v 7.819999 0.650000 -11.000000
v 7.819999 0.620000 -11.029999
v 7.849998 0.180000 -11.000000
v 7.819999 0.180000 -11.029999
v 7.819999 0.150000 -11.000000
v 6.879999 0.180000 -11.029999
v 6.879999 0.650000 -10.999998
v 6.879999 0.620000 -11.029999
v 6.849998 0.620000 -10.999998
v 6.149999 0.180000 -10.999998
v 6.179998 0.150000 -10.999998
v 6.750000 0.620000 -11.000000
v 6.719999 0.650000 -11.000000
v 6.719999 0.620000 -11.029999
v 6.750000 0.180000 -11.000000
v 6.719999 0.180000 -11.029999
v 6.719999 0.150000 -11.000000
v 6.179998 0.180000 -11.029999
v 6.179998 0.650000 -11.000000
v 6.179998 0.620000 -11.029999
v 6.149999 0.620000 -10.999998
v 6.000000 0.197261 -9.739508
v 6.000000 0.602739 -9.739508
v 6.000000 0.602739 -10.639395
v 6.000000 0.197261 -10.639395
v 7.997972 0.602739 -10.639395
v 7.968572 0.573340 -10.609995
v 7.968572 0.226660 -10.609995
v 7.997972 0.197261 -10.639395
v 7.968572 0.226660 -9.768908
v 7.997972 0.197261 -9.739508
v 7.997972 0.602739 -9.739508
v 7.968572 0.573340 -9.768908
v 6.031425 0.573340 -9.768908
v 6.031425 0.226660 -9.768908
v 6.031425 0.226660 -10.609995
v 6.031425 0.573340 -10.609997
v 7.149999 0.080000 -8.999998
v 7.119998 0.050000 -8.999998
v 6.049999 0.320000 -9.000000
v 6.079999 0.350000 -9.000000
v 6.079999 0.320000 -8.969999
v 6.049999 0.080000 -9.000000
v 6.079999 0.080000 -8.969999
v 6.079999 0.050000 -9.000000
v 7.119998 0.080000 -8.969999
v 7.119998 0.350000 -9.000000
v 7.119998 0.320000 -8.969999
v 7.149999 0.320000 -8.999998
v 7.949998 0.587930 -8.843168
v 7.920000 0.559739 -8.832907
v 6.049999 0.907425 -8.959455
v 6.079999 0.935616 -8.969715
v 6.079999 0.917686 -8.931265
v 6.049999 0.587929 -8.843168
v 6.079999 0.598190 -8.814978
v 6.079999 0.559739 -8.832907
v 7.920000 0.598190 -8.814978
v 7.920000 0.935616 -8.969715
v 7.920000 0.917686 -8.931265
v 7.949998 0.907425 -8.959455
v 7.934999 0.505430 -9.025976
v 6.064998 0.853116 -9.152523
v 6.064998 0.505430 -9.025976
v 7.934999 0.853116 -9.152523
v 7.847280 0.819857 -8.899132
v 7.848348 0.704788 -8.857250
v 7.762516 0.622712 -8.827377
v 7.640062 0.621708 -8.827013
v 7.552719 0.702364 -8.856369
v 7.551651 0.817433 -8.898251
v 7.637481 0.899509 -8.928123
v 7.759937 0.900513 -8.928490
v 7.802444 0.829335 -8.817448
v 7.847280 0.840378 -8.842751
v 7.803188 0.749296 -8.788317
v 7.848348 0.725309 -8.800869
v 7.743484 0.692205 -8.767536
v 7.762516 0.643233 -8.770996
v 7.658308 0.691507 -8.767282
v 7.640062 0.642229 -8.770630
v 7.597555 0.747609 -8.787703
v 7.552719 0.722885 -8.799988
v 7.596811 0.827649 -8.816833
v 7.551651 0.837954 -8.841869
v 7.656513 0.884739 -8.837614
v 7.637481 0.920030 -8.871742
v 7.741689 0.885438 -8.837868
v 7.759937 0.921035 -8.872108
v 7.699998 0.771371 -8.849560
v 6.747846 0.842247 -8.916445
v 6.815496 0.778677 -8.893307
v 6.815496 0.688776 -8.860586
v 6.747846 0.625206 -8.837448
v 6.652175 0.625206 -8.837448
v 6.584526 0.688776 -8.860586
v 6.584526 0.778677 -8.893307
v 6.652175 0.842247 -8.916445
v 6.741374 0.854926 -8.835926
v 6.747846 0.862768 -8.860064
v 6.799871 0.799957 -8.815918
v 6.815496 0.799199 -8.836926
v 6.799871 0.722220 -8.787624
v 6.815496 0.709297 -8.804205
v 6.741374 0.667251 -8.767616
v 6.747846 0.645728 -8.781067
v 6.658647 0.667251 -8.767616
v 6.652175 0.645728 -8.781067
v 6.600151 0.722219 -8.787624
v 6.584526 0.709297 -8.804205
v 6.600151 0.799957 -8.815918
v 6.584526 0.799199 -8.836926
v 6.658647 0.854926 -8.835926
v 6.652175 0.862768 -8.860064
v 6.724353 0.840094 -8.790226
v 6.675670 0.840094 -8.790226
v 6.675670 0.707987 -8.742144
v 6.724353 0.707987 -8.742144
v 7.147840 0.842247 -8.916445
v 7.215490 0.778677 -8.893307
v 7.215490 0.688776 -8.860586
v 7.147840 0.625206 -8.837448
v 7.052169 0.625206 -8.837448
v 6.984519 0.688776 -8.860586
v 6.984519 0.778677 -8.893307
v 7.052169 0.842247 -8.916445
v 7.141368 0.854926 -8.835926
v 7.147840 0.862768 -8.860064
v 7.199865 0.799957 -8.815918
v 7.215490 0.799199 -8.836926
v 7.199865 0.722220 -8.787624
v 7.215490 0.709297 -8.804205
v 7.141368 0.667251 -8.767616
v 7.147840 0.645728 -8.781067
v 7.058641 0.667251 -8.767616
v 7.052169 0.645728 -8.781067
v 7.000144 0.722219 -8.787624
v 6.984519 0.709297 -8.804205
v 7.000144 0.799957 -8.815918
v 6.984519 0.799199 -8.836926
v 7.058641 0.854926 -8.835926
v 7.052169 0.862768 -8.860064
v 7.124347 0.840094 -8.790226
v 7.075664 0.840094 -8.790226
v 7.075664 0.707987 -8.742144
v 7.124347 0.707987 -8.742144
v 6.347837 0.842247 -8.916445
v 6.415487 0.778677 -8.893307
v 6.415487 0.688776 -8.860586
v 6.347837 0.625206 -8.837448
v 6.252166 0.625206 -8.837448
v 6.184516 0.688776 -8.860586
v 6.184516 0.778677 -8.893307
v 6.252166 0.842247 -8.916445
v 6.341365 0.854926 -8.835926
v 6.347837 0.862768 -8.860064
v 6.399862 0.799957 -8.815918
v 6.415487 0.799199 -8.836926
v 6.399862 0.722219 -8.787624
v 6.415487 0.709297 -8.804205
v 6.341365 0.667251 -8.767616
v 6.347837 0.645728 -8.781067
v 6.258638 0.667251 -8.767616
v 6.252166 0.645728 -8.781067
v 6.200141 0.722219 -8.787624
v 6.184516 0.709297 -8.804205
v 6.200141 0.799957 -8.815918
v 6.184516 0.799199 -8.836926
v 6.258638 0.854926 -8.835926
v 6.252166 0.862768 -8.860064
v 6.324344 0.840094 -8.790226
v 6.275661 0.840094 -8.790226
v 6.275661 0.707987 -8.742144
v 6.324344 0.707987 -8.742144
v 7.780788 0.803596 -8.861288
v 7.781375 0.740476 -8.838316
v 7.734293 0.695453 -8.821928
v 7.667121 0.694903 -8.821728
v 7.619209 0.739146 -8.837831
v 7.618623 0.802266 -8.860806
v 7.665706 0.847289 -8.877192
v 7.732877 0.847840 -8.877392
v 6.126998 0.930000 -9.126999
v 6.126998 0.930000 -10.872999
v 7.872999 0.930000 -9.126999
v 7.872999 0.930000 -10.872999
v 7.393785 1.090000 -9.510794
v 7.298324 1.090000 -9.606255
v 7.489242 1.090000 -9.606255
v 7.393785 1.090000 -9.701714
v 7.298324 1.157499 -9.606255
v 7.393785 1.157499 -9.701714
v 7.393785 1.167499 -9.510794
v 7.346054 1.200000 -9.558523
v 7.441514 1.200000 -9.653984
v 7.489242 1.167499 -9.606255
v 7.131881 1.200000 -9.813877
v 7.186229 1.200000 -9.868225
v 7.131881 1.164999 -9.813877
v 7.186229 1.164999 -9.868225
v 7.489213 1.077499 -10.393801
v 7.393754 1.077499 -10.298342
v 7.393754 1.077499 -10.489260
v 7.298294 1.077499 -10.393801
v 7.393754 1.157499 -10.298342
v 7.298294 1.157499 -10.393801
v 7.489213 1.167499 -10.393801
v 7.441484 1.200000 -10.346071
v 7.346025 1.200000 -10.441530
v 7.393754 1.167499 -10.489260
v 7.186161 1.200000 -10.131895
v 7.131811 1.200000 -10.186243
v 7.186161 1.164999 -10.131895
v 7.131811 1.164999 -10.186243
v 6.606203 1.077499 -10.489212
v 6.701662 1.077499 -10.393753
v 6.510744 1.077499 -10.393753
v 6.606203 1.077499 -10.298294
v 6.701662 1.157499 -10.393753
v 6.606203 1.157499 -10.298294
v 6.606203 1.167499 -10.489212
v 6.653934 1.200000 -10.441483
v 6.558473 1.200000 -10.346024
v 6.510744 1.167499 -10.393753
v 6.868131 1.200000 -10.186134
v 6.813783 1.200000 -10.131784
v 6.868131 1.164999 -10.186134
v 6.813783 1.164999 -10.131784
v 6.510772 1.090000 -9.606207
v 6.606233 1.090000 -9.701666
v 6.606233 1.090000 -9.510748
v 6.701692 1.090000 -9.606207
v 6.606233 1.157499 -9.701666
v 6.701692 1.157499 -9.606207
v 6.510772 1.167499 -9.606207
v 6.558504 1.200000 -9.653936
v 6.653963 1.200000 -9.558477
v 6.606233 1.167499 -9.510748
v 6.813852 1.200000 -9.868114
v 6.868202 1.200000 -9.813766
v 6.813852 1.164999 -9.868114
v 6.868202 1.164999 -9.813766
v 6.792654 1.139999 -10.055561
v 6.497953 1.089999 -10.134525
v 6.792654 1.139999 -9.944447
v 6.497953 1.090000 -9.865482
v 6.848209 1.139999 -9.848221
v 6.632474 1.090000 -9.632484
v 6.944437 1.139999 -9.792664
v 6.865472 1.090000 -9.497963
v 7.055549 1.140000 -9.792664
v 7.134513 1.090000 -9.497963
v 7.151777 1.140000 -9.848221
v 7.367511 1.090000 -9.632484
v 7.207334 1.140000 -9.944447
v 7.502033 1.090000 -9.865482
v 7.207334 1.139999 -10.055561
v 7.502033 1.090000 -10.134525
v 7.151777 1.139999 -10.151787
v 7.367511 1.090000 -10.367523
v 7.055549 1.139999 -10.207344
v 7.134515 1.090000 -10.502045
v 6.944437 1.139999 -10.207344
v 6.865472 1.089999 -10.502045
v 6.848209 1.139999 -10.151787
v 6.632474 1.089999 -10.367523
v 6.877700 1.139999 -10.456404
v 6.665885 1.139999 -10.334112
v 7.122283 1.139999 -10.456404
v 7.334102 1.139999 -10.334112
v 7.456394 1.139999 -10.122295
v 7.456392 1.139999 -9.877712
v 7.334100 1.140000 -9.665895
v 7.122283 1.140000 -9.543604
v 6.877700 1.139999 -9.543604
v 6.665885 1.139999 -9.665895
v 6.543592 1.139999 -9.877712
v 6.543592 1.139999 -10.122295
v 6.999994 1.173999 -10.000004
v 6.999994 1.174000 -10.084690
v 6.926652 1.174000 -10.042347
v 7.073333 1.174000 -10.042347
v 7.073333 1.174000 -9.957661
v 6.999994 1.174000 -9.915318
v 6.926652 1.174000 -9.957661
v 6.126998 1.075000 -9.126999
v 6.152000 1.100000 -9.151999
v 6.152000 1.100000 -10.848000
v 6.126998 1.075000 -10.872999
v 7.847999 1.100000 -10.848000
v 7.872999 1.075000 -10.872999
v 7.847999 1.100000 -9.151999
v 7.872999 1.075000 -9.126999
v 7.624401 1.090000 -9.932459
v 7.489400 1.090000 -9.932459
v 7.624401 1.090000 -10.067459
v 7.489400 1.090000 -10.067459
v 7.489400 1.157499 -9.932459
v 7.489400 1.157499 -10.067459
v 7.624401 1.167499 -9.932459
v 7.556900 1.200000 -9.932459
v 7.556901 1.200000 -10.067459
v 7.624401 1.167499 -10.067459
v 7.323690 1.207688 -9.944725
v 7.323690 1.207688 -10.055349
v 7.323690 1.157311 -9.944725
v 7.323690 1.157311 -10.055349
v 7.067501 1.077499 -10.624317
v 7.067501 1.077499 -10.489317
v 6.932500 1.077499 -10.624317
v 6.932500 1.077499 -10.489317
v 7.067501 1.157499 -10.489317
v 6.932500 1.157499 -10.489317
v 7.067501 1.167499 -10.624317
v 7.067501 1.200000 -10.556816
v 6.932500 1.200000 -10.556818
v 6.932500 1.167499 -10.624317
v 7.055273 1.207688 -10.323626
v 6.944648 1.207688 -10.323626
v 7.055273 1.157311 -10.323626
v 6.944648 1.157311 -10.323626
v 6.375650 1.077499 -10.067400
v 6.510650 1.077499 -10.067402
v 6.375652 1.077499 -9.932402
v 6.510650 1.077499 -9.932400
v 6.510650 1.157499 -10.067402
v 6.510650 1.157499 -9.932400
v 6.375650 1.167499 -10.067400
v 6.443151 1.200000 -10.067402
v 6.443151 1.200000 -9.932402
v 6.375652 1.167499 -9.932402
v 6.676403 1.207688 -10.055155
v 6.676404 1.207688 -9.944532
v 6.676403 1.157311 -10.055155
v 6.676404 1.157311 -9.944532
v 6.932552 1.090000 -9.375542
v 6.932552 1.090000 -9.510542
v 7.067552 1.090000 -9.375542
v 7.067552 1.090000 -9.510542
v 6.932552 1.157499 -9.510542
v 7.067552 1.157499 -9.510542
v 6.932552 1.167499 -9.375542
v 6.932552 1.200000 -9.443043
v 7.067552 1.200000 -9.443043
v 7.067552 1.167499 -9.375542
v 6.944820 1.207688 -9.676254
v 7.055446 1.207688 -9.676256
v 6.944820 1.157311 -9.676254
v 7.055446 1.157312 -9.676256
v 7.587194 1.097408 -9.274338
v 7.634195 1.116657 -9.299999
v 7.587194 1.097408 -9.325661
v 7.812774 1.097408 -9.274338
v 7.765773 1.116657 -9.299999
v 7.812774 1.097408 -9.325661
v 7.587194 1.097408 -9.354338
v 7.634195 1.116657 -9.379999
v 7.587194 1.097408 -9.405661
v 7.812774 1.097408 -9.354338
v 7.765773 1.116657 -9.379999
v 7.812774 1.097408 -9.405661
v 7.587194 1.097408 -9.194338
v 7.634195 1.116657 -9.219999
v 7.587194 1.097408 -9.245661
v 7.812774 1.097408 -9.194338
v 7.765773 1.116657 -9.219999
v 7.812774 1.097408 -9.245661
v 6.187194 1.097408 -9.274338
v 6.234195 1.116657 -9.299999
v 6.187194 1.097408 -9.325661
v 6.412775 1.097408 -9.274338
v 6.365772 1.116657 -9.299999
v 6.412775 1.097408 -9.325661
v 6.187194 1.097408 -9.354338
v 6.234195 1.116657 -9.379999
v 6.187194 1.097408 -9.405661
v 6.412775 1.097408 -9.354338
v 6.365772 1.116657 -9.379999
v 6.412775 1.097408 -9.405661
v 6.187194 1.097408 -9.194338
v 6.234195 1.116657 -9.219999
v 6.187194 1.097408 -9.245661
v 6.412775 1.097408 -9.194338
v 6.365772 1.116657 -9.219999
v 6.412775 1.097408 -9.245661
v -7.970001 0.000000 -9.029999
v -7.970001 0.030000 -9.000000
v -8.000000 0.030000 -9.029999
v -7.970001 0.770000 -9.000000
v -8.000000 0.770000 -9.029999
v -7.970001 -0.000000 -10.969999
v -8.000000 0.030000 -10.969999
v -7.970001 0.030000 -10.999998
v -7.970001 0.770000 -11.000000
v -8.000000 0.770000 -10.969999
v -6.030000 0.000000 -9.029999
v -6.000000 0.030000 -9.029999
v -6.030000 0.030000 -8.999998
v -6.030000 0.770000 -9.000000
v -6.000000 0.770000 -9.029999
v -6.030000 -0.000000 -10.969999
v -6.030000 0.030000 -10.999998
v -6.000000 0.030000 -10.969999
v -6.030000 0.800000 -10.969999
v -6.000000 0.770000 -10.969999
v -6.030000 0.770000 -11.000000
v -7.970001 0.800000 -9.029999
v -7.970001 0.830000 -9.000000
v -8.000000 0.830000 -9.029999
v -7.970001 1.000000 -9.000000
v -7.970001 1.030000 -9.029999
v -8.000000 1.000000 -9.029999
v -7.970001 0.800000 -10.969999
v -8.000000 0.830000 -10.969999
v -7.970001 0.830000 -11.000000
v -7.970001 1.030000 -10.969999
v -7.970001 1.000000 -11.000000
v -8.000000 1.000000 -10.969999
v -6.030000 0.800000 -9.029999
v -6.000000 0.830000 -9.029999
v -6.030000 0.830000 -9.000000
v -6.030000 1.030000 -9.029999
v -6.030000 1.000000 -9.000000
v -6.000000 1.000000 -9.029999
v -6.030000 0.830000 -11.000000
v -6.000000 0.830000 -10.969999
v -6.030000 1.030000 -10.969999
v -6.000000 1.000000 -10.969999
v -6.030000 1.000000 -11.000000
v -7.150001 0.180000 -10.999998
v -7.120001 0.150000 -10.999998
v -6.150001 0.620000 -11.000000
v -6.180001 0.650000 -11.000000
v -6.180001 0.620000 -11.029999
v -6.150001 0.180000 -11.000000
v -6.180001 0.180000 -11.029999
v -6.180001 0.150000 -11.000000
v -7.120001 0.180000 -11.029999
v -7.120001 0.650000 -10.999998
v -7.120001 0.620000 -11.029999
v -7.150001 0.620000 -10.999998
v -7.850001 0.180000 -10.999998
v -7.820001 0.150000 -10.999998
v -7.250001 0.620000 -11.000000
v -7.280001 0.650000 -11.000000
v -7.280001 0.620000 -11.029999
v -7.250001 0.180000 -11.000000
v -7.280001 0.180000 -11.029999
v -7.280001 0.150000 -11.000000
v -7.820001 0.180000 -11.029999
v -7.820001 0.650000 -11.000000
v -7.820001 0.620000 -11.029999
v -7.850001 0.620000 -10.999998
v -8.000000 0.197261 -9.739508
v -8.000000 0.602739 -9.739508
v -8.000000 0.602739 -10.639395
v -8.000000 0.197261 -10.639395
v -6.002027 0.602739 -10.639395
v -6.031427 0.573340 -10.609995
v -6.031427 0.226660 -10.609995
v -6.002027 0.197261 -10.639395
v -6.031427 0.226660 -9.768908
v -6.002027 0.197261 -9.739508
v -6.002027 0.602739 -9.739508
v -6.031427 0.573340 -9.768908
v -7.968574 0.573340 -9.768908
v -7.968574 0.226660 -9.768908
v -7.968574 0.226660 -10.609995
v -7.968574 0.573340 -10.609997
v -6.850000 0.080000 -8.999998
v -6.880001 0.050000 -8.999998
v -7.950000 0.320000 -9.000000
v -7.920001 0.350000 -9.000000
v -7.920001 0.320000 -8.969999
v -7.950000 0.080000 -9.000000
v -7.920001 0.080000 -8.969999
v -7.920001 0.050000 -9.000000
v -6.880001 0.080000 -8.969999
v -6.880001 0.350000 -9.000000
v -6.880001 0.320000 -8.969999
v -6.850000 0.320000 -8.999998
v -6.050001 0.587929 -8.843168
v -6.080000 0.559739 -8.832907
v -7.950000 0.907425 -8.959455
v -7.920001 0.935616 -8.969715
v -7.920001 0.917686 -8.931265
v -7.950000 0.587929 -8.843168
v -7.920001 0.598190 -8.814978
v -7.920001 0.559739 -8.832907
v -6.080000 0.598190 -8.814978
v -6.080000 0.935616 -8.969715
v -6.080000 0.917686 -8.931265
v -6.050001 0.907425 -8.959455
v -6.065001 0.505430 -9.025976
v -7.935000 0.853116 -9.152523
v -7.935000 0.505430 -9.025976
v -6.065001 0.853116 -9.152523
v -6.152720 0.819857 -8.899132
v -6.151651 0.704788 -8.857250
v -6.237484 0.622712 -8.827377
v -6.359938 0.621708 -8.827013
v -6.447281 0.702364 -8.856369
v -6.448350 0.817433 -8.898251
v -6.362517 0.899509 -8.928123
v -6.240063 0.900513 -8.928490
v -6.197555 0.829335 -8.817448
v -6.152720 0.840378 -8.842751
v -6.196812 0.749296 -8.788317
v -6.151651 0.725309 -8.800869
v -6.256515 0.692205 -8.767536
v -6.237484 0.643233 -8.770996
v -6.341691 0.691507 -8.767282
v -6.359938 0.642229 -8.770630
v -6.402446 0.747609 -8.787703
v -6.447281 0.722885 -8.799988
v -6.403189 0.827649 -8.816833
v -6.448350 0.837954 -8.841869
v -6.343486 0.884739 -8.837614
v -6.362517 0.920030 -8.871742
v -6.258310 0.885438 -8.837868
v -6.240063 0.921035 -8.872108
v -6.300001 0.771371 -8.849560
v -7.252153 0.842247 -8.916445
v -7.184503 0.778677 -8.893307
v -7.184503 0.688776 -8.860586
v -7.252153 0.625206 -8.837448
v -7.347824 0.625206 -8.837448
v -7.415473 0.688776 -8.860586
v -7.415473 0.778677 -8.893307
v -7.347824 0.842247 -8.916445
v -7.258625 0.854926 -8.835926
v -7.252153 0.862768 -8.860064
v -7.200128 0.799957 -8.815918
v -7.184503 0.799199 -8.836926
v -7.200128 0.722219 -8.787624
v -7.184503 0.709297 -8.804205
v -7.258625 0.667251 -8.767616
v -7.252153 0.645728 -8.781067
v -7.341352 0.667251 -8.767616
v -7.347824 0.645728 -8.781067
v -7.399848 0.722219 -8.787624
v -7.415473 0.709297 -8.804205
v -7.399848 0.799957 -8.815918
v -7.415473 0.799199 -8.836926
v -7.341352 0.854926 -8.835926
v -7.347824 0.862768 -8.860064
v -7.275647 0.840094 -8.790226
v -7.324330 0.840094 -8.790226
v -7.324330 0.707987 -8.742144
v -7.275647 0.707987 -8.742144
v -6.852159 0.842247 -8.916445
v -6.784510 0.778677 -8.893307
v -6.784510 0.688776 -8.860586
v -6.852159 0.625206 -8.837448
v -6.947830 0.625206 -8.837448
v -7.015479 0.688776 -8.860586
v -7.015479 0.778677 -8.893307
v -6.947830 0.842247 -8.916445
v -6.858631 0.854926 -8.835926
v -6.852159 0.862768 -8.860064
v -6.800135 0.799957 -8.815918
v -6.784510 0.799199 -8.836926
v -6.800135 0.722219 -8.787624
v -6.784510 0.709297 -8.804205
v -6.858631 0.667251 -8.767616
v -6.852159 0.645728 -8.781067
v -6.941358 0.667251 -8.767616
v -6.947830 0.645728 -8.781067
v -6.999855 0.722219 -8.787624
v -7.015479 0.709297 -8.804205
v -6.999855 0.799957 -8.815918
v -7.015479 0.799199 -8.836926
v -6.941358 0.854926 -8.835926
v -6.947830 0.862768 -8.860064
v -6.875653 0.840094 -8.790226
v -6.924336 0.840094 -8.790226
v -6.924336 0.707987 -8.742144
v -6.875653 0.707987 -8.742144
v -7.652162 0.842247 -8.916445
v -7.584512 0.778677 -8.893307
v -7.584512 0.688776 -8.860586
v -7.652162 0.625206 -8.837448
v -7.747833 0.625206 -8.837448
v -7.815482 0.688776 -8.860586
v -7.815482 0.778677 -8.893307
v -7.747833 0.842247 -8.916445
v -7.658634 0.854926 -8.835926
v -7.652162 0.862768 -8.860064
v -7.600137 0.799957 -8.815918
v -7.584512 0.799199 -8.836926
v -7.600137 0.722219 -8.787624
v -7.584512 0.709297 -8.804205
v -7.658634 0.667251 -8.767616
v -7.652162 0.645728 -8.781067
v -7.741361 0.667251 -8.767616
v -7.747833 0.645728 -8.781067
v -7.799857 0.722219 -8.787624
v -7.815482 0.709297 -8.804205
v -7.799857 0.799957 -8.815918
v -7.815482 0.799199 -8.836926
v -7.741361 0.854926 -8.835926
v -7.747833 0.862768 -8.860064
v -7.675656 0.840094 -8.790226
v -7.724339 0.840094 -8.790226
v -7.724339 0.707987 -8.742144
v -7.675656 0.707987 -8.742144
v -6.219211 0.803596 -8.861288
v -6.218625 0.740476 -8.838316
v -6.265707 0.695453 -8.821928
v -6.332879 0.694903 -8.821728
v -6.380791 0.739146 -8.837831
v -6.381377 0.802266 -8.860806
v -6.334294 0.847289 -8.877192
v -6.267123 0.847840 -8.877392
v -7.873001 0.930000 -9.126999
v -7.873001 0.930000 -10.872999
v -6.127000 0.930000 -9.126999
v -6.127000 0.930000 -10.872999
v -6.606215 1.090000 -9.510794
v -6.701675 1.090000 -9.606255
v -6.510757 1.090000 -9.606255
v -6.606215 1.090000 -9.701714
v -6.701675 1.157499 -9.606255
v -6.606215 1.157499 -9.701714
v -6.606215 1.167499 -9.510794
v -6.653946 1.200000 -9.558523
v -6.558486 1.200000 -9.653984
v -6.510757 1.167499 -9.606255
v -6.868118 1.200000 -9.813877
v -6.813771 1.200000 -9.868225
v -6.868118 1.164999 -9.813877
v -6.813771 1.164999 -9.868225
v -6.510786 1.077499 -10.393801
v -6.606246 1.077499 -10.298342
v -6.606246 1.077499 -10.489260
v -6.701705 1.077499 -10.393801
v -6.606246 1.157499 -10.298342
v -6.701705 1.157499 -10.393801
v -6.510786 1.167499 -10.393801
v -6.558517 1.200000 -10.346071
v -6.653975 1.200000 -10.441530
v -6.606246 1.167499 -10.489260
v -6.813839 1.200000 -10.131895
v -6.868188 1.200000 -10.186243
v -6.813839 1.164999 -10.131895
v -6.868188 1.164999 -10.186243
v -7.393797 1.077499 -10.489212
v -7.298337 1.077499 -10.393753
v -7.489255 1.077499 -10.393753
v -7.393797 1.077499 -10.298294
v -7.298337 1.157499 -10.393753
v -7.393797 1.157499 -10.298294
v -7.393797 1.167499 -10.489212
v -7.346066 1.200000 -10.441483
v -7.441526 1.200000 -10.346024
v -7.489255 1.167499 -10.393753
v -7.131868 1.200000 -10.186134
v -7.186216 1.200000 -10.131784
v -7.131868 1.164999 -10.186134
v -7.186216 1.164999 -10.131784
v -7.489227 1.090000 -9.606207
v -7.393767 1.090000 -9.701666
v -7.393767 1.090000 -9.510748
v -7.298307 1.090000 -9.606207
v -7.393767 1.157499 -9.701666
v -7.298307 1.157499 -9.606207
v -7.489227 1.167499 -9.606207
v -7.441496 1.200000 -9.653936
v -7.346036 1.200000 -9.558477
v -7.393767 1.167499 -9.510748
v -7.186147 1.200000 -9.868114
v -7.131798 1.200000 -9.813766
v -7.186147 1.164999 -9.868114
v -7.131798 1.164999 -9.813766
v -7.207346 1.139999 -10.055561
v -7.502046 1.090000 -10.134525
v -7.207346 1.139999 -9.944447
v -7.502046 1.090000 -9.865482
v -7.151791 1.139999 -9.848221
v -7.367526 1.090000 -9.632484
v -7.055563 1.139999 -9.792664
v -7.134528 1.090000 -9.497963
v -6.944450 1.139999 -9.792664
v -6.865486 1.090000 -9.497963
v -6.848224 1.139999 -9.848221
v -6.632488 1.090000 -9.632484
v -6.792666 1.139999 -9.944447
v -6.497966 1.089999 -9.865482
v -6.792666 1.139999 -10.055561
v -6.497966 1.089999 -10.134525
v -6.848224 1.139999 -10.151787
v -6.632488 1.089999 -10.367523
v -6.944450 1.139999 -10.207344
v -6.865484 1.089999 -10.502045
v -7.055563 1.139999 -10.207344
v -7.134528 1.089999 -10.502045
v -7.151791 1.139999 -10.151787
v -7.367526 1.090000 -10.367523
v -7.122299 1.139999 -10.456404
v -7.334115 1.139999 -10.334112
v -6.877715 1.139999 -10.456404
v -6.665898 1.139999 -10.334112
v -6.543607 1.139999 -10.122295
v -6.543607 1.139999 -9.877712
v -6.665899 1.139999 -9.665895
v -6.877715 1.139999 -9.543604
v -7.122299 1.140000 -9.543604
v -7.334115 1.140000 -9.665895
v -7.456407 1.140000 -9.877712
v -7.456407 1.139999 -10.122295
v -7.000006 1.173999 -10.000004
v -7.000006 1.173999 -10.084690
v -7.073347 1.173999 -10.042347
v -6.926666 1.174000 -10.042347
v -6.926666 1.174000 -9.957661
v -7.000006 1.173999 -9.915318
v -7.073347 1.173999 -9.957661
v -7.873001 1.075000 -9.126999
v -7.848001 1.100000 -9.151999
v -7.848001 1.100000 -10.848000
v -7.873001 1.075000 -10.872999
v -6.152000 1.100000 -10.848000
v -6.127000 1.075000 -10.872999
v -6.152000 1.100000 -9.151999
v -6.127000 1.075000 -9.126999
v -6.375598 1.090000 -9.932459
v -6.510599 1.090000 -9.932459
v -6.375599 1.090000 -10.067459
v -6.510598 1.090000 -10.067459
v -6.510599 1.157499 -9.932459
v -6.510598 1.157499 -10.067459
v -6.375598 1.167499 -9.932459
v -6.443099 1.200000 -9.932459
v -6.443099 1.200000 -10.067459
v -6.375599 1.167499 -10.067459
v -6.676309 1.207688 -9.944725
v -6.676310 1.207688 -10.055349
v -6.676309 1.157311 -9.944725
v -6.676310 1.157311 -10.055349
v -6.932499 1.077499 -10.624317
v -6.932499 1.077499 -10.489317
v -7.067500 1.077499 -10.624317
v -7.067500 1.077499 -10.489317
v -6.932499 1.157499 -10.489317
v -7.067500 1.157499 -10.489317
v -6.932499 1.167499 -10.624317
v -6.932500 1.200000 -10.556816
v -7.067499 1.200000 -10.556818
v -7.067500 1.167499 -10.624317
v -6.944726 1.207688 -10.323626
v -7.055352 1.207688 -10.323626
v -6.944726 1.157311 -10.323626
v -7.055352 1.157311 -10.323626
v -7.624350 1.077500 -10.067400
v -7.489349 1.077499 -10.067402
v -7.624349 1.077500 -9.932402
v -7.489349 1.077500 -9.932400
v -7.489349 1.157499 -10.067402
v -7.489349 1.157499 -9.932400
v -7.624350 1.167499 -10.067400
v -7.556849 1.200000 -10.067402
v -7.556849 1.200000 -9.932402
v -7.624349 1.167499 -9.932402
v -7.323597 1.207688 -10.055155
v -7.323596 1.207688 -9.944532
v -7.323597 1.157311 -10.055155
v -7.323596 1.157311 -9.944532
v -7.067449 1.090000 -9.375542
v -7.067448 1.090000 -9.510542
v -6.932448 1.090000 -9.375542
v -6.932448 1.090000 -9.510542
v -7.067448 1.157499 -9.510542
v -6.932448 1.157499 -9.510542
v -7.067449 1.167499 -9.375542
v -7.067448 1.200000 -9.443043
v -6.932447 1.200000 -9.443043
v -6.932448 1.167500 -9.375542
v -7.055179 1.207688 -9.676254
v -6.944554 1.207688 -9.676256
v -7.055179 1.157311 -9.676254
v -6.944554 1.157311 -9.676256
v -6.412806 1.097408 -9.274338
v -6.365804 1.116657 -9.299999
v -6.412806 1.097408 -9.325661
v -6.187225 1.097408 -9.274338
v -6.234227 1.116657 -9.299999
v -6.187225 1.097408 -9.325661
v -6.412806 1.097408 -9.354338
v -6.365804 1.116657 -9.379999
v -6.412806 1.097408 -9.405661
v -6.187225 1.097408 -9.354338
v -6.234227 1.116657 -9.379999
v -6.187225 1.097408 -9.405661
v -6.412806 1.097408 -9.194338
v -6.365804 1.116657 -9.219999
v -6.412806 1.097408 -9.245661
v -6.187225 1.097408 -9.194338
v -6.234227 1.116657 -9.219999
v -6.187225 1.097408 -9.245661
v -7.812806 1.097408 -9.274338
v -7.765804 1.116657 -9.299999
v -7.812806 1.097408 -9.325661
v -7.587225 1.097408 -9.274338
v -7.634227 1.116657 -9.299999
v -7.587225 1.097408 -9.325661
v -7.812806 1.097408 -9.354338
v -7.765804 1.116657 -9.379999
v -7.812806 1.097408 -9.405661
v -7.587225 1.097408 -9.354338
v -7.634227 1.116657 -9.379999
v -7.587225 1.097408 -9.405661
v -7.812806 1.097408 -9.194338
v -7.765804 1.116657 -9.219999
v -7.812806 1.097408 -9.245661
v -7.587225 1.097408 -9.194338
v -7.634227 1.116657 -9.219999
v -7.587225 1.097408 -9.245661
v -9.969999 0.000000 -9.029999
v -9.969999 0.030000 -9.000000
v -10.000000 0.030000 -9.029999
v -9.969999 0.770000 -9.000000
v -10.000000 0.770000 -9.029999
v -9.970000 -0.000000 -10.969999
v -10.000001 0.030000 -10.969999
v -9.970000 0.030000 -10.999998
v -9.970000 0.770000 -11.000000
v -10.000001 0.770000 -10.969999
v -8.030000 0.000000 -9.029999
v -8.000000 0.030000 -9.029999
v -8.030000 0.030000 -8.999998
v -8.030000 0.770000 -9.000000
v -8.000000 0.770000 -9.029999
v -8.030001 -0.000000 -10.969999
v -8.030001 0.030000 -10.999998
v -8.000001 0.030000 -10.969999
v -8.030001 0.800000 -10.969999
v -8.000001 0.770000 -10.969999
v -8.030001 0.770000 -11.000000
v -9.969999 0.800000 -9.029999
v -9.969999 0.830000 -9.000000
v -10.000000 0.830000 -9.029999
v -9.969999 1.000000 -9.000000
v -9.969999 1.030000 -9.029999
v -10.000000 1.000000 -9.029999
v -9.970000 0.800000 -10.969999
v -10.000001 0.830000 -10.969999
v -9.970000 0.830000 -11.000000
v -9.970000 1.030000 -10.969999
v -9.970000 1.000000 -11.000000
v -10.000001 1.000000 -10.969999
v -8.030000 0.800000 -9.029999
v -8.000000 0.830000 -9.029999
v -8.030000 0.830000 -9.000000
v -8.030000 1.030000 -9.029999
v -8.030000 1.000000 -9.000000
v -8.000000 1.000000 -9.029999
v -8.030001 0.830000 -11.000000
v -8.000001 0.830000 -10.969999
v -8.030001 1.030000 -10.969999
v -8.000001 1.000000 -10.969999
v -8.030001 1.000000 -11.000000
v -9.150001 0.180000 -10.999998
v -9.120001 0.150000 -10.999998
v -8.150001 0.620000 -11.000000
v -8.180001 0.650000 -11.000000
v -8.180001 0.620000 -11.029999
v -8.150002 0.180000 -11.000000
v -8.180001 0.180000 -11.029999
v -8.180001 0.150000 -11.000000
v -9.120001 0.180000 -11.029999
v -9.120001 0.650000 -10.999998
v -9.120001 0.620000 -11.029999
v -9.150001 0.620000 -10.999998
v -9.850001 0.180000 -10.999998
v -9.820001 0.150000 -10.999998
v -9.250001 0.620000 -11.000000
v -9.280001 0.650000 -11.000000
v -9.280001 0.620000 -11.029999
v -9.250001 0.180000 -11.000000
v -9.280001 0.180000 -11.029999
v -9.280001 0.150000 -11.000000
v -9.820001 0.180000 -11.029999
v -9.820001 0.650000 -11.000000
v -9.820001 0.620000 -11.029999
v -9.850001 0.620000 -10.999998
v -10.000000 0.197261 -9.739508
v -10.000000 0.602739 -9.739508
v -10.000000 0.602739 -10.639395
v -10.000000 0.197261 -10.639395
v -8.002027 0.602739 -10.639395
v -8.031426 0.573340 -10.609995
v -8.031426 0.226660 -10.609995
v -8.002027 0.197261 -10.639395
v -8.031426 0.226660 -9.768908
v -8.002027 0.197261 -9.739508
v -8.002027 0.602739 -9.739508
v -8.031426 0.573340 -9.768908
v -9.968573 0.573340 -9.768908
v -9.968573 0.226660 -9.768908
v -9.968573 0.226660 -10.609995
v -9.968573 0.573340 -10.609997
v -8.849999 0.080000 -8.999998
v -8.879999 0.050000 -8.999998
v -9.949999 0.320000 -9.000000
v -9.920000 0.350000 -9.000000
v -9.920000 0.320000 -8.969999
v -9.949999 0.080000 -9.000000
v -9.920000 0.080000 -8.969999
v -9.920000 0.050000 -9.000000
v -8.879999 0.080000 -8.969999
v -8.879999 0.350000 -9.000000
v -8.879999 0.320000 -8.969999
v -8.849999 0.320000 -8.999998
v -8.050000 0.587930 -8.843168
v -8.080000 0.559739 -8.832907
v -9.949999 0.907425 -8.959455
v -9.920000 0.935616 -8.969715
v -9.920000 0.917686 -8.931265
v -9.949999 0.587929 -8.843168
v -9.920000 0.598190 -8.814978
v -9.920000 0.559739 -8.832907
v -8.080000 0.598190 -8.814978
v -8.080000 0.935616 -8.969715
v -8.080000 0.917686 -8.931265
v -8.049999 0.907425 -8.959455
v -8.065000 0.505430 -9.025976
v -9.934999 0.853116 -9.152523
v -9.934999 0.505430 -9.025976
v -8.065000 0.853116 -9.152523
v -8.152719 0.819857 -8.899132
v -8.151650 0.704788 -8.857250
v -8.237483 0.622712 -8.827377
v -8.359937 0.621708 -8.827013
v -8.447281 0.702364 -8.856369
v -8.448349 0.817433 -8.898251
v -8.362516 0.899509 -8.928123
v -8.240063 0.900513 -8.928490
v -8.197555 0.829335 -8.817448
v -8.152719 0.840379 -8.842751
v -8.196812 0.749296 -8.788317
v -8.151650 0.725309 -8.800869
v -8.256515 0.692205 -8.767536
v -8.237483 0.643233 -8.770996
v -8.341691 0.691507 -8.767282
v -8.359937 0.642229 -8.770630
v -8.402445 0.747609 -8.787703
v -8.447281 0.722885 -8.799988
v -8.403189 0.827649 -8.816833
v -8.448349 0.837954 -8.841869
v -8.343485 0.884739 -8.837614
v -8.362516 0.920030 -8.871742
v -8.258309 0.885438 -8.837868
v -8.240063 0.921035 -8.872108
v -8.300000 0.771371 -8.849560
v -9.252151 0.842247 -8.916445
v -9.184502 0.778677 -8.893307
v -9.184502 0.688776 -8.860586
v -9.252151 0.625206 -8.837448
v -9.347822 0.625206 -8.837448
v -9.415472 0.688776 -8.860586
v -9.415472 0.778677 -8.893307
v -9.347822 0.842247 -8.916445
v -9.258624 0.854926 -8.835926
v -9.252151 0.862768 -8.860064
v -9.200127 0.799957 -8.815918
v -9.184502 0.799199 -8.836926
v -9.200127 0.722220 -8.787624
v -9.184502 0.709297 -8.804205
v -9.258624 0.667251 -8.767616
v -9.252151 0.645728 -8.781067
v -9.341351 0.667251 -8.767616
v -9.347822 0.645728 -8.781067
v -9.399847 0.722219 -8.787624
v -9.415472 0.709297 -8.804205
v -9.399847 0.799957 -8.815918
v -9.415472 0.799199 -8.836926
v -9.341351 0.854926 -8.835926
v -9.347822 0.862768 -8.860064
v -9.275646 0.840094 -8.790226
v -9.324329 0.840094 -8.790226
v -9.324329 0.707987 -8.742144
v -9.275646 0.707987 -8.742144
v -8.852158 0.842247 -8.916445
v -8.784509 0.778677 -8.893307
v -8.784509 0.688776 -8.860586
v -8.852158 0.625206 -8.837448
v -8.947828 0.625206 -8.837448
v -9.015478 0.688776 -8.860586
v -9.015478 0.778677 -8.893307
v -8.947828 0.842247 -8.916445
v -8.858630 0.854926 -8.835926
v -8.852158 0.862768 -8.860064
v -8.800134 0.799957 -8.815918
v -8.784509 0.799199 -8.836926
v -8.800134 0.722220 -8.787624
v -8.784509 0.709297 -8.804205
v -8.858630 0.667251 -8.767616
v -8.852158 0.645728 -8.781067
v -8.941357 0.667251 -8.767616
v -8.947828 0.645728 -8.781067
v -8.999853 0.722219 -8.787624
v -9.015478 0.709297 -8.804205
v -8.999853 0.799957 -8.815918
v -9.015478 0.799199 -8.836926
v -8.941357 0.854926 -8.835926
v -8.947828 0.862768 -8.860064
v -8.875652 0.840094 -8.790226
v -8.924335 0.840094 -8.790226
v -8.924335 0.707987 -8.742144
v -8.875652 0.707987 -8.742144
v -9.652161 0.842247 -8.916445
v -9.584511 0.778677 -8.893307
v -9.584511 0.688776 -8.860586
v -9.652161 0.625206 -8.837448
v -9.747831 0.625206 -8.837448
v -9.815481 0.688776 -8.860586
v -9.815481 0.778677 -8.893307
v -9.747831 0.842247 -8.916445
v -9.658633 0.854926 -8.835926
v -9.652161 0.862768 -8.860064
v -9.600136 0.799957 -8.815918
v -9.584511 0.799199 -8.836926
v -9.600136 0.722220 -8.787624
v -9.584511 0.709297 -8.804205
v -9.658633 0.667251 -8.767616
v -9.652161 0.645728 -8.781067
v -9.741360 0.667251 -8.767616
v -9.747831 0.645728 -8.781067
v -9.799856 0.722219 -8.787624
v -9.815481 0.709297 -8.804205
v -9.799856 0.799957 -8.815918
v -9.815481 0.799199 -8.836926
v -9.741360 0.854926 -8.835926
v -9.747831 0.862768 -8.860064
v -9.675655 0.840094 -8.790226
v -9.724339 0.840094 -8.790226
v -9.724339 0.707987 -8.742144
v -9.675655 0.707987 -8.742144
v -8.219210 0.803596 -8.861288
v -8.218624 0.740476 -8.838316
v -8.265707 0.695453 -8.821928
v -8.332878 0.694903 -8.821728
v -8.380790 0.739146 -8.837831
v -8.381376 0.802266 -8.860806
v -8.334293 0.847289 -8.877192
v -8.267122 0.847840 -8.877392
v -9.872999 0.930000 -9.126999
v -9.872999 0.930000 -10.872999
v -8.127000 0.930000 -9.126999
v -8.127000 0.930000 -10.872999
v -8.606215 1.090000 -9.510794
v -8.701674 1.090000 -9.606255
v -8.510756 1.090000 -9.606255
v -8.606215 1.090000 -9.701714
v -8.701674 1.157499 -9.606255
v -8.606215 1.157499 -9.701714
v -8.606215 1.167499 -9.510794
v -8.653945 1.200000 -9.558523
v -8.558485 1.200000 -9.653984
v -8.510756 1.167499 -9.606255
v -8.868117 1.200000 -9.813877
v -8.813770 1.200000 -9.868225
v -8.868117 1.164999 -9.813877
v -8.813770 1.164999 -9.868225
v -8.510785 1.077499 -10.393801
v -8.606245 1.077499 -10.298342
v -8.606245 1.077499 -10.489260
v -8.701704 1.077499 -10.393801
v -8.606245 1.157499 -10.298342
v -8.701704 1.157499 -10.393801
v -8.510785 1.167499 -10.393801
v -8.558516 1.200000 -10.346071
v -8.653974 1.200000 -10.441530
v -8.606245 1.167499 -10.489260
v -8.813839 1.200000 -10.131895
v -8.868187 1.200000 -10.186243
v -8.813839 1.164999 -10.131895
v -8.868187 1.164999 -10.186243
v -9.393797 1.077499 -10.489212
v -9.298336 1.077499 -10.393753
v -9.489254 1.077499 -10.393753
v -9.393797 1.077499 -10.298294
v -9.298336 1.157499 -10.393753
v -9.393797 1.157499 -10.298294
v -9.393797 1.167499 -10.489212
v -9.346066 1.200000 -10.441483
v -9.441525 1.200000 -10.346024
v -9.489254 1.167499 -10.393753
v -9.131867 1.200000 -10.186134
v -9.186214 1.200000 -10.131784
v -9.131867 1.164999 -10.186134
v -9.186214 1.164999 -10.131784
v -9.489225 1.090000 -9.606207
v -9.393766 1.090000 -9.701666
v -9.393766 1.090000 -9.510748
v -9.298306 1.090000 -9.606207
v -9.393766 1.157499 -9.701666
v -9.298306 1.157499 -9.606207
v -9.489225 1.167499 -9.606207
v -9.441495 1.200000 -9.653936
v -9.346035 1.200000 -9.558477
v -9.393766 1.167499 -9.510748
v -9.186146 1.200000 -9.868114
v -9.131798 1.200000 -9.813766
v -9.186146 1.164999 -9.868114
v -9.131798 1.164999 -9.813766
v -9.207346 1.139999 -10.055561
v -9.502045 1.089999 -10.134525
v -9.207346 1.139999 -9.944447
v -9.502045 1.090000 -9.865482
v -9.151790 1.139999 -9.848221
v -9.367525 1.090000 -9.632484
v -9.055563 1.140000 -9.792664
v -9.134527 1.090000 -9.497963
v -8.944449 1.140000 -9.792664
v -8.865485 1.090000 -9.497963
v -8.848223 1.140000 -9.848221
v -8.632487 1.090000 -9.632484
v -8.792665 1.140000 -9.944447
v -8.497966 1.090000 -9.865482
v -8.792665 1.139999 -10.055561
v -8.497966 1.090000 -10.134525
v -8.848223 1.139999 -10.151787
v -8.632487 1.090000 -10.367523
v -8.944449 1.139999 -10.207344
v -8.865483 1.090000 -10.502045
v -9.055563 1.140000 -10.207344
v -9.134527 1.090000 -10.502045
v -9.151790 1.139999 -10.151787
v -9.367525 1.089999 -10.367523
v -9.122297 1.139999 -10.456404
v -9.334114 1.139999 -10.334112
v -8.877714 1.139999 -10.456404
v -8.665897 1.139999 -10.334112
v -8.543606 1.139999 -10.122295
v -8.543606 1.139999 -9.877712
v -8.665898 1.140000 -9.665895
v -8.877714 1.140000 -9.543604
v -9.122297 1.140000 -9.543604
v -9.334114 1.139999 -9.665895
v -9.456406 1.139999 -9.877712
v -9.456406 1.139999 -10.122295
v -9.000006 1.173999 -10.000004
v -9.000006 1.174000 -10.084690
v -9.073345 1.174000 -10.042347
v -8.926664 1.174000 -10.042347
v -8.926664 1.174000 -9.957661
v -9.000006 1.174000 -9.915318
v -9.073345 1.174000 -9.957661
v -9.872999 1.075000 -9.126999
v -9.848000 1.100000 -9.151999
v -9.848000 1.100000 -10.848000
v -9.872999 1.075000 -10.872999
v -8.151999 1.100000 -10.848000
v -8.127000 1.075000 -10.872999
v -8.151999 1.100000 -9.151999
v -8.127000 1.075000 -9.126999
v -8.375598 1.090000 -9.932459
v -8.510598 1.090000 -9.932459
v -8.375599 1.090000 -10.067459
v -8.510597 1.090000 -10.067459
v -8.510598 1.157499 -9.932459
v -8.510597 1.157499 -10.067459
v -8.375598 1.167499 -9.932459
v -8.443098 1.200000 -9.932459
v -8.443098 1.200000 -10.067459
v -8.375599 1.167499 -10.067459
v -8.676308 1.207688 -9.944725
v -8.676310 1.207688 -10.055349
v -8.676308 1.157311 -9.944725
v -8.676310 1.157311 -10.055349
v -8.932498 1.077499 -10.624317
v -8.932499 1.077499 -10.489317
v -9.067499 1.077499 -10.624317
v -9.067499 1.077499 -10.489317
v -8.932499 1.157499 -10.489317
v -9.067499 1.157499 -10.489317
v -8.932498 1.167499 -10.624317
v -8.932499 1.200000 -10.556816
v -9.067498 1.200000 -10.556818
v -9.067499 1.167499 -10.624317
v -8.944725 1.207688 -10.323626
v -9.055351 1.207688 -10.323626
v -8.944725 1.157311 -10.323626
v -9.055351 1.157311 -10.323626
v -9.624349 1.077499 -10.067400
v -9.489348 1.077499 -10.067402
v -9.624348 1.077499 -9.932402
v -9.489348 1.077499 -9.932400
v -9.489348 1.157499 -10.067402
v -9.489348 1.157499 -9.932400
v -9.624349 1.167499 -10.067400
v -9.556849 1.200000 -10.067402
v -9.556849 1.200000 -9.932402
v -9.624348 1.167499 -9.932402
v -9.323596 1.207688 -10.055155
v -9.323595 1.207688 -9.944532
v -9.323596 1.157311 -10.055155
v -9.323595 1.157311 -9.944532
v -9.067448 1.090000 -9.375542
v -9.067448 1.090000 -9.510542
v -8.932447 1.090000 -9.375542
v -8.932447 1.090000 -9.510542
v -9.067448 1.157499 -9.510542
v -8.932447 1.157499 -9.510542
v -9.067448 1.167499 -9.375542
v -9.067447 1.200000 -9.443043
v -8.932446 1.200000 -9.443043
v -8.932447 1.167499 -9.375542
v -9.055178 1.207688 -9.676254
v -8.944553 1.207688 -9.676256
v -9.055178 1.157312 -9.676254
v -8.944553 1.157312 -9.676256
v -8.412806 1.097408 -9.274338
v -8.365804 1.116657 -9.299999
v -8.412806 1.097408 -9.325661
v -8.187224 1.097408 -9.274338
v -8.234226 1.116657 -9.299999
v -8.187224 1.097408 -9.325661
v -8.412806 1.097408 -9.354338
v -8.365804 1.116657 -9.379999
v -8.412806 1.097408 -9.405661
v -8.187224 1.097408 -9.354338
v -8.234226 1.116657 -9.379999
v -8.187224 1.097408 -9.405661
v -8.412806 1.097408 -9.194338
v -8.365804 1.116657 -9.219999
v -8.412806 1.097408 -9.245661
v -8.187224 1.097408 -9.194338
v -8.234226 1.116657 -9.219999
v -8.187224 1.097408 -9.245661
v -9.812805 1.097408 -9.274338
v -9.765803 1.116657 -9.299999
v -9.812805 1.097408 -9.325661
v -9.587225 1.097408 -9.274338
v -9.634226 1.116657 -9.299999
v -9.587225 1.097408 -9.325661
v -9.812805 1.097408 -9.354338
v -9.765803 1.116657 -9.379999
v -9.812805 1.097408 -9.405661
v -9.587225 1.097408 -9.354338
v -9.634226 1.116657 -9.379999
v -9.587225 1.097408 -9.405661
v -9.812805 1.097408 -9.194338
v -9.765803 1.116657 -9.219999
v -9.812805 1.097408 -9.245661
v -9.587225 1.097408 -9.194338
v -9.634226 1.116657 -9.219999
v -9.587225 1.097408 -9.245661
v 12.200002 0.000000 -2.998237
v 12.200002 0.800000 -2.998237
v 14.000001 -0.000000 -2.998237
v 14.000001 0.800000 -2.998237
v 12.200002 0.000000 -0.998237
v 12.200002 0.800000 -0.998237
v 14.000001 -0.000000 -0.998237
v 14.000001 0.800000 -0.998237
v 12.050002 1.000000 -2.998237
v 14.000001 1.000000 -2.998237
v 14.000001 1.000000 -0.998237
v 12.050002 1.000000 -0.998237
v 12.000001 0.950000 -0.998237
v 12.000001 0.950000 -2.998237
v 12.000001 0.850000 -0.998237
v 12.050000 0.800000 -0.998237
v 12.050002 0.800000 -2.998237
v 12.000001 0.850000 -2.998237
v 12.090001 0.100000 -2.858237
v 12.050000 0.140000 -2.858237
v 12.090001 0.140000 -2.898237
v 12.050000 0.360000 -2.858237
v 12.090001 0.400000 -2.858237
v 12.090001 0.360000 -2.898237
v 12.250001 0.100000 -2.858237
v 12.250001 0.140000 -2.898237
v 12.250001 0.360000 -2.898237
v 12.250001 0.400000 -2.858237
v 12.090001 0.100000 -1.138237
v 12.090001 0.140000 -1.098237
v 12.050000 0.140000 -1.138237
v 12.090001 0.400000 -1.138237
v 12.050000 0.360000 -1.138237
v 12.090001 0.360000 -1.098237
v 12.250001 0.140000 -1.098237
v 12.250001 0.100000 -1.138237
v 12.250001 0.400000 -1.138237
v 12.250001 0.360000 -1.098237
v 12.050000 0.440000 -2.858237
v 12.090001 0.440000 -2.898237
v 12.050002 0.660000 -2.858237
v 12.090001 0.700000 -2.858237
v 12.090001 0.660000 -2.898237
v 12.250001 0.440000 -2.898237
v 12.250001 0.660000 -2.898237
v 12.250001 0.700000 -2.858237
v 12.090001 0.440000 -1.098237
v 12.050000 0.440000 -1.138237
v 12.090001 0.700000 -1.138237
v 12.050002 0.660000 -1.138237
v 12.090001 0.660000 -1.098237
v 12.250001 0.440000 -1.098237
v 12.250001 0.700000 -1.138237
v 12.250001 0.660000 -1.098237
v 11.958098 0.550000 -1.998237
v 12.013206 0.603978 -2.052214
v 12.013206 0.550001 -2.074572
v 12.013206 0.496024 -2.052214
v 12.013206 0.473666 -1.998237
v 12.013206 0.496024 -1.944260
v 12.013206 0.550001 -1.921902
v 12.013206 0.603978 -1.944260
v 12.013206 0.626336 -1.998237
v 11.975915 0.591759 -2.039996
v 12.050496 0.591759 -2.039996
v 11.975915 0.550000 -2.057293
v 12.050496 0.550000 -2.057293
v 11.975915 0.508241 -2.039996
v 12.050496 0.508241 -2.039996
v 11.975915 0.490944 -1.998237
v 12.050496 0.490944 -1.998237
v 11.975915 0.508241 -1.956479
v 12.050496 0.508241 -1.956479
v 11.975915 0.550000 -1.939182
v 12.050496 0.550000 -1.939182
v 11.975915 0.591759 -1.956479
v 12.050496 0.591759 -1.956479
v 11.975915 0.609056 -1.998237
v 12.050496 0.609056 -1.998237
v 11.958098 0.250000 -1.998237
v 12.013206 0.303978 -2.052214
v 12.013206 0.250001 -2.074572
v 12.013206 0.196024 -2.052214
v 12.013206 0.173666 -1.998237
v 12.013206 0.196024 -1.944260
v 12.013206 0.250001 -1.921902
v 12.013206 0.303978 -1.944260
v 12.013206 0.326336 -1.998237
v 11.975915 0.291759 -2.039996
v 12.050496 0.291758 -2.039996
v 11.975915 0.250000 -2.057293
v 12.050496 0.250000 -2.057293
v 11.975915 0.208241 -2.039996
v 12.050496 0.208241 -2.039996
v 11.975915 0.190944 -1.998237
v 12.050496 0.190944 -1.998237
v 11.975915 0.208241 -1.956479
v 12.050496 0.208241 -1.956479
v 11.975915 0.250000 -1.939182
v 12.050496 0.250000 -1.939182
v 11.975915 0.291759 -1.956479
v 12.050496 0.291758 -1.956479
v 11.975915 0.309056 -1.998237
v 12.050496 0.309056 -1.998237
v -12.199999 0.000000 -0.998245
v -12.199999 0.800000 -0.998245
v -13.999999 -0.000000 -0.998245
v -13.999999 0.800000 -0.998245
v -12.199999 0.000000 -2.998245
v -12.199999 0.800000 -2.998245
v -13.999999 -0.000000 -2.998245
v -13.999999 0.800000 -2.998245
v -12.049999 1.000000 -0.998245
v -13.999999 1.000000 -0.998245
v -13.999999 1.000000 -2.998245
v -12.049999 1.000000 -2.998245
v -11.999999 0.950000 -2.998245
v -11.999999 0.950000 -0.998245
v -11.999999 0.850000 -2.998245
v -12.049999 0.800000 -2.998245
v -12.049999 0.800000 -0.998245
v -11.999999 0.850000 -0.998245
v -12.089999 0.100000 -1.138245
v -12.049999 0.140000 -1.138245
v -12.089999 0.140000 -1.098245
v -12.049999 0.360000 -1.138245
v -12.089999 0.400000 -1.138245
v -12.089999 0.360000 -1.098245
v -12.249999 0.100000 -1.138245
v -12.249999 0.140000 -1.098245
v -12.249999 0.360000 -1.098245
v -12.249999 0.400000 -1.138245
v -12.089999 0.100000 -2.858245
v -12.089999 0.140000 -2.898245
v -12.049999 0.140000 -2.858245
v -12.089999 0.400000 -2.858245
v -12.049999 0.360000 -2.858245
v -12.089999 0.360000 -2.898245
v -12.249999 0.140000 -2.898245
v -12.249999 0.100000 -2.858245
v -12.249999 0.400000 -2.858245
v -12.249999 0.360000 -2.898245
v -12.049999 0.440000 -1.138245
v -12.089999 0.440000 -1.098245
v -12.049999 0.660000 -1.138245
v -12.089999 0.700000 -1.138245
v -12.089999 0.660000 -1.098245
v -12.249999 0.440000 -1.098245
v -12.249999 0.660000 -1.098245
v -12.249999 0.700000 -1.138245
v -12.089999 0.440000 -2.898245
v -12.049999 0.440000 -2.858245
v -12.089999 0.700000 -2.858245
v -12.049999 0.660000 -2.858245
v -12.089999 0.660000 -2.898245
v -12.249999 0.440000 -2.898245
v -12.249999 0.700000 -2.858245
v -12.249999 0.660000 -2.898245
v -11.958096 0.550000 -1.998245
v -12.013204 0.603978 -1.944269
v -12.013204 0.550001 -1.921910
v -12.013204 0.496024 -1.944269
v -12.013204 0.473666 -1.998246
v -12.013204 0.496024 -2.052223
v -12.013204 0.550001 -2.074581
v -12.013204 0.603978 -2.052223
v -12.013204 0.626336 -1.998246
v -11.975913 0.591759 -1.956486
v -12.050493 0.591759 -1.956486
v -11.975913 0.550000 -1.939189
v -12.050493 0.550000 -1.939189
v -11.975913 0.508241 -1.956486
v -12.050493 0.508241 -1.956486
v -11.975913 0.490944 -1.998245
v -12.050493 0.490944 -1.998245
v -11.975913 0.508241 -2.040004
v -12.050493 0.508241 -2.040004
v -11.975913 0.550000 -2.057301
v -12.050493 0.550000 -2.057301
v -11.975913 0.591759 -2.040004
v -12.050493 0.591759 -2.040004
v -11.975913 0.609056 -1.998245
v -12.050493 0.609056 -1.998245
v -11.958096 0.250000 -1.998245
v -12.013204 0.303978 -1.944269
v -12.013204 0.250001 -1.921910
v -12.013204 0.196024 -1.944269
v -12.013204 0.173666 -1.998246
v -12.013204 0.196024 -2.052223
v -12.013204 0.250001 -2.074581
v -12.013204 0.303978 -2.052223
v -12.013204 0.326336 -1.998246
v -11.975913 0.291759 -1.956486
v -12.050493 0.291758 -1.956486
v -11.975913 0.250000 -1.939189
v -12.050493 0.250000 -1.939189
v -11.975913 0.208241 -1.956486
v -12.050493 0.208241 -1.956486
v -11.975913 0.190944 -1.998245
v -12.050493 0.190944 -1.998245
v -11.975913 0.208241 -2.040004
v -12.050493 0.208241 -2.040004
v -11.975913 0.250000 -2.057301
v -12.050493 0.250000 -2.057301
v -11.975913 0.291759 -2.040004
v -12.050493 0.291758 -2.040004
v -11.975913 0.309056 -1.998245
v -12.050493 0.309056 -1.998245
v -0.000000 0.000000 -9.198244
v -0.000000 0.800000 -9.198244
v -0.000000 -0.000000 -10.998245
v -0.000000 0.800000 -10.998245
v 2.000000 0.000000 -9.198244
v 2.000000 0.800000 -9.198244
v 2.000000 -0.000000 -10.998245
v 2.000000 0.800000 -10.998245
v -0.000000 1.000000 -9.048244
v -0.000000 1.000000 -10.998245
v 2.000000 1.000000 -10.998245
v 2.000000 1.000000 -9.048244
v 2.000000 0.950000 -8.998245
v -0.000000 0.950000 -8.998245
v 2.000000 0.850000 -8.998245
v 2.000000 0.800000 -9.048244
v -0.000000 0.800000 -9.048244
v -0.000000 0.850000 -8.998245
v 0.140000 0.100000 -9.088245
v 0.140000 0.140000 -9.048244
v 0.100000 0.140000 -9.088245
v 0.140000 0.360000 -9.048244
v 0.140000 0.400000 -9.088245
v 0.100000 0.360000 -9.088245
v 0.140000 0.100000 -9.248245
v 0.100000 0.140000 -9.248245
v 0.100000 0.360000 -9.248245
v 0.140000 0.400000 -9.248245
v 1.860001 0.100000 -9.088245
v 1.900000 0.140000 -9.088245
v 1.860001 0.140000 -9.048244
v 1.860000 0.400000 -9.088245
v 1.860001 0.360000 -9.048244
v 1.900000 0.360000 -9.088245
v 1.900000 0.140000 -9.248245
v 1.860001 0.100000 -9.248245
v 1.860000 0.400000 -9.248245
v 1.900000 0.360000 -9.248245
v 0.140000 0.440000 -9.048244
v 0.100000 0.440000 -9.088245
v 0.140000 0.660000 -9.048244
v 0.140000 0.700000 -9.088245
v 0.100000 0.660000 -9.088245
v 0.100000 0.440000 -9.248245
v 0.100000 0.660000 -9.248245
v 0.140000 0.700000 -9.248245
v 1.899999 0.440000 -9.088245
v 1.860000 0.440000 -9.048244
v 1.860000 0.700000 -9.088245
v 1.860000 0.660000 -9.048244
v 1.899999 0.660000 -9.088245
v 1.899999 0.440000 -9.248245
v 1.860000 0.700000 -9.248245
v 1.899999 0.660000 -9.248245
v 1.000000 0.550000 -8.956343
v 0.946023 0.603978 -9.011450
v 0.923665 0.550001 -9.011450
v 0.946023 0.496024 -9.011450
v 1.000000 0.473666 -9.011450
v 1.053978 0.496024 -9.011450
v 1.076336 0.550001 -9.011450
v 1.053978 0.603978 -9.011450
v 1.000000 0.626336 -9.011450
v 0.958241 0.591759 -8.974159
v 0.958241 0.591759 -9.048738
v 0.940944 0.550000 -8.974159
v 0.940944 0.550000 -9.048738
v 0.958241 0.508241 -8.974159
v 0.958241 0.508241 -9.048738
v 1.000000 0.490944 -8.974159
v 1.000000 0.490944 -9.048738
v 1.041758 0.508241 -8.974159
v 1.041758 0.508241 -9.048738
v 1.059055 0.550000 -8.974159
v 1.059055 0.550000 -9.048738
v 1.041758 0.591759 -8.974159
v 1.041758 0.591758 -9.048738
v 1.000000 0.609056 -8.974159
v 1.000000 0.609056 -9.048738
v 1.000000 0.250000 -8.956341
v 0.946023 0.303978 -9.011450
v 0.923665 0.250001 -9.011450
v 0.946023 0.196024 -9.011450
v 1.000000 0.173666 -9.011450
v 1.053977 0.196024 -9.011450
v 1.076336 0.250001 -9.011450
v 1.053977 0.303978 -9.011450
v 1.000000 0.326336 -9.011450
v 0.958241 0.291759 -8.974159
v 0.958241 0.291759 -9.048738
v 0.940944 0.250000 -8.974159
v 0.940944 0.250000 -9.048738
v 0.958241 0.208241 -8.974159
v 0.958241 0.208241 -9.048738
v 1.000000 0.190944 -8.974159
v 1.000000 0.190944 -9.048738
v 1.041759 0.208241 -8.974159
v 1.041759 0.208241 -9.048738
v 1.059055 0.250000 -8.974159
v 1.059055 0.250000 -9.048738
v 1.041759 0.291759 -8.974159
v 1.041759 0.291759 -9.048738
v 1.000000 0.309056 -8.974159
v 1.000000 0.309056 -9.048738
v -2.000000 0.000000 -9.198244
v -2.000000 0.800000 -9.198244
v -2.000000 -0.000000 -10.998245
v -2.000000 0.800000 -10.998245
v -0.000000 0.000000 -9.198244
v -0.000000 0.800000 -9.198244
v -0.000000 -0.000000 -10.998245
v -0.000000 0.800000 -10.998245
v -2.000000 1.000000 -9.048244
v -2.000000 1.000000 -10.998245
v -0.000000 1.000000 -10.998245
v -0.000000 1.000000 -9.048244
v -0.000000 0.950000 -8.998245
v -2.000000 0.950000 -8.998245
v -0.000000 0.850000 -8.998245
v -0.000000 0.800000 -9.048244
v -2.000000 0.800000 -9.048244
v -2.000000 0.850000 -8.998245
v -1.860000 0.100000 -9.088245
v -1.860000 0.140000 -9.048244
v -1.900000 0.140000 -9.088245
v -1.860000 0.360000 -9.048244
v -1.860000 0.400000 -9.088245
v -1.900000 0.360000 -9.088245
v -1.860000 0.100000 -9.248245
v -1.900000 0.140000 -9.248245
v -1.900000 0.360000 -9.248245
v -1.860000 0.400000 -9.248245
v -0.140000 0.100000 -9.088245
v -0.100000 0.140000 -9.088245
v -0.140000 0.140000 -9.048244
v -0.140000 0.400000 -9.088245
v -0.140000 0.360000 -9.048244
v -0.100000 0.360000 -9.088245
v -0.100000 0.140000 -9.248245
v -0.140000 0.100000 -9.248245
v -0.140000 0.400000 -9.248245
v -0.100000 0.360000 -9.248245
v -1.860000 0.440000 -9.048244
v -1.900000 0.440000 -9.088245
v -1.860000 0.660000 -9.048244
v -1.860000 0.700000 -9.088245
v -1.900000 0.660000 -9.088245
v -1.900000 0.440000 -9.248245
v -1.900000 0.660000 -9.248245
v -1.860000 0.700000 -9.248245
v -0.100000 0.440000 -9.088245
v -0.140000 0.440000 -9.048244
v -0.140000 0.700000 -9.088245
v -0.140000 0.660000 -9.048244
v -0.100000 0.660000 -9.088245
v -0.100000 0.440000 -9.248245
v -0.140000 0.700000 -9.248245
v -0.100000 0.660000 -9.248245
v -1.000000 0.550000 -8.956343
v -1.053977 0.603978 -9.011450
v -1.076335 0.550001 -9.011450
v -1.053977 0.496024 -9.011450
v -1.000000 0.473666 -9.011450
v -0.946022 0.496024 -9.011450
v -0.923664 0.550001 -9.011450
v -0.946022 0.603978 -9.011450
v -1.000000 0.626336 -9.011450
v -1.041759 0.591759 -8.974159
v -1.041759 0.591759 -9.048738
v -1.059056 0.550000 -8.974159
v -1.059056 0.550000 -9.048738
v -1.041759 0.508241 -8.974159
v -1.041759 0.508241 -9.048738
v -1.000000 0.490944 -8.974159
v -1.000000 0.490944 -9.048738
v -0.958242 0.508241 -8.974159
v -0.958242 0.508241 -9.048738
v -0.940945 0.550000 -8.974159
v -0.940945 0.550000 -9.048738
v -0.958242 0.591759 -8.974159
v -0.958242 0.591758 -9.048738
v -1.000000 0.609056 -8.974159
v -1.000000 0.609056 -9.048738
v -1.000000 0.250000 -8.956341
v -1.053977 0.303978 -9.011450
v -1.076335 0.250001 -9.011450
v -1.053977 0.196024 -9.011450
v -1.000000 0.173666 -9.011450
v -0.946023 0.196024 -9.011450
v -0.923664 0.250001 -9.011450
v -0.946023 0.303978 -9.011450
v -1.000000 0.326336 -9.011450
v -1.041759 0.291759 -8.974159
v -1.041759 0.291758 -9.048738
v -1.059056 0.250000 -8.974159
v -1.059056 0.250000 -9.048738
v -1.041759 0.208241 -8.974159
v -1.041759 0.208241 -9.048738
v -1.000000 0.190944 -8.974159
v -1.000000 0.190944 -9.048738
v -0.958242 0.208241 -8.974159
v -0.958242 0.208241 -9.048738
v -0.940945 0.250000 -8.974159
v -0.940945 0.250000 -9.048738
v -0.958242 0.291759 -8.974159
v -0.958242 0.291759 -9.048738
v -1.000000 0.309056 -8.974159
v -1.000000 0.309056 -9.048738
v -11.999999 0.000000 -9.198245
v -11.999999 0.800000 -9.198245
v -12.000000 -0.000000 -10.998244
v -12.000000 0.800000 -10.998244
v -9.999999 0.000000 -9.198246
v -9.999999 0.800000 -9.198246
v -10.000000 -0.000000 -10.998245
v -10.000000 0.800000 -10.998245
v -11.999999 1.000000 -9.048245
v -12.000000 1.000000 -10.998244
v -10.000000 1.000000 -10.998245
v -9.999999 1.000000 -9.048246
v -9.999999 0.950000 -8.998245
v -11.999999 0.950000 -8.998244
v -9.999999 0.850000 -8.998245
v -9.999999 0.800000 -9.048246
v -11.999999 0.800000 -9.048245
v -11.999999 0.850000 -8.998244
v -11.859999 0.100000 -9.088244
v -11.859999 0.140000 -9.048245
v -11.900000 0.140000 -9.088244
v -11.859999 0.360000 -9.048245
v -11.859999 0.400000 -9.088244
v -11.900000 0.360000 -9.088244
v -11.859999 0.100000 -9.248244
v -11.900000 0.140000 -9.248244
v -11.900000 0.360000 -9.248244
v -11.859999 0.400000 -9.248244
v -10.139999 0.100000 -9.088245
v -10.099998 0.140000 -9.088245
v -10.139999 0.140000 -9.048246
v -10.139999 0.400000 -9.088245
v -10.139999 0.360000 -9.048246
v -10.099998 0.360000 -9.088245
v -10.099998 0.140000 -9.248245
v -10.139999 0.100000 -9.248245
v -10.139999 0.400000 -9.248245
v -10.099998 0.360000 -9.248245
v -11.859999 0.440000 -9.048245
v -11.900000 0.440000 -9.088244
v -11.859999 0.660000 -9.048245
v -11.859999 0.700000 -9.088244
v -11.899999 0.660000 -9.088244
v -11.900000 0.440000 -9.248244
v -11.899999 0.660000 -9.248244
v -11.859999 0.700000 -9.248244
v -10.099998 0.440000 -9.088245
v -10.139999 0.440000 -9.048246
v -10.139999 0.700000 -9.088245
v -10.139999 0.660000 -9.048246
v -10.099998 0.660000 -9.088245
v -10.099998 0.440000 -9.248245
v -10.139999 0.700000 -9.248245
v -10.099998 0.660000 -9.248245
v -10.999999 0.550000 -8.956342
v -11.053976 0.603978 -9.011449
v -11.076334 0.550001 -9.011449
v -11.053976 0.496024 -9.011449
v -10.999998 0.473666 -9.011449
v -10.946022 0.496024 -9.011449
v -10.923663 0.550001 -9.011449
v -10.946022 0.603978 -9.011449
v -10.999998 0.626336 -9.011449
v -11.041758 0.591759 -8.974158
v -11.041758 0.591759 -9.048739
v -11.059055 0.550000 -8.974158
v -11.059055 0.550000 -9.048739
v -11.041758 0.508241 -8.974158
v -11.041758 0.508241 -9.048739
v -10.999999 0.490944 -8.974158
v -10.999999 0.490944 -9.048739
v -10.958241 0.508241 -8.974158
v -10.958241 0.508241 -9.048739
v -10.940944 0.550000 -8.974158
v -10.940944 0.550000 -9.048739
v -10.958241 0.591759 -8.974158
v -10.958241 0.591758 -9.048739
v -10.999999 0.609056 -8.974158
v -10.999999 0.609056 -9.048739
v -10.999999 0.250000 -8.956342
v -11.053976 0.303978 -9.011449
v -11.076334 0.250001 -9.011449
v -11.053976 0.196024 -9.011449
v -10.999999 0.173666 -9.011449
v -10.946022 0.196024 -9.011449
v -10.923664 0.250001 -9.011449
v -10.946022 0.303978 -9.011449
v -10.999998 0.326336 -9.011449
v -11.041758 0.291759 -8.974158
v -11.041758 0.291759 -9.048739
v -11.059055 0.250000 -8.974158
v -11.059055 0.250000 -9.048739
v -11.041758 0.208241 -8.974158
v -11.041758 0.208241 -9.048739
v -10.999999 0.190944 -8.974158
v -10.999999 0.190944 -9.048739
v -10.958241 0.208241 -8.974158
v -10.958241 0.208241 -9.048739
v -10.940944 0.250000 -8.974158
v -10.940944 0.250000 -9.048739
v -10.958241 0.291759 -8.974158
v -10.958241 0.291759 -9.048739
v -10.999999 0.309056 -8.974158
v -10.999999 0.309056 -9.048739
v 10.000001 0.000000 -9.198244
v 10.000001 0.800000 -9.198244
v 10.000000 -0.000000 -10.998243
v 10.000000 0.800000 -10.998243
v 12.000001 0.000000 -9.198245
v 12.000001 0.800000 -9.198245
v 12.000000 -0.000000 -10.998244
v 12.000000 0.800000 -10.998244
v 10.000001 1.000000 -9.048244
v 10.000000 1.000000 -10.998243
v 12.000000 1.000000 -10.998244
v 12.000001 1.000000 -9.048245
v 12.000001 0.950000 -8.998244
v 10.000001 0.950000 -8.998243
v 12.000001 0.850000 -8.998244
v 12.000001 0.800000 -9.048245
v 10.000001 0.800000 -9.048244
v 10.000001 0.850000 -8.998243
v 10.140000 0.100000 -9.088243
v 10.140000 0.140000 -9.048244
v 10.100001 0.140000 -9.088243
v 10.140000 0.360000 -9.048244
v 10.140000 0.400000 -9.088243
v 10.100001 0.360000 -9.088243
v 10.140000 0.100000 -9.248243
v 10.100001 0.140000 -9.248243
v 10.100001 0.360000 -9.248243
v 10.140000 0.400000 -9.248243
v 11.860002 0.100000 -9.088244
v 11.900001 0.140000 -9.088244
v 11.860002 0.140000 -9.048245
v 11.860002 0.400000 -9.088244
v 11.860002 0.360000 -9.048245
v 11.900001 0.360000 -9.088244
v 11.900001 0.140000 -9.248244
v 11.860002 0.100000 -9.248244
v 11.860002 0.400000 -9.248244
v 11.900001 0.360000 -9.248244
v 10.140000 0.440000 -9.048244
v 10.100001 0.440000 -9.088243
v 10.140000 0.660000 -9.048244
v 10.140000 0.700000 -9.088243
v 10.100001 0.660000 -9.088243
v 10.100001 0.440000 -9.248243
v 10.100001 0.660000 -9.248243
v 10.140000 0.700000 -9.248243
v 11.900001 0.440000 -9.088244
v 11.860002 0.440000 -9.048245
v 11.860002 0.700000 -9.088244
v 11.860002 0.660000 -9.048245
v 11.900001 0.660000 -9.088244
v 11.900001 0.440000 -9.248244
v 11.860002 0.700000 -9.248244
v 11.900001 0.660000 -9.248244
v 11.000001 0.550000 -8.956342
v 10.946025 0.603978 -9.011449
v 10.923667 0.550001 -9.011449
v 10.946025 0.496024 -9.011449
v 11.000001 0.473666 -9.011449
v 11.053979 0.496024 -9.011449
v 11.076337 0.550001 -9.011449
v 11.053979 0.603978 -9.011449
v 11.000001 0.626336 -9.011449
v 10.958241 0.591759 -8.974158
v 10.958241 0.591759 -9.048739
v 10.940946 0.550000 -8.974158
v 10.940946 0.550000 -9.048739
v 10.958241 0.508241 -8.974158
v 10.958241 0.508241 -9.048739
v 11.000001 0.490944 -8.974158
v 11.000001 0.490944 -9.048739
v 11.041759 0.508241 -8.974158
v 11.041759 0.508241 -9.048739
v 11.059056 0.550000 -8.974158
v 11.059056 0.550000 -9.048739
v 11.041759 0.591759 -8.974158
v 11.041759 0.591758 -9.048739
v 11.000001 0.609056 -8.974158
v 11.000001 0.609056 -9.048739
v 11.000001 0.250000 -8.956342
v 10.946025 0.303978 -9.011449
v 10.923667 0.250001 -9.011449
v 10.946025 0.196024 -9.011449
v 11.000001 0.173666 -9.011449
v 11.053979 0.196024 -9.011449
v 11.076337 0.250001 -9.011449
v 11.053979 0.303978 -9.011449
v 11.000001 0.326336 -9.011449
v 10.958241 0.291759 -8.974158
v 10.958241 0.291759 -9.048739
v 10.940946 0.250000 -8.974158
v 10.940946 0.250000 -9.048739
v 10.958241 0.208241 -8.974158
v 10.958241 0.208241 -9.048739
v 11.000001 0.190944 -8.974158
v 11.000001 0.190944 -9.048739
v 11.041759 0.208241 -8.974158
v 11.041759 0.208241 -9.048739
v 11.059056 0.250000 -8.974158
v 11.059056 0.250000 -9.048739
v 11.041759 0.291759 -8.974158
v 11.041759 0.291759 -9.048739
v 11.000001 0.309056 -8.974158
v 11.000001 0.309056 -9.048739
v 12.200002 0.000000 -6.998238
v 12.200002 0.800000 -6.998238
v 14.000001 -0.000000 -6.998238
v 14.000001 0.800000 -6.998238
v 12.200002 0.000000 -4.998238
v 12.200002 0.800000 -4.998238
v 14.000001 -0.000000 -4.998238
v 14.000001 0.800000 -4.998238
v 12.050002 1.000000 -6.998238
v 14.000001 1.000000 -6.998238
v 14.000001 1.000000 -4.998238
v 12.050002 1.000000 -4.998238
v 12.000001 0.950000 -4.998238
v 12.000001 0.950000 -6.998238
v 12.000001 0.850000 -4.998238
v 12.050000 0.800000 -4.998238
v 12.050002 0.800000 -6.998238
v 12.000001 0.850000 -6.998238
v 12.090001 0.100000 -6.858237
v 12.050000 0.140000 -6.858237
v 12.090001 0.140000 -6.898237
v 12.050000 0.360000 -6.858237
v 12.090001 0.400000 -6.858237
v 12.090001 0.360000 -6.898237
v 12.250001 0.100000 -6.858237
v 12.250001 0.140000 -6.898237
v 12.250001 0.360000 -6.898237
v 12.250001 0.400000 -6.858237
v 12.090001 0.100000 -5.138238
v 12.090001 0.140000 -5.098237
v 12.050000 0.140000 -5.138238
v 12.090001 0.400000 -5.138238
v 12.050000 0.360000 -5.138238
v 12.090001 0.360000 -5.098237
v 12.250001 0.140000 -5.098237
v 12.250001 0.100000 -5.138238
v 12.250001 0.400000 -5.138238
v 12.250001 0.360000 -5.098237
v 12.050000 0.440000 -6.858237
v 12.090001 0.440000 -6.898237
v 12.050002 0.660000 -6.858237
v 12.090001 0.700000 -6.858237
v 12.090001 0.660000 -6.898237
v 12.250001 0.440000 -6.898237
v 12.250001 0.660000 -6.898237
v 12.250001 0.700000 -6.858237
v 12.090001 0.440000 -5.098237
v 12.050000 0.440000 -5.138238
v 12.090001 0.700000 -5.138238
v 12.050002 0.660000 -5.138238
v 12.090001 0.660000 -5.098237
v 12.250001 0.440000 -5.098237
v 12.250001 0.700000 -5.138238
v 12.250001 0.660000 -5.098237
v 11.958098 0.550000 -5.998238
v 12.013206 0.603978 -6.052215
v 12.013206 0.550001 -6.074573
v 12.013206 0.496024 -6.052215
v 12.013206 0.473666 -5.998238
v 12.013206 0.496024 -5.944261
v 12.013206 0.550001 -5.921902
v 12.013206 0.603978 -5.944261
v 12.013206 0.626336 -5.998238
v 11.975915 0.591759 -6.039996
v 12.050496 0.591759 -6.039996
v 11.975915 0.550000 -6.057294
v 12.050496 0.550000 -6.057294
v 11.975915 0.508241 -6.039996
v 12.050496 0.508241 -6.039996
v 11.975915 0.490944 -5.998238
v 12.050496 0.490944 -5.998238
v 11.975915 0.508241 -5.956479
v 12.050496 0.508241 -5.956479
v 11.975915 0.550000 -5.939182
v 12.050496 0.550000 -5.939182
v 11.975915 0.591759 -5.956479
v 12.050496 0.591759 -5.956479
v 11.975915 0.609056 -5.998238
v 12.050496 0.609056 -5.998238
v 11.958098 0.250000 -5.998238
v 12.013206 0.303978 -6.052215
v 12.013206 0.250001 -6.074573
v 12.013206 0.196024 -6.052215
v 12.013206 0.173666 -5.998238
v 12.013206 0.196024 -5.944261
v 12.013206 0.250001 -5.921902
v 12.013206 0.303978 -5.944261
v 12.013206 0.326336 -5.998238
v 11.975915 0.291759 -6.039996
v 12.050496 0.291758 -6.039996
v 11.975915 0.250000 -6.057294
v 12.050496 0.250000 -6.057294
v 11.975915 0.208241 -6.039996
v 12.050496 0.208241 -6.039996
v 11.975915 0.190944 -5.998238
v 12.050496 0.190944 -5.998238
v 11.975915 0.208241 -5.956479
v 12.050496 0.208241 -5.956479
v 11.975915 0.250000 -5.939182
v 12.050496 0.250000 -5.939182
v 11.975915 0.291759 -5.956479
v 12.050496 0.291758 -5.956479
v 11.975915 0.309056 -5.998238
v 12.050496 0.309056 -5.998238
v 12.200002 0.000000 -8.998239
v 12.200002 0.800000 -8.998239
v 14.000001 -0.000000 -8.998239
v 14.000001 0.800000 -8.998239
v 12.200002 0.000000 -6.998238
v 12.200002 0.800000 -6.998238
v 14.000001 -0.000000 -6.998238
v 14.000001 0.800000 -6.998238
v 12.050002 1.000000 -8.998239
v 14.000001 1.000000 -8.998239
v 14.000001 1.000000 -6.998238
v 12.050002 1.000000 -6.998238
v 12.000001 0.950000 -6.998238
v 12.000001 0.950000 -8.998239
v 12.000001 0.850000 -6.998238
v 12.050000 0.800000 -6.998238
v 12.050002 0.800000 -8.998239
v 12.000001 0.850000 -8.998239
v 12.090001 0.100000 -8.858237
v 12.050000 0.140000 -8.858237
v 12.090001 0.140000 -8.898238
v 12.050000 0.360000 -8.858237
v 12.090001 0.400000 -8.858237
v 12.090001 0.360000 -8.898238
v 12.250001 0.100000 -8.858237
v 12.250001 0.140000 -8.898238
v 12.250001 0.360000 -8.898238
v 12.250001 0.400000 -8.858237
v 12.090001 0.100000 -7.138238
v 12.090001 0.140000 -7.098237
v 12.050000 0.140000 -7.138238
v 12.090001 0.400000 -7.138238
v 12.050000 0.360000 -7.138238
v 12.090001 0.360000 -7.098237
v 12.250001 0.140000 -7.098237
v 12.250001 0.100000 -7.138238
v 12.250001 0.400000 -7.138238
v 12.250001 0.360000 -7.098237
v 12.050000 0.440000 -8.858237
v 12.090001 0.440000 -8.898238
v 12.050002 0.660000 -8.858237
v 12.090001 0.700000 -8.858237
v 12.090001 0.660000 -8.898238
v 12.250001 0.440000 -8.898238
v 12.250001 0.660000 -8.898238
v 12.250001 0.700000 -8.858237
v 12.090001 0.440000 -7.098237
v 12.050000 0.440000 -7.138238
v 12.090001 0.700000 -7.138238
v 12.050002 0.660000 -7.138238
v 12.090001 0.660000 -7.098237
v 12.250001 0.440000 -7.098237
v 12.250001 0.700000 -7.138238
v 12.250001 0.660000 -7.098237
v 11.958098 0.550000 -7.998238
v 12.013206 0.603978 -8.052215
v 12.013206 0.550001 -8.074573
v 12.013206 0.496024 -8.052215
v 12.013206 0.473666 -7.998238
v 12.013206 0.496024 -7.944261
v 12.013206 0.550001 -7.921902
v 12.013206 0.603978 -7.944261
v 12.013206 0.626336 -7.998238
v 11.975915 0.591759 -8.039996
v 12.050496 0.591759 -8.039996
v 11.975915 0.550000 -8.057294
v 12.050496 0.550000 -8.057294
v 11.975915 0.508241 -8.039996
v 12.050496 0.508241 -8.039996
v 11.975915 0.490944 -7.998238
v 12.050496 0.490944 -7.998238
v 11.975915 0.508241 -7.956479
v 12.050496 0.508241 -7.956479
v 11.975915 0.550000 -7.939182
v 12.050496 0.550000 -7.939182
v 11.975915 0.591759 -7.956479
v 12.050496 0.591759 -7.956479
v 11.975915 0.609056 -7.998238
v 12.050496 0.609056 -7.998238
v 11.958098 0.250000 -7.998238
v 12.013206 0.303978 -8.052215
v 12.013206 0.250001 -8.074573
v 12.013206 0.196024 -8.052215
v 12.013206 0.173666 -7.998238
v 12.013206 0.196024 -7.944261
v 12.013206 0.250001 -7.921902
v 12.013206 0.303978 -7.944261
v 12.013206 0.326336 -7.998238
v 11.975915 0.291759 -8.039996
v 12.050496 0.291758 -8.039996
v 11.975915 0.250000 -8.057294
v 12.050496 0.250000 -8.057294
v 11.975915 0.208241 -8.039996
v 12.050496 0.208241 -8.039996
v 11.975915 0.190944 -7.998238
v 12.050496 0.190944 -7.998238
v 11.975915 0.208241 -7.956479
v 12.050496 0.208241 -7.956479
v 11.975915 0.250000 -7.939182
v 12.050496 0.250000 -7.939182
v 11.975915 0.291759 -7.956479
v 12.050496 0.291758 -7.956479
v 11.975915 0.309056 -7.998238
v 12.050496 0.309056 -7.998238
v 12.200002 0.000000 3.001762
v 12.200002 0.800000 3.001762
v 14.000001 -0.000000 3.001763
v 14.000001 0.800000 3.001763
v 12.200002 0.000000 5.001762
v 12.200002 0.800000 5.001762
v 14.000001 -0.000000 5.001762
v 14.000001 0.800000 5.001762
v 12.050002 1.000000 3.001762
v 14.000001 1.000000 3.001763
v 14.000001 1.000000 5.001762
v 12.050002 1.000000 5.001762
v 12.000001 0.950000 5.001762
v 12.000001 0.950000 3.001762
v 12.000001 0.850000 5.001762
v 12.050000 0.800000 5.001762
v 12.050002 0.800000 3.001762
v 12.000001 0.850000 3.001762
v 12.090001 0.100000 3.141763
v 12.050000 0.140000 3.141763
v 12.090001 0.140000 3.101763
v 12.050000 0.360000 3.141763
v 12.090001 0.400000 3.141763
v 12.090001 0.360000 3.101763
v 12.250001 0.100000 3.141763
v 12.250001 0.140000 3.101763
v 12.250001 0.360000 3.101763
v 12.250001 0.400000 3.141763
v 12.090001 0.100000 4.861763
v 12.090001 0.140000 4.901763
v 12.050000 0.140000 4.861763
v 12.090001 0.400000 4.861763
v 12.050000 0.360000 4.861763
v 12.090001 0.360000 4.901763
v 12.250001 0.140000 4.901763
v 12.250001 0.100000 4.861763
v 12.250001 0.400000 4.861763
v 12.250001 0.360000 4.901763
v 12.050000 0.440000 3.141763
v 12.090001 0.440000 3.101763
v 12.050002 0.660000 3.141763
v 12.090001 0.700000 3.141763
v 12.090001 0.660000 3.101763
v 12.250001 0.440000 3.101763
v 12.250001 0.660000 3.101763
v 12.250001 0.700000 3.141763
v 12.090001 0.440000 4.901763
v 12.050000 0.440000 4.861763
v 12.090001 0.700000 4.861763
v 12.050002 0.660000 4.861763
v 12.090001 0.660000 4.901763
v 12.250001 0.440000 4.901763
v 12.250001 0.700000 4.861763
v 12.250001 0.660000 4.901763
v 11.958098 0.550000 4.001762
v 12.013206 0.603978 3.947786
v 12.013206 0.550001 3.925428
v 12.013206 0.496024 3.947786
v 12.013206 0.473666 4.001763
v 12.013206 0.496024 4.055740
v 12.013206 0.550001 4.078098
v 12.013206 0.603978 4.055740
v 12.013206 0.626336 4.001763
v 11.975915 0.591759 3.960004
v 12.050496 0.591759 3.960004
v 11.975915 0.550000 3.942707
v 12.050496 0.550000 3.942707
v 11.975915 0.508241 3.960004
v 12.050496 0.508241 3.960004
v 11.975915 0.490944 4.001762
v 12.050496 0.490944 4.001762
v 11.975915 0.508241 4.043521
v 12.050496 0.508241 4.043521
v 11.975915 0.550000 4.060818
v 12.050496 0.550000 4.060818
v 11.975915 0.591759 4.043521
v 12.050496 0.591759 4.043521
v 11.975915 0.609056 4.001762
v 12.050496 0.609056 4.001762
v 11.958098 0.250000 4.001762
v 12.013206 0.303978 3.947786
v 12.013206 0.250001 3.925428
v 12.013206 0.196024 3.947786
v 12.013206 0.173666 4.001763
v 12.013206 0.196024 4.055740
v 12.013206 0.250001 4.078098
v 12.013206 0.303978 4.055740
v 12.013206 0.326336 4.001763
v 11.975915 0.291759 3.960004
v 12.050496 0.291758 3.960004
v 11.975915 0.250000 3.942707
v 12.050496 0.250000 3.942707
v 11.975915 0.208241 3.960004
v 12.050496 0.208241 3.960004
v 11.975915 0.190944 4.001762
v 12.050496 0.190944 4.001762
v 11.975915 0.208241 4.043521
v 12.050496 0.208241 4.043521
v 11.975915 0.250000 4.060818
v 12.050496 0.250000 4.060818
v 11.975915 0.291759 4.043521
v 12.050496 0.291758 4.043521
v 11.975915 0.309056 4.001762
v 12.050496 0.309056 4.001762
v 12.200002 0.000000 1.001762
v 12.200002 0.800000 1.001762
v 14.000001 -0.000000 1.001762
v 14.000001 0.800000 1.001762
v 12.200002 0.000000 3.001762
v 12.200002 0.800000 3.001762
v 14.000001 -0.000000 3.001762
v 14.000001 0.800000 3.001762
v 12.050002 1.000000 1.001762
v 14.000001 1.000000 1.001762
v 14.000001 1.000000 3.001762
v 12.050002 1.000000 3.001762
v 12.000001 0.950000 3.001762
v 12.000001 0.950000 1.001762
v 12.000001 0.850000 3.001762
v 12.050000 0.800000 3.001762
v 12.050002 0.800000 1.001762
v 12.000001 0.850000 1.001762
v 12.090001 0.100000 1.141763
v 12.050000 0.140000 1.141763
v 12.090001 0.140000 1.101763
v 12.050000 0.360000 1.141763
v 12.090001 0.400000 1.141763
v 12.090001 0.360000 1.101763
v 12.250001 0.100000 1.141763
v 12.250001 0.140000 1.101763
v 12.250001 0.360000 1.101763
v 12.250001 0.400000 1.141763
v 12.090001 0.100000 2.861763
v 12.090001 0.140000 2.901763
v 12.050000 0.140000 2.861763
v 12.090001 0.400000 2.861763
v 12.050000 0.360000 2.861763
v 12.090001 0.360000 2.901763
v 12.250001 0.140000 2.901763
v 12.250001 0.100000 2.861763
v 12.250001 0.400000 2.861763
v 12.250001 0.360000 2.901763
v 12.050000 0.440000 1.141763
v 12.090001 0.440000 1.101763
v 12.050002 0.660000 1.141763
v 12.090001 0.700000 1.141763
v 12.090001 0.660000 1.101763
v 12.250001 0.440000 1.101763
v 12.250001 0.660000 1.101763
v 12.250001 0.700000 1.141763
v 12.090001 0.440000 2.901763
v 12.050000 0.440000 2.861763
v 12.090001 0.700000 2.861763
v 12.050002 0.660000 2.861763
v 12.090001 0.660000 2.901763
v 12.250001 0.440000 2.901763
v 12.250001 0.700000 2.861763
v 12.250001 0.660000 2.901763
v 11.958098 0.550000 2.001762
v 12.013206 0.603978 1.947786
v 12.013206 0.550001 1.925428
v 12.013206 0.496024 1.947786
v 12.013206 0.473666 2.001763
v 12.013206 0.496024 2.055740
v 12.013206 0.550001 2.078098
v 12.013206 0.603978 2.055740
v 12.013206 0.626336 2.001763
v 11.975915 0.591759 1.960004
v 12.050496 0.591759 1.960004
v 11.975915 0.550000 1.942707
v 12.050496 0.550000 1.942707
v 11.975915 0.508241 1.960004
v 12.050496 0.508241 1.960004
v 11.975915 0.490944 2.001762
v 12.050496 0.490944 2.001762
v 11.975915 0.508241 2.043521
v 12.050496 0.508241 2.043521
v 11.975915 0.550000 2.060818
v 12.050496 0.550000 2.060818
v 11.975915 0.591759 2.043521
v 12.050496 0.591759 2.043521
v 11.975915 0.609056 2.001762
v 12.050496 0.609056 2.001762
v 11.958098 0.250000 2.001762
v 12.013206 0.303978 1.947786
v 12.013206 0.250001 1.925428
v 12.013206 0.196024 1.947786
v 12.013206 0.173666 2.001763
v 12.013206 0.196024 2.055740
v 12.013206 0.250001 2.078098
v 12.013206 0.303978 2.055740
v 12.013206 0.326336 2.001763
v 11.975915 0.291759 1.960004
v 12.050496 0.291758 1.960004
v 11.975915 0.250000 1.942707
v 12.050496 0.250000 1.942707
v 11.975915 0.208241 1.960004
v 12.050496 0.208241 1.960004
v 11.975915 0.190944 2.001762
v 12.050496 0.190944 2.001762
v 11.975915 0.208241 2.043521
v 12.050496 0.208241 2.043521
v 11.975915 0.250000 2.060818
v 12.050496 0.250000 2.060818
v 11.975915 0.291759 2.043521
v 12.050496 0.291758 2.043521
v 11.975915 0.309056 2.001762
v 12.050496 0.309056 2.001762
v 12.200002 0.000000 -0.998237
v 12.200002 0.800000 -0.998237
v 14.000001 -0.000000 -0.998237
v 14.000001 0.800000 -0.998237
v 12.200002 0.000000 1.001762
v 12.200002 0.800000 1.001762
v 14.000001 -0.000000 1.001762
v 14.000001 0.800000 1.001762
v 12.050002 1.000000 -0.998237
v 14.000001 1.000000 -0.998237
v 14.000001 1.000000 1.001762
v 12.050002 1.000000 1.001762
v 12.000001 0.950000 1.001762
v 12.000001 0.950000 -0.998237
v 12.000001 0.850000 1.001762
v 12.050000 0.800000 1.001762
v 12.050002 0.800000 -0.998237
v 12.000001 0.850000 -0.998237
v 12.090001 0.100000 -0.858237
v 12.050000 0.140000 -0.858238
v 12.090001 0.140000 -0.898237
v 12.050000 0.360000 -0.858238
v 12.090001 0.400000 -0.858237
v 12.090001 0.360000 -0.898237
v 12.250001 0.100000 -0.858237
v 12.250001 0.140000 -0.898237
v 12.250001 0.360000 -0.898237
v 12.250001 0.400000 -0.858237
v 12.090001 0.100000 0.861763
v 12.090001 0.140000 0.901763
v 12.050000 0.140000 0.861762
v 12.090001 0.400000 0.861763
v 12.050000 0.360000 0.861762
v 12.090001 0.360000 0.901763
v 12.250001 0.140000 0.901763
v 12.250001 0.100000 0.861763
v 12.250001 0.400000 0.861763
v 12.250001 0.360000 0.901763
v 12.050000 0.440000 -0.858238
v 12.090001 0.440000 -0.898237
v 12.050002 0.660000 -0.858238
v 12.090001 0.700000 -0.858237
v 12.090001 0.660000 -0.898237
v 12.250001 0.440000 -0.898237
v 12.250001 0.660000 -0.898237
v 12.250001 0.700000 -0.858237
v 12.090001 0.440000 0.901763
v 12.050000 0.440000 0.861762
v 12.090001 0.700000 0.861763
v 12.050002 0.660000 0.861762
v 12.090001 0.660000 0.901763
v 12.250001 0.440000 0.901763
v 12.250001 0.700000 0.861763
v 12.250001 0.660000 0.901763
v 11.958098 0.550000 0.001762
v 12.013206 0.603978 -0.052214
v 12.013206 0.550001 -0.074572
v 12.013206 0.496024 -0.052214
v 12.013206 0.473666 0.001763
v 12.013206 0.496024 0.055740
v 12.013206 0.550001 0.078098
v 12.013206 0.603978 0.055740
v 12.013206 0.626336 0.001763
v 11.975915 0.591759 -0.039996
v 12.050496 0.591759 -0.039996
v 11.975915 0.550000 -0.057293
v 12.050496 0.550000 -0.057293
v 11.975915 0.508241 -0.039996
v 12.050496 0.508241 -0.039996
v 11.975915 0.490944 0.001762
v 12.050496 0.490944 0.001762
v 11.975915 0.508241 0.043521
v 12.050496 0.508241 0.043521
v 11.975915 0.550000 0.060818
v 12.050496 0.550000 0.060818
v 11.975915 0.591759 0.043521
v 12.050496 0.591759 0.043521
v 11.975915 0.609056 0.001762
v 12.050496 0.609056 0.001762
v 11.958098 0.250000 0.001762
v 12.013206 0.303978 -0.052214
v 12.013206 0.250001 -0.074572
v 12.013206 0.196024 -0.052214
v 12.013206 0.173666 0.001763
v 12.013206 0.196024 0.055740
v 12.013206 0.250001 0.078098
v 12.013206 0.303978 0.055740
v 12.013206 0.326336 0.001763
v 11.975915 0.291759 -0.039996
v 12.050496 0.291758 -0.039996
v 11.975915 0.250000 -0.057293
v 12.050496 0.250000 -0.057293
v 11.975915 0.208241 -0.039996
v 12.050496 0.208241 -0.039996
v 11.975915 0.190944 0.001762
v 12.050496 0.190944 0.001762
v 11.975915 0.208241 0.043521
v 12.050496 0.208241 0.043521
v 11.975915 0.250000 0.060818
v 12.050496 0.250000 0.060818
v 11.975915 0.291759 0.043521
v 12.050496 0.291758 0.043521
v 11.975915 0.309056 0.001762
v 12.050496 0.309056 0.001762
v 12.200002 0.000000 -4.998238
v 12.200002 0.800000 -4.998238
v 14.000001 -0.000000 -4.998238
v 14.000001 0.800000 -4.998238
v 12.200002 0.000000 -2.998238
v 12.200002 0.800000 -2.998238
v 14.000001 -0.000000 -2.998238
v 14.000001 0.800000 -2.998238
v 12.050002 1.000000 -4.998238
v 14.000001 1.000000 -4.998238
v 14.000001 1.000000 -2.998238
v 12.050002 1.000000 -2.998238
v 12.000001 0.950000 -2.998238
v 12.000001 0.950000 -4.998238
v 12.000001 0.850000 -2.998238
v 12.050000 0.800000 -2.998238
v 12.050002 0.800000 -4.998238
v 12.000001 0.850000 -4.998238
v 12.090001 0.100000 -4.858238
v 12.050000 0.140000 -4.858238
v 12.090001 0.140000 -4.898238
v 12.050000 0.360000 -4.858238
v 12.090001 0.400000 -4.858238
v 12.090001 0.360000 -4.898238
v 12.250001 0.100000 -4.858238
v 12.250001 0.140000 -4.898238
v 12.250001 0.360000 -4.898238
v 12.250001 0.400000 -4.858238
v 12.090001 0.100000 -3.138237
v 12.090001 0.140000 -3.098238
v 12.050000 0.140000 -3.138237
v 12.090001 0.400000 -3.138237
v 12.050000 0.360000 -3.138237
v 12.090001 0.360000 -3.098238
v 12.250001 0.140000 -3.098238
v 12.250001 0.100000 -3.138237
v 12.250001 0.400000 -3.138237
v 12.250001 0.360000 -3.098238
v 12.050000 0.440000 -4.858238
v 12.090001 0.440000 -4.898238
v 12.050002 0.660000 -4.858238
v 12.090001 0.700000 -4.858238
v 12.090001 0.660000 -4.898238
v 12.250001 0.440000 -4.898238
v 12.250001 0.660000 -4.898238
v 12.250001 0.700000 -4.858238
v 12.090001 0.440000 -3.098238
v 12.050000 0.440000 -3.138237
v 12.090001 0.700000 -3.138237
v 12.050002 0.660000 -3.138237
v 12.090001 0.660000 -3.098238
v 12.250001 0.440000 -3.098238
v 12.250001 0.700000 -3.138237
v 12.250001 0.660000 -3.098238
v 11.958098 0.550000 -3.998238
v 12.013206 0.603978 -4.052214
v 12.013206 0.550001 -4.074573
v 12.013206 0.496024 -4.052214
v 12.013206 0.473666 -3.998237
v 12.013206 0.496024 -3.944260
v 12.013206 0.550001 -3.921902
v 12.013206 0.603978 -3.944260
v 12.013206 0.626336 -3.998237
v 11.975915 0.591759 -4.039997
v 12.050496 0.591759 -4.039997
v 11.975915 0.550000 -4.057293
v 12.050496 0.550000 -4.057293
v 11.975915 0.508241 -4.039997
v 12.050496 0.508241 -4.039997
v 11.975915 0.490944 -3.998238
v 12.050496 0.490944 -3.998238
v 11.975915 0.508241 -3.956479
v 12.050496 0.508241 -3.956479
v 11.975915 0.550000 -3.939182
v 12.050496 0.550000 -3.939182
v 11.975915 0.591759 -3.956479
v 12.050496 0.591759 -3.956479
v 11.975915 0.609056 -3.998238
v 12.050496 0.609056 -3.998238
v 11.958098 0.250000 -3.998238
v 12.013206 0.303978 -4.052214
v 12.013206 0.250001 -4.074573
v 12.013206 0.196024 -4.052214
v 12.013206 0.173666 -3.998237
v 12.013206 0.196024 -3.944260
v 12.013206 0.250001 -3.921902
v 12.013206 0.303978 -3.944260
v 12.013206 0.326336 -3.998237
v 11.975915 0.291759 -4.039997
v 12.050496 0.291758 -4.039997
v 11.975915 0.250000 -4.057293
v 12.050496 0.250000 -4.057293
v 11.975915 0.208241 -4.039997
v 12.050496 0.208241 -4.039997
v 11.975915 0.190944 -3.998238
v 12.050496 0.190944 -3.998238
v 11.975915 0.208241 -3.956479
v 12.050496 0.208241 -3.956479
v 11.975915 0.250000 -3.939182
v 12.050496 0.250000 -3.939182
v 11.975915 0.291759 -3.956479
v 12.050496 0.291758 -3.956479
v 11.975915 0.309056 -3.998238
v 12.050496 0.309056 -3.998238
v -12.199999 0.000000 3.001755
v -12.199999 0.800000 3.001755
v -13.999999 -0.000000 3.001755
v -13.999999 0.800000 3.001755
v -12.199999 0.000000 1.001755
v -12.199999 0.800000 1.001755
v -13.999999 -0.000000 1.001755
v -13.999999 0.800000 1.001755
v -12.049999 1.000000 3.001755
v -13.999999 1.000000 3.001755
v -13.999999 1.000000 1.001755
v -12.049999 1.000000 1.001755
v -11.999999 0.950000 1.001755
v -11.999999 0.950000 3.001755
v -11.999999 0.850000 1.001755
v -12.049999 0.800000 1.001755
v -12.049999 0.800000 3.001755
v -11.999999 0.850000 3.001755
v -12.089999 0.100000 2.861755
v -12.049999 0.140000 2.861755
v -12.089999 0.140000 2.901755
v -12.049999 0.360000 2.861755
v -12.089999 0.400000 2.861755
v -12.089999 0.360000 2.901755
v -12.249999 0.100000 2.861755
v -12.249999 0.140000 2.901755
v -12.249999 0.360000 2.901755
v -12.249999 0.400000 2.861755
v -12.089999 0.100000 1.141755
v -12.089999 0.140000 1.101755
v -12.049999 0.140000 1.141755
v -12.089999 0.400000 1.141755
v -12.049999 0.360000 1.141755
v -12.089999 0.360000 1.101755
v -12.249999 0.140000 1.101755
v -12.249999 0.100000 1.141755
v -12.249999 0.400000 1.141755
v -12.249999 0.360000 1.101755
v -12.049999 0.440000 2.861755
v -12.089999 0.440000 2.901755
v -12.049999 0.660000 2.861755
v -12.089999 0.700000 2.861755
v -12.089999 0.660000 2.901755
v -12.249999 0.440000 2.901755
v -12.249999 0.660000 2.901755
v -12.249999 0.700000 2.861755
v -12.089999 0.440000 1.101755
v -12.049999 0.440000 1.141755
v -12.089999 0.700000 1.141755
v -12.049999 0.660000 1.141755
v -12.089999 0.660000 1.101755
v -12.249999 0.440000 1.101755
v -12.249999 0.700000 1.141755
v -12.249999 0.660000 1.101755
v -11.958096 0.550000 2.001755
v -12.013204 0.603978 2.055732
v -12.013204 0.550001 2.078090
v -12.013204 0.496024 2.055732
v -12.013204 0.473666 2.001755
v -12.013204 0.496024 1.947778
v -12.013204 0.550001 1.925419
v -12.013204 0.603978 1.947778
v -12.013204 0.626336 2.001755
v -11.975913 0.591759 2.043514
v -12.050493 0.591759 2.043514
v -11.975913 0.550000 2.060811
v -12.050493 0.550000 2.060811
v -11.975913 0.508241 2.043514
v -12.050493 0.508241 2.043514
v -11.975913 0.490944 2.001755
v -12.050493 0.490944 2.001755
v -11.975913 0.508241 1.959996
v -12.050493 0.508241 1.959996
v -11.975913 0.550000 1.942699
v -12.050493 0.550000 1.942699
v -11.975913 0.591759 1.959996
v -12.050493 0.591759 1.959996
v -11.975913 0.609056 2.001755
v -12.050493 0.609056 2.001755
v -11.958096 0.250000 2.001755
v -12.013204 0.303978 2.055732
v -12.013204 0.250001 2.078090
v -12.013204 0.196024 2.055732
v -12.013204 0.173666 2.001755
v -12.013204 0.196024 1.947778
v -12.013204 0.250001 1.925419
v -12.013204 0.303978 1.947778
v -12.013204 0.326336 2.001755
v -11.975913 0.291759 2.043514
v -12.050493 0.291758 2.043514
v -11.975913 0.250000 2.060811
v -12.050493 0.250000 2.060811
v -11.975913 0.208241 2.043514
v -12.050493 0.208241 2.043514
v -11.975913 0.190944 2.001755
v -12.050493 0.190944 2.001755
v -11.975913 0.208241 1.959996
v -12.050493 0.208241 1.959996
v -11.975913 0.250000 1.942699
v -12.050493 0.250000 1.942699
v -11.975913 0.291759 1.959996
v -12.050493 0.291758 1.959996
v -11.975913 0.309056 2.001755
v -12.050493 0.309056 2.001755
v -12.199999 0.000000 5.001755
v -12.199999 0.800000 5.001755
v -13.999999 -0.000000 5.001755
v -13.999999 0.800000 5.001755
v -12.199999 0.000000 3.001755
v -12.199999 0.800000 3.001755
v -13.999999 -0.000000 3.001755
v -13.999999 0.800000 3.001755
v -12.049999 1.000000 5.001755
v -13.999999 1.000000 5.001755
v -13.999999 1.000000 3.001755
v -12.049999 1.000000 3.001755
v -11.999999 0.950000 3.001755
v -11.999999 0.950000 5.001755
v -11.999999 0.850000 3.001755
v -12.049999 0.800000 3.001755
v -12.049999 0.800000 5.001755
v -11.999999 0.850000 5.001755
v -12.089999 0.100000 4.861755
v -12.049999 0.140000 4.861755
v -12.089999 0.140000 4.901755
v -12.049999 0.360000 4.861755
v -12.089999 0.400000 4.861755
v -12.089999 0.360000 4.901755
v -12.249999 0.100000 4.861755
v -12.249999 0.140000 4.901755
v -12.249999 0.360000 4.901755
v -12.249999 0.400000 4.861755
v -12.089999 0.100000 3.141755
v -12.089999 0.140000 3.101755
v -12.049999 0.140000 3.141755
v -12.089999 0.400000 3.141755
v -12.049999 0.360000 3.141755
v -12.089999 0.360000 3.101755
v -12.249999 0.140000 3.101755
v -12.249999 0.100000 3.141755
v -12.249999 0.400000 3.141755
v -12.249999 0.360000 3.101755
v -12.049999 0.440000 4.861755
v -12.089999 0.440000 4.901755
v -12.049999 0.660000 4.861755
v -12.089999 0.700000 4.861755
v -12.089999 0.660000 4.901755
v -12.249999 0.440000 4.901755
v -12.249999 0.660000 4.901755
v -12.249999 0.700000 4.861755
v -12.089999 0.440000 3.101755
v -12.049999 0.440000 3.141755
v -12.089999 0.700000 3.141755
v -12.049999 0.660000 3.141755
v -12.089999 0.660000 3.101755
v -12.249999 0.440000 3.101755
v -12.249999 0.700000 3.141755
v -12.249999 0.660000 3.101755
v -11.958096 0.550000 4.001755
v -12.013204 0.603978 4.055732
v -12.013204 0.550001 4.078090
v -12.013204 0.496024 4.055732
v -12.013204 0.473666 4.001755
v -12.013204 0.496024 3.947778
v -12.013204 0.550001 3.925419
v -12.013204 0.603978 3.947778
v -12.013204 0.626336 4.001755
v -11.975913 0.591759 4.043514
v -12.050493 0.591759 4.043514
v -11.975913 0.550000 4.060811
v -12.050493 0.550000 4.060811
v -11.975913 0.508241 4.043514
v -12.050493 0.508241 4.043514
v -11.975913 0.490944 4.001755
v -12.050493 0.490944 4.001755
v -11.975913 0.508241 3.959997
v -12.050493 0.508241 3.959997
v -11.975913 0.550000 3.942699
v -12.050493 0.550000 3.942699
v -11.975913 0.591759 3.959997
v -12.050493 0.591759 3.959997
v -11.975913 0.609056 4.001755
v -12.050493 0.609056 4.001755
v -11.958096 0.250000 4.001755
v -12.013204 0.303978 4.055732
v -12.013204 0.250001 4.078090
v -12.013204 0.196024 4.055732
v -12.013204 0.173666 4.001755
v -12.013204 0.196024 3.947778
v -12.013204 0.250001 3.925419
v -12.013204 0.303978 3.947778
v -12.013204 0.326336 4.001755
v -11.975913 0.291759 4.043514
v -12.050493 0.291758 4.043514
v -11.975913 0.250000 4.060811
v -12.050493 0.250000 4.060811
v -11.975913 0.208241 4.043514
v -12.050493 0.208241 4.043514
v -11.975913 0.190944 4.001755
v -12.050493 0.190944 4.001755
v -11.975913 0.208241 3.959997
v -12.050493 0.208241 3.959997
v -11.975913 0.250000 3.942699
v -12.050493 0.250000 3.942699
v -11.975913 0.291759 3.959997
v -12.050493 0.291758 3.959997
v -11.975913 0.309056 4.001755
v -12.050493 0.309056 4.001755
v -12.199999 0.000000 -6.998245
v -12.199999 0.800000 -6.998245
v -13.999999 -0.000000 -6.998245
v -13.999999 0.800000 -6.998245
v -12.199999 0.000000 -8.998244
v -12.199999 0.800000 -8.998244
v -13.999999 -0.000000 -8.998244
v -13.999999 0.800000 -8.998244
v -12.049999 1.000000 -6.998245
v -13.999999 1.000000 -6.998245
v -13.999999 1.000000 -8.998244
v -12.049999 1.000000 -8.998244
v -11.999999 0.950000 -8.998244
v -11.999999 0.950000 -6.998245
v -11.999999 0.850000 -8.998244
v -12.049999 0.800000 -8.998244
v -12.049999 0.800000 -6.998245
v -11.999999 0.850000 -6.998245
v -12.089999 0.100000 -7.138246
v -12.049999 0.140000 -7.138246
v -12.089999 0.140000 -7.098246
v -12.049999 0.360000 -7.138246
v -12.089999 0.400000 -7.138246
v -12.089999 0.360000 -7.098246
v -12.249999 0.100000 -7.138246
v -12.249999 0.140000 -7.098246
v -12.249999 0.360000 -7.098246
v -12.249999 0.400000 -7.138246
v -12.089999 0.100000 -8.858245
v -12.089999 0.140000 -8.898246
v -12.049999 0.140000 -8.858245
v -12.089999 0.400000 -8.858245
v -12.049999 0.360000 -8.858245
v -12.089999 0.360000 -8.898246
v -12.249999 0.140000 -8.898246
v -12.249999 0.100000 -8.858245
v -12.249999 0.400000 -8.858245
v -12.249999 0.360000 -8.898246
v -12.049999 0.440000 -7.138246
v -12.089999 0.440000 -7.098246
v -12.049999 0.660000 -7.138246
v -12.089999 0.700000 -7.138246
v -12.089999 0.660000 -7.098246
v -12.249999 0.440000 -7.098246
v -12.249999 0.660000 -7.098246
v -12.249999 0.700000 -7.138246
v -12.089999 0.440000 -8.898246
v -12.049999 0.440000 -8.858245
v -12.089999 0.700000 -8.858245
v -12.049999 0.660000 -8.858245
v -12.089999 0.660000 -8.898246
v -12.249999 0.440000 -8.898246
v -12.249999 0.700000 -8.858245
v -12.249999 0.660000 -8.898246
v -11.958096 0.550000 -7.998245
v -12.013204 0.603978 -7.944268
v -12.013204 0.550001 -7.921910
v -12.013204 0.496024 -7.944268
v -12.013204 0.473666 -7.998245
v -12.013204 0.496024 -8.052222
v -12.013204 0.550001 -8.074580
v -12.013204 0.603978 -8.052222
v -12.013204 0.626336 -7.998245
v -11.975913 0.591759 -7.956487
v -12.050493 0.591759 -7.956487
v -11.975913 0.550000 -7.939189
v -12.050493 0.550000 -7.939189
v -11.975913 0.508241 -7.956487
v -12.050493 0.508241 -7.956487
v -11.975913 0.490944 -7.998245
v -12.050493 0.490944 -7.998245
v -11.975913 0.508241 -8.040004
v -12.050493 0.508241 -8.040004
v -11.975913 0.550000 -8.057300
v -12.050493 0.550000 -8.057300
v -11.975913 0.591759 -8.040004
v -12.050493 0.591759 -8.040004
v -11.975913 0.609056 -7.998245
v -12.050493 0.609056 -7.998245
v -11.958096 0.250000 -7.998245
v -12.013204 0.303978 -7.944268
v -12.013204 0.250001 -7.921910
v -12.013204 0.196024 -7.944268
v -12.013204 0.173666 -7.998245
v -12.013204 0.196024 -8.052222
v -12.013204 0.250001 -8.074580
v -12.013204 0.303978 -8.052222
v -12.013204 0.326336 -7.998245
v -11.975913 0.291759 -7.956487
v -12.050493 0.291758 -7.956487
v -11.975913 0.250000 -7.939189
v -12.050493 0.250000 -7.939189
v -11.975913 0.208241 -7.956487
v -12.050493 0.208241 -7.956487
v -11.975913 0.190944 -7.998245
v -12.050493 0.190944 -7.998245
v -11.975913 0.208241 -8.040004
v -12.050493 0.208241 -8.040004
v -11.975913 0.250000 -8.057300
v -12.050493 0.250000 -8.057300
v -11.975913 0.291759 -8.040004
v -12.050493 0.291758 -8.040004
v -11.975913 0.309056 -7.998245
v -12.050493 0.309056 -7.998245
v -12.199999 0.000000 -4.998245
v -12.199999 0.800000 -4.998245
v -13.999999 -0.000000 -4.998245
v -13.999999 0.800000 -4.998245
v -12.199999 0.000000 -6.998245
v -12.199999 0.800000 -6.998245
v -13.999999 -0.000000 -6.998245
v -13.999999 0.800000 -6.998245
v -12.049999 1.000000 -4.998245
v -13.999999 1.000000 -4.998245
v -13.999999 1.000000 -6.998245
v -12.049999 1.000000 -6.998245
v -11.999999 0.950000 -6.998245
v -11.999999 0.950000 -4.998245
v -11.999999 0.850000 -6.998245
v -12.049999 0.800000 -6.998245
v -12.049999 0.800000 -4.998245
v -11.999999 0.850000 -4.998245
v -12.089999 0.100000 -5.138246
v -12.049999 0.140000 -5.138246
v -12.089999 0.140000 -5.098246
v -12.049999 0.360000 -5.138246
v -12.089999 0.400000 -5.138246
v -12.089999 0.360000 -5.098246
v -12.249999 0.100000 -5.138246
v -12.249999 0.140000 -5.098246
v -12.249999 0.360000 -5.098246
v -12.249999 0.400000 -5.138246
v -12.089999 0.100000 -6.858245
v -12.089999 0.140000 -6.898246
v -12.049999 0.140000 -6.858245
v -12.089999 0.400000 -6.858245
v -12.049999 0.360000 -6.858245
v -12.089999 0.360000 -6.898246
v -12.249999 0.140000 -6.898246
v -12.249999 0.100000 -6.858245
v -12.249999 0.400000 -6.858245
v -12.249999 0.360000 -6.898246
v -12.049999 0.440000 -5.138246
v -12.089999 0.440000 -5.098246
v -12.049999 0.660000 -5.138246
v -12.089999 0.700000 -5.138246
v -12.089999 0.660000 -5.098246
v -12.249999 0.440000 -5.098246
v -12.249999 0.660000 -5.098246
v -12.249999 0.700000 -5.138246
v -12.089999 0.440000 -6.898246
v -12.049999 0.440000 -6.858245
v -12.089999 0.700000 -6.858245
v -12.049999 0.660000 -6.858245
v -12.089999 0.660000 -6.898246
v -12.249999 0.440000 -6.898246
v -12.249999 0.700000 -6.858245
v -12.249999 0.660000 -6.898246
v -11.958096 0.550000 -5.998245
v -12.013204 0.603978 -5.944268
v -12.013204 0.550001 -5.921910
v -12.013204 0.496024 -5.944268
v -12.013204 0.473666 -5.998245
v -12.013204 0.496024 -6.052222
v -12.013204 0.550001 -6.074581
v -12.013204 0.603978 -6.052222
v -12.013204 0.626336 -5.998245
v -11.975913 0.591759 -5.956487
v -12.050493 0.591759 -5.956487
v -11.975913 0.550000 -5.939189
v -12.050493 0.550000 -5.939189
v -11.975913 0.508241 -5.956487
v -12.050493 0.508241 -5.956487
v -11.975913 0.490944 -5.998245
v -12.050493 0.490944 -5.998245
v -11.975913 0.508241 -6.040004
v -12.050493 0.508241 -6.040004
v -11.975913 0.550000 -6.057301
v -12.050493 0.550000 -6.057301
v -11.975913 0.591759 -6.040004
v -12.050493 0.591759 -6.040004
v -11.975913 0.609056 -5.998245
v -12.050493 0.609056 -5.998245
v -11.958096 0.250000 -5.998245
v -12.013204 0.303978 -5.944268
v -12.013204 0.250001 -5.921910
v -12.013204 0.196024 -5.944268
v -12.013204 0.173666 -5.998245
v -12.013204 0.196024 -6.052222
v -12.013204 0.250001 -6.074581
v -12.013204 0.303978 -6.052222
v -12.013204 0.326336 -5.998245
v -11.975913 0.291759 -5.956487
v -12.050493 0.291758 -5.956487
v -11.975913 0.250000 -5.939189
v -12.050493 0.250000 -5.939189
v -11.975913 0.208241 -5.956487
v -12.050493 0.208241 -5.956487
v -11.975913 0.190944 -5.998245
v -12.050493 0.190944 -5.998245
v -11.975913 0.208241 -6.040004
v -12.050493 0.208241 -6.040004
v -11.975913 0.250000 -6.057301
v -12.050493 0.250000 -6.057301
v -11.975913 0.291759 -6.040004
v -12.050493 0.291758 -6.040004
v -11.975913 0.309056 -5.998245
v -12.050493 0.309056 -5.998245
v -12.199999 0.000000 -2.998245
v -12.199999 0.800000 -2.998245
v -13.999999 -0.000000 -2.998245
v -13.999999 0.800000 -2.998245
v -12.199999 0.000000 -4.998245
v -12.199999 0.800000 -4.998245
v -13.999999 -0.000000 -4.998245
v -13.999999 0.800000 -4.998245
v -12.049999 1.000000 -2.998245
v -13.999999 1.000000 -2.998245
v -13.999999 1.000000 -4.998245
v -12.049999 1.000000 -4.998245
v -11.999999 0.950000 -4.998245
v -11.999999 0.950000 -2.998245
v -11.999999 0.850000 -4.998245
v -12.049999 0.800000 -4.998245
v -12.049999 0.800000 -2.998245
v -11.999999 0.850000 -2.998245
v -12.089999 0.100000 -3.138245
v -12.049999 0.140000 -3.138245
v -12.089999 0.140000 -3.098245
v -12.049999 0.360000 -3.138245
v -12.089999 0.400000 -3.138245
v -12.089999 0.360000 -3.098245
v -12.249999 0.100000 -3.138245
v -12.249999 0.140000 -3.098245
v -12.249999 0.360000 -3.098245
v -12.249999 0.400000 -3.138245
v -12.089999 0.100000 -4.858245
v -12.089999 0.140000 -4.898245
v -12.049999 0.140000 -4.858245
v -12.089999 0.400000 -4.858245
v -12.049999 0.360000 -4.858245
v -12.089999 0.360000 -4.898245
v -12.249999 0.140000 -4.898245
v -12.249999 0.100000 -4.858245
v -12.249999 0.400000 -4.858245
v -12.249999 0.360000 -4.898245
v -12.049999 0.440000 -3.138245
v -12.089999 0.440000 -3.098245
v -12.049999 0.660000 -3.138245
v -12.089999 0.700000 -3.138245
v -12.089999 0.660000 -3.098245
v -12.249999 0.440000 -3.098245
v -12.249999 0.660000 -3.098245
v -12.249999 0.700000 -3.138245
v -12.089999 0.440000 -4.898245
v -12.049999 0.440000 -4.858245
v -12.089999 0.700000 -4.858245
v -12.049999 0.660000 -4.858245
v -12.089999 0.660000 -4.898245
v -12.249999 0.440000 -4.898245
v -12.249999 0.700000 -4.858245
v -12.249999 0.660000 -4.898245
v -11.958096 0.550000 -3.998245
v -12.013204 0.603978 -3.944269
v -12.013204 0.550001 -3.921910
v -12.013204 0.496024 -3.944269
v -12.013204 0.473666 -3.998246
v -12.013204 0.496024 -4.052223
v -12.013204 0.550001 -4.074581
v -12.013204 0.603978 -4.052223
v -12.013204 0.626336 -3.998246
v -11.975913 0.591759 -3.956486
v -12.050493 0.591759 -3.956486
v -11.975913 0.550000 -3.939189
v -12.050493 0.550000 -3.939189
v -11.975913 0.508241 -3.956486
v -12.050493 0.508241 -3.956486
v -11.975913 0.490944 -3.998245
v -12.050493 0.490944 -3.998245
v -11.975913 0.508241 -4.040004
v -12.050493 0.508241 -4.040004
v -11.975913 0.550000 -4.057301
v -12.050493 0.550000 -4.057301
v -11.975913 0.591759 -4.040004
v -12.050493 0.591759 -4.040004
v -11.975913 0.609056 -3.998245
v -12.050493 0.609056 -3.998245
v -11.958096 0.250000 -3.998245
v -12.013204 0.303978 -3.944269
v -12.013204 0.250001 -3.921910
v -12.013204 0.196024 -3.944269
v -12.013204 0.173666 -3.998246
v -12.013204 0.196024 -4.052223
v -12.013204 0.250001 -4.074581
v -12.013204 0.303978 -4.052223
v -12.013204 0.326336 -3.998246
v -11.975913 0.291759 -3.956486
v -12.050493 0.291758 -3.956486
v -11.975913 0.250000 -3.939189
v -12.050493 0.250000 -3.939189
v -11.975913 0.208241 -3.956486
v -12.050493 0.208241 -3.956486
v -11.975913 0.190944 -3.998245
v -12.050493 0.190944 -3.998245
v -11.975913 0.208241 -4.040004
v -12.050493 0.208241 -4.040004
v -11.975913 0.250000 -4.057301
v -12.050493 0.250000 -4.057301
v -11.975913 0.291759 -4.040004
v -12.050493 0.291758 -4.040004
v -11.975913 0.309056 -3.998245
v -12.050493 0.309056 -3.998245
v -12.199999 0.000000 1.001755
v -12.199999 0.800000 1.001755
v -13.999999 -0.000000 1.001755
v -13.999999 0.800000 1.001755
v -12.199999 0.000000 -0.998245
v -12.199999 0.800000 -0.998245
v -13.999999 -0.000000 -0.998245
v -13.999999 0.800000 -0.998245
v -12.049999 1.000000 1.001755
v -13.999999 1.000000 1.001755
v -13.999999 1.000000 -0.998245
v -12.049999 1.000000 -0.998245
v -11.999999 0.950000 -0.998245
v -11.999999 0.950000 1.001755
v -11.999999 0.850000 -0.998245
v -12.049999 0.800000 -0.998245
v -12.049999 0.800000 1.001755
v -11.999999 0.850000 1.001755
v -12.089999 0.100000 0.861755
v -12.049999 0.140000 0.861755
v -12.089999 0.140000 0.901755
v -12.049999 0.360000 0.861755
v -12.089999 0.400000 0.861755
v -12.089999 0.360000 0.901755
v -12.249999 0.100000 0.861755
v -12.249999 0.140000 0.901755
v -12.249999 0.360000 0.901755
v -12.249999 0.400000 0.861755
v -12.089999 0.100000 -0.858245
v -12.089999 0.140000 -0.898245
v -12.049999 0.140000 -0.858245
v -12.089999 0.400000 -0.858245
v -12.049999 0.360000 -0.858245
v -12.089999 0.360000 -0.898245
v -12.249999 0.140000 -0.898245
v -12.249999 0.100000 -0.858245
v -12.249999 0.400000 -0.858245
v -12.249999 0.360000 -0.898245
v -12.049999 0.440000 0.861755
v -12.089999 0.440000 0.901755
v -12.049999 0.660000 0.861755
v -12.089999 0.700000 0.861755
v -12.089999 0.660000 0.901755
v -12.249999 0.440000 0.901755
v -12.249999 0.660000 0.901755
v -12.249999 0.700000 0.861755
v -12.089999 0.440000 -0.898245
v -12.049999 0.440000 -0.858245
v -12.089999 0.700000 -0.858245
v -12.049999 0.660000 -0.858245
v -12.089999 0.660000 -0.898245
v -12.249999 0.440000 -0.898245
v -12.249999 0.700000 -0.858245
v -12.249999 0.660000 -0.898245
v -11.958096 0.550000 0.001755
v -12.013204 0.603978 0.055732
v -12.013204 0.550001 0.078090
v -12.013204 0.496024 0.055732
v -12.013204 0.473666 0.001755
v -12.013204 0.496024 -0.052222
v -12.013204 0.550001 -0.074580
v -12.013204 0.603978 -0.052222
v -12.013204 0.626336 0.001755
v -11.975913 0.591759 0.043514
v -12.050493 0.591759 0.043514
v -11.975913 0.550000 0.060811
v -12.050493 0.550000 0.060811
v -11.975913 0.508241 0.043514
v -12.050493 0.508241 0.043514
v -11.975913 0.490944 0.001755
v -12.050493 0.490944 0.001755
v -11.975913 0.508241 -0.040003
v -12.050493 0.508241 -0.040003
v -11.975913 0.550000 -0.057301
v -12.050493 0.550000 -0.057301
v -11.975913 0.591759 -0.040003
v -12.050493 0.591759 -0.040003
v -11.975913 0.609056 0.001755
v -12.050493 0.609056 0.001755
v -11.958096 0.250000 0.001755
v -12.013204 0.303978 0.055732
v -12.013204 0.250001 0.078090
v -12.013204 0.196024 0.055732
v -12.013204 0.173666 0.001755
v -12.013204 0.196024 -0.052222
v -12.013204 0.250001 -0.074580
v -12.013204 0.303978 -0.052222
v -12.013204 0.326336 0.001755
v -11.975913 0.291759 0.043514
v -12.050493 0.291758 0.043514
v -11.975913 0.250000 0.060811
v -12.050493 0.250000 0.060811
v -11.975913 0.208241 0.043514
v -12.050493 0.208241 0.043514
v -11.975913 0.190944 0.001755
v -12.050493 0.190944 0.001755
v -11.975913 0.208241 -0.040003
v -12.050493 0.208241 -0.040003
v -11.975913 0.250000 -0.057301
v -12.050493 0.250000 -0.057301
v -11.975913 0.291759 -0.040003
v -12.050493 0.291758 -0.040003
v -11.975913 0.309056 0.001755
v -12.050493 0.309056 0.001755
v 4.000000 0.000000 -9.198244
v 3.999999 0.800000 -9.198244
v 4.000000 -0.000000 -10.998245
v 3.999999 0.800000 -10.998245
v 6.000000 0.000000 -9.198244
v 6.000000 0.800000 -9.198244
v 6.000000 -0.000000 -10.998245
v 6.000000 0.800000 -10.998245
v 3.999999 1.000000 -9.048244
v 3.999999 1.000000 -10.998245
v 6.000000 1.000000 -10.998245
v 6.000000 1.000000 -9.048244
v 6.000000 0.950000 -8.998245
v 3.999999 0.950000 -8.998245
v 6.000000 0.850000 -8.998245
v 6.000000 0.800000 -9.048244
v 3.999999 0.800000 -9.048244
v 3.999999 0.850000 -8.998245
v 4.139999 0.100000 -9.088245
v 4.139999 0.140000 -9.048244
v 4.100000 0.140000 -9.088245
v 4.139999 0.360000 -9.048244
v 4.139999 0.400000 -9.088245
v 4.100000 0.360000 -9.088245
v 4.139999 0.100000 -9.248245
v 4.100000 0.140000 -9.248245
v 4.100000 0.360000 -9.248245
v 4.139999 0.400000 -9.248245
v 5.860000 0.100000 -9.088245
v 5.899999 0.140000 -9.088245
v 5.860000 0.140000 -9.048244
v 5.860000 0.400000 -9.088245
v 5.860000 0.360000 -9.048244
v 5.899999 0.360000 -9.088245
v 5.899999 0.140000 -9.248245
v 5.860000 0.100000 -9.248245
v 5.860000 0.400000 -9.248245
v 5.899999 0.360000 -9.248245
v 4.139999 0.440000 -9.048244
v 4.100000 0.440000 -9.088245
v 4.139999 0.660000 -9.048244
v 4.139999 0.700000 -9.088245
v 4.100000 0.660000 -9.088245
v 4.100000 0.440000 -9.248245
v 4.100000 0.660000 -9.248245
v 4.139999 0.700000 -9.248245
v 5.899999 0.440000 -9.088245
v 5.860000 0.440000 -9.048244
v 5.860000 0.700000 -9.088245
v 5.860000 0.660000 -9.048244
v 5.899999 0.660000 -9.088245
v 5.899999 0.440000 -9.248245
v 5.860000 0.700000 -9.248245
v 5.899999 0.660000 -9.248245
v 5.000000 0.550000 -8.956343
v 4.946023 0.603978 -9.011450
v 4.923666 0.550001 -9.011450
v 4.946023 0.496024 -9.011450
v 5.000000 0.473666 -9.011450
v 5.053977 0.496024 -9.011450
v 5.076335 0.550001 -9.011450
v 5.053977 0.603978 -9.011450
v 5.000000 0.626336 -9.011450
v 4.958240 0.591759 -8.974159
v 4.958240 0.591759 -9.048738
v 4.940944 0.550000 -8.974159
v 4.940944 0.550000 -9.048738
v 4.958240 0.508241 -8.974159
v 4.958240 0.508241 -9.048738
v 5.000000 0.490944 -8.974159
v 5.000000 0.490944 -9.048738
v 5.041757 0.508241 -8.974159
v 5.041757 0.508241 -9.048738
v 5.059055 0.550000 -8.974159
v 5.059055 0.550000 -9.048738
v 5.041757 0.591759 -8.974159
v 5.041757 0.591758 -9.048738
v 5.000000 0.609056 -8.974159
v 5.000000 0.609056 -9.048738
v 5.000000 0.250000 -8.956341
v 4.946023 0.303978 -9.011450
v 4.923666 0.250001 -9.011450
v 4.946023 0.196024 -9.011450
v 5.000000 0.173666 -9.011450
v 5.053977 0.196024 -9.011450
v 5.076335 0.250001 -9.011450
v 5.053977 0.303978 -9.011450
v 5.000000 0.326336 -9.011450
v 4.958240 0.291759 -8.974159
v 4.958240 0.291759 -9.048738
v 4.940944 0.250000 -8.974159
v 4.940944 0.250000 -9.048738
v 4.958240 0.208241 -8.974159
v 4.958240 0.208241 -9.048738
v 5.000000 0.190944 -8.974159
v 5.000000 0.190944 -9.048738
v 5.041757 0.208241 -8.974159
v 5.041757 0.208241 -9.048738
v 5.059055 0.250000 -8.974159
v 5.059055 0.250000 -9.048738
v 5.041757 0.291759 -8.974159
v 5.041757 0.291759 -9.048738
v 5.000000 0.309056 -8.974159
v 5.000000 0.309056 -9.048738
v 2.000000 0.000000 -9.198244
v 2.000000 0.800000 -9.198244
v 2.000000 -0.000000 -10.998245
v 2.000000 0.800000 -10.998245
v 4.000000 0.000000 -9.198244
v 3.999999 0.800000 -9.198244
v 4.000000 -0.000000 -10.998245
v 3.999999 0.800000 -10.998245
v 2.000000 1.000000 -9.048244
v 2.000000 1.000000 -10.998245
v 3.999999 1.000000 -10.998245
v 3.999999 1.000000 -9.048244
v 3.999999 0.950000 -8.998245
v 2.000000 0.950000 -8.998245
v 3.999999 0.850000 -8.998245
v 3.999999 0.800000 -9.048244
v 2.000000 0.800000 -9.048244
v 2.000000 0.850000 -8.998245
v 2.139999 0.100000 -9.088245
v 2.139999 0.140000 -9.048244
v 2.100000 0.140000 -9.088245
v 2.139999 0.360000 -9.048244
v 2.139999 0.400000 -9.088245
v 2.100000 0.360000 -9.088245
v 2.139999 0.100000 -9.248245
v 2.100000 0.140000 -9.248245
v 2.100000 0.360000 -9.248245
v 2.139999 0.400000 -9.248245
v 3.860000 0.100000 -9.088245
v 3.899999 0.140000 -9.088245
v 3.860000 0.140000 -9.048244
v 3.860000 0.400000 -9.088245
v 3.860000 0.360000 -9.048244
v 3.899999 0.360000 -9.088245
v 3.899999 0.140000 -9.248245
v 3.860000 0.100000 -9.248245
v 3.860000 0.400000 -9.248245
v 3.899999 0.360000 -9.248245
v 2.139999 0.440000 -9.048244
v 2.100000 0.440000 -9.088245
v 2.139999 0.660000 -9.048244
v 2.139999 0.700000 -9.088245
v 2.100000 0.660000 -9.088245
v 2.100000 0.440000 -9.248245
v 2.100000 0.660000 -9.248245
v 2.139999 0.700000 -9.248245
v 3.899999 0.440000 -9.088245
v 3.860000 0.440000 -9.048244
v 3.860000 0.700000 -9.088245
v 3.860000 0.660000 -9.048244
v 3.899999 0.660000 -9.088245
v 3.899999 0.440000 -9.248245
v 3.860000 0.700000 -9.248245
v 3.899999 0.660000 -9.248245
v 3.000000 0.550000 -8.956343
v 2.946024 0.603978 -9.011450
v 2.923666 0.550001 -9.011450
v 2.946024 0.496024 -9.011450
v 3.000000 0.473666 -9.011450
v 3.053978 0.496024 -9.011450
v 3.076336 0.550001 -9.011450
v 3.053978 0.603978 -9.011450
v 3.000000 0.626336 -9.011450
v 2.958240 0.591759 -8.974159
v 2.958240 0.591759 -9.048738
v 2.940944 0.550000 -8.974159
v 2.940944 0.550000 -9.048738
v 2.958240 0.508241 -8.974159
v 2.958240 0.508241 -9.048738
v 3.000000 0.490944 -8.974159
v 3.000000 0.490944 -9.048738
v 3.041757 0.508241 -8.974159
v 3.041757 0.508241 -9.048738
v 3.059055 0.550000 -8.974159
v 3.059055 0.550000 -9.048738
v 3.041757 0.591759 -8.974159
v 3.041757 0.591758 -9.048738
v 3.000000 0.609056 -8.974159
v 3.000000 0.609056 -9.048738
v 3.000000 0.250000 -8.956341
v 2.946024 0.303978 -9.011450
v 2.923666 0.250001 -9.011450
v 2.946024 0.196024 -9.011450
v 3.000000 0.173666 -9.011450
v 3.053978 0.196024 -9.011450
v 3.076336 0.250001 -9.011450
v 3.053978 0.303978 -9.011450
v 3.000000 0.326336 -9.011450
v 2.958240 0.291759 -8.974159
v 2.958240 0.291759 -9.048738
v 2.940944 0.250000 -8.974159
v 2.940944 0.250000 -9.048738
v 2.958240 0.208241 -8.974159
v 2.958240 0.208241 -9.048738
v 3.000000 0.190944 -8.974159
v 3.000000 0.190944 -9.048738
v 3.041757 0.208241 -8.974159
v 3.041757 0.208241 -9.048738
v 3.059055 0.250000 -8.974159
v 3.059055 0.250000 -9.048738
v 3.041757 0.291759 -8.974159
v 3.041757 0.291759 -9.048738
v 3.000000 0.309056 -8.974159
v 3.000000 0.309056 -9.048738
v -4.000000 0.000000 -9.198244
v -4.000000 0.800000 -9.198244
v -4.000000 -0.000000 -10.998245
v -4.000000 0.800000 -10.998245
v -2.000000 0.000000 -9.198244
v -2.000000 0.800000 -9.198244
v -2.000000 -0.000000 -10.998245
v -2.000000 0.800000 -10.998245
v -4.000000 1.000000 -9.048244
v -4.000000 1.000000 -10.998245
v -2.000000 1.000000 -10.998245
v -2.000000 1.000000 -9.048244
v -2.000000 0.950000 -8.998245
v -4.000000 0.950000 -8.998245
v -2.000000 0.850000 -8.998245
v -2.000000 0.800000 -9.048244
v -4.000000 0.800000 -9.048244
v -4.000000 0.850000 -8.998245
v -3.860000 0.100000 -9.088245
v -3.860000 0.140000 -9.048244
v -3.900000 0.140000 -9.088245
v -3.860000 0.360000 -9.048244
v -3.860000 0.400000 -9.088245
v -3.900000 0.360000 -9.088245
v -3.860000 0.100000 -9.248245
v -3.900000 0.140000 -9.248245
v -3.900000 0.360000 -9.248245
v -3.860000 0.400000 -9.248245
v -2.140001 0.100000 -9.088245
v -2.100001 0.140000 -9.088245
v -2.140001 0.140000 -9.048244
v -2.140001 0.400000 -9.088245
v -2.140001 0.360000 -9.048244
v -2.100000 0.360000 -9.088245
v -2.100001 0.140000 -9.248245
v -2.140001 0.100000 -9.248245
v -2.140001 0.400000 -9.248245
v -2.100000 0.360000 -9.248245
v -3.860000 0.440000 -9.048244
v -3.900000 0.440000 -9.088245
v -3.860000 0.660000 -9.048244
v -3.860000 0.700000 -9.088245
v -3.900000 0.660000 -9.088245
v -3.900000 0.440000 -9.248245
v -3.900000 0.660000 -9.248245
v -3.860000 0.700000 -9.248245
v -2.100000 0.440000 -9.088245
v -2.140001 0.440000 -9.048244
v -2.140000 0.700000 -9.088245
v -2.140000 0.660000 -9.048244
v -2.100000 0.660000 -9.088245
v -2.100000 0.440000 -9.248245
v -2.140000 0.700000 -9.248245
v -2.100000 0.660000 -9.248245
v -3.000000 0.550000 -8.956343
v -3.053977 0.603978 -9.011450
v -3.076335 0.550001 -9.011450
v -3.053977 0.496024 -9.011450
v -3.000000 0.473666 -9.011450
v -2.946022 0.496024 -9.011450
v -2.923664 0.550001 -9.011450
v -2.946022 0.603978 -9.011450
v -3.000000 0.626336 -9.011450
v -3.041759 0.591759 -8.974159
v -3.041759 0.591759 -9.048738
v -3.059057 0.550000 -8.974159
v -3.059057 0.550000 -9.048738
v -3.041759 0.508241 -8.974159
v -3.041759 0.508241 -9.048738
v -3.000000 0.490944 -8.974159
v -3.000000 0.490944 -9.048738
v -2.958242 0.508241 -8.974159
v -2.958242 0.508241 -9.048738
v -2.940945 0.550000 -8.974159
v -2.940945 0.550000 -9.048738
v -2.958242 0.591759 -8.974159
v -2.958242 0.591758 -9.048738
v -3.000000 0.609056 -8.974159
v -3.000000 0.609056 -9.048738
v -3.000000 0.250000 -8.956341
v -3.053977 0.303978 -9.011450
v -3.076335 0.250001 -9.011450
v -3.053977 0.196024 -9.011450
v -3.000000 0.173666 -9.011450
v -2.946023 0.196024 -9.011450
v -2.923664 0.250001 -9.011450
v -2.946023 0.303978 -9.011450
v -3.000000 0.326336 -9.011450
v -3.041759 0.291759 -8.974159
v -3.041759 0.291759 -9.048738
v -3.059057 0.250000 -8.974159
v -3.059057 0.250000 -9.048738
v -3.041759 0.208241 -8.974159
v -3.041759 0.208241 -9.048738
v -3.000000 0.190944 -8.974159
v -3.000000 0.190944 -9.048738
v -2.958242 0.208241 -8.974159
v -2.958242 0.208241 -9.048738
v -2.940945 0.250000 -8.974159
v -2.940945 0.250000 -9.048738
v -2.958242 0.291759 -8.974159
v -2.958242 0.291759 -9.048738
v -3.000000 0.309056 -8.974159
v -3.000000 0.309056 -9.048738
v -6.000000 0.000000 -9.198244
v -6.000000 0.800000 -9.198244
v -6.000000 -0.000000 -10.998245
v -6.000000 0.800000 -10.998245
v -4.000000 0.000000 -9.198244
v -4.000000 0.800000 -9.198244
v -4.000000 -0.000000 -10.998245
v -4.000000 0.800000 -10.998245
v -6.000000 1.000000 -9.048244
v -6.000000 1.000000 -10.998245
v -4.000000 1.000000 -10.998245
v -4.000000 1.000000 -9.048244
v -4.000000 0.950000 -8.998245
v -6.000000 0.950000 -8.998245
v -4.000000 0.850000 -8.998245
v -4.000000 0.800000 -9.048244
v -6.000000 0.800000 -9.048244
v -6.000000 0.850000 -8.998245
v -5.860000 0.100000 -9.088245
v -5.860000 0.140000 -9.048244
v -5.900000 0.140000 -9.088245
v -5.860000 0.360000 -9.048244
v -5.860000 0.400000 -9.088245
v -5.900000 0.360000 -9.088245
v -5.860000 0.100000 -9.248245
v -5.900000 0.140000 -9.248245
v -5.900000 0.360000 -9.248245
v -5.860000 0.400000 -9.248245
v -4.140001 0.100000 -9.088245
v -4.100001 0.140000 -9.088245
v -4.140001 0.140000 -9.048244
v -4.140001 0.400000 -9.088245
v -4.140001 0.360000 -9.048244
v -4.100000 0.360000 -9.088245
v -4.100001 0.140000 -9.248245
v -4.140001 0.100000 -9.248245
v -4.140001 0.400000 -9.248245
v -4.100000 0.360000 -9.248245
v -5.860000 0.440000 -9.048244
v -5.900000 0.440000 -9.088245
v -5.860000 0.660000 -9.048244
v -5.860000 0.700000 -9.088245
v -5.900000 0.660000 -9.088245
v -5.900000 0.440000 -9.248245
v -5.900000 0.660000 -9.248245
v -5.860000 0.700000 -9.248245
v -4.100000 0.440000 -9.088245
v -4.140001 0.440000 -9.048244
v -4.140000 0.700000 -9.088245
v -4.140000 0.660000 -9.048244
v -4.100000 0.660000 -9.088245
v -4.100000 0.440000 -9.248245
v -4.140000 0.700000 -9.248245
v -4.100000 0.660000 -9.248245
v -5.000000 0.550000 -8.956343
v -5.053977 0.603978 -9.011450
v -5.076335 0.550001 -9.011450
v -5.053977 0.496024 -9.011450
v -5.000000 0.473666 -9.011450
v -4.946023 0.496024 -9.011450
v -4.923665 0.550001 -9.011450
v -4.946023 0.603978 -9.011450
v -5.000000 0.626336 -9.011450
v -5.041759 0.591759 -8.974159
v -5.041759 0.591759 -9.048738
v -5.059057 0.550000 -8.974159
v -5.059057 0.550000 -9.048738
v -5.041759 0.508241 -8.974159
v -5.041759 0.508241 -9.048738
v -5.000000 0.490944 -8.974159
v -5.000000 0.490944 -9.048738
v -4.958242 0.508241 -8.974159
v -4.958242 0.508241 -9.048738
v -4.940945 0.550000 -8.974159
v -4.940945 0.550000 -9.048738
v -4.958242 0.591759 -8.974159
v -4.958242 0.591758 -9.048738
v -5.000000 0.609056 -8.974159
v -5.000000 0.609056 -9.048738
v -5.000000 0.250000 -8.956341
v -5.053977 0.303978 -9.011450
v -5.076335 0.250001 -9.011450
v -5.053977 0.196024 -9.011450
v -5.000000 0.173666 -9.011450
v -4.946023 0.196024 -9.011450
v -4.923665 0.250001 -9.011450
v -4.946023 0.303978 -9.011450
v -5.000000 0.326336 -9.011450
v -5.041759 0.291759 -8.974159
v -5.041759 0.291758 -9.048738
v -5.059057 0.250000 -8.974159
v -5.059057 0.250000 -9.048738
v -5.041759 0.208241 -8.974159
v -5.041759 0.208241 -9.048738
v -5.000000 0.190944 -8.974159
v -5.000000 0.190944 -9.048738
v -4.958242 0.208241 -8.974159
v -4.958242 0.208241 -9.048738
v -4.940945 0.250000 -8.974159
v -4.940945 0.250000 -9.048738
v -4.958242 0.291759 -8.974159
v -4.958242 0.291759 -9.048738
v -5.000000 0.309056 -8.974159
v -5.000000 0.309056 -9.048738
v 12.000001 0.000000 -10.798249
v 12.000001 0.800000 -10.798249
v 12.000001 -0.000000 -8.998248
v 12.000001 0.800000 -8.998248
v 14.000001 -0.000000 -8.998248
v 14.000001 0.800000 -8.998248
v 12.000000 1.000000 -10.948249
v 12.000001 1.000000 -8.998248
v 14.000001 1.000000 -8.998248
v 14.000000 1.000000 -10.998248
v 12.050001 1.000000 -10.998248
v 12.200001 0.800000 -10.998248
v 12.200001 0.000000 -10.998248
v 12.200002 0.000000 -10.798249
v 12.200002 0.800000 -10.798249
v 14.000000 0.000000 -10.998248
v 14.000000 0.800000 -10.998248
v 12.000000 0.850000 -10.998248
v 12.000000 0.800000 -10.948249
v 12.050001 0.800000 -10.998248
v 12.000000 0.950000 -10.998248
v -11.999999 0.000000 -9.198249
v -11.999999 0.800000 -9.198249
v -12.000000 -0.000000 -10.998248
v -12.000000 0.800000 -10.998248
v -14.000000 -0.000000 -10.998248
v -14.000000 0.800000 -10.998248
v -11.999999 1.000000 -9.048249
v -12.000000 1.000000 -10.998248
v -14.000000 1.000000 -10.998248
v -13.999999 1.000000 -8.998248
v -12.049999 1.000000 -8.998248
v -12.199999 0.800000 -8.998248
v -12.199999 0.000000 -8.998248
v -12.199999 0.000000 -9.198249
v -12.199999 0.800000 -9.198249
v -13.999999 0.000000 -8.998248
v -13.999999 0.800000 -8.998248
v -11.999999 0.850000 -8.998248
v -11.999999 0.800000 -9.048249
v -12.049999 0.800000 -8.998248
v -11.999999 0.950000 -8.998248
v 12.200002 0.000000 7.001763
v 12.200002 0.800000 7.001763
v 14.000001 -0.000000 7.001763
v 14.000001 0.800000 7.001763
v 12.200002 0.000000 9.001763
v 12.200002 0.800000 9.001763
v 14.000001 -0.000000 9.001763
v 14.000001 0.800000 9.001763
v 12.050002 1.000000 7.001763
v 14.000001 1.000000 7.001763
v 14.000001 1.000000 9.001763
v 12.050002 1.000000 9.001763
v 12.000001 0.950000 9.001763
v 12.000001 0.950000 7.001763
v 12.000001 0.850000 9.001763
v 12.050000 0.800000 9.001763
v 12.050002 0.800000 7.001763
v 12.000001 0.850000 7.001763
v 12.090001 0.100000 7.141764
v 12.050000 0.140000 7.141764
v 12.090001 0.140000 7.101763
v 12.050000 0.360000 7.141764
v 12.090001 0.400000 7.141764
v 12.090001 0.360000 7.101763
v 12.250001 0.100000 7.141764
v 12.250001 0.140000 7.101763
v 12.250001 0.360000 7.101763
v 12.250001 0.400000 7.141764
v 12.090001 0.100000 8.861762
v 12.090001 0.140000 8.901763
v 12.050000 0.140000 8.861762
v 12.090001 0.400000 8.861762
v 12.050000 0.360000 8.861762
v 12.090001 0.360000 8.901763
v 12.250001 0.140000 8.901763
v 12.250001 0.100000 8.861762
v 12.250001 0.400000 8.861762
v 12.250001 0.360000 8.901763
v 12.050000 0.440000 7.141764
v 12.090001 0.440000 7.101763
v 12.050002 0.660000 7.141764
v 12.090001 0.700000 7.141764
v 12.090001 0.660000 7.101763
v 12.250001 0.440000 7.101763
v 12.250001 0.660000 7.101763
v 12.250001 0.700000 7.141764
v 12.090001 0.440000 8.901763
v 12.050000 0.440000 8.861762
v 12.090001 0.700000 8.861762
v 12.050002 0.660000 8.861762
v 12.090001 0.660000 8.901763
v 12.250001 0.440000 8.901763
v 12.250001 0.700000 8.861762
v 12.250001 0.660000 8.901763
v 11.958098 0.550000 8.001763
v 12.013206 0.603978 7.947786
v 12.013206 0.550001 7.925428
v 12.013206 0.496024 7.947786
v 12.013206 0.473666 8.001763
v 12.013206 0.496024 8.055739
v 12.013206 0.550001 8.078097
v 12.013206 0.603978 8.055739
v 12.013206 0.626336 8.001763
v 11.975915 0.591759 7.960005
v 12.050496 0.591759 7.960005
v 11.975915 0.550000 7.942707
v 12.050496 0.550000 7.942707
v 11.975915 0.508241 7.960005
v 12.050496 0.508241 7.960005
v 11.975915 0.490944 8.001763
v 12.050496 0.490944 8.001763
v 11.975915 0.508241 8.043521
v 12.050496 0.508241 8.043521
v 11.975915 0.550000 8.060819
v 12.050496 0.550000 8.060819
v 11.975915 0.591759 8.043521
v 12.050496 0.591759 8.043521
v 11.975915 0.609056 8.001763
v 12.050496 0.609056 8.001763
v 11.958098 0.250000 8.001763
v 12.013206 0.303978 7.947786
v 12.013206 0.250001 7.925428
v 12.013206 0.196024 7.947786
v 12.013206 0.173666 8.001763
v 12.013206 0.196024 8.055739
v 12.013206 0.250001 8.078097
v 12.013206 0.303978 8.055739
v 12.013206 0.326336 8.001763
v 11.975915 0.291759 7.960005
v 12.050496 0.291758 7.960005
v 11.975915 0.250000 7.942707
v 12.050496 0.250000 7.942707
v 11.975915 0.208241 7.960005
v 12.050496 0.208241 7.960005
v 11.975915 0.190944 8.001763
v 12.050496 0.190944 8.001763
v 11.975915 0.208241 8.043521
v 12.050496 0.208241 8.043521
v 11.975915 0.250000 8.060819
v 12.050496 0.250000 8.060819
v 11.975915 0.291759 8.043521
v 12.050496 0.291758 8.043521
v 11.975915 0.309056 8.001763
v 12.050496 0.309056 8.001763
v 12.200002 0.000000 5.001762
v 12.200002 0.800000 5.001762
v 14.000001 -0.000000 5.001762
v 14.000001 0.800000 5.001762
v 12.200002 0.000000 7.001762
v 12.200002 0.800000 7.001762
v 14.000001 -0.000000 7.001762
v 14.000001 0.800000 7.001762
v 12.050002 1.000000 5.001762
v 14.000001 1.000000 5.001762
v 14.000001 1.000000 7.001762
v 12.050002 1.000000 7.001762
v 12.000001 0.950000 7.001762
v 12.000001 0.950000 5.001762
v 12.000001 0.850000 7.001762
v 12.050000 0.800000 7.001762
v 12.050002 0.800000 5.001762
v 12.000001 0.850000 5.001762
v 12.090001 0.100000 5.141763
v 12.050000 0.140000 5.141763
v 12.090001 0.140000 5.101763
v 12.050000 0.360000 5.141763
v 12.090001 0.400000 5.141763
v 12.090001 0.360000 5.101763
v 12.250001 0.100000 5.141763
v 12.250001 0.140000 5.101763
v 12.250001 0.360000 5.101763
v 12.250001 0.400000 5.141763
v 12.090001 0.100000 6.861763
v 12.090001 0.140000 6.901763
v 12.050000 0.140000 6.861763
v 12.090001 0.400000 6.861763
v 12.050000 0.360000 6.861763
v 12.090001 0.360000 6.901763
v 12.250001 0.140000 6.901763
v 12.250001 0.100000 6.861763
v 12.250001 0.400000 6.861763
v 12.250001 0.360000 6.901763
v 12.050000 0.440000 5.141763
v 12.090001 0.440000 5.101763
v 12.050002 0.660000 5.141763
v 12.090001 0.700000 5.141763
v 12.090001 0.660000 5.101763
v 12.250001 0.440000 5.101763
v 12.250001 0.660000 5.101763
v 12.250001 0.700000 5.141763
v 12.090001 0.440000 6.901763
v 12.050000 0.440000 6.861763
v 12.090001 0.700000 6.861763
v 12.050002 0.660000 6.861763
v 12.090001 0.660000 6.901763
v 12.250001 0.440000 6.901763
v 12.250001 0.700000 6.861763
v 12.250001 0.660000 6.901763
v 11.958098 0.550000 6.001762
v 12.013206 0.603978 5.947786
v 12.013206 0.550001 5.925428
v 12.013206 0.496024 5.947786
v 12.013206 0.473666 6.001762
v 12.013206 0.496024 6.055740
v 12.013206 0.550001 6.078098
v 12.013206 0.603978 6.055740
v 12.013206 0.626336 6.001762
v 11.975915 0.591759 5.960004
v 12.050496 0.591759 5.960004
v 11.975915 0.550000 5.942707
v 12.050496 0.550000 5.942707
v 11.975915 0.508241 5.960004
v 12.050496 0.508241 5.960004
v 11.975915 0.490944 6.001762
v 12.050496 0.490944 6.001762
v 11.975915 0.508241 6.043521
v 12.050496 0.508241 6.043521
v 11.975915 0.550000 6.060818
v 12.050496 0.550000 6.060818
v 11.975915 0.591759 6.043521
v 12.050496 0.591759 6.043521
v 11.975915 0.609056 6.001762
v 12.050496 0.609056 6.001762
v 11.958098 0.250000 6.001762
v 12.013206 0.303978 5.947786
v 12.013206 0.250001 5.925428
v 12.013206 0.196024 5.947786
v 12.013206 0.173666 6.001762
v 12.013206 0.196024 6.055740
v 12.013206 0.250001 6.078098
v 12.013206 0.303978 6.055740
v 12.013206 0.326336 6.001762
v 11.975915 0.291759 5.960004
v 12.050496 0.291758 5.960004
v 11.975915 0.250000 5.942707
v 12.050496 0.250000 5.942707
v 11.975915 0.208241 5.960004
v 12.050496 0.208241 5.960004
v 11.975915 0.190944 6.001762
v 12.050496 0.190944 6.001762
v 11.975915 0.208241 6.043521
v 12.050496 0.208241 6.043521
v 11.975915 0.250000 6.060818
v 12.050496 0.250000 6.060818
v 11.975915 0.291759 6.043521
v 12.050496 0.291758 6.043521
v 11.975915 0.309056 6.001762
v 12.050496 0.309056 6.001762
v -12.199999 0.000000 7.001755
v -12.199999 0.800000 7.001755
v -13.999999 -0.000000 7.001755
v -13.999999 0.800000 7.001755
v -12.199999 0.000000 5.001755
v -12.199999 0.800000 5.001755
v -13.999999 -0.000000 5.001755
v -13.999999 0.800000 5.001755
v -12.049999 1.000000 7.001755
v -13.999999 1.000000 7.001755
v -13.999999 1.000000 5.001755
v -12.049999 1.000000 5.001755
v -11.999999 0.950000 5.001755
v -11.999999 0.950000 7.001755
v -11.999999 0.850000 5.001755
v -12.049999 0.800000 5.001755
v -12.049999 0.800000 7.001755
v -11.999999 0.850000 7.001755
v -12.089999 0.100000 6.861754
v -12.049999 0.140000 6.861754
v -12.089999 0.140000 6.901755
v -12.049999 0.360000 6.861754
v -12.089999 0.400000 6.861754
v -12.089999 0.360000 6.901755
v -12.249999 0.100000 6.861754
v -12.249999 0.140000 6.901755
v -12.249999 0.360000 6.901755
v -12.249999 0.400000 6.861754
v -12.089999 0.100000 5.141755
v -12.089999 0.140000 5.101755
v -12.049999 0.140000 5.141755
v -12.089999 0.400000 5.141755
v -12.049999 0.360000 5.141755
v -12.089999 0.360000 5.101755
v -12.249999 0.140000 5.101755
v -12.249999 0.100000 5.141755
v -12.249999 0.400000 5.141755
v -12.249999 0.360000 5.101755
v -12.049999 0.440000 6.861754
v -12.089999 0.440000 6.901755
v -12.049999 0.660000 6.861754
v -12.089999 0.700000 6.861754
v -12.089999 0.660000 6.901755
v -12.249999 0.440000 6.901755
v -12.249999 0.660000 6.901755
v -12.249999 0.700000 6.861754
v -12.089999 0.440000 5.101755
v -12.049999 0.440000 5.141755
v -12.089999 0.700000 5.141755
v -12.049999 0.660000 5.141755
v -12.089999 0.660000 5.101755
v -12.249999 0.440000 5.101755
v -12.249999 0.700000 5.141755
v -12.249999 0.660000 5.101755
v -11.958096 0.550000 6.001756
v -12.013204 0.603978 6.055732
v -12.013204 0.550001 6.078090
v -12.013204 0.496024 6.055732
v -12.013204 0.473666 6.001755
v -12.013204 0.496024 5.947778
v -12.013204 0.550001 5.925420
v -12.013204 0.603978 5.947778
v -12.013204 0.626336 6.001755
v -11.975913 0.591759 6.043513
v -12.050493 0.591759 6.043513
v -11.975913 0.550000 6.060811
v -12.050493 0.550000 6.060811
v -11.975913 0.508241 6.043513
v -12.050493 0.508241 6.043513
v -11.975913 0.490944 6.001756
v -12.050493 0.490944 6.001756
v -11.975913 0.508241 5.959996
v -12.050493 0.508241 5.959996
v -11.975913 0.550000 5.942699
v -12.050493 0.550000 5.942699
v -11.975913 0.591759 5.959996
v -12.050493 0.591759 5.959996
v -11.975913 0.609056 6.001756
v -12.050493 0.609056 6.001756
v -11.958096 0.250000 6.001756
v -12.013204 0.303978 6.055732
v -12.013204 0.250001 6.078090
v -12.013204 0.196024 6.055732
v -12.013204 0.173666 6.001755
v -12.013204 0.196024 5.947778
v -12.013204 0.250001 5.925420
v -12.013204 0.303978 5.947778
v -12.013204 0.326336 6.001755
v -11.975913 0.291759 6.043513
v -12.050493 0.291758 6.043513
v -11.975913 0.250000 6.060811
v -12.050493 0.250000 6.060811
v -11.975913 0.208241 6.043513
v -12.050493 0.208241 6.043513
v -11.975913 0.190944 6.001756
v -12.050493 0.190944 6.001756
v -11.975913 0.208241 5.959996
v -12.050493 0.208241 5.959996
v -11.975913 0.250000 5.942699
v -12.050493 0.250000 5.942699
v -11.975913 0.291759 5.959996
v -12.050493 0.291758 5.959996
v -11.975913 0.309056 6.001756
v -12.050493 0.309056 6.001756
v -12.199999 0.000000 9.001756
v -12.199999 0.800000 9.001756
v -13.999999 -0.000000 9.001756
v -13.999999 0.800000 9.001756
v -12.199999 0.000000 7.001755
v -12.199999 0.800000 7.001755
v -13.999999 -0.000000 7.001755
v -13.999999 0.800000 7.001755
v -12.049999 1.000000 9.001756
v -13.999999 1.000000 9.001756
v -13.999999 1.000000 7.001755
v -12.049999 1.000000 7.001755
v -11.999999 0.950000 7.001755
v -11.999999 0.950000 9.001756
v -11.999999 0.850000 7.001755
v -12.049999 0.800000 7.001755
v -12.049999 0.800000 9.001756
v -11.999999 0.850000 9.001756
v -12.089999 0.100000 8.861754
v -12.049999 0.140000 8.861754
v -12.089999 0.140000 8.901755
v -12.049999 0.360000 8.861754
v -12.089999 0.400000 8.861754
v -12.089999 0.360000 8.901755
v -12.249999 0.100000 8.861754
v -12.249999 0.140000 8.901755
v -12.249999 0.360000 8.901755
v -12.249999 0.400000 8.861754
v -12.089999 0.100000 7.141755
v -12.089999 0.140000 7.101754
v -12.049999 0.140000 7.141755
v -12.089999 0.400000 7.141755
v -12.049999 0.360000 7.141755
v -12.089999 0.360000 7.101754
v -12.249999 0.140000 7.101754
v -12.249999 0.100000 7.141755
v -12.249999 0.400000 7.141755
v -12.249999 0.360000 7.101754
v -12.049999 0.440000 8.861754
v -12.089999 0.440000 8.901755
v -12.049999 0.660000 8.861754
v -12.089999 0.700000 8.861754
v -12.089999 0.660000 8.901755
v -12.249999 0.440000 8.901755
v -12.249999 0.660000 8.901755
v -12.249999 0.700000 8.861754
v -12.089999 0.440000 7.101754
v -12.049999 0.440000 7.141755
v -12.089999 0.700000 7.141755
v -12.049999 0.660000 7.141755
v -12.089999 0.660000 7.101754
v -12.249999 0.440000 7.101754
v -12.249999 0.700000 7.141755
v -12.249999 0.660000 7.101754
v -11.958096 0.550000 8.001756
v -12.013204 0.603978 8.055732
v -12.013204 0.550001 8.078090
v -12.013204 0.496024 8.055732
v -12.013204 0.473666 8.001754
v -12.013204 0.496024 7.947778
v -12.013204 0.550001 7.925420
v -12.013204 0.603978 7.947778
v -12.013204 0.626336 8.001754
v -11.975913 0.591759 8.043513
v -12.050493 0.591759 8.043513
v -11.975913 0.550000 8.060811
v -12.050493 0.550000 8.060811
v -11.975913 0.508241 8.043513
v -12.050493 0.508241 8.043513
v -11.975913 0.490944 8.001756
v -12.050493 0.490944 8.001756
v -11.975913 0.508241 7.959996
v -12.050493 0.508241 7.959996
v -11.975913 0.550000 7.942699
v -12.050493 0.550000 7.942699
v -11.975913 0.591759 7.959996
v -12.050493 0.591759 7.959996
v -11.975913 0.609056 8.001756
v -12.050493 0.609056 8.001756
v -11.958096 0.250000 8.001756
v -12.013204 0.303978 8.055732
v -12.013204 0.250001 8.078090
v -12.013204 0.196024 8.055732
v -12.013204 0.173666 8.001754
v -12.013204 0.196024 7.947778
v -12.013204 0.250001 7.925420
v -12.013204 0.303978 7.947778
v -12.013204 0.326336 8.001754
v -11.975913 0.291759 8.043513
v -12.050493 0.291758 8.043513
v -11.975913 0.250000 8.060811
v -12.050493 0.250000 8.060811
v -11.975913 0.208241 8.043513
v -12.050493 0.208241 8.043513
v -11.975913 0.190944 8.001756
v -12.050493 0.190944 8.001756
v -11.975913 0.208241 7.959996
v -12.050493 0.208241 7.959996
v -11.975913 0.250000 7.942699
v -12.050493 0.250000 7.942699
v -11.975913 0.291759 7.959996
v -12.050493 0.291758 7.959996
v -11.975913 0.309056 8.001756
v -12.050493 0.309056 8.001756
v -12.000000 0.000000 9.201751
v -11.999999 0.800000 9.201751
v -11.999997 -0.000000 11.001750
v -11.999997 0.800000 11.001752
v -13.999997 -0.000000 11.001752
v -13.999997 0.800000 11.001752
v -11.999999 1.000000 9.051751
v -11.999997 1.000000 11.001752
v -13.999997 1.000000 11.001752
v -13.999999 1.000000 9.001752
v -12.049999 1.000000 9.001750
v -12.199999 0.800000 9.001752
v -12.200000 0.000000 9.001750
v -12.199999 0.000000 9.201751
v -12.199999 0.800000 9.201751
v -14.000000 0.000000 9.001752
v -13.999999 0.800000 9.001752
v -12.000000 0.850000 9.001750
v -12.000000 0.800000 9.051751
v -12.049999 0.800000 9.001750
v -12.000000 0.950000 9.001750
v 12.000001 0.000000 10.801751
v 12.000001 0.800000 10.801751
v 12.000001 -0.000000 9.001752
v 12.000001 0.800000 9.001752
v 14.000001 -0.000000 9.001752
v 14.000001 0.800000 9.001752
v 12.000002 1.000000 10.951751
v 12.000001 1.000000 9.001752
v 14.000001 1.000000 9.001752
v 14.000002 1.000000 11.001752
v 12.050001 1.000000 11.001752
v 12.200003 0.800000 11.001752
v 12.200003 0.000000 11.001752
v 12.200002 0.000000 10.801751
v 12.200002 0.800000 10.801751
v 14.000002 0.000000 11.001752
v 14.000002 0.800000 11.001752
v 12.000002 0.850000 11.001752
v 12.000002 0.800000 10.951751
v 12.050001 0.800000 11.001752
v 12.000002 0.950000 11.001752
v 2.999999 2.000000 11.150000
v 2.999627 2.100000 11.050001
v 2.999627 1.900000 11.050001
v 3.000000 2.000000 11.336388
v 3.000000 2.100000 11.436407
v 3.000000 1.900000 11.436371
v 4.000000 2.000000 11.150000
v 4.000000 2.100000 11.050001
v 4.000000 1.900000 11.050001
v 4.000000 2.000000 11.450001
v 4.000000 1.900000 11.550001
v 4.000000 2.100000 11.550001
v 2.999999 2.000000 11.263613
v 2.999999 1.900000 11.163630
v 2.999999 2.100000 11.163595
v 3.000000 2.000000 11.450001
v 2.999627 1.900000 11.550001
v 3.000000 2.100000 11.550001
v 14.455538 2.000000 11.499999
v 14.505537 2.100000 11.550000
v 14.505537 1.900000 11.550000
v 13.500002 2.000000 11.150001
v 13.500002 2.100000 11.050000
v 13.500002 1.900000 11.050000
v 13.500002 2.000000 11.450000
v 13.500002 1.900000 11.550000
v 13.500002 2.100000 11.550000
v 14.055538 2.000000 11.099999
v 14.005537 1.900000 11.050000
v 14.005537 2.100000 11.050000
v 4.000000 1.000000 11.050001
v 4.000000 1.000000 11.550001
v 13.500002 1.000000 11.050000
v 13.500002 1.000000 11.550000
v 2.999999 1.000000 11.163788
v 14.005537 1.000000 11.050000
v 3.001761 1.000000 11.550001
v 14.505537 1.000000 11.550000
v 2.999999 1.000000 11.050001
v 3.000000 1.000000 11.436213
v 13.500002 1.000000 11.450000
v 4.000000 1.000000 11.450001
v 13.500001 3.000000 11.450000
v 4.000000 3.000000 11.450001
v 13.300001 1.200000 11.450000
v 4.199999 1.200000 11.450001
v 13.300001 2.800000 11.450000
v 4.200001 2.800000 11.450001
v 13.500002 1.000000 11.150001
v 4.000000 1.000000 11.150002
v 13.500001 3.000000 11.150001
v 4.000000 3.000000 11.150000
v 13.300001 1.200000 11.150001
v 4.199999 1.200000 11.150002
v 13.300001 2.800000 11.150001
v 4.200001 2.800000 11.150000
v 4.000000 3.000000 11.049999
v 4.000000 3.000000 11.550001
v 13.500001 3.000000 11.050000
v 13.500001 3.000000 11.550000
v 14.505538 3.000000 11.550000
v 3.000000 3.000000 11.163435
v 3.000000 3.000000 11.050001
v 14.005538 3.000000 11.050000
v 3.000000 3.000000 11.436565
v 3.000000 3.000000 11.550001
v 4.000000 4.500000 11.550001
v 3.999999 -0.500000 11.050001
v 4.000000 4.500000 11.049999
v 4.000000 -0.500000 11.550001
v 13.500001 4.500000 11.550000
v 13.500001 4.500000 11.050000
v 13.500002 -0.500000 11.550000
v 13.500002 -0.500000 11.050000
v 3.000000 4.400000 11.163277
v 3.000000 4.500000 11.049999
v 2.999627 -0.500000 11.050001
v 2.999999 -0.400000 11.163277
v 14.005538 4.500000 11.050000
v 14.005537 -0.500000 11.050000
v 14.505538 4.500000 11.550000
v 14.505537 -0.500000 11.550000
v 3.000000 4.500000 11.549999
v 3.000000 4.400000 11.436724
v 3.000001 -0.400000 11.436726
v 2.999627 -0.498333 11.551121
v 4.199999 1.200000 11.350000
v 4.199999 1.200000 11.250000
v 4.200001 2.800000 11.250000
v 4.200001 2.800000 11.350000
v 13.300001 2.800000 11.249999
v 13.300001 2.800000 11.349999
v 13.300001 1.200000 11.250001
v 13.300001 1.200000 11.349999
v 3.000000 3.000000 11.436565
v 3.000000 3.000000 11.163437
v 3.000000 1.900000 11.436193
v 2.999999 1.900000 11.163809
v 2.999999 2.000000 11.264870
v 3.000000 2.000000 11.335131
v 3.000000 2.100000 11.436193
v 2.999999 2.100000 11.163809
v 3.000000 4.400000 11.163277
v 2.999999 -0.400000 11.163277
v 3.000000 4.400000 11.436724
v 14.505538 3.000000 11.550000
v -3.000000 2.000000 11.150000
v -3.000000 2.100000 11.050001
v -3.002677 1.900000 11.049999
v -3.000000 2.000000 11.336388
v -3.000000 2.100000 11.436405
v -3.000000 1.900000 11.436371
v -4.000000 2.000000 11.150000
v -4.000000 2.100000 11.049999
v -4.000000 1.900000 11.049999
v -4.000001 2.000000 11.450001
v -4.000001 1.900000 11.549999
v -4.000001 2.100000 11.549999
v -3.000000 2.000000 11.263611
v -3.000000 1.900000 11.163630
v -3.000000 2.100000 11.163593
v -3.000000 2.000000 11.450001
v -3.002677 1.900000 11.550001
v -3.000000 2.100000 11.550001
v -14.450000 2.000000 11.500001
v -14.499999 2.100000 11.550000
v -14.499999 1.900000 11.550000
v -13.499999 2.000000 11.150001
v -13.499999 2.100000 11.050000
v -13.499999 1.900000 11.050000
v -13.499999 2.000000 11.450000
v -13.499999 1.900000 11.550000
v -13.499999 2.100000 11.550000
v -14.049999 2.000000 11.100001
v -13.999999 1.900000 11.050000
v -13.999999 2.100000 11.050000
v -4.000000 1.000000 11.049999
v -4.000000 1.000000 11.550001
v -13.499999 1.000000 11.050000
v -13.499999 1.000000 11.550000
v -3.000000 1.000000 11.163788
v -13.999999 1.000000 11.050000
v -3.001762 1.000000 11.550001
v -14.499999 1.000000 11.550000
v -3.000000 1.000000 11.049999
v -3.000000 1.000000 11.436213
v -13.499999 1.000000 11.450002
v -4.000000 1.000000 11.450001
v -13.499999 3.000000 11.450000
v -4.000000 3.000000 11.450001
v -13.299999 1.200000 11.450002
v -4.200000 1.200000 11.450001
v -13.299999 2.800000 11.450000
v -4.200001 2.800000 11.450001
v -13.499999 1.000000 11.150001
v -4.000000 1.000000 11.150000
v -13.499999 3.000000 11.150001
v -4.000000 3.000000 11.150000
v -13.299999 1.200000 11.150001
v -4.200000 1.200000 11.150000
v -13.299999 2.800000 11.150001
v -4.200001 2.800000 11.150000
v -4.000000 3.000000 11.049999
v -4.000000 3.000000 11.549999
v -13.499999 3.000000 11.050000
v -13.499999 3.000000 11.550000
v -14.499999 3.000000 11.550000
v -3.000000 3.000000 11.163435
v -3.002678 3.000000 11.049999
v -13.999999 3.000000 11.050002
v -3.000000 3.000000 11.436565
v -3.000000 3.000000 11.549999
v -4.000000 4.500000 11.549999
v -3.999999 -0.500000 11.050001
v -4.000000 4.500000 11.049999
v -4.000000 -0.500000 11.550001
v -13.499999 4.500000 11.550000
v -13.499999 4.500000 11.050000
v -13.499999 -0.500000 11.550000
v -13.499999 -0.500000 11.050000
v -3.000000 4.400000 11.163275
v -3.000000 4.500000 11.049999
v -3.002677 -0.500000 11.050001
v -2.999999 -0.400000 11.163277
v -13.999999 4.500000 11.050000
v -13.999999 -0.500000 11.050002
v -14.499999 4.500000 11.550000
v -14.499999 -0.500000 11.550000
v -3.000000 4.500000 11.549999
v -3.000000 4.400000 11.436724
v -3.000000 -0.400000 11.436724
v -3.002677 -0.498333 11.551121
v -4.200000 1.200000 11.350000
v -4.200000 1.200000 11.250000
v -4.200001 2.800000 11.250000
v -4.200001 2.800000 11.350000
v -13.299999 2.800000 11.250001
v -13.299999 2.800000 11.350001
v -13.299999 1.200000 11.250001
v -13.299999 1.200000 11.350001
v -3.000000 3.000000 11.436565
v -3.000000 3.000000 11.163435
v -3.000000 1.900000 11.436193
v -3.000000 1.900000 11.163807
v -3.000000 2.000000 11.264870
v -3.000000 2.000000 11.335131
v -3.000000 2.100000 11.436193
v -3.000000 2.100000 11.163807
v -3.000000 4.400000 11.163277
v -2.999999 -0.400000 11.163277
v -3.000000 4.400000 11.436724
v -14.499999 3.000000 11.550000
v 3.995914 5.379447 11.549999
v 3.995914 5.379447 11.049999
v 13.482896 4.882256 11.550000
v 13.482896 4.882256 11.050000
v 2.992050 5.331920 11.163275
v 2.995899 5.410104 11.050001
v 13.987746 4.856088 11.050000
v 14.487062 4.829920 11.550000
v 2.995901 5.410104 11.549999
v 2.992050 5.331920 11.436724
v 2.992050 5.331920 11.163277
v 2.992050 5.331920 11.436724
v -3.993122 5.798135 11.549999
v -3.993122 5.798135 11.049999
v -13.480103 6.295327 11.550000
v -13.480103 6.295327 11.050000
v -2.999726 5.645936 11.163275
v -2.995229 5.769406 11.049999
v -13.979417 6.321495 11.050000
v -14.478732 6.347662 11.550000
v -2.995229 5.769406 11.549999
v -2.999727 5.645936 11.436724
v -2.999726 5.645936 11.163277
v -2.999727 5.645936 11.436724
v -2.000001 3.000000 11.049999
v -2.000000 3.000000 11.549999
v 2.000000 3.000000 11.050001
v 2.000000 3.000000 11.550001
v 3.099255 3.000000 11.436565
v 2.999256 3.000000 11.550001
v -3.105355 3.000000 11.163435
v 3.099255 3.000000 11.163437
v 2.999254 3.000000 11.050001
v -3.105354 3.000000 11.436565
v -3.005355 3.000000 11.549999
v -2.000000 2.000000 11.450001
v -2.000000 1.900000 11.049999
v -2.000000 2.100000 11.550001
v -1.992803 5.730232 11.549999
v -2.000001 -0.500000 11.050001
v -2.000000 2.000000 11.150000
v -2.000000 2.100000 11.049999
v -1.992804 5.730232 11.049999
v -2.000000 1.900000 11.550001
v -2.000000 -0.500000 11.550001
v 2.000000 2.000000 11.150000
v 2.000000 2.000000 11.450001
v 2.000000 2.100000 11.050001
v 2.000000 1.900000 11.050001
v 2.000000 2.100000 11.550001
v 1.997454 5.451206 11.549999
v 1.997454 5.451206 11.049999
v 2.000000 1.900000 11.550001
v 2.000001 -0.500000 11.550001
v 1.999999 -0.500000 11.050001
v -3.005355 2.000000 11.150000
v -3.105355 2.000000 11.264870
v 3.099255 1.900000 11.436193
v -3.105355 1.900000 11.163807
v -3.105355 1.900000 11.436193
v 3.099255 1.900000 11.163809
v 3.099255 2.000000 11.264870
v 2.999255 2.000000 11.150002
v 3.099255 2.000000 11.335131
v 2.999255 2.000000 11.450001
v -3.005354 2.100000 11.550001
v -3.105355 2.100000 11.436193
v 2.999255 2.100000 11.550001
v 3.099255 2.100000 11.436193
v 3.099255 2.100000 11.163809
v -3.005355 2.100000 11.049999
v -3.105355 2.100000 11.163807
v -3.105355 2.000000 11.335131
v -3.005354 2.000000 11.450001
v -3.102698 5.700233 11.163275
v -3.105356 -0.400000 11.163277
v 3.087297 5.281694 11.163277
v 3.099255 -0.400000 11.163277
v 3.087297 5.281694 11.436724
v 3.099255 -0.400000 11.436726
v -3.102698 5.700233 11.436724
v -3.105355 -0.400000 11.436724
v 1.999999 -0.500000 11.150002
v 2.000001 -0.500000 11.450001
v -2.000000 -0.500000 11.450001
v -2.000001 -0.500000 11.150000
v 2.000000 3.000000 11.150000
v 2.000000 3.000000 11.450001
v -2.000000 3.000000 11.450001
v -2.000001 3.000000 11.150000
v 1.800000 -0.500000 11.150002
v 1.800000 -0.500000 11.450001
v -1.800000 -0.500000 11.150000
v -1.800000 -0.500000 11.450001
v 1.800000 2.800000 11.150000
v 1.800000 2.800000 11.450001
v -1.800001 2.800000 11.150000
v -1.800000 2.800000 11.450001
v 14.450003 2.000000 11.516610
v 14.500002 2.100000 11.566609
v 14.500002 1.900000 11.566609
v 14.050001 2.000000 11.116611
v 14.000002 1.900000 11.066611
v 14.000002 2.100000 11.066611
v 14.000002 1.000000 11.066611
v 14.500002 1.000000 11.566609
v 14.500001 3.000000 11.566609
v 14.000001 3.000000 11.066611
v 14.000001 4.500000 11.066611
v 14.000002 -0.500000 11.066611
v 14.500001 4.500000 11.566609
v 14.500002 -0.500000 11.566609
v 14.099999 2.000000 7.500002
v 14.000001 2.100000 7.500002
v 14.000001 1.900000 7.500002
v 14.399999 2.000000 7.500001
v 14.500001 1.900000 7.500001
v 14.500001 2.100000 7.500001
v 14.400001 2.000000 -0.392594
v 14.500001 2.100000 -0.392594
v 14.500001 1.900000 -0.392594
v 14.213613 2.000000 -0.499998
v 14.113595 2.100000 -0.499998
v 14.113631 1.900000 -0.499998
v 14.099999 2.000000 2.000001
v 14.000001 2.100000 2.000001
v 14.000001 1.900000 2.000001
v 14.399999 2.000000 2.000001
v 14.500001 1.900000 2.000001
v 14.500001 2.100000 2.000001
v 14.286389 2.000000 -0.499999
v 14.386407 2.100000 -0.499999
v 14.386373 1.900000 -0.499999
v 14.100001 2.000000 -0.392594
v 14.000001 1.900000 -0.392594
v 14.000001 2.100000 -0.392594
v 14.000001 1.000000 7.500001
v 14.500001 1.000000 7.500000
v 14.000001 1.000000 2.000001
v 14.500001 1.000000 2.000001
v 14.386212 1.000000 -0.499999
v 14.000001 1.000000 -0.392594
v 14.500001 1.000000 -0.392594
v 14.113790 1.000000 -0.499998
v 14.399999 1.000000 2.000001
v 14.399999 1.000000 7.500000
v 14.399998 3.000000 2.000000
v 14.399998 3.000000 7.500000
v 14.399999 1.000000 2.200001
v 14.399999 1.000000 7.300000
v 14.399999 2.800000 2.200001
v 14.399999 2.800000 7.300000
v 14.099999 1.000000 2.000001
v 14.099999 1.000000 7.500000
v 14.099998 3.000000 2.000000
v 14.099998 3.000000 7.500000
v 14.099999 1.000000 2.200001
v 14.099999 1.000000 7.300000
v 14.099999 2.800000 2.200001
v 14.099999 2.800000 7.300000
v 14.000000 3.000000 7.500001
v 14.500000 3.000000 7.500001
v 14.000000 3.000000 2.000001
v 14.500000 3.000000 2.000000
v 14.386564 3.000000 -0.500000
v 14.500000 3.000000 -0.392594
v 14.113436 3.000000 -0.499999
v 14.000000 3.000000 -0.392594
v 14.500001 3.000000 11.566609
v 14.500000 4.500000 7.500001
v 14.000001 -0.500000 7.500001
v 14.000000 4.500000 7.500002
v 14.500001 -0.500000 7.500000
v 14.500000 4.500000 2.000001
v 14.000000 4.500000 2.000001
v 14.500001 -0.500000 2.000000
v 14.000001 -0.500000 2.000001
v 14.000000 4.500000 -0.392594
v 14.113277 4.400000 -0.499999
v 14.113278 -0.400000 -0.499999
v 14.000001 -0.500000 -0.392594
v 14.386724 4.400000 -0.499999
v 14.500000 4.500000 -0.392594
v 14.500001 -0.500000 -0.392594
v 14.386724 -0.400000 -0.499999
v 13.800000 1.000000 7.500001
v 14.700000 1.000000 7.500000
v 13.800000 1.000000 2.000001
v 14.700000 1.000000 2.000001
v 13.849999 1.200000 7.500001
v 13.800000 1.150000 7.500001
v 14.700000 1.150000 7.500000
v 14.649999 1.200000 7.500000
v 14.649999 1.200000 2.000001
v 14.700000 1.150000 2.000001
v 13.800000 1.150000 2.000001
v 13.849999 1.200000 2.000001
v 14.286389 2.000000 -0.285189
v 14.386407 2.100000 -0.285189
v 14.386373 1.900000 -0.285189
v 14.099999 2.000000 -2.999999
v 14.000001 2.100000 -2.999999
v 14.000001 1.900000 -2.999999
v 14.400001 2.000000 -2.999999
v 14.500001 1.900000 -2.999999
v 14.500001 2.100000 -2.999999
v 14.213613 2.000000 -0.285188
v 14.113629 1.900000 -0.285188
v 14.113595 2.100000 -0.285188
v 14.450289 2.000000 -11.374658
v 14.500000 2.100000 -11.444640
v 14.500000 1.900000 -11.444640
v 14.213613 2.000000 -10.900847
v 14.113594 2.100000 -11.354438
v 14.113628 1.900000 -11.354438
v 14.100001 2.000000 -8.500001
v 14.000001 2.100000 -8.500001
v 14.000001 1.900000 -8.500001
v 14.400001 2.000000 -8.500001
v 14.500001 1.900000 -8.500001
v 14.500001 2.100000 -8.500001
v 14.286389 2.000000 -10.900847
v 14.386406 2.100000 -11.354438
v 14.386370 1.900000 -11.354438
v 14.099998 2.000000 -11.254439
v 14.000000 1.900000 -11.254439
v 14.000000 2.100000 -11.254439
v 14.000001 1.000000 -2.999999
v 14.500001 1.000000 -2.999999
v 14.000001 1.000000 -8.500001
v 14.500001 1.000000 -8.500001
v 14.386211 1.000000 -11.354438
v 14.113790 1.000000 -0.285188
v 14.000000 1.000000 -11.254439
v 14.500000 1.000000 -11.444640
v 14.113789 1.000000 -11.354438
v 14.386212 1.000000 -0.285189
v 14.400001 1.000000 -8.500001
v 14.400001 1.000000 -2.999999
v 14.400000 3.000000 -8.499999
v 14.400000 3.000000 -3.000000
v 14.400001 1.200000 -8.300000
v 14.400001 1.200000 -3.199999
v 14.400001 2.800000 -8.300000
v 14.400001 2.800000 -3.199999
v 14.100001 1.000000 -8.500001
v 14.100001 1.000000 -2.999999
v 14.100000 3.000000 -8.499999
v 14.100000 3.000000 -3.000000
v 14.100001 1.200000 -8.300000
v 14.100001 1.200000 -3.199999
v 14.100001 2.800000 -8.300000
v 14.100001 2.800000 -3.199999
v 14.000000 3.000000 -3.000000
v 14.500000 3.000000 -3.000000
v 14.000000 3.000000 -8.499999
v 14.500000 3.000000 -8.499999
v 14.386561 3.000000 -11.354438
v 14.499999 3.000000 -11.444640
v 14.113434 3.000000 -0.285189
v 14.113433 3.000000 -11.354438
v 13.999999 3.000000 -11.254439
v 14.386564 3.000000 -0.285190
v 14.500000 4.500000 -2.999999
v 14.000001 -0.500000 -2.999998
v 14.000000 4.500000 -2.999999
v 14.500001 -0.500000 -2.999999
v 14.500000 4.500000 -8.499999
v 14.000000 4.500000 -8.499999
v 14.500001 -0.500000 -8.500001
v 14.000001 -0.500000 -8.500001
v 14.113276 4.400000 -0.285188
v 14.113276 -0.400000 -0.285188
v 13.999999 4.500000 -11.254439
v 14.113275 4.400000 -11.354438
v 14.113276 -0.400000 -11.354438
v 14.000000 -0.500000 -11.254439
v 14.386722 4.400000 -11.354438
v 14.499999 4.500000 -11.444640
v 14.500000 -0.500000 -11.444640
v 14.386723 -0.400000 -11.354438
v 14.386723 4.400000 -0.285189
v 14.386724 -0.400000 -0.285189
v 14.300000 1.200000 -3.199999
v 14.200002 1.200000 -3.199999
v 14.200002 2.800000 -3.199999
v 14.300000 2.800000 -3.199999
v 14.200002 2.800000 -8.300000
v 14.300000 2.800000 -8.300000
v 14.200002 1.200000 -8.300000
v 14.300000 1.200000 -8.300000
v 14.000001 4.755056 11.066611
v 14.500001 4.755056 11.566609
v 14.500000 4.755056 7.500001
v 14.000000 4.755056 7.500002
v 14.500000 4.755056 2.000001
v 14.000000 4.755056 2.000001
v 14.000000 4.755056 -0.392594
v 14.113277 4.655056 -0.499999
v 14.386724 4.655056 -0.499999
v 14.500000 4.755056 -0.392594
v 14.500000 4.755056 -2.999999
v 14.000000 4.755056 -2.999999
v 14.500000 4.755056 -8.499999
v 14.000000 4.755056 -8.499999
v 14.113276 4.655056 -0.285188
v 13.999999 4.755056 -11.254439
v 14.113275 4.655056 -11.354438
v 14.386722 4.655056 -11.354438
v 14.499999 4.755056 -11.444640
v 14.386723 4.655056 -0.285189
v 14.432873 2.000000 -11.450002
v 14.482874 2.100000 -11.500001
v 14.482874 1.900000 -11.500001
v 14.032875 2.000000 -11.050000
v 13.982874 1.900000 -11.000001
v 13.982874 2.100000 -11.000001
v 13.982874 1.000000 -11.000001
v 14.482874 1.000000 -11.500001
v 14.482873 3.000000 -11.500001
v 13.982873 3.000000 -11.000001
v 13.957019 4.454131 -11.000001
v 13.982874 -0.500000 -11.000001
v 14.456332 4.427963 -11.500001
v 14.482874 -0.500000 -11.500001
v 3.996850 2.000000 -11.099998
v 3.996850 2.099999 -11.000000
v 3.996850 1.900000 -11.000000
v 3.996850 2.000000 -11.400000
v 3.996850 1.900000 -11.500000
v 3.996850 2.100000 -11.500000
v 3.996850 1.000000 -11.000000
v 3.996850 1.000000 -11.500000
v -0.012423 0.999999 -11.000000
v -0.012423 1.000000 -11.500000
v 3.996849 1.000000 -11.400000
v 3.996850 3.000000 -11.399998
v 3.796850 1.000000 -11.400000
v 3.796849 2.800000 -11.400000
v 3.996849 1.000000 -11.100000
v 3.996850 3.000000 -11.099998
v 3.796850 1.000000 -11.100000
v 3.796849 2.800000 -11.100000
v 3.996850 3.000000 -10.999998
v 3.996850 3.000000 -11.499998
v -0.012423 2.999999 -10.999998
v -0.012423 3.000000 -11.499998
v 14.482873 3.000000 -11.500001
v 3.984681 4.976759 -11.499998
v 3.996851 -0.500000 -11.000000
v 3.984683 4.976759 -10.999998
v 3.996849 -0.500000 -11.500000
v -0.019097 5.186588 -11.499998
v -0.019097 5.186588 -10.999998
v -0.012423 -0.500000 -11.500000
v -0.012423 -0.500000 -11.000000
v 3.996850 1.000000 -10.799999
v 3.996850 1.000000 -11.699999
v -0.012423 0.999999 -10.799999
v -0.012423 1.000000 -11.699999
v 3.996850 1.200000 -10.849998
v 3.996850 1.150000 -10.799999
v 3.996850 1.150000 -11.699999
v 3.996850 1.200000 -11.650000
v -0.012423 1.199999 -11.650000
v -0.012423 1.150000 -11.699999
v -0.012423 1.149999 -10.799999
v -0.012423 1.199999 -10.850000
v 13.970366 4.708838 -11.000001
v 14.469680 4.682670 -11.500001
v 3.998030 5.231465 -11.499998
v 3.998030 5.231465 -10.999998
v -0.005749 5.441294 -11.499998
v -0.005749 5.441294 -10.999998
v -14.457718 1.999995 -11.450000
v -14.507719 2.099995 -11.499999
v -14.507719 1.899995 -11.499999
v -14.057720 1.999995 -11.049998
v -14.007719 1.899995 -10.999999
v -14.007719 2.099995 -10.999999
v -14.007719 0.999995 -10.999999
v -14.507719 0.999995 -11.499999
v -14.507720 2.999995 -11.499999
v -14.007720 2.999995 -10.999999
v -13.995215 5.919041 -10.999999
v -14.007719 -0.500005 -10.999999
v -14.494529 5.945209 -11.499999
v -14.507719 -0.500005 -11.499999
v -4.021697 1.999999 -11.099998
v -4.021697 2.099998 -11.000000
v -4.021697 1.899999 -11.000000
v -4.021697 1.999999 -11.400000
v -4.021697 1.899999 -11.500000
v -4.021697 2.099998 -11.500000
v -4.021697 0.999999 -11.000000
v -4.021697 0.999999 -11.500000
v -4.021696 0.999999 -11.400000
v -4.021697 2.999999 -11.399998
v -3.821696 0.999999 -11.400000
v -3.821696 2.799999 -11.400000
v -4.021696 0.999999 -11.100000
v -4.021697 2.999999 -11.099998
v -3.821696 0.999999 -11.100000
v -3.821696 2.799999 -11.100000
v -4.021697 2.999998 -10.999998
v -4.021697 2.999999 -11.499998
v -14.507720 2.999995 -11.499999
v -4.022878 5.396417 -11.499998
v -4.021697 -0.500001 -11.000000
v -4.022878 5.396417 -10.999998
v -4.021696 -0.500001 -11.500000
v -4.021697 0.999999 -10.799999
v -4.021697 0.999999 -11.699999
v -4.021697 1.199999 -10.849998
v -4.021697 1.149999 -10.799999
v -4.021697 1.149999 -11.699999
v -4.021697 1.199999 -11.650000
v -13.981867 6.173747 -10.999999
v -14.481180 6.199915 -11.499999
v -4.009529 5.651123 -11.499998
v -4.009530 5.651123 -10.999998
vn -1.0000 -0.0000 -0.0000
vn 0.5512 0.5512 0.6264
vn 0.5513 0.5512 0.6264
vn 0.6439 -0.2250 0.7312
vn 0.6236 -0.3310 0.7082
vn 0.5512 -0.5513 0.6263
vn 0.7071 -0.7071 -0.0000
vn 0.7071 0.7071 -0.0000
vn -0.5512 -0.5513 0.6263
vn -0.5513 -0.5513 0.6263
vn -0.6236 -0.3310 0.7082
vn -0.6440 -0.2250 0.7312
vn -0.5512 0.5512 0.6263
vn -0.7071 -0.7071 -0.0000
vn -0.7071 0.7071 -0.0000
vn -0.0000 -0.0000 1.0000
vn -0.0000 -0.0000 -1.0000
vn 0.7307 -0.6121 -0.3023
vn 0.9118 0.2246 -0.3437
vn 0.8750 0.3468 -0.3380
vn 0.7307 0.6122 -0.3022
vn 0.5513 -0.5513 -0.6262
vn 0.6236 -0.3310 -0.7082
vn 0.6440 -0.2250 -0.7312
vn 0.5513 0.5512 -0.6263
vn 0.6613 -0.0001 0.7502
vn 0.6613 -0.0000 0.7501
vn 0.6607 -0.0000 0.7507
vn 0.6604 -0.0001 0.7509
vn -0.6604 -0.0001 0.7509
vn -0.6607 -0.0000 0.7507
vn 0.9405 0.0001 -0.3399
vn 0.6604 -0.0001 -0.7509
vn 0.6607 -0.0000 -0.7507
vn 1.0000 -0.0000 -0.0000
vn 0.9403 -0.0000 -0.3404
vn 0.9402 0.0001 -0.3406
vn -0.0000 1.0000 -0.0000
vn -0.0000 -1.0000 -0.0000
vn 0.6613 -0.0000 -0.7501
vn -0.6613 -0.0000 0.7501
vn -0.6613 -0.0000 0.7502
vn -0.6610 0.0001 0.7504
vn 0.6610 0.0001 -0.7504
vn -0.6615 -0.0000 0.7499
vn 0.6616 -0.0000 -0.7499
vn 0.2310 -0.0183 -0.9728
vn 0.3948 0.0248 -0.9184
vn 0.6452 -0.0404 -0.7630
vn 0.6050 -0.0431 -0.7951
vn 0.2516 0.0277 0.9674
vn 0.6328 -0.0477 0.7729
vn 0.6618 -0.0000 0.7497
vn 0.3778 -0.0272 0.9255
vn -0.0000 -0.7071 0.7071
vn 0.9405 0.0001 -0.3397
vn 0.9404 -0.0002 -0.3401
vn 0.6615 -0.0000 0.7499
vn 0.6616 -0.0000 0.7499
vn 0.6609 0.0001 0.7504
vn 0.6610 0.0001 0.7504
vn 0.3433 0.6860 -0.6415
vn 0.1747 0.2254 0.9585
vn 0.3958 -0.0691 0.9158
vn 0.1747 -0.2254 0.9585
vn 0.3072 -0.1350 0.9420
vn 0.5513 -0.5513 0.6262
vn 0.6440 -0.2250 0.7312
vn 0.5513 0.5512 0.6263
vn 0.5444 0.4863 -0.6835
vn 0.5119 0.5699 -0.6428
vn 0.5443 0.4863 -0.6835
vn 0.5649 -0.1917 -0.8026
vn 0.5444 -0.4864 -0.6834
vn 0.5119 -0.5700 -0.6427
vn 0.5482 -0.3003 -0.7806
vn -0.5444 -0.4864 -0.6834
vn -0.5650 -0.1916 -0.8025
vn -0.5482 -0.3003 -0.7806
vn -0.5119 -0.5700 -0.6427
vn -0.5119 0.5699 -0.6428
vn -0.5443 0.4863 -0.6835
vn 0.4823 -0.0000 0.8760
vn 0.4817 -0.0000 0.8763
vn 0.4814 -0.0000 0.8765
vn 0.5844 -0.0000 -0.8115
vn -0.6219 -0.0492 -0.7815
vn -0.6219 0.0491 -0.7815
vn -0.5838 -0.0000 -0.8119
vn 0.5838 -0.0000 -0.8119
vn 0.6219 0.0491 -0.7815
vn 0.6219 -0.0492 -0.7815
vn -0.5845 -0.0000 -0.8114
vn -0.6007 -0.0404 -0.7984
vn -0.6444 0.0405 -0.7636
vn -0.6449 -0.0405 -0.7632
vn -0.6013 0.0404 -0.7980
vn 0.2719 -0.0000 -0.9623
vn 0.5146 -0.0000 -0.8574
vn 0.6223 -0.0000 -0.7828
vn 0.4086 -0.0000 -0.9127
vn 0.6618 -0.0000 -0.7497
vn 0.0382 0.6463 -0.7621
vn -0.0382 0.6464 -0.7621
vn 0.0382 0.6939 -0.7191
vn -0.0382 0.6939 -0.7190
vn -0.6376 -0.0000 0.7703
vn 0.2022 -0.1807 0.9625
vn 0.6013 0.0404 -0.7980
vn 0.6449 -0.0405 -0.7632
vn 0.6443 0.0405 -0.7637
vn 0.6007 -0.0403 -0.7984
vn 0.4826 -0.0000 0.8758
vn 0.4820 -0.0001 0.8761
vn -0.0382 -0.6939 -0.7190
vn 0.0382 -0.6939 -0.7191
vn -0.0382 -0.6464 -0.7621
vn 0.0382 -0.6463 -0.7621
vn -0.0000 0.8756 -0.4831
vn -0.4831 0.8756 -0.0000
vn -0.0000 0.8756 0.4831
vn 0.4831 0.8756 -0.0000
vn -0.5367 0.1196 -0.8353
vn -0.8353 0.1196 -0.5367
vn -0.8607 0.3416 -0.3776
vn -0.3776 0.3416 -0.8607
vn 0.3103 0.2436 0.9189
vn 0.3827 -0.0000 0.9239
vn 0.9239 -0.0000 0.3827
vn 0.9189 0.2436 0.3103
vn 0.5367 0.1195 0.8353
vn 0.8353 0.1195 0.5367
vn 0.8607 0.3416 0.3776
vn 0.3776 0.3416 0.8607
vn 0.5682 0.5952 -0.5682
vn -0.3103 0.2436 -0.9189
vn -0.3827 -0.0000 -0.9239
vn -0.9239 -0.0000 -0.3827
vn -0.9189 0.2436 -0.3103
vn 0.3638 0.8575 -0.3638
vn 0.7041 0.6742 -0.2228
vn 0.2228 0.6743 -0.7041
vn 0.0206 0.5344 -0.8450
vn -0.3638 0.8575 0.3638
vn -0.7041 0.6743 0.2228
vn -0.2228 0.6743 0.7041
vn -0.7071 -0.0000 0.7071
vn -0.3827 -0.0000 0.9239
vn -0.4066 0.2151 0.8879
vn -0.8879 0.2151 0.4066
vn 0.7071 -0.0000 -0.7071
vn 0.4066 0.2151 -0.8879
vn 0.8879 0.2151 -0.4066
vn -0.2109 0.4606 0.8622
vn 0.8622 0.4606 -0.2109
vn -0.8622 0.4606 0.2109
vn 0.2109 0.4606 -0.8622
vn 0.1295 0.3234 0.9373
vn 0.9374 0.3234 0.1295
vn -0.9374 0.3234 -0.1295
vn -0.9997 -0.0000 -0.0257
vn 0.0256 -0.0000 0.9997
vn -0.5682 0.5952 0.5682
vn -0.5682 -0.5952 0.5682
vn -0.0256 -0.0000 -0.9997
vn 0.5682 -0.5952 -0.5682
vn 0.9997 -0.0000 0.0257
vn 0.9505 -0.3107 -0.0000
vn 0.8232 -0.3107 -0.4753
vn 0.8660 -0.0000 -0.5000
vn -0.3897 0.8931 -0.2250
vn -0.2250 0.8931 -0.3897
vn -0.4500 0.8931 -0.0000
vn -0.3897 0.8931 0.2250
vn -0.2250 0.8931 0.3897
vn -0.0000 0.8931 0.4500
vn 0.2250 0.8931 0.3897
vn 0.3897 0.8931 0.2250
vn 0.4499 0.8931 -0.0000
vn -0.0000 0.8931 -0.4500
vn 0.5000 -0.0000 -0.8660
vn 0.2250 0.8931 -0.3897
vn 0.7872 -0.6166 -0.0000
vn 0.6818 -0.6166 -0.3936
vn 0.3936 -0.6166 -0.6818
vn 0.4753 -0.3107 -0.8232
vn -0.0000 -0.6166 -0.7872
vn -0.0000 -0.3107 -0.9505
vn -0.3936 -0.6166 -0.6818
vn -0.4753 -0.3107 -0.8232
vn -0.5000 -0.0000 -0.8660
vn -0.6818 -0.6166 -0.3936
vn -0.8232 -0.3107 -0.4753
vn -0.8660 -0.0000 -0.5000
vn -0.7872 -0.6166 -0.0000
vn -0.9505 -0.3107 -0.0000
vn -0.6818 -0.6166 0.3936
vn -0.8232 -0.3107 0.4753
vn -0.8660 -0.0000 0.5000
vn -0.3936 -0.6166 0.6818
vn -0.4753 -0.3107 0.8232
vn -0.5000 -0.0000 0.8660
vn -0.0000 -0.6166 0.7872
vn -0.0000 -0.3107 0.9505
vn 0.3936 -0.6166 0.6818
vn 0.4753 -0.3107 0.8232
vn 0.5000 -0.0000 0.8660
vn 0.6818 -0.6166 0.3936
vn 0.8232 -0.3107 0.4753
vn 0.8660 -0.0000 0.5000
vn -0.8380 0.2522 0.4838
vn -0.9677 0.2522 -0.0000
vn 0.6753 0.6261 -0.3899
vn 0.3899 0.6261 -0.6753
vn -0.0000 0.6261 -0.7797
vn -0.3899 0.6261 -0.6753
vn -0.6753 0.6261 -0.3899
vn -0.7797 0.6261 -0.0000
vn -0.6753 0.6261 0.3899
vn -0.3899 0.6261 0.6753
vn -0.0000 0.6261 0.7797
vn 0.3899 0.6261 0.6753
vn 0.6753 0.6261 0.3899
vn 0.7797 0.6261 -0.0000
vn -0.4838 0.2522 -0.8380
vn -0.0000 0.2523 -0.9677
vn 0.8380 0.2522 0.4838
vn 0.4838 0.2522 0.8380
vn 0.8380 0.2522 -0.4838
vn 0.9677 0.2522 -0.0000
vn -0.4838 0.2522 0.8380
vn -0.8380 0.2522 -0.4838
vn 0.4838 0.2522 -0.8380
vn -0.0000 0.2522 0.9677
vn 0.2675 0.9635 -0.0000
vn 0.2317 0.9635 -0.1338
vn 0.1338 0.9635 -0.2317
vn -0.0000 0.9636 -0.2675
vn -0.1337 0.9636 -0.2317
vn -0.2317 0.9635 -0.1338
vn -0.2675 0.9636 -0.0000
vn -0.2317 0.9635 0.1338
vn -0.1338 0.9636 0.2317
vn -0.0000 0.9636 0.2675
vn 0.1338 0.9635 0.2317
vn 0.2317 0.9635 0.1338
vn 0.3897 0.8931 -0.2250
vn -0.4499 0.8931 -0.0000
vn 0.6818 -0.6167 0.3936
vn -0.4839 0.2523 -0.8380
vn -0.0000 0.2522 -0.9677
vn -0.4839 0.2522 0.8380
vn 0.1338 0.9636 -0.2317
vn -0.0000 0.9635 -0.2675
vn -0.1338 0.9636 -0.2317
vn -0.2317 0.9636 -0.1337
vn -0.2675 0.9635 -0.0000
vn -0.0000 0.9635 0.2675
vn 0.1338 0.9636 0.2317
vn -0.2743 -0.0138 -0.9616
vn -0.3649 0.0195 -0.9308
vn 0.2719 -0.0000 0.9623
vn 0.4086 -0.0000 0.9127
vn 0.2922 -0.0000 0.9564
vn 0.1828 -0.0000 0.9831
vn -0.6328 -0.0477 0.7729
vn -0.2259 0.0094 0.9741
vn -0.4088 0.0028 0.9126
vn -0.6618 -0.0000 0.7497
vn 0.4829 -0.0000 0.8757
vn -0.0000 0.7071 0.7071
vn 0.3433 -0.6860 -0.6415
vn 0.3090 -0.0000 0.9511
vn 0.2022 0.1807 0.9625
vn 0.9406 -0.0000 -0.3395
vn -0.6050 -0.0431 -0.7951
vn -0.6452 -0.0405 -0.7629
vn 0.3416 -0.3416 0.8756
vn 0.3416 0.3416 0.8756
vn -0.3416 0.3416 0.8756
vn -0.3416 -0.3416 0.8756
vn -0.3416 -0.3416 -0.8756
vn -0.3416 0.3416 -0.8756
vn 0.3416 0.3416 -0.8756
vn 0.3416 -0.3416 -0.8756
vn -0.3416 -0.8756 0.3416
vn -0.8756 -0.3416 0.3416
vn -0.4606 0.7588 0.4606
vn -0.7588 0.4606 0.4606
vn -0.3416 -0.8756 -0.3416
vn -0.8756 -0.3416 -0.3416
vn -0.4606 0.7588 -0.4605
vn -0.8756 0.3416 -0.3416
vn 0.3416 -0.8756 0.3416
vn 0.7588 -0.4606 0.4606
vn 0.4606 0.7588 0.4606
vn 0.7588 0.4606 0.4606
vn 0.3416 -0.8756 -0.3416
vn 0.7588 -0.4606 -0.4606
vn 0.4606 0.7588 -0.4606
vn 0.7588 0.4606 -0.4606
vn 0.8756 -0.3416 -0.3416
vn 0.8756 0.3416 -0.3416
vn 0.8756 0.3416 0.3416
vn 0.8756 -0.3416 0.3416
vn -0.8756 0.3416 0.3416
vn -0.4606 -0.7588 0.4606
vn -0.4606 -0.7588 -0.4605
vn 0.4606 -0.7588 0.4606
vn 0.4606 -0.7588 -0.4606
vn 0.5774 -0.5773 -0.5774
vn 0.5774 0.5773 -0.5774
vn -0.5774 -0.5774 -0.5773
vn -0.5773 0.5774 -0.5774
vn -0.7071 -0.0000 -0.7071
vn -0.0000 -0.7071 -0.7071
vn -0.0000 0.7071 -0.7071
vn 0.5773 -0.5773 -0.5774
vn 0.5773 0.5773 -0.5774
vn -0.5774 -0.5773 -0.5773
vn -0.5774 0.5773 -0.5773
vn 1.0000 0.0036 0.0043
vn 1.0000 -0.0036 0.0043
vn 1.0000 -0.0069 0.0027
vn 1.0000 0.0069 0.0027
vn 1.0000 -0.0018 -0.0024
vn 1.0000 -0.0075 -0.0011
vn 1.0000 0.0018 -0.0024
vn 1.0000 0.0075 -0.0011
vn 0.7071 -0.0000 0.7071
vn -0.6832 -0.0000 -0.7303
vn -0.6832 0.7303 -0.0000
vn -0.6832 -0.7303 -0.0000
vn -0.6831 -0.0000 0.7303
vn -0.5773 -0.5774 0.5774
vn -0.5773 0.5774 0.5774
vn 0.5773 -0.5773 0.5774
vn 0.5773 0.5774 0.5774
vn 0.3416 -0.0215 0.9396
vn 0.3416 0.6204 0.7059
vn -0.3416 0.6204 0.7060
vn -0.3416 -0.0215 0.9396
vn -0.4515 -0.5500 0.7026
vn -0.7572 -0.2628 0.5980
vn -0.4515 0.8730 0.1846
vn -0.7572 0.5857 0.2892
vn 0.4515 -0.5500 0.7026
vn 0.7572 -0.2628 0.5980
vn 0.4515 0.8730 0.1846
vn 0.7572 0.5857 0.2892
vn -0.7071 -0.6645 0.2418
vn 0.9972 -0.0256 -0.0703
vn -0.7071 0.6645 -0.2418
vn -0.9972 -0.0256 -0.0703
vn 0.7071 -0.6644 0.2418
vn -0.0000 0.9115 -0.4113
vn -0.0000 -0.9626 0.2708
vn 0.7071 0.6645 -0.2418
vn 0.3746 0.8713 -0.3171
vn 0.7009 0.6702 -0.2439
vn 0.3907 -0.8650 0.3148
vn 0.0087 -0.9397 0.3420
vn -0.7009 -0.6702 0.2439
vn -1.0000 -0.0082 0.0030
vn -0.9272 0.3520 -0.1281
vn -0.7133 0.6586 -0.2397
vn -0.0087 0.9397 -0.3420
vn 1.0000 0.0082 -0.0030
vn 0.9272 -0.3520 0.1281
vn 0.3522 0.1827 0.9179
vn 0.3496 0.4559 0.8185
vn 0.1484 -0.0122 0.9889
vn -0.1423 -0.0146 0.9897
vn -0.3497 0.1769 0.9200
vn -0.3522 0.4501 0.8206
vn -0.1484 0.6449 0.7497
vn 0.1423 0.6473 0.7488
vn -0.3535 0.9283 0.1152
vn -0.8390 0.4641 0.2841
vn -0.3536 0.9283 0.1152
vn 0.8390 -0.1729 0.5160
vn 0.8329 0.4778 0.2791
vn 0.3390 0.9340 0.1131
vn 0.3536 -0.6371 0.6849
vn -0.8329 -0.1866 0.5210
vn -0.3390 -0.6428 0.6870
vn -0.0000 0.9397 -0.3420
vn -0.3626 0.9319 0.0007
vn 0.3626 0.9319 0.0007
vn 0.7071 -0.6645 0.2418
vn 0.8755 -0.2315 0.4242
vn 0.3626 -0.7135 0.5996
vn 0.3827 -0.8682 0.3160
vn -0.3626 -0.7135 0.5996
vn -0.0000 -0.9397 0.3420
vn -0.8755 -0.2315 0.4242
vn -0.9239 -0.3596 0.1309
vn -0.8755 0.4500 0.1761
vn -0.9239 0.3596 -0.1309
vn 0.7071 0.6645 -0.2419
vn 0.8755 0.4500 0.1761
vn 0.9239 0.3596 -0.1309
vn 0.2177 0.9096 0.3538
vn 0.7055 0.4954 0.5068
vn 0.7055 -0.0538 0.7067
vn 0.2177 -0.4694 0.8557
vn -0.2177 -0.4694 0.8557
vn -0.7055 -0.0538 0.7067
vn -0.7055 0.4954 0.5068
vn -0.2177 0.9096 0.3538
vn -0.0000 0.3420 0.9397
vn -0.0000 0.9512 0.3087
vn -0.9121 0.1402 0.3852
vn 0.9121 0.1402 0.3852
vn -0.0000 -0.5302 0.8479
vn 0.9239 -0.3596 0.1309
vn -0.9121 0.1402 0.3853
vn 0.6926 0.0175 -0.7211
vn 0.6686 0.0453 -0.7422
vn -0.0200 -0.9996 -0.0200
vn -0.7423 0.0454 0.6685
vn -0.7211 0.0176 0.6926
vn -0.7691 0.0834 0.6336
vn 0.6339 0.0832 -0.7689
vn 0.3068 0.9010 0.3068
vn 0.1618 0.9735 0.1618
vn -0.7211 0.0176 -0.6926
vn -0.7422 0.0454 -0.6686
vn -0.0200 -0.9996 0.0200
vn 0.6685 0.0454 0.7423
vn 0.6926 0.0176 0.7211
vn 0.6337 0.0834 0.7691
vn -0.7690 0.0832 -0.6338
vn 0.3068 0.9010 -0.3068
vn 0.1618 0.9735 -0.1618
vn -0.6926 0.0175 0.7211
vn -0.6686 0.0453 0.7422
vn 0.0200 -0.9996 0.0200
vn 0.7423 0.0454 -0.6685
vn 0.7211 0.0175 -0.6926
vn 0.7691 0.0833 -0.6337
vn -0.6339 0.0832 0.7690
vn -0.3068 0.9010 -0.3068
vn -0.1618 0.9735 -0.1618
vn 0.7211 0.0175 0.6926
vn 0.7422 0.0453 0.6686
vn 0.0200 -0.9996 -0.0200
vn -0.6685 0.0455 -0.7423
vn -0.6926 0.0176 -0.7211
vn -0.6337 0.0834 -0.7691
vn 0.7689 0.0832 0.6339
vn -0.3068 0.9010 0.3068
vn -0.1618 0.9735 0.1618
vn -0.7020 0.6868 -0.1881
vn -0.5139 0.6868 -0.5139
vn -0.5139 0.6868 0.5139
vn -0.7020 0.6868 0.1881
vn -0.1881 0.6868 0.7020
vn 0.1881 0.6868 0.7020
vn 0.5139 0.6868 0.5139
vn 0.7020 0.6868 0.1881
vn 0.7020 0.6868 -0.1881
vn 0.5139 0.6868 -0.5139
vn 0.1881 0.6868 -0.7020
vn -0.1881 0.6868 -0.7020
vn 0.1710 0.9690 -0.1784
vn 0.0690 0.9690 -0.2373
vn -0.0000 0.9743 -0.2251
vn 0.1950 0.9743 -0.1126
vn -0.2401 0.9690 0.0589
vn -0.1710 0.9690 0.1784
vn -0.1950 0.9743 0.1126
vn 0.0690 0.9690 0.2373
vn 0.1710 0.9690 0.1784
vn 0.1950 0.9743 0.1126
vn -0.0000 0.9743 0.2251
vn 0.2400 0.9690 -0.0589
vn -0.2401 0.9690 -0.0589
vn -0.1950 0.9743 -0.1126
vn -0.0690 0.9690 -0.2373
vn -0.1710 0.9690 -0.1784
vn -0.0690 0.9690 0.2373
vn 0.2400 0.9690 0.0589
vn -0.0131 0.0095 -0.9999
vn -0.0327 0.0238 -0.9992
vn 0.0011 -1.0000 -0.0000
vn -0.0331 0.0241 0.9992
vn -0.0132 0.0096 0.9999
vn -0.0605 0.0440 0.9972
vn -0.0597 0.0434 -0.9973
vn 0.4338 0.9010 -0.0000
vn 0.2420 0.9703 -0.0000
vn -0.9999 0.0095 0.0131
vn -0.9992 0.0238 0.0328
vn 0.0329 0.9995 -0.0000
vn -0.0000 -1.0000 -0.0011
vn 0.9992 0.0240 0.0330
vn 0.9999 0.0096 0.0132
vn 0.9972 0.0438 0.0603
vn -0.9973 0.0436 0.0599
vn -0.0000 0.9010 -0.4338
vn -0.0000 0.9703 -0.2420
vn 0.0131 0.0096 0.9999
vn 0.0327 0.0238 0.9992
vn -0.0000 0.9995 -0.0329
vn -0.0011 -1.0000 -0.0000
vn 0.0331 0.0240 -0.9992
vn 0.0132 0.0096 -0.9999
vn 0.0604 0.0439 -0.9972
vn 0.0598 0.0435 0.9973
vn -0.4338 0.9010 -0.0000
vn -0.2420 0.9703 -0.0000
vn 0.9999 0.0095 -0.0131
vn 0.9992 0.0238 -0.0327
vn -0.0329 0.9995 -0.0000
vn -0.0000 -1.0000 0.0011
vn -0.9992 0.0241 -0.0331
vn -0.9999 0.0096 -0.0132
vn -0.9972 0.0440 -0.0605
vn 0.9973 0.0434 -0.0597
vn -0.0000 0.9010 0.4338
vn -0.0000 0.9703 0.2419
vn -0.0000 0.9703 0.2420
vn -0.0000 0.9995 0.0329
vn -0.3790 0.9254 -0.0000
vn -0.0000 0.8000 -0.6000
vn 0.3790 0.9254 -0.0000
vn -0.0000 0.8000 0.6000
vn -0.4606 0.7588 -0.4606
vn -0.4606 -0.7588 -0.4606
vn -0.5773 -0.5773 -0.5774
vn -0.6832 -0.0000 0.7303
vn 0.5773 0.5774 -0.5774
vn 0.5773 -0.5774 -0.5774
vn -0.5773 0.5773 -0.5774
vn -0.5773 -0.5774 -0.5774
vn 0.3535 -0.6371 0.6849
vn -0.3390 -0.6427 0.6870
vn -0.7071 0.6645 -0.2419
vn 0.7071 -0.6645 0.2419
vn 0.2401 0.9690 -0.0589
vn 0.2401 0.9690 0.0589
vn -0.0000 0.9995 -0.0330
vn -0.0000 0.8000 -0.6001
vn -0.5773 0.5774 -0.5773
vn -0.5774 0.5773 -0.5774
vn 0.5774 0.5774 -0.5773
vn 0.5774 -0.5774 -0.5773
vn -0.3416 0.6204 0.7059
vn -0.7132 0.6586 -0.2397
vn 0.1484 -0.0122 0.9888
vn -0.7055 -0.0537 0.7067
vn 0.7055 -0.0537 0.7067
vn -0.7211 0.0175 0.6926
vn -0.7211 0.0175 -0.6926
vn 0.7691 0.0834 -0.6337
vn -0.9999 0.0096 -0.0133
vn -0.0000 0.8000 0.6001
vn 0.4606 0.7588 -0.4605
vn 0.4606 -0.7588 -0.4605
vn -0.5774 0.5774 -0.5773
vn -0.5774 -0.5773 0.5773
vn -0.5774 0.5774 0.5773
vn 0.5773 -0.5774 0.5774
vn 0.5773 0.5774 0.5773
vn 0.3416 0.6204 0.7060
vn -0.7071 -0.6644 0.2418
vn -0.1423 -0.0145 0.9897
vn -0.1484 0.6450 0.7497
vn -0.7071 -0.6645 0.2419
vn 0.3626 -0.7134 0.5996
vn -0.6686 0.0454 0.7422
vn -0.9999 0.0096 0.0131
vn -0.9992 0.0239 0.0328
vn 0.0131 0.0095 0.9999
vn -0.9999 0.0097 -0.0132
vn -0.9239 -0.3827 -0.0000
vn -0.9239 0.3827 -0.0000
vn -0.3827 -0.9239 -0.0000
vn -0.0000 -0.3827 -0.9239
vn -0.7588 -0.4606 -0.4606
vn -0.7588 0.4606 -0.4606
vn -0.4606 -0.4606 0.7588
vn -0.4606 0.4606 0.7588
vn -0.0000 -0.9239 -0.3827
vn -0.0000 -0.9239 0.3827
vn -0.0000 0.9239 0.3827
vn -0.0000 0.9239 -0.3827
vn -0.3416 0.8756 -0.3416
vn -0.3416 0.8756 0.3416
vn -0.0000 -0.3827 0.9239
vn -0.9574 0.2042 0.2042
vn -0.9574 0.2888 -0.0000
vn 0.4205 0.6416 0.6416
vn 0.4204 -0.0000 0.9073
vn 0.4204 -0.0000 -0.9073
vn 0.4204 0.6416 -0.6416
vn 0.4204 -0.9073 -0.0000
vn 0.4204 -0.6416 -0.6416
vn -0.4204 -0.0000 0.9073
vn -0.4204 -0.6416 0.6416
vn -0.4205 0.9073 -0.0000
vn -0.4205 0.6416 0.6416
vn -0.4204 -0.6416 -0.6416
vn -0.4204 -0.0000 -0.9073
vn -0.4204 0.6416 -0.6416
vn -0.4204 -0.9073 -0.0000
vn 0.4205 0.9073 -0.0000
vn -0.9574 0.2042 -0.2042
vn 0.4204 -0.6416 0.6416
vn -0.9574 -0.2042 0.2042
vn -0.9574 -0.0000 0.2888
vn -0.9574 -0.2042 -0.2042
vn -0.9574 -0.2888 -0.0000
vn -0.9574 -0.0000 -0.2888
vn 0.9239 -0.3827 -0.0000
vn 0.9239 0.3827 -0.0000
vn 0.3827 -0.9239 -0.0000
vn 0.4606 -0.4606 -0.7588
vn 0.4606 0.4606 -0.7588
vn 0.3416 0.8756 0.3416
vn 0.3416 0.8756 -0.3416
vn 0.9574 0.2042 -0.2042
vn 0.9574 0.2888 -0.0000
vn -0.4205 0.6416 -0.6416
vn -0.4205 -0.0000 -0.9073
vn -0.4204 0.6416 0.6416
vn 0.4205 0.6416 -0.6416
vn 0.4204 0.6416 0.6416
vn 0.9574 0.2042 0.2042
vn 0.9574 -0.2042 -0.2042
vn 0.9574 -0.0000 -0.2889
vn 0.9574 -0.2042 0.2042
vn 0.9574 -0.2888 -0.0000
vn 0.9574 -0.0000 0.2888
vn -0.0000 0.3827 0.9239
vn 0.3827 0.9239 -0.0000
vn -0.3827 0.9239 -0.0000
vn 0.2042 0.2042 0.9574
vn -0.0000 0.2888 0.9574
vn 0.6416 0.6416 -0.4205
vn 0.9073 -0.0000 -0.4205
vn -0.9073 -0.0000 -0.4204
vn -0.6416 0.6416 -0.4205
vn -0.0000 -0.9073 -0.4204
vn -0.6416 -0.6416 -0.4204
vn 0.9073 -0.0000 0.4205
vn 0.6416 -0.6416 0.4204
vn -0.0000 0.9073 0.4205
vn 0.6416 0.6416 0.4205
vn -0.6416 -0.6416 0.4204
vn -0.9073 -0.0000 0.4204
vn -0.6416 0.6416 0.4204
vn -0.0000 -0.9073 0.4204
vn -0.0000 0.9073 -0.4205
vn -0.2042 0.2042 0.9574
vn 0.6416 -0.6416 -0.4204
vn 0.2042 -0.2042 0.9574
vn 0.2888 -0.0000 0.9574
vn -0.2042 -0.2042 0.9574
vn -0.0000 -0.2888 0.9574
vn -0.2888 -0.0000 0.9574
vn 0.2043 0.2043 0.9574
vn 0.9073 -0.0000 0.4204
vn -0.2043 0.2042 0.9574
vn 0.2043 -0.2043 0.9574
vn 0.2889 -0.0000 0.9574
vn -0.2043 -0.2043 0.9574
vn -0.2889 -0.0000 0.9574
vn -0.0000 0.2889 0.9574
vn -0.0000 -0.2889 0.9574
vn -0.4605 -0.4606 0.7588
vn -0.4605 0.4606 0.7588
vn 0.6416 0.6416 -0.4204
vn 0.9073 -0.0000 -0.4204
vn -0.6416 0.6416 -0.4204
vn 0.6416 0.6416 0.4204
vn 0.2042 -0.2043 0.9574
vn 0.4205 -0.0000 0.9073
vn 0.9574 -0.0000 -0.2888
vn 0.9574 0.2889 -0.0000
vn 0.9574 -0.2889 -0.0000
vn 0.9574 -0.0000 0.2889
vn -0.2043 0.2043 0.9574
vn 0.6416 -0.6416 -0.4205
vn 0.7588 0.4606 0.4605
vn -0.2042 -0.2043 0.9574
vn -0.0000 0.9073 0.4204
vn 0.5774 0.5774 0.5774
vn 0.7588 -0.4606 0.4605
vn 0.9574 0.2043 0.2042
vn 0.9574 -0.2043 0.2042
vn -0.5774 -0.5774 0.5773
vn -0.6247 0.5523 0.5520
vn -0.6247 0.5522 0.5521
vn -0.6247 0.5539 0.5504
vn -0.7298 -0.2255 0.6454
vn -0.7067 -0.3317 0.6249
vn -0.6246 -0.5522 0.5522
vn -0.6248 -0.5522 -0.5520
vn -0.6248 -0.5521 -0.5520
vn -0.7069 -0.3317 -0.6247
vn -0.7300 -0.2253 -0.6452
vn -0.6249 0.5521 -0.5520
vn -0.6249 0.5520 -0.5520
vn -0.6249 0.5521 -0.5519
vn -0.0000 -0.7062 -0.7080
vn -0.0000 -0.7063 -0.7079
vn 0.0002 -0.7062 -0.7080
vn 0.0003 -0.7063 -0.7080
vn 0.0001 0.7063 -0.7079
vn -0.0001 0.7062 -0.7080
vn -0.0000 0.7063 -0.7079
vn -0.0000 0.7062 -0.7080
vn -0.0001 -0.7061 0.7081
vn -0.0001 -0.7060 0.7082
vn -0.0001 -0.7062 0.7081
vn -0.0003 -0.7060 0.7082
vn -0.0003 0.7060 0.7082
vn -0.0001 0.7062 0.7081
vn -0.0001 0.7060 0.7082
vn -0.0001 0.7061 0.7081
vn -0.7488 -0.0000 0.6628
vn -0.7499 0.0088 0.6615
vn -0.7495 0.0001 0.6620
vn -0.7495 -0.0000 0.6620
vn -0.7497 0.0001 0.6618
vn -0.9640 0.0324 -0.2639
vn -0.9455 0.0067 -0.3255
vn -0.9608 0.0087 -0.2773
vn -0.9348 0.0485 -0.3519
vn -0.7490 -0.0000 -0.6625
vn -0.7490 -0.0000 -0.6626
vn -0.9647 -0.0177 -0.2629
vn -0.9465 -0.0198 -0.3220
vn 0.0099 0.0066 0.9999
vn 0.0067 0.0044 1.0000
vn -0.7488 -0.0000 -0.6628
vn -0.7488 -0.0017 -0.6628
vn 0.0202 0.0134 0.9997
vn -0.7361 -0.6397 -0.2212
vn -0.9396 0.1246 0.3188
vn -0.9286 0.0335 -0.3696
vn -0.7330 -0.0045 -0.6803
vn -0.0000 -1.0000 -0.0001
vn 0.0001 -1.0000 -0.0002
vn 0.9331 0.3596 0.0028
vn 0.7607 -0.6246 -0.1768
vn 0.7641 0.0039 -0.6450
vn 0.9375 -0.3327 0.1015
vn -0.7059 -0.7083 0.0020
vn -0.7059 -0.7083 -0.0003
vn -0.7059 -0.7070 0.0430
vn -0.7060 -0.7005 0.1046
vn -0.7486 -0.0001 0.6630
vn -0.7486 -0.0000 0.6630
vn -0.7500 0.0510 0.6595
vn -0.7501 0.0892 0.6553
vn 0.7309 -0.2258 -0.6441
vn 0.7492 -0.0000 -0.6624
vn 0.7492 -0.0001 -0.6624
vn 0.7079 -0.3323 -0.6232
vn 0.7486 -0.0000 0.6630
vn 0.7490 -0.0000 0.6626
vn 0.7486 -0.0020 0.6630
vn -0.9351 0.3541 0.0136
vn -0.7427 -0.6339 0.2159
vn -0.7375 0.0015 0.6754
vn -0.9360 -0.3436 -0.0761
vn 0.7307 -0.2257 0.6443
vn 0.7077 -0.3325 0.6234
vn 0.6263 -0.5527 -0.5498
vn 0.6263 -0.5528 -0.5497
vn 0.6260 0.5529 0.5499
vn 0.7305 0.2313 0.6426
vn 0.7076 0.3373 0.6209
vn 0.6261 0.5530 0.5498
vn 0.7488 -0.0001 -0.6628
vn 0.7488 -0.0000 -0.6628
vn 0.7492 0.0001 -0.6624
vn 0.7306 0.2256 -0.6444
vn 0.7078 0.3324 -0.6233
vn 0.7492 0.0019 -0.6623
vn 0.6263 0.5528 -0.5497
vn 0.6263 0.5527 -0.5498
vn 0.6260 -0.5528 0.5499
vn 0.6260 -0.5529 0.5499
vn 0.7489 0.0114 0.6625
vn 1.0000 -0.0001 0.0006
vn 0.7059 -0.7083 -0.0003
vn 0.7058 -0.7083 0.0073
vn 0.7059 -0.7083 0.0044
vn 0.6247 0.5522 0.5521
vn 0.6246 0.5523 0.5520
vn 0.6247 0.5532 0.5512
vn 0.6247 0.5523 0.5520
vn 0.7298 -0.2255 0.6454
vn 0.6245 -0.5523 0.5522
vn 0.7067 -0.3318 0.6249
vn 0.6248 -0.5522 -0.5520
vn 0.7300 -0.2254 -0.6452
vn 0.7069 -0.3317 -0.6248
vn 0.6249 0.5520 -0.5521
vn 0.6249 0.5522 -0.5519
vn 0.6249 0.5529 -0.5512
vn 0.0003 -0.7062 -0.7080
vn 0.0003 -0.7063 -0.7079
vn 0.0005 -0.7063 -0.7080
vn 0.0004 0.7062 -0.7080
vn 0.0003 0.7063 -0.7079
vn 0.0003 0.7062 -0.7080
vn 0.0002 -0.7061 0.7081
vn 0.0004 -0.7060 0.7082
vn 0.0002 -0.7060 0.7082
vn 0.0004 0.7060 0.7082
vn 0.0002 0.7061 0.7081
vn 0.0002 0.7060 0.7082
vn 0.7488 -0.0000 0.6628
vn 0.7498 0.0088 0.6616
vn 0.7497 0.0001 0.6618
vn 0.7494 0.0004 0.6621
vn 0.7494 0.0001 0.6621
vn 0.9640 0.0324 -0.2639
vn 0.9348 0.0485 -0.3519
vn 0.9608 0.0087 -0.2772
vn 0.9455 0.0067 -0.3255
vn 0.7490 -0.0001 -0.6626
vn 0.7490 0.0001 -0.6626
vn 0.9647 -0.0177 -0.2629
vn 0.9465 -0.0201 -0.3219
vn -0.0067 0.0044 1.0000
vn -0.0099 0.0066 0.9999
vn 0.7487 -0.0000 -0.6629
vn 0.7487 -0.0007 -0.6629
vn -0.0202 0.0134 0.9997
vn 0.7605 -0.6247 0.1770
vn 0.9314 0.1385 -0.3365
vn 0.9422 0.0455 0.3321
vn 0.7640 0.0040 0.6452
vn 0.7059 -0.7083 0.0010
vn 0.7059 -0.7007 0.1037
vn 0.7059 -0.7070 0.0430
vn 0.7485 -0.0010 0.6631
vn 0.7485 -0.0001 0.6631
vn 0.7499 0.0511 0.6595
vn 0.7501 0.0882 0.6555
vn -0.7308 -0.2256 -0.6442
vn -0.7079 -0.3324 -0.6232
vn -0.7491 -0.0000 -0.6624
vn -0.7486 -0.0000 0.6631
vn -0.7486 -0.0010 0.6631
vn -0.7489 -0.0001 0.6626
vn -0.7489 -0.0000 0.6626
vn -0.7077 -0.3324 0.6234
vn -0.7306 -0.2257 0.6444
vn -0.6263 -0.5528 -0.5498
vn -0.6262 -0.5528 -0.5497
vn -0.6260 0.5529 0.5499
vn -0.7075 0.3375 0.6209
vn -0.7304 0.2311 0.6427
vn -0.7487 -0.0009 -0.6629
vn -0.7487 -0.0001 -0.6629
vn -0.7491 0.0001 -0.6624
vn -0.7492 0.0010 -0.6624
vn -0.7078 0.3323 -0.6234
vn -0.7306 0.2258 -0.6444
vn -0.6262 0.5529 -0.5497
vn -0.6263 0.5528 -0.5497
vn -0.6260 -0.5529 0.5499
vn -0.7489 0.0112 0.6626
vn -1.0000 0.0001 -0.0004
vn -0.7059 -0.7084 -0.0005
vn -0.7058 -0.7084 0.0044
vn -0.7058 -0.7083 0.0082
vn 0.0521 0.9986 0.0001
vn 0.0523 0.9986 -0.0000
vn 0.0520 0.9986 0.0002
vn -0.6681 0.7441 -0.0001
vn -0.6681 0.7441 0.0001
vn -0.6680 0.7441 -0.0012
vn -0.6680 0.7441 -0.0000
vn 0.7422 0.6702 0.0010
vn 0.7422 0.6702 -0.0000
vn 0.7422 0.6702 -0.0001
vn 0.7422 0.6702 0.0001
vn 0.7421 0.6702 -0.0001
vn 0.7421 0.6702 -0.0000
vn 0.7421 0.6703 -0.0009
vn 0.7422 0.6702 0.0011
vn -0.6680 0.7442 0.0007
vn -0.6681 0.7441 -0.0010
vn -0.6680 0.7441 -0.0002
vn -0.6680 0.7442 -0.0001
vn 0.7073 0.0374 -0.7059
vn -0.7429 -0.6337 -0.2158
vn -0.9378 0.1323 0.3209
vn -0.9300 0.0416 -0.3652
vn -0.7377 0.0014 -0.6752
vn 0.9360 0.3521 0.0003
vn 0.7542 -0.6308 -0.1823
vn 0.7596 -0.0020 -0.6504
vn 0.9350 -0.3409 0.0980
vn -0.7072 0.0081 -0.7069
vn -0.9379 0.3465 0.0156
vn -0.9333 -0.3519 -0.0719
vn -0.7359 -0.6399 0.2211
vn -0.7328 -0.0046 0.6805
vn 0.9332 0.1305 -0.3348
vn 0.9409 0.0382 0.3365
vn 0.7541 -0.6310 0.1823
vn 0.7594 -0.0021 0.6506
vn -1.0000 0.0010 -0.0000
vn -1.0000 0.0005 -0.0000
vn 1.0000 0.0026 -0.0000
vn -0.7321 -0.2253 0.6429
vn -0.7449 0.0007 0.6671
vn -0.7448 0.0007 0.6673
vn -0.7092 -0.3317 0.6221
vn 0.7326 -0.2255 -0.6422
vn 0.7571 0.0013 -0.6533
vn 0.7566 0.0013 -0.6539
vn 0.7092 -0.3317 -0.6220
vn -0.7392 0.0016 -0.6735
vn -0.7450 0.0007 -0.6671
vn -0.7393 0.0016 -0.6734
vn 0.7626 0.0027 0.6469
vn 0.7567 0.0013 0.6538
vn 0.7566 0.0013 0.6539
vn 0.7625 0.0027 0.6470
vn 0.0663 0.9978 -0.0000
vn 0.0661 0.9978 -0.0000
vn -0.0002 -1.0000 0.0005
vn -0.0001 -0.0000 1.0000
vn 0.0628 0.9980 -0.0000
vn 0.0625 0.9980 -0.0000
vn 0.7547 0.6560 -0.0000
vn -0.6277 -0.5519 0.5490
vn 0.7321 -0.2253 0.6429
vn 0.7092 -0.3317 0.6221
vn 0.6277 -0.5519 -0.5490
vn -0.7320 -0.2252 -0.6430
vn -0.7092 -0.3317 -0.6221
vn -0.6277 -0.5519 -0.5490
vn 0.6277 0.5519 0.5489
vn 0.7321 0.2253 0.6428
vn 0.7091 0.3317 0.6222
vn -0.6277 0.5519 -0.5490
vn -0.7319 0.2252 -0.6431
vn -0.7091 0.3317 -0.6222
vn 0.7626 0.0027 -0.6468
vn 0.7504 0.0001 -0.6609
vn 0.7320 0.2253 -0.6430
vn 0.7090 0.3316 -0.6224
vn 0.7504 0.0001 -0.6610
vn 0.6277 0.5519 -0.5490
vn 0.6278 0.5520 -0.5489
vn 0.6277 -0.5519 0.5490
vn -0.7393 0.0016 0.6734
vn -0.7392 0.0016 0.6734
vn -0.7319 0.2252 0.6431
vn -0.6277 0.5519 0.5490
vn -0.7091 0.3317 0.6222
vn -0.7504 0.0001 -0.6610
vn -0.7504 0.0001 0.6610
vn 0.7504 0.0001 0.6609
vn 1.0000 0.0052 -0.0000
vn -0.6560 0.7547 -0.0000
vn -0.6560 0.7548 -0.0000
vn 0.7075 -0.7067 -0.0000
vn 0.7075 -0.7067 -0.0001
vn 0.7075 -0.7068 -0.0000
vn 0.7075 0.7068 -0.0000
vn 0.7075 0.7067 -0.0000
vn -0.7073 -0.7069 -0.0000
vn -0.7073 0.7069 -0.0000
vn -0.7073 0.7069 0.0001
vn -0.5513 0.5512 -0.6263
vn -0.6440 -0.2250 -0.7312
vn -0.6236 -0.3310 -0.7082
vn -0.5513 -0.5513 -0.6262
vn 0.5512 0.5512 -0.6263
vn -0.6613 -0.0000 -0.7501
vn -0.6613 -0.0001 -0.7501
vn 0.6607 -0.0000 -0.7506
vn 0.6604 -0.0000 -0.7509
vn -0.6607 -0.0000 -0.7507
vn -0.6604 -0.0001 -0.7509
vn 0.6613 -0.0001 -0.7501
vn -0.6229 -0.0000 -0.7823
vn -0.2505 -0.0000 -0.9681
vn -0.3826 -0.0000 -0.9239
vn -0.6616 -0.0000 -0.7499
vn -0.6610 0.0001 -0.7504
vn -0.5513 -0.5513 0.6262
vn -0.6236 -0.3311 0.7082
vn -0.5513 0.5512 0.6263
vn 0.5904 0.6095 -0.5291
vn -0.2354 -0.3289 -0.9145
vn -0.2101 -0.3439 -0.9152
vn 0.5905 -0.6094 -0.5291
vn -0.0000 -0.0001 -1.0000
vn -0.0000 0.5801 -0.8145
vn -0.0000 -0.5800 -0.8146
vn -0.8077 -0.4356 -0.3974
vn -0.7699 -0.2773 -0.5748
vn -0.7213 -0.1654 -0.6726
vn -0.8076 0.4358 -0.3974
vn 0.8017 -0.5977 0.0069
vn 0.8017 0.5977 0.0069
vn 0.6613 -0.0001 0.7501
vn 0.6607 -0.0000 0.7506
vn -0.6215 0.0001 -0.7834
vn -0.6218 -0.0000 -0.7832
vn -0.6224 -0.0000 -0.7827
vn -0.6221 -0.0001 -0.7829
vn -0.6616 -0.0000 0.7499
vn -0.6227 -0.0000 -0.7825
vn -0.6988 0.0320 0.7146
vn -0.2795 -0.0187 0.9600
vn -0.4298 0.0200 0.9027
vn -0.6619 -0.0000 0.7496
vn 0.2795 -0.0187 -0.9600
vn -0.3065 -0.0018 -0.9519
vn -0.4100 0.0095 -0.9120
vn 0.4298 0.0201 -0.9027
vn -0.2385 -0.0475 -0.9700
vn -0.2385 0.0475 -0.9700
vn 0.6988 0.0321 -0.7146
vn 0.3065 -0.0018 0.9519
vn 0.4100 0.0095 0.9120
vn -0.2719 -0.0000 -0.9623
vn -0.6618 -0.0000 -0.7497
vn -0.4086 -0.0000 -0.9127
vn -0.6988 0.0320 -0.7146
vn -0.6618 -0.0000 -0.7496
vn 0.6988 0.0321 0.7146
vn 0.0025 -0.7068 -0.7074
vn 0.0026 -0.7071 -0.7071
vn 0.0029 -0.7068 -0.7074
vn 0.0029 -0.7071 -0.7071
vn 0.0029 0.7071 -0.7071
vn 0.0031 0.7068 -0.7074
vn 0.0026 0.7071 -0.7071
vn 0.0026 0.7068 -0.7074
vn 0.0031 -0.7064 0.7078
vn 0.0030 -0.7061 0.7081
vn 0.0034 -0.7064 0.7078
vn 0.0036 -0.7061 0.7081
vn 0.0035 0.7061 0.7081
vn 0.0036 0.7064 0.7079
vn 0.0030 0.7061 0.7081
vn 0.0031 0.7064 0.7078
vn 0.7061 -0.0370 0.7071
vn -0.0026 -0.7068 -0.7074
vn -0.0029 -0.7071 -0.7071
vn -0.0029 -0.7068 -0.7074
vn -0.0026 -0.7071 -0.7071
vn -0.0029 0.7071 -0.7071
vn -0.0025 0.7068 -0.7074
vn -0.0026 0.7071 -0.7071
vn -0.0030 0.7068 -0.7074
vn -0.0030 -0.7063 0.7079
vn -0.0036 -0.7061 0.7081
vn -0.0034 -0.7063 0.7079
vn -0.0030 -0.7061 0.7081
vn -0.0035 0.7061 0.7081
vn -0.0031 0.7063 0.7079
vn -0.0030 0.7061 0.7081
vn -0.0036 0.7063 0.7079
vn -0.7061 0.0370 0.7071
vt 0.602460 0.606478
vt 0.602460 0.588105
vt 0.584088 0.588105
vt 0.584088 0.606478
vt 0.274888 0.664189
vt 0.272846 0.664189
vt 0.272846 0.662148
vt 0.274888 0.662148
vt 0.524888 0.556855
vt 0.522846 0.556855
vt 0.522846 0.554814
vt 0.524888 0.554814
vt 0.543260 0.554814
vt 0.543260 0.556855
vt 0.293260 0.662148
vt 0.293260 0.664189
vt 0.522846 0.554814
vt 0.522846 0.556855
vt 0.272846 0.662148
vt 0.272846 0.664189
vt 0.352460 0.664189
vt 0.354502 0.664189
vt 0.354502 0.662148
vt 0.352460 0.662148
vt 0.602460 0.556855
vt 0.604502 0.556855
vt 0.604502 0.554814
vt 0.602460 0.554814
vt 0.354502 0.664189
vt 0.354502 0.662148
vt 0.604502 0.556855
vt 0.604502 0.554814
vt 0.584088 0.554814
vt 0.584088 0.556855
vt 0.334088 0.662148
vt 0.334088 0.664189
vt 0.524888 0.588105
vt 0.524888 0.606478
vt 0.522846 0.606478
vt 0.522846 0.588105
vt 0.274888 0.612525
vt 0.274888 0.630898
vt 0.272846 0.630898
vt 0.272846 0.612525
vt 0.272846 0.630898
vt 0.272846 0.612525
vt 0.293260 0.630898
vt 0.293260 0.612525
vt 0.604502 0.606478
vt 0.604502 0.588105
vt 0.352460 0.630898
vt 0.352460 0.612525
vt 0.354502 0.612525
vt 0.354502 0.630898
vt 0.334088 0.630898
vt 0.334088 0.612525
vt 0.354502 0.630898
vt 0.354502 0.612525
vt 0.543260 0.606478
vt 0.543260 0.588105
vt 0.334088 0.643775
vt 0.293260 0.643775
vt 0.522846 0.606478
vt 0.522846 0.588105
vt 0.604502 0.606478
vt 0.604502 0.588105
vt 0.584088 0.575228
vt 0.543260 0.575228
vt 0.455514 0.982782
vt 0.451911 0.977026
vt 0.451911 0.896441
vt 0.455514 0.896441
vt 0.419482 0.982782
vt 0.419482 0.896441
vt 0.423085 0.896441
vt 0.423085 0.977026
vt 0.274888 0.592111
vt 0.272846 0.594153
vt 0.352460 0.592111
vt 0.354502 0.594153
vt 0.522846 0.624850
vt 0.522846 0.624850
vt 0.543260 0.626892
vt 0.524888 0.626892
vt 0.584088 0.626892
vt 0.602460 0.626892
vt 0.604502 0.624850
vt 0.293260 0.592111
vt 0.334088 0.592111
vt 0.274888 0.560861
vt 0.293260 0.560861
vt 0.272846 0.594153
vt 0.334088 0.560861
vt 0.604502 0.624850
vt 0.352460 0.560861
vt 0.272846 0.562903
vt 0.272846 0.562903
vt 0.354502 0.594153
vt 0.354502 0.562903
vt 0.354502 0.562903
vt 0.423085 0.914526
vt 0.451911 0.914526
vt 0.451911 0.945776
vt 0.451911 0.865191
vt 0.423085 0.865191
vt 0.423085 0.945776
vt 0.451911 0.927691
vt 0.451911 0.912066
vt 0.423085 0.912066
vt 0.423085 0.927691
vt 0.014438 0.235562
vt 0.014438 0.014438
vt 0.235562 0.014438
vt 0.235562 0.235562
vt 0.604502 0.656100
vt 0.604502 0.656100
vt 0.602460 0.658142
vt 0.000000 0.000000
vt 0.849853 0.830845
vt 0.775149 0.830845
vt 0.849853 0.862095
vt 0.849853 0.881453
vt 0.775149 0.881453
vt 0.775149 0.862095
vt 0.849853 0.887905
vt 0.849853 0.881453
vt 0.849853 0.919155
vt 0.775149 0.919155
vt 0.775149 0.919155
vt 0.775149 0.881453
vt 0.775149 0.950405
vt 0.849853 0.950405
vt 0.775149 0.950405
vt 0.775149 0.887905
vt 0.775149 0.887905
vt 0.458144 0.953523
vt 0.404453 0.953523
vt 0.460479 0.830625
vt 0.460479 0.904314
vt 0.402119 0.854872
vt 0.402119 0.844522
vt 0.402119 0.830625
vt 0.402119 0.904314
vt 0.453476 0.867866
vt 0.451258 0.871017
vt 0.411340 0.871017
vt 0.409122 0.867866
vt 0.402119 0.861875
vt 0.460479 0.854872
vt 0.460479 0.844522
vt 0.404453 0.863197
vt 0.404453 0.857395
vt 0.458144 0.857395
vt 0.458144 0.863197
vt 0.460479 0.813272
vt 0.458144 0.813272
vt 0.404453 0.813272
vt 0.402119 0.813272
vt 0.458144 0.828897
vt 0.404453 0.828897
vt 0.404453 0.838235
vt 0.458144 0.838235
vt 0.460479 0.861875
vt 0.404453 0.935564
vt 0.402119 0.935564
vt 0.404453 0.937898
vt 0.460479 0.935564
vt 0.458144 0.935564
vt 0.458144 0.937898
vt 0.402119 0.870497
vt 0.404453 0.869485
vt 0.404453 0.873020
vt 0.460479 0.870497
vt 0.458144 0.873020
vt 0.458144 0.869485
vt 0.404453 0.831947
vt 0.404453 0.904314
vt 0.458144 0.904314
vt 0.458144 0.831947
vt 0.402119 0.860147
vt 0.404453 0.860147
vt 0.458144 0.860147
vt 0.460479 0.860147
vt 0.404453 0.878822
vt 0.402119 0.877500
vt 0.460479 0.877500
vt 0.458144 0.878822
vt 0.409122 0.884020
vt 0.411340 0.880868
vt 0.411340 0.824142
vt 0.409122 0.820991
vt 0.409122 0.836616
vt 0.409122 0.899645
vt 0.453476 0.899645
vt 0.453476 0.836616
vt 0.597456 0.767408
vt 0.520359 0.767408
vt 0.520359 0.976391
vt 0.597456 0.976391
vt 0.453476 0.820991
vt 0.451258 0.824142
vt 0.451258 0.880868
vt 0.453476 0.884020
vt 0.453476 0.868395
vt 0.451258 0.865243
vt 0.411340 0.865243
vt 0.409122 0.868395
vt 0.309835 0.329767
vt 0.321328 0.329767
vt 0.321328 0.371876
vt 0.309835 0.371876
vt 0.321328 0.424218
vt 0.317294 0.434485
vt 0.322754 0.434485
vt 0.329742 0.424218
vt 0.309835 0.424218
vt 0.309835 0.434485
vt 0.298341 0.424218
vt 0.302376 0.434485
vt 0.289928 0.424218
vt 0.296915 0.434485
vt 0.286848 0.424218
vt 0.294917 0.434485
vt 0.324753 0.434485
vt 0.332822 0.424218
vt 0.324753 0.382143
vt 0.324753 0.392410
vt 0.322754 0.392410
vt 0.322754 0.382143
vt 0.309835 0.312320
vt 0.309835 0.303764
vt 0.318328 0.303764
vt 0.321328 0.312320
vt 0.324544 0.303764
vt 0.329742 0.312320
vt 0.329742 0.329767
vt 0.329742 0.371876
vt 0.326820 0.303764
vt 0.332822 0.312320
vt 0.332822 0.329767
vt 0.332822 0.371876
vt 0.301342 0.303764
vt 0.298341 0.312320
vt 0.298341 0.329767
vt 0.298341 0.371876
vt 0.295125 0.303764
vt 0.289928 0.312320
vt 0.289928 0.329767
vt 0.289928 0.371876
vt 0.292850 0.303764
vt 0.286848 0.312320
vt 0.286848 0.329767
vt 0.286848 0.371876
vt 0.309835 0.382143
vt 0.309835 0.392410
vt 0.302376 0.392410
vt 0.302376 0.382143
vt 0.317294 0.392410
vt 0.317294 0.382143
vt 0.296915 0.392410
vt 0.296915 0.382143
vt 0.306683 0.404388
vt 0.308889 0.426634
vt 0.309835 0.426634
vt 0.309835 0.404388
vt 0.294917 0.392410
vt 0.294917 0.382143
vt 0.312987 0.439283
vt 0.317294 0.427305
vt 0.322754 0.427305
vt 0.315294 0.439283
vt 0.324753 0.427305
vt 0.316139 0.439283
vt 0.309835 0.427305
vt 0.309835 0.439283
vt 0.302376 0.427305
vt 0.306683 0.439283
vt 0.296915 0.427305
vt 0.304375 0.439283
vt 0.294917 0.427305
vt 0.303531 0.439283
vt 0.315294 0.404388
vt 0.311473 0.426634
vt 0.311726 0.426634
vt 0.316139 0.404388
vt 0.308197 0.426634
vt 0.304375 0.404388
vt 0.312987 0.404388
vt 0.310781 0.426634
vt 0.303531 0.404388
vt 0.307944 0.426634
vt 0.309835 0.462024
vt 0.309835 0.461529
vt 0.310781 0.461529
vt 0.311473 0.461529
vt 0.311726 0.461529
vt 0.308889 0.461529
vt 0.308197 0.461529
vt 0.307944 0.461529
vt 0.309835 0.286316
vt 0.318328 0.286316
vt 0.324544 0.286316
vt 0.326820 0.286316
vt 0.301342 0.286316
vt 0.295125 0.286316
vt 0.292850 0.286316
vt 0.934835 0.329767
vt 0.946328 0.329767
vt 0.946328 0.371876
vt 0.934835 0.371876
vt 0.946328 0.424218
vt 0.942294 0.434485
vt 0.947754 0.434485
vt 0.954742 0.424218
vt 0.934835 0.424218
vt 0.934835 0.434485
vt 0.923341 0.424218
vt 0.927376 0.434485
vt 0.914928 0.424218
vt 0.921915 0.434485
vt 0.911848 0.424218
vt 0.919917 0.434485
vt 0.949753 0.434485
vt 0.957822 0.424218
vt 0.949753 0.382143
vt 0.949753 0.392410
vt 0.947754 0.392410
vt 0.947754 0.382143
vt 0.934835 0.312320
vt 0.934835 0.303764
vt 0.943328 0.303764
vt 0.946328 0.312320
vt 0.949544 0.303764
vt 0.954742 0.312320
vt 0.954742 0.329767
vt 0.954742 0.371876
vt 0.951820 0.303764
vt 0.957822 0.312320
vt 0.957822 0.329767
vt 0.957822 0.371876
vt 0.926342 0.303764
vt 0.923341 0.312320
vt 0.923341 0.329767
vt 0.923341 0.371876
vt 0.920125 0.303764
vt 0.914928 0.312320
vt 0.914928 0.329767
vt 0.914928 0.371876
vt 0.917850 0.303764
vt 0.911848 0.312320
vt 0.911848 0.329767
vt 0.911848 0.371876
vt 0.934835 0.382143
vt 0.934835 0.392410
vt 0.927376 0.392410
vt 0.927376 0.382143
vt 0.942294 0.392410
vt 0.942294 0.382143
vt 0.921915 0.392410
vt 0.921915 0.382143
vt 0.931683 0.404388
vt 0.933889 0.426634
vt 0.934835 0.426634
vt 0.934835 0.404388
vt 0.919917 0.392410
vt 0.919917 0.382143
vt 0.937987 0.439283
vt 0.942294 0.427305
vt 0.947754 0.427305
vt 0.940294 0.439283
vt 0.949753 0.427305
vt 0.941139 0.439283
vt 0.934835 0.427305
vt 0.934835 0.439283
vt 0.927376 0.427305
vt 0.931683 0.439283
vt 0.921915 0.427305
vt 0.929375 0.439283
vt 0.919917 0.427305
vt 0.928531 0.439283
vt 0.940294 0.404388
vt 0.936473 0.426634
vt 0.936726 0.426634
vt 0.941139 0.404388
vt 0.933197 0.426634
vt 0.929375 0.404388
vt 0.937987 0.404388
vt 0.935781 0.426634
vt 0.928531 0.404388
vt 0.932944 0.426634
vt 0.934835 0.462024
vt 0.934835 0.461529
vt 0.935781 0.461529
vt 0.936473 0.461529
vt 0.936726 0.461529
vt 0.933889 0.461529
vt 0.933197 0.461529
vt 0.932944 0.461529
vt 0.934835 0.286316
vt 0.943328 0.286316
vt 0.949544 0.286316
vt 0.951820 0.286316
vt 0.926342 0.286316
vt 0.920125 0.286316
vt 0.917850 0.286316
vt 0.524888 0.658142
vt 0.522846 0.656100
vt 0.522846 0.656100
vt 0.229666 0.530145
vt 0.229666 0.608689
vt 0.143709 0.608689
vt 0.143709 0.530145
vt 0.143709 0.511336
vt 0.143709 0.514520
vt 0.142380 0.514520
vt 0.143709 0.624314
vt 0.143709 0.627498
vt 0.142380 0.624314
vt 0.229666 0.511336
vt 0.230996 0.514520
vt 0.229666 0.514520
vt 0.229666 0.627498
vt 0.229666 0.624314
vt 0.230996 0.624314
vt 0.142380 0.608689
vt 0.142380 0.530145
vt 0.230996 0.608689
vt 0.230996 0.530145
vt 0.484210 0.881127
vt 0.484210 0.894040
vt 0.448381 0.894040
vt 0.448381 0.881127
vt 0.484764 0.881127
vt 0.484764 0.894040
vt 0.484210 0.945426
vt 0.448381 0.945426
vt 0.447827 0.881127
vt 0.447827 0.894040
vt 0.448381 0.878849
vt 0.448381 0.925290
vt 0.448381 0.927569
vt 0.447827 0.925290
vt 0.484210 0.878849
vt 0.484210 0.927569
vt 0.484210 0.925290
vt 0.484764 0.925290
vt 0.181371 0.546066
vt 0.181371 0.592768
vt 0.223020 0.592768
vt 0.223020 0.546066
vt 0.223020 0.527257
vt 0.223020 0.530441
vt 0.224349 0.530441
vt 0.223020 0.624018
vt 0.223020 0.627202
vt 0.224349 0.624018
vt 0.181371 0.527257
vt 0.180042 0.530441
vt 0.181371 0.530441
vt 0.181371 0.627202
vt 0.181371 0.624018
vt 0.180042 0.624018
vt 0.224349 0.592768
vt 0.224349 0.546066
vt 0.180042 0.546066
vt 0.180042 0.592768
vt 0.150355 0.546066
vt 0.150355 0.592768
vt 0.174281 0.592768
vt 0.174281 0.546066
vt 0.174281 0.527257
vt 0.174281 0.530441
vt 0.175611 0.530441
vt 0.174281 0.624018
vt 0.174281 0.627202
vt 0.175611 0.624018
vt 0.150355 0.527257
vt 0.149026 0.530441
vt 0.150355 0.530441
vt 0.150355 0.627202
vt 0.150355 0.624018
vt 0.149026 0.624018
vt 0.175611 0.592768
vt 0.175611 0.546066
vt 0.149026 0.546066
vt 0.149026 0.592768
vt 0.230906 0.590936
vt 0.230906 0.547898
vt 0.142380 0.590936
vt 0.142380 0.547898
vt 0.143772 0.551019
vt 0.143772 0.587815
vt 0.229603 0.572190
vt 0.229603 0.535394
vt 0.230906 0.532273
vt 0.230906 0.575311
vt 0.229603 0.566644
vt 0.230906 0.563523
vt 0.229603 0.556565
vt 0.230906 0.559686
vt 0.143772 0.572190
vt 0.143772 0.535394
vt 0.142380 0.532273
vt 0.142380 0.575311
vt 0.143772 0.566644
vt 0.142380 0.563523
vt 0.143772 0.556565
vt 0.142380 0.559686
vt 0.229603 0.551019
vt 0.229603 0.587815
vt 0.192005 0.535452
vt 0.192005 0.560926
vt 0.145924 0.560926
vt 0.145924 0.535452
vt 0.145924 0.516643
vt 0.145924 0.519827
vt 0.144595 0.519827
vt 0.145924 0.592176
vt 0.145924 0.595360
vt 0.144595 0.592176
vt 0.192005 0.516643
vt 0.193334 0.519827
vt 0.192005 0.519827
vt 0.192005 0.595360
vt 0.192005 0.592176
vt 0.193334 0.592176
vt 0.144595 0.560926
vt 0.144595 0.535452
vt 0.193334 0.535452
vt 0.193334 0.560926
vt 0.483286 0.863520
vt 0.483286 0.887788
vt 0.449304 0.887788
vt 0.449304 0.863520
vt 0.449304 0.811492
vt 0.449304 0.814412
vt 0.448750 0.813633
vt 0.449304 0.903413
vt 0.449304 0.904775
vt 0.448750 0.902633
vt 0.483286 0.811492
vt 0.483841 0.813633
vt 0.483286 0.814412
vt 0.483286 0.904775
vt 0.483286 0.903413
vt 0.483841 0.902633
vt 0.449304 0.879145
vt 0.448750 0.878365
vt 0.483286 0.879145
vt 0.483841 0.878365
vt 0.483286 0.938257
vt 0.449304 0.938257
vt 0.449304 0.936895
vt 0.483286 0.936895
vt 0.449304 0.806296
vt 0.483841 0.887008
vt 0.483841 0.862740
vt 0.483841 0.857545
vt 0.483841 0.881813
vt 0.448750 0.887008
vt 0.449304 0.889150
vt 0.448750 0.881813
vt 0.448750 0.862740
vt 0.448750 0.857545
vt 0.483841 0.808437
vt 0.483286 0.889150
vt 0.483286 0.883954
vt 0.449304 0.883954
vt 0.483286 0.827117
vt 0.449304 0.827117
vt 0.449304 0.821921
vt 0.483286 0.821921
vt 0.400037 0.943171
vt 0.400037 0.951820
vt 0.403907 0.917826
vt 0.403907 0.909177
vt 0.400151 0.779211
vt 0.400151 0.787860
vt 0.394726 0.787437
vt 0.394726 0.778787
vt 0.390856 0.821431
vt 0.390856 0.812781
vt 0.390856 0.828406
vt 0.390856 0.837056
vt 0.390808 0.885554
vt 0.390808 0.876905
vt 0.390808 0.908155
vt 0.390808 0.916804
vt 0.394611 0.951397
vt 0.394611 0.942748
vt 0.403907 0.877927
vt 0.403907 0.886576
vt 0.403954 0.838078
vt 0.403954 0.829429
vt 0.403954 0.813804
vt 0.403954 0.822453
vt 0.401920 0.881922
vt 0.401953 0.848188
vt 0.400151 0.803485
vt 0.399308 0.824125
vt 0.394726 0.803062
vt 0.395534 0.823831
vt 0.392842 0.847477
vt 0.392809 0.881211
vt 0.394611 0.920147
vt 0.395454 0.905273
vt 0.400037 0.920570
vt 0.399228 0.905567
vt 0.395454 0.886393
vt 0.392809 0.869928
vt 0.393776 0.872472
vt 0.395862 0.885456
vt 0.401953 0.847331
vt 0.401920 0.870414
vt 0.400961 0.872855
vt 0.400987 0.854651
vt 0.399228 0.886595
vt 0.398838 0.885616
vt 0.399308 0.830865
vt 0.398901 0.841666
vt 0.392842 0.846844
vt 0.393802 0.854268
vt 0.395534 0.830664
vt 0.395924 0.841507
vt 0.165533 0.868258
vt 0.165533 0.873054
vt 0.167593 0.873054
vt 0.167593 0.868258
vt 0.169050 0.832388
vt 0.169050 0.837184
vt 0.167593 0.822327
vt 0.167593 0.817531
vt 0.165533 0.822327
vt 0.165533 0.817531
vt 0.164077 0.837184
vt 0.164077 0.832388
vt 0.164077 0.858196
vt 0.164077 0.853400
vt 0.169050 0.858196
vt 0.169050 0.853400
vt 0.169050 0.920012
vt 0.167593 0.934870
vt 0.167454 0.933037
vt 0.168713 0.920189
vt 0.169050 0.899000
vt 0.168713 0.902020
vt 0.167593 0.884143
vt 0.167454 0.889173
vt 0.165533 0.884143
vt 0.165673 0.889173
vt 0.164077 0.899000
vt 0.164413 0.902020
vt 0.164077 0.920012
vt 0.164413 0.920189
vt 0.165533 0.934870
vt 0.165673 0.933037
vt 0.166039 0.929570
vt 0.167087 0.929570
vt 0.165673 0.901787
vt 0.165673 0.857923
vt 0.166039 0.867444
vt 0.166039 0.898320
vt 0.167454 0.857923
vt 0.167454 0.901787
vt 0.167087 0.898320
vt 0.167087 0.867444
vt 0.166039 0.898694
vt 0.167087 0.898694
vt 0.174146 0.868258
vt 0.174146 0.873054
vt 0.176206 0.873054
vt 0.176206 0.868258
vt 0.177663 0.832388
vt 0.177663 0.837184
vt 0.176206 0.822327
vt 0.176206 0.817531
vt 0.174146 0.822327
vt 0.174146 0.817531
vt 0.172689 0.837184
vt 0.172689 0.832388
vt 0.172689 0.858196
vt 0.172689 0.853400
vt 0.177663 0.858196
vt 0.177663 0.853400
vt 0.177663 0.920012
vt 0.176206 0.934870
vt 0.176067 0.933037
vt 0.177326 0.920189
vt 0.177663 0.899000
vt 0.177326 0.902020
vt 0.176206 0.884143
vt 0.176067 0.889173
vt 0.174146 0.884143
vt 0.174285 0.889173
vt 0.172689 0.899000
vt 0.173026 0.902020
vt 0.172689 0.920012
vt 0.173026 0.920189
vt 0.174146 0.934870
vt 0.174285 0.933037
vt 0.174652 0.929570
vt 0.175700 0.929570
vt 0.174285 0.901787
vt 0.174285 0.857923
vt 0.174652 0.867444
vt 0.174652 0.898320
vt 0.176067 0.857923
vt 0.176067 0.901787
vt 0.175700 0.898320
vt 0.175700 0.867444
vt 0.174652 0.898694
vt 0.175700 0.898694
vt 0.156920 0.868258
vt 0.156920 0.873054
vt 0.158980 0.873054
vt 0.158980 0.868258
vt 0.160437 0.832388
vt 0.160437 0.837184
vt 0.158980 0.822327
vt 0.158980 0.817531
vt 0.156920 0.822327
vt 0.156920 0.817531
vt 0.155463 0.837184
vt 0.155463 0.832388
vt 0.155463 0.858196
vt 0.155463 0.853400
vt 0.160437 0.858196
vt 0.160437 0.853400
vt 0.160437 0.920012
vt 0.158980 0.934870
vt 0.158841 0.933037
vt 0.160100 0.920189
vt 0.160437 0.899000
vt 0.160100 0.902020
vt 0.158980 0.884143
vt 0.158841 0.889173
vt 0.156920 0.884143
vt 0.157059 0.889173
vt 0.155463 0.899000
vt 0.155800 0.902020
vt 0.155463 0.920012
vt 0.155800 0.920189
vt 0.156920 0.934870
vt 0.157059 0.933037
vt 0.157426 0.929570
vt 0.158474 0.929570
vt 0.157059 0.901787
vt 0.157059 0.857923
vt 0.157426 0.867444
vt 0.157426 0.898320
vt 0.158841 0.857923
vt 0.158841 0.901787
vt 0.158474 0.898320
vt 0.158474 0.867444
vt 0.157426 0.898694
vt 0.158474 0.898694
vt 0.467703 0.919877
vt 0.471309 0.918508
vt 0.471283 0.921304
vt 0.469223 0.916513
vt 0.466246 0.916488
vt 0.464124 0.918449
vt 0.464098 0.921245
vt 0.466184 0.923240
vt 0.469160 0.923265
vt 0.450172 0.904348
vt 0.482418 0.904348
vt 0.482418 0.915362
vt 0.450172 0.915362
vt 0.481957 0.935118
vt 0.450634 0.935118
vt 0.417183 0.827398
vt 0.417513 0.817523
vt 0.416854 0.814485
vt 0.416854 0.764267
vt 0.416195 0.764267
vt 0.415047 0.764837
vt 0.415422 0.764837
vt 0.417513 0.793977
vt 0.416854 0.817523
vt 0.416854 0.793977
vt 0.416195 0.793977
vt 0.416195 0.814485
vt 0.416525 0.827398
vt 0.415047 0.827398
vt 0.415047 0.816764
vt 0.415422 0.816764
vt 0.415422 0.827398
vt 0.416854 0.863241
vt 0.417513 0.863241
vt 0.417183 0.865710
vt 0.416525 0.865710
vt 0.416524 0.827398
vt 0.416854 0.817523
vt 0.416195 0.814484
vt 0.415422 0.865710
vt 0.415047 0.865710
vt 0.416195 0.764267
vt 0.416854 0.764267
vt 0.415421 0.764837
vt 0.415046 0.764837
vt 0.416854 0.790179
vt 0.417512 0.817523
vt 0.417512 0.790179
vt 0.416854 0.814485
vt 0.416195 0.790179
vt 0.417183 0.827398
vt 0.415421 0.827398
vt 0.415421 0.816764
vt 0.415046 0.816764
vt 0.415046 0.827398
vt 0.417512 0.863241
vt 0.416854 0.863241
vt 0.416524 0.865710
vt 0.417183 0.865710
vt 0.411090 0.827398
vt 0.410761 0.817523
vt 0.411419 0.814485
vt 0.415046 0.865710
vt 0.415421 0.865710
vt 0.411419 0.764267
vt 0.412078 0.764267
vt 0.413227 0.764837
vt 0.412852 0.764837
vt 0.410761 0.790179
vt 0.411419 0.817523
vt 0.411419 0.790179
vt 0.412078 0.790179
vt 0.412078 0.814484
vt 0.411749 0.827398
vt 0.413227 0.827398
vt 0.413227 0.816764
vt 0.412852 0.816764
vt 0.412852 0.827398
vt 0.411419 0.863241
vt 0.410761 0.863241
vt 0.411090 0.865710
vt 0.411749 0.865710
vt 0.411749 0.827398
vt 0.411420 0.817523
vt 0.412078 0.814485
vt 0.412852 0.865710
vt 0.413227 0.865710
vt 0.412078 0.764267
vt 0.411420 0.764267
vt 0.412852 0.764837
vt 0.413227 0.764837
vt 0.411420 0.793977
vt 0.410761 0.817523
vt 0.410761 0.793977
vt 0.411420 0.814485
vt 0.412078 0.793977
vt 0.411090 0.827398
vt 0.412852 0.827398
vt 0.412852 0.816764
vt 0.413227 0.816764
vt 0.413227 0.827398
vt 0.410761 0.863241
vt 0.411420 0.863241
vt 0.411749 0.865710
vt 0.411090 0.865710
vt 0.413227 0.865710
vt 0.412852 0.865710
vt 0.164443 0.638200
vt 0.166465 0.640415
vt 0.171884 0.640415
vt 0.170403 0.638200
vt 0.180727 0.638200
vt 0.181269 0.640415
vt 0.192648 0.638200
vt 0.192106 0.640415
vt 0.202971 0.638200
vt 0.201491 0.640415
vt 0.208932 0.638200
vt 0.206910 0.640415
vt 0.201491 0.640415
vt 0.192648 0.638200
vt 0.037658 0.771736
vt 0.037023 0.771736
vt 0.036655 0.867954
vt 0.037140 0.867954
vt 0.179962 0.640415
vt 0.184226 0.640415
vt 0.181269 0.718540
vt 0.171884 0.718540
vt 0.189149 0.640415
vt 0.192106 0.718540
vt 0.193413 0.640415
vt 0.201491 0.718540
vt 0.195874 0.640415
vt 0.206910 0.718540
vt 0.201491 0.718540
vt 0.177501 0.640415
vt 0.166465 0.718540
vt 0.035285 0.771736
vt 0.035652 0.771736
vt 0.036171 0.867954
vt 0.038026 0.771736
vt 0.036288 0.771736
vt 0.036621 0.885724
vt 0.036621 0.885724
vt 0.036159 0.885724
vt 0.037082 0.885724
vt 0.450634 0.964136
vt 0.450172 0.962237
vt 0.481957 0.964136
vt 0.482418 0.962237
vt 0.417979 0.827398
vt 0.418445 0.817523
vt 0.417514 0.814485
vt 0.417514 0.764267
vt 0.416370 0.764253
vt 0.418445 0.793977
vt 0.417514 0.793977
vt 0.416370 0.829734
vt 0.416370 0.814428
vt 0.418445 0.863241
vt 0.417979 0.865710
vt 0.413671 0.827398
vt 0.413671 0.817523
vt 0.413671 0.814484
vt 0.416370 0.866294
vt 0.413671 0.764267
vt 0.414602 0.764267
vt 0.414518 0.764253
vt 0.413755 0.764253
vt 0.413671 0.790179
vt 0.414602 0.817523
vt 0.414602 0.790179
vt 0.414602 0.814484
vt 0.414602 0.827398
vt 0.414518 0.829734
vt 0.414518 0.814428
vt 0.413755 0.814428
vt 0.413755 0.829734
vt 0.414602 0.863241
vt 0.413671 0.863241
vt 0.413671 0.865710
vt 0.414602 0.865710
vt 0.410294 0.827398
vt 0.409829 0.817523
vt 0.410760 0.814485
vt 0.413755 0.866294
vt 0.414518 0.866294
vt 0.410760 0.764267
vt 0.411904 0.764253
vt 0.411904 0.764253
vt 0.409829 0.790179
vt 0.409829 0.817523
vt 0.409829 0.790179
vt 0.410760 0.790179
vt 0.411904 0.829734
vt 0.411904 0.814428
vt 0.411904 0.814428
vt 0.411904 0.829734
vt 0.409829 0.863241
vt 0.409829 0.863241
vt 0.410294 0.865710
vt 0.414603 0.827398
vt 0.414603 0.817523
vt 0.414603 0.814485
vt 0.411904 0.866294
vt 0.411904 0.866294
vt 0.414603 0.764267
vt 0.413671 0.764267
vt 0.413756 0.764253
vt 0.414519 0.764253
vt 0.414603 0.793977
vt 0.413671 0.817523
vt 0.413671 0.793977
vt 0.413671 0.814485
vt 0.413671 0.827398
vt 0.413756 0.829734
vt 0.413756 0.814428
vt 0.414519 0.814428
vt 0.414519 0.829734
vt 0.413671 0.863241
vt 0.414603 0.863241
vt 0.414603 0.865710
vt 0.413671 0.865710
vt 0.414519 0.866294
vt 0.413756 0.866294
vt 0.477140 0.908237
vt 0.478008 0.911617
vt 0.480438 0.911617
vt 0.481306 0.908237
vt 0.481306 0.944360
vt 0.480438 0.947741
vt 0.478008 0.947741
vt 0.477140 0.944360
vt 0.451284 0.908237
vt 0.452152 0.911617
vt 0.454582 0.911617
vt 0.455450 0.908237
vt 0.455450 0.944360
vt 0.454582 0.947741
vt 0.452152 0.947741
vt 0.451284 0.944360
vt 0.935202 0.049884
vt 0.935202 0.116593
vt 0.935202 0.116593
vt 0.935202 0.049884
vt 0.971048 0.116593
vt 0.971048 0.049884
vt 0.971048 0.116593
vt 0.971048 0.049884
vt 0.935202 0.018634
vt 0.971048 0.018634
vt 0.971048 0.018634
vt 0.935202 0.018634
vt 0.849518 0.116593
vt 0.849518 0.116593
vt 0.849518 0.133271
vt 0.849518 0.133271
vt 0.849518 0.164521
vt 0.821988 0.164521
vt 0.821988 0.164521
vt 0.849518 0.164521
vt 0.821988 0.116593
vt 0.821988 0.116593
vt 0.821988 0.133271
vt 0.821988 0.133271
vt 0.821988 0.120763
vt 0.849518 0.120763
vt 0.849518 0.129102
vt 0.821988 0.129102
vt 0.849518 0.148896
vt 0.821988 0.148896
vt 0.821988 0.144727
vt 0.849518 0.144727
vt 0.849518 0.105138
vt 0.821988 0.105138
vt 0.821988 0.100968
vt 0.849518 0.100968
vt 0.821988 0.085343
vt 0.849518 0.085343
vt 0.667878 0.092808
vt 0.667878 0.111153
vt 0.646665 0.111153
vt 0.646665 0.092808
vt 0.646171 0.077183
vt 0.646171 0.095528
vt 0.668371 0.077183
vt 0.668371 0.095528
vt 0.646665 0.058223
vt 0.646665 0.061558
vt 0.646171 0.061558
vt 0.646665 0.142403
vt 0.646665 0.145739
vt 0.646171 0.142403
vt 0.667878 0.058223
vt 0.668371 0.061558
vt 0.667878 0.061558
vt 0.667878 0.145739
vt 0.667878 0.142403
vt 0.668371 0.142403
vt 0.646665 0.042598
vt 0.646171 0.045933
vt 0.646171 0.111153
vt 0.646171 0.092808
vt 0.646665 0.130114
vt 0.646171 0.126778
vt 0.667878 0.042598
vt 0.668371 0.045933
vt 0.667878 0.130114
vt 0.668371 0.126778
vt 0.668371 0.092808
vt 0.668371 0.111153
vt 0.667878 0.117824
vt 0.667878 0.136169
vt 0.646665 0.136169
vt 0.646665 0.117824
vt 0.667878 0.155130
vt 0.646665 0.155130
vt 0.646171 0.102199
vt 0.646171 0.120544
vt 0.668371 0.102199
vt 0.668371 0.120544
vt 0.646665 0.083239
vt 0.646665 0.086574
vt 0.646171 0.086574
vt 0.646665 0.167419
vt 0.646665 0.170755
vt 0.646171 0.167419
vt 0.667878 0.083239
vt 0.668371 0.086574
vt 0.667878 0.086574
vt 0.667878 0.170755
vt 0.667878 0.167419
vt 0.668371 0.167419
vt 0.646665 0.067614
vt 0.646665 0.067614
vt 0.646171 0.070949
vt 0.646171 0.136169
vt 0.646171 0.117824
vt 0.646171 0.151794
vt 0.667878 0.067614
vt 0.667878 0.067614
vt 0.668371 0.070949
vt 0.668371 0.151794
vt 0.668371 0.117824
vt 0.668371 0.136169
vt 0.798466 0.130479
vt 0.796875 0.131921
vt 0.796875 0.111372
vt 0.798466 0.099229
vt 0.798932 0.100248
vt 0.799784 0.080122
vt 0.799125 0.080122
vt 0.794625 0.080122
vt 0.793966 0.080122
vt 0.794818 0.100248
vt 0.795284 0.099229
vt 0.796875 0.059572
vt 0.796875 0.058131
vt 0.794818 0.059996
vt 0.795284 0.061015
vt 0.799784 0.095747
vt 0.799125 0.111372
vt 0.798466 0.092265
vt 0.798932 0.075621
vt 0.796875 0.117737
vt 0.798932 0.115873
vt 0.794818 0.075621
vt 0.795284 0.092265
vt 0.794625 0.111372
vt 0.793966 0.095747
vt 0.794818 0.115873
vt 0.795284 0.130479
vt 0.796875 0.073756
vt 0.796875 0.090822
vt 0.796875 0.100671
vt 0.796875 0.102112
vt 0.798466 0.061015
vt 0.798932 0.059996
vt 0.849518 0.116593
vt 0.938787 0.034259
vt 0.938787 0.100968
vt 0.822676 0.164521
vt 0.938787 0.116593
vt 0.938787 0.116593
vt 0.938787 0.049884
vt 0.824741 0.116593
vt 0.822676 0.133271
vt 0.822676 0.085343
vt 0.824741 0.085343
vt 0.971048 0.116593
vt 0.938787 0.018634
vt 0.822676 0.100968
vt 0.822676 0.148896
vt 0.822676 0.116593
vt 0.824741 0.085343
vt 0.584088 0.658142
vt 0.543260 0.658142
vt 0.408452 0.865191
vt 0.408452 0.945776
vt 0.430668 0.865191
vt 0.430668 0.945776
vt 0.430668 0.914526
vt 0.408452 0.914526
vt 0.405675 0.896441
vt 0.408452 0.896441
vt 0.433444 0.982782
vt 0.430668 0.977026
vt 0.408452 0.977026
vt 0.405675 0.982782
vt 0.430668 0.896441
vt 0.433444 0.896441
s 1
usemtl restaurant.049
f 74/1/1 36/2/1 26/3/1 67/4/1
f 16/5/2 4/6/3 6/7/2 17/8/2
f 18/9/4 5/10/5 4/11/6 16/12/6
f 16/12/7 10/13/7 12/14/7 18/9/7
f 17/8/8 11/15/8 10/16/8 16/5/8
f 1/12/9 13/17/10 15/18/11 2/9/12
f 3/8/13 14/19/13 13/20/13 1/5/13
f 7/13/14 1/12/14 2/9/14 8/14/14
f 9/15/15 3/8/15 1/5/15 7/16/15
f 13/17/16 4/11/16 5/10/16 15/18/16
f 14/19/16 6/7/16 4/6/16 13/20/16
f 10/13/17 7/13/17 8/14/17 12/14/17
f 11/15/17 9/15/17 7/16/17 10/16/17
f 34/21/18 22/22/18 24/23/18 35/24/18
f 36/25/19 23/26/20 22/27/21 34/28/21
f 22/22/17 31/29/17 33/30/17 24/23/17
f 23/26/17 32/31/17 31/32/17 22/27/17
f 25/33/16 28/33/16 30/34/16 26/34/16
f 27/35/16 29/35/16 28/36/16 25/36/16
f 34/28/14 25/33/14 26/34/14 36/25/14
f 35/24/15 27/35/15 25/36/15 34/21/15
f 19/28/22 31/32/22 32/31/23 20/25/24
f 21/24/25 33/30/25 31/29/25 19/21/25
f 28/33/7 19/28/7 20/25/7 30/34/7
f 29/35/8 21/24/8 19/21/8 28/36/8
f 18/37/4 76/38/26 75/39/27 5/40/5
f 44/41/28 17/42/29 6/43/29 48/44/28
f 14/45/16 42/46/16 48/44/16 6/43/16
f 9/47/1 37/48/1 46/41/1 3/42/1
f 3/42/30 46/41/31 42/46/31 14/45/30
f 11/47/17 38/48/17 37/48/17 9/47/17
f 36/2/19 74/1/32 73/49/32 23/50/20
f 21/51/33 45/52/34 41/53/34 33/54/33
f 29/55/35 40/56/35 45/52/35 21/51/35
f 43/52/36 35/51/37 24/57/37 47/58/36
f 47/58/17 24/57/17 33/54/17 41/53/17
f 29/55/16 27/55/16 39/56/16 40/56/16
f 65/59/1 8/60/1 2/37/1 72/38/1
f 39/61/38 37/62/38 38/62/38 40/61/38
f 71/63/16 15/64/16 5/40/16 75/39/16
f 68/4/35 30/3/35 20/2/35 70/1/35
f 66/59/17 12/60/17 8/60/17 65/59/17
f 23/50/17 73/49/17 69/65/17 32/66/17
f 67/67/39 68/67/39 66/68/39 65/68/39
f 70/1/40 20/2/24 32/66/23 69/65/40
f 72/38/41 2/37/12 15/64/11 71/63/42
f 76/38/35 18/37/35 12/60/35 66/59/35
f 51/69/35 55/70/35 53/71/35 49/72/35
f 52/73/35 50/74/35 54/75/35 56/76/35
f 52/73/35 56/76/35 55/70/35 51/69/35
f 54/75/35 50/74/35 49/72/35 53/71/35
f 59/69/1 57/72/1 61/71/1 63/70/1
f 60/73/1 64/76/1 62/75/1 58/74/1
f 60/73/1 59/69/1 63/70/1 64/76/1
f 62/75/1 61/71/1 57/72/1 58/74/1
f 87/77/43 88/78/43 42/46/31 46/41/31
f 45/52/34 95/79/44 96/80/44 41/53/34
f 85/81/16 71/63/16 75/39/16 98/82/16
f 79/83/1 65/59/1 72/38/1 86/84/1
f 81/85/35 68/4/35 70/1/35 94/86/35
f 68/4/16 67/4/16 26/3/16 30/3/16
f 17/42/35 44/41/35 38/48/35 11/47/35
f 35/51/1 43/52/1 39/56/1 27/55/1
f 86/84/45 72/38/41 71/63/42 85/81/45
f 94/86/46 70/1/40 69/65/40 93/87/46
f 77/83/35 66/59/35 68/4/35 81/85/35
f 89/86/1 74/1/1 67/4/1 82/85/1
f 97/84/35 76/38/35 66/59/35 77/83/35
f 82/85/1 67/4/1 65/59/1 79/83/1
f 80/88/35 38/48/35 44/41/35 100/77/35
f 84/89/1 39/56/1 43/52/1 92/79/1
f 97/84/35 77/83/35 450/83/35 440/84/35
f 87/90/39 78/91/39 80/91/39 100/90/39
f 88/78/16 99/92/16 48/44/16 42/46/16
f 37/48/1 78/88/1 87/77/1 46/41/1
f 38/48/35 80/88/35 83/89/35 40/56/35
f 39/56/1 84/89/1 78/88/1 37/48/1
f 78/91/39 84/93/39 83/93/39 80/91/39
f 98/82/51 97/84/52 440/84/53 439/82/54
f 84/93/39 92/95/39 95/95/39 83/93/39
f 88/96/55 87/90/55 100/90/55 99/97/55
f 74/1/32 89/86/56 90/94/56 73/49/32
f 92/79/57 43/52/36 47/58/36 91/98/57
f 76/38/26 97/84/58 98/82/59 75/39/27
f 100/77/60 44/41/28 48/44/28 99/92/61
f 73/49/17 90/94/17 93/87/17 69/65/17
f 91/98/17 47/58/17 41/53/17 96/80/17
f 89/86/1 82/85/1 447/85/1 444/86/1
f 92/95/62 91/99/62 96/100/62 95/95/62
f 95/79/35 45/52/35 40/56/35 83/89/35
f 56/101/39 64/101/39 63/102/39 55/102/39
f 55/103/16 63/103/16 61/104/16 53/104/16
f 54/105/17 62/105/17 64/106/17 56/106/17
f 53/107/38 61/108/38 62/109/38 54/110/38
f 104/111/35 101/112/35 108/113/35 106/114/35
f 105/111/1 107/112/1 102/113/1 103/114/1
f 93/87/98 90/94/99 443/94/100 442/87/101
f 94/86/102 93/87/98 442/87/101 441/86/102
s 0
f 89/118/107 94/118/107 441/118/107 444/118/107
s 1
f 82/85/1 79/83/1 449/83/1 447/85/1
f 77/83/35 81/85/35 448/85/35 450/83/35
f 79/83/1 86/84/1 445/84/1 449/83/1
f 86/84/266 85/81/267 446/81/268 445/84/269
f 81/85/35 94/86/35 441/86/35 448/85/35
f 445/406/271 446/407/271 439/408/271 440/406/271
f 443/115/272 444/117/272 441/117/272 442/116/272
s 0
f 191/118/273 184/118/273 452/118/273 455/118/273
s 1
f 90/94/99 89/86/275 444/86/275 443/94/100
f 85/81/267 98/82/51 439/82/54 446/81/268
f 435/85/38 450/118/38 449/118/38 436/85/38
f 448/85/38 447/85/38 449/83/38 450/118/38
s 0
f 444/118/38 447/118/38 448/118/38 441/118/38
f 452/118/38 437/118/38 438/118/38 455/118/38
s 1
usemtl restaurant.048
f 187/94/47 453/94/48 440/86/49 97/86/50
f 179/85/1 436/85/1 445/86/1 86/86/1
f 76/1/35 167/4/35 131/3/35 18/2/35
f 124/5/63 125/8/63 114/7/63 112/6/63
f 126/9/64 124/12/65 112/11/65 113/10/66
f 124/12/14 126/9/14 120/14/14 118/13/14
f 125/8/15 124/5/15 118/16/15 119/15/15
f 109/12/67 110/9/68 123/18/5 121/17/67
f 111/8/69 109/5/69 121/20/69 122/19/69
f 115/13/7 116/14/7 110/9/7 109/12/7
f 117/15/8 115/16/8 109/5/8 111/8/8
f 121/17/16 123/18/16 113/10/16 112/11/16
f 122/19/16 121/20/16 112/6/16 114/7/16
f 118/13/17 120/14/17 116/14/17 115/13/17
f 119/15/17 118/16/17 115/16/17 117/15/17
f 16/21/70 17/24/71 129/23/72 127/22/71
f 18/25/73 16/28/74 127/27/75 128/26/76
f 127/22/17 129/23/17 138/30/17 136/29/17
f 128/26/17 127/27/17 136/32/17 137/31/17
f 130/33/16 131/34/16 135/34/16 133/33/16
f 132/35/16 130/36/16 133/36/16 134/35/16
f 16/28/7 18/25/7 131/34/7 130/33/7
f 17/24/8 16/21/8 130/36/8 132/35/8
f 1/28/77 2/25/78 137/31/79 136/32/80
f 3/24/81 1/21/82 136/29/81 138/30/82
f 133/33/14 135/34/14 2/25/14 1/28/14
f 134/35/15 133/36/15 1/21/15 3/24/15
f 126/37/64 113/40/66 173/39/83 174/38/83
f 145/41/84 148/44/84 114/43/85 125/42/85
f 122/45/16 114/43/16 148/44/16 144/46/16
f 117/47/35 111/42/35 146/41/35 139/48/35
f 111/42/29 122/45/29 144/46/28 146/41/28
f 119/47/17 117/47/17 139/48/17 140/48/17
f 18/2/73 128/50/76 172/49/86 76/1/86
f 3/51/87 138/54/88 143/53/89 46/52/89
f 134/55/1 3/51/1 46/52/1 142/56/1
f 44/52/90 147/58/90 129/57/91 17/51/92
f 147/58/17 143/53/17 138/54/17 129/57/17
f 134/55/16 142/56/16 141/56/16 132/55/16
f 165/59/35 171/38/35 110/37/35 116/60/35
f 141/61/38 142/61/38 140/62/38 139/62/38
f 170/63/16 173/39/16 113/40/16 123/64/16
f 168/4/1 72/1/1 2/2/1 135/3/1
f 166/59/17 165/59/17 116/60/17 120/60/17
f 128/50/17 137/66/17 169/65/17 172/49/17
f 167/67/39 165/68/39 166/68/39 168/67/39
f 72/1/93 169/65/93 137/66/79 2/2/78
f 171/38/27 170/63/27 123/64/5 110/37/68
f 174/38/1 166/59/1 120/60/1 126/37/1
f 151/69/1 149/72/1 153/71/1 155/70/1
f 152/73/1 156/76/1 154/75/1 150/74/1
f 152/73/1 151/69/1 155/70/1 156/76/1
f 159/69/35 163/70/35 161/71/35 157/72/35
f 160/73/35 158/74/35 162/75/35 164/76/35
f 160/73/35 164/76/35 163/70/35 159/69/35
f 164/106/17 162/105/17 154/105/17 156/106/17
f 161/104/16 163/103/16 155/103/16 153/104/16
f 163/102/39 164/101/39 156/101/39 155/102/39
f 185/77/61 146/41/28 144/46/28 186/78/61
f 46/52/89 143/53/89 190/80/94 87/79/95
f 183/81/16 192/82/16 173/39/16 170/63/16
f 177/83/35 184/84/35 171/38/35 165/59/35
f 179/85/1 86/86/1 72/1/1 168/4/1
f 168/4/16 135/3/16 131/3/16 167/4/16
f 125/42/1 119/47/1 140/48/1 145/41/1
f 17/51/35 132/55/35 141/56/35 44/52/35
f 184/84/59 183/81/59 170/63/27 171/38/27
f 86/86/96 189/87/97 169/65/93 72/1/93
f 175/83/1 179/85/1 168/4/1 166/59/1
f 97/86/35 180/85/35 167/4/35 76/1/35
f 191/84/1 175/83/1 166/59/1 174/38/1
f 180/85/35 177/83/35 165/59/35 167/4/35
f 178/88/1 194/77/1 145/41/1 140/48/1
f 182/89/35 100/79/35 44/52/35 141/56/35
f 185/90/39 194/90/39 178/91/39 176/91/39
f 186/78/16 144/46/16 148/44/16 193/92/16
f 139/48/35 146/41/35 185/77/35 176/88/35
f 140/48/1 142/56/1 181/89/1 178/88/1
f 141/56/35 139/48/35 176/88/35 182/89/35
f 176/91/39 178/91/39 181/93/39 182/93/39
f 453/115/103 454/116/104 445/117/105 440/117/106
f 182/93/39 181/93/39 87/95/39 100/95/39
f 186/96/108 193/97/108 194/90/108 185/90/108
f 76/1/86 172/49/86 187/94/109 97/86/110
f 100/79/111 188/98/112 147/58/90 44/52/90
f 174/38/83 173/39/83 192/82/113 191/84/113
f 194/77/114 193/92/114 148/44/84 145/41/84
f 172/49/17 169/65/17 189/87/17 187/94/17
f 188/98/17 190/80/17 143/53/17 147/58/17
f 180/85/35 435/85/35 437/83/35 177/83/35
f 100/95/115 87/95/116 190/100/117 188/99/118
f 87/79/1 181/89/1 142/56/1 46/52/1
f 197/119/39 195/120/39 196/120/39 198/119/39
f 197/121/35 205/122/35 200/123/35 195/124/35
f 204/122/17 203/125/17 206/125/17 205/126/17
f 206/127/38 203/127/38 202/128/38 199/129/38
f 196/124/1 201/130/1 204/126/1 198/121/1
f 201/131/15 202/131/15 203/132/15 204/132/15
f 205/132/8 206/132/8 199/133/8 200/131/8
f 200/130/16 199/134/16 202/135/16 201/123/16
f 198/121/17 204/122/17 205/126/17 197/121/17
f 195/124/16 200/130/16 201/123/16 196/124/16
f 217/136/119 214/136/120 208/137/121 211/137/122
f 223/138/123 226/138/124 213/139/125 218/139/126
f 244/140/127 243/141/128 230/141/129 227/140/130
f 219/142/131 222/142/132 210/143/133 209/143/134
f 224/144/135 262/145/135 261/146/135 221/147/135
f 219/148/131 244/140/127 227/140/130 222/148/132
f 234/149/136 233/150/137 240/150/138 237/149/139
f 252/151/140 228/152/141 236/153/142 253/154/143
f 254/154/144 238/153/145 246/152/146 247/151/144
f 233/155/39 232/156/39 231/157/39 230/158/39
f 241/159/147 242/160/148 245/161/149 239/162/150
f 223/163/123 234/149/136 237/149/139 226/163/124
f 243/158/39 242/157/39 241/156/39 240/155/39
f 231/160/151 232/159/151 235/162/152 229/161/153
f 248/164/154 209/165/134 208/166/121
f 210/165/133 250/164/155 211/166/122
f 213/167/125 251/168/156 214/169/120
f 249/168/157 218/167/126 217/169/119
f 227/170/130 229/171/153 228/172/141
f 234/173/136 236/174/142 235/175/152
f 237/173/139 239/175/150 238/174/145
f 244/170/127 246/172/146 245/171/149
f 247/176/158 219/142/131 209/143/134 248/177/154
f 208/166/121 209/165/134 210/165/133 211/166/122
f 211/166/122 250/164/155 249/168/157 217/169/119
f 217/169/119 218/167/126 213/167/125 214/169/120
f 214/169/120 251/168/156 248/164/154 208/166/121
f 250/177/155 210/143/133 222/142/132 252/176/159
f 218/139/126 249/178/157 253/179/143 223/138/123
f 251/178/156 213/139/125 226/138/124 254/179/160
f 229/171/153 227/170/130 230/180/129 231/181/35
f 234/173/136 235/175/152 232/182/17 233/183/137
f 228/172/141 229/171/153 235/175/152 236/174/142
f 252/184/159 222/185/132 227/170/130 228/172/141
f 236/174/142 234/173/136 223/186/123 253/187/143
f 239/175/150 237/173/139 240/183/138 241/182/1
f 242/181/148 243/180/128 244/170/127 245/171/149
f 238/174/145 239/175/150 245/171/149 246/172/146
f 219/185/131 247/184/158 246/172/146 244/170/127
f 237/173/139 238/174/145 254/187/160 226/186/124
f 207/188/161 256/189/161 255/190/161 220/191/161
f 220/192/147 247/176/147 248/177/147 207/193/147
f 216/194/151 249/178/151 250/177/151 212/193/151
f 207/193/147 248/177/147 251/178/147 215/194/147
f 212/193/151 250/177/151 252/176/151 221/192/151
f 224/195/151 253/179/151 249/178/151 216/194/151
f 215/194/147 251/178/147 254/179/147 225/195/147
f 225/195/147 254/179/147 247/176/147 220/192/147
f 221/192/151 252/176/151 253/179/151 224/195/151
f 258/196/147 255/197/147 256/198/147 257/199/147
f 225/200/162 258/201/162 257/202/162 215/203/162
f 220/147/163 255/146/163 258/145/163 225/144/163
f 215/204/164 257/205/164 256/206/164 207/207/164
f 261/197/151 262/196/151 259/199/151 260/198/151
f 221/191/165 261/190/165 260/189/165 212/188/165
f 212/207/166 260/206/166 259/205/166 216/204/166
f 216/203/167 259/202/167 262/201/167 224/200/167
f 243/158/39 240/155/39 233/155/39 230/158/39
f 264/208/168 266/209/169 338/210/170 337/211/35
f 342/212/171 275/213/171 273/214/172 341/215/172
f 343/216/173 277/217/173 275/213/171 342/212/171
f 344/218/174 279/219/174 277/217/173 343/216/173
f 345/220/175 281/221/175 279/219/174 344/218/174
f 346/222/176 283/223/176 281/221/175 345/220/175
f 347/220/177 285/221/177 283/223/176 346/222/176
f 348/218/178 287/219/178 285/221/177 347/220/177
f 337/216/179 265/217/179 287/219/178 348/218/178
f 341/215/172 273/214/172 271/224/180 340/225/180
f 271/226/17 295/227/17 293/228/181 269/229/181
f 340/225/180 271/224/180 269/214/182 339/215/182
f 264/230/168 326/231/183 325/232/184 266/233/169
f 266/233/169 325/232/184 327/234/185 268/235/186
f 266/209/169 268/236/186 339/237/181 338/210/170
f 268/235/186 327/234/185 328/238/187 270/239/188
f 268/236/186 270/240/188 340/241/17 339/237/181
f 270/239/188 328/238/187 329/234/189 272/235/190
f 270/240/188 272/236/190 341/237/191 340/241/17
f 272/235/190 329/234/189 330/232/192 274/233/193
f 272/236/190 274/209/193 342/210/194 341/237/191
f 274/233/193 330/232/192 331/231/195 276/230/196
f 274/209/193 276/208/196 343/211/1 342/210/194
f 276/230/196 331/231/195 332/242/197 278/243/198
f 276/208/196 278/244/198 344/245/199 343/211/1
f 278/243/198 332/242/197 333/246/200 280/247/201
f 278/244/198 280/248/201 345/249/202 344/245/199
f 280/247/201 333/246/200 334/250/203 282/251/204
f 280/248/201 282/252/204 346/253/16 345/249/202
f 282/251/204 334/250/203 335/246/205 284/247/206
f 282/252/204 284/248/206 347/249/207 346/253/16
f 284/247/206 335/246/205 336/242/208 286/243/209
f 284/248/206 286/244/209 348/245/210 347/249/207
f 286/243/209 336/242/208 326/231/183 264/230/168
f 286/244/209 264/208/168 337/211/35 348/245/210
f 265/254/35 288/255/35 311/256/210 287/257/210
f 269/229/181 293/228/181 291/258/170 267/259/170
f 279/257/199 303/256/199 301/255/1 277/254/1
f 287/257/210 311/256/210 309/260/207 285/261/207
f 302/262/211 320/263/211 319/264/212 300/265/212
f 277/254/1 301/255/1 299/258/194 275/259/194
f 285/261/207 309/260/207 307/266/16 283/267/16
f 275/259/194 299/258/194 297/228/191 273/229/191
f 283/267/16 307/266/16 305/260/202 281/261/202
f 273/229/191 297/228/191 295/227/17 271/226/17
f 281/261/202 305/260/202 303/256/199 279/257/199
f 290/268/213 291/269/213 293/270/214 292/271/214
f 292/271/214 293/270/214 295/272/215 294/273/215
f 294/273/215 295/272/215 297/270/216 296/271/216
f 296/271/216 297/270/216 299/269/217 298/268/217
f 298/268/217 299/269/217 301/274/218 300/275/218
f 300/275/218 301/274/218 303/276/219 302/277/219
f 302/277/219 303/276/219 305/278/220 304/279/220
f 304/279/220 305/278/220 307/280/221 306/281/221
f 306/281/221 307/280/221 309/278/222 308/279/222
f 308/279/222 309/278/222 311/276/223 310/277/223
f 310/277/223 311/276/223 288/274/224 289/275/224
f 267/259/170 291/258/170 288/255/35 265/254/35
f 296/282/225 317/283/225 316/284/226 294/285/226
f 310/262/227 324/263/227 323/286/228 308/287/228
f 290/288/229 314/289/229 313/264/230 289/265/230
f 304/287/231 321/286/231 320/263/211 302/262/211
f 298/288/232 318/289/232 317/283/225 296/282/225
f 289/265/230 313/264/230 324/263/227 310/262/227
f 292/282/233 315/283/233 314/289/229 290/288/229
f 306/290/234 322/291/234 321/286/231 304/287/231
f 300/265/212 319/264/212 318/289/232 298/288/232
f 294/285/226 316/284/226 315/283/233 292/282/233
f 308/287/228 323/286/228 322/291/234 306/290/234
f 289/275/224 288/274/224 291/269/213 290/268/213
f 312/292/38 313/293/235 314/294/236
f 312/292/38 314/294/236 315/295/237
f 312/292/38 315/295/237 316/296/238
f 312/292/38 316/296/238 317/295/239
f 312/292/38 317/295/239 318/294/240
f 312/292/38 318/294/240 319/293/241
f 312/292/38 319/293/241 320/297/242
f 312/292/38 320/297/242 321/298/243
f 312/292/38 321/298/243 322/299/244
f 312/292/38 322/299/244 323/298/245
f 312/292/38 323/298/245 324/297/246
f 312/292/38 324/297/246 313/293/235
f 263/300/39 325/301/39 326/300/39
f 263/300/39 327/302/39 325/301/39
f 263/300/39 328/303/39 327/302/39
f 263/300/39 329/302/39 328/303/39
f 263/300/39 330/301/39 329/302/39
f 263/300/39 331/300/39 330/301/39
f 263/300/39 332/304/39 331/300/39
f 263/300/39 333/305/39 332/304/39
f 263/300/39 334/306/39 333/305/39
f 263/300/39 335/305/39 334/306/39
f 263/300/39 336/304/39 335/305/39
f 263/300/39 326/300/39 336/304/39
f 339/215/182 269/214/182 267/213/247 338/212/247
f 337/216/179 338/212/247 267/213/247 265/217/179
f 350/307/168 352/308/169 424/309/170 423/310/35
f 428/311/171 361/312/171 359/313/172 427/314/172
f 429/315/248 363/316/248 361/312/171 428/311/171
f 430/317/174 365/318/174 363/316/248 429/315/248
f 431/319/175 367/320/175 365/318/174 430/317/174
f 432/321/176 369/322/176 367/320/175 431/319/175
f 433/319/177 371/320/177 369/322/176 432/321/176
f 434/317/178 373/318/178 371/320/177 433/319/177
f 423/315/179 351/316/179 373/318/178 434/317/178
f 427/314/172 359/313/172 357/323/180 426/324/180
f 357/325/17 381/326/17 379/327/181 355/328/181
f 426/324/180 357/323/180 355/313/182 425/314/182
f 350/329/168 412/330/183 411/331/184 352/332/169
f 352/332/169 411/331/184 413/333/185 354/334/186
f 352/308/169 354/335/186 425/336/181 424/309/170
f 354/334/186 413/333/185 414/337/187 356/338/188
f 354/335/186 356/339/188 426/340/17 425/336/181
f 356/338/188 414/337/187 415/333/189 358/334/190
f 356/339/188 358/335/190 427/336/191 426/340/17
f 358/334/190 415/333/189 416/331/192 360/332/193
f 358/335/190 360/308/193 428/309/194 427/336/191
f 360/332/193 416/331/192 417/330/195 362/329/196
f 360/308/193 362/307/196 429/310/1 428/309/194
f 362/329/196 417/330/195 418/341/197 364/342/198
f 362/307/196 364/343/198 430/344/199 429/310/1
f 364/342/198 418/341/197 419/345/200 366/346/201
f 364/343/198 366/347/201 431/348/202 430/344/199
f 366/346/201 419/345/200 420/349/203 368/350/204
f 366/347/201 368/351/204 432/352/16 431/348/202
f 368/350/204 420/349/203 421/345/205 370/346/206
f 368/351/204 370/347/206 433/348/207 432/352/16
f 370/346/206 421/345/205 422/341/249 372/342/209
f 370/347/206 372/343/209 434/344/210 433/348/207
f 372/342/209 422/341/249 412/330/183 350/329/168
f 372/343/209 350/307/168 423/310/35 434/344/210
f 351/353/35 374/354/35 397/355/210 373/356/210
f 355/328/181 379/327/181 377/357/170 353/358/170
f 365/356/199 389/355/199 387/354/1 363/353/1
f 373/356/210 397/355/210 395/359/207 371/360/207
f 388/361/211 406/362/211 405/363/212 386/364/212
f 363/353/1 387/354/1 385/357/194 361/358/194
f 371/360/207 395/359/207 393/365/16 369/366/16
f 361/358/194 385/357/194 383/327/191 359/328/191
f 369/366/16 393/365/16 391/359/202 367/360/202
f 359/328/191 383/327/191 381/326/17 357/325/17
f 367/360/202 391/359/202 389/355/199 365/356/199
f 376/367/213 377/368/213 379/369/214 378/370/214
f 378/370/214 379/369/214 381/371/215 380/372/215
f 380/372/215 381/371/215 383/369/216 382/370/216
f 382/370/216 383/369/216 385/368/217 384/367/217
f 384/367/217 385/368/217 387/373/218 386/374/218
f 386/374/218 387/373/218 389/375/219 388/376/219
f 388/376/219 389/375/219 391/377/220 390/378/220
f 390/378/220 391/377/220 393/379/221 392/380/221
f 392/380/221 393/379/221 395/377/222 394/378/222
f 394/378/222 395/377/222 397/375/223 396/376/223
f 396/376/223 397/375/223 374/373/224 375/374/224
f 353/358/170 377/357/170 374/354/35 351/353/35
f 382/381/250 403/382/250 402/383/251 380/384/251
f 396/361/227 410/362/227 409/385/228 394/386/228
f 376/387/229 400/388/229 399/363/230 375/364/230
f 390/386/252 407/385/252 406/362/211 388/361/211
f 384/387/232 404/388/232 403/382/250 382/381/250
f 375/364/230 399/363/230 410/362/227 396/361/227
f 378/381/233 401/382/233 400/388/229 376/387/229
f 392/389/234 408/390/234 407/385/252 390/386/252
f 386/364/212 405/363/212 404/388/232 384/387/232
f 380/384/251 402/383/251 401/382/233 378/381/233
f 394/386/228 409/385/228 408/390/234 392/389/234
f 375/374/224 374/373/224 377/368/213 376/367/213
f 398/391/38 399/392/235 400/393/236
f 398/391/38 400/393/236 401/394/253
f 398/391/38 401/394/253 402/395/254
f 398/391/38 402/395/254 403/394/255
f 398/391/38 403/394/255 404/393/256
f 398/391/38 404/393/256 405/392/257
f 398/391/38 405/392/257 406/396/242
f 398/391/38 406/396/242 407/397/243
f 398/391/38 407/397/243 408/398/258
f 398/391/38 408/398/258 409/397/259
f 398/391/38 409/397/259 410/396/246
f 398/391/38 410/396/246 399/392/235
f 349/399/39 411/400/39 412/399/39
f 349/399/39 413/401/39 411/400/39
f 349/399/39 414/402/39 413/401/39
f 349/399/39 415/401/39 414/402/39
f 349/399/39 416/400/39 415/401/39
f 349/399/39 417/399/39 416/400/39
f 349/399/39 418/403/39 417/399/39
f 349/399/39 419/404/39 418/403/39
f 349/399/39 420/405/39 419/404/39
f 349/399/39 421/404/39 420/405/39
f 349/399/39 422/403/39 421/404/39
f 349/399/39 412/399/39 422/403/39
f 425/314/182 355/313/182 353/312/247 424/311/247
f 423/315/179 424/311/247 353/312/247 351/316/179
f 189/87/260 454/87/261 453/94/48 187/94/47
f 183/81/262 451/81/263 456/82/264 192/82/265
f 184/84/53 452/84/53 451/81/263 183/81/262
f 192/82/265 456/82/264 455/84/270 191/84/270
f 177/83/35 437/83/35 452/84/35 184/84/35
f 452/406/274 455/406/274 456/408/274 451/407/274
f 175/83/1 438/83/1 436/85/1 179/85/1
f 86/86/276 445/86/277 454/87/261 189/87/260
f 191/84/1 455/84/1 438/83/1 175/83/1
f 97/86/35 440/86/35 435/85/35 180/85/35
f 436/85/38 438/83/38 437/83/38 435/85/38
usemtl restaurant.031
f 469/409/278 470/410/279 460/411/280 458/412/281
f 464/412/282 465/411/283 477/410/284 473/409/285
f 457/413/286 458/414/281 459/415/287
f 460/416/280 478/417/288 461/418/289
f 462/413/290 463/415/291 464/414/282
f 484/417/292 465/416/283 466/418/293
f 467/419/294 468/420/295 469/421/278
f 490/422/296 470/423/279 471/424/297
f 472/419/298 473/421/285 474/420/299
f 475/422/300 476/424/301 477/423/284
f 462/413/290 457/413/286 459/415/287 463/415/291
f 458/412/281 460/411/280 461/425/289 459/426/287
f 478/417/288 484/417/292 466/418/293 461/418/289
f 465/411/283 464/412/282 463/426/291 466/425/293
f 472/419/298 462/413/290 464/414/282 473/421/285
f 484/417/292 475/422/300 477/423/284 465/416/283
f 476/427/301 474/428/299 473/409/285 477/410/284
f 467/419/294 472/419/298 474/420/299 468/420/295
f 475/422/300 490/422/296 471/424/297 476/424/301
f 470/410/279 469/409/278 468/428/295 471/427/297
f 457/413/286 467/419/294 469/421/278 458/414/281
f 490/422/296 478/417/288 460/416/280 470/423/279
f 462/413/290 472/419/298 467/419/294 457/413/286
f 492/429/278 494/430/279 481/431/280 479/432/281
f 497/433/302 499/434/303 495/434/304 491/433/305
f 498/435/38 487/436/38 482/436/38 493/435/38
f 480/437/287 483/438/306 489/438/293 485/437/291
f 486/432/282 488/431/283 500/430/284 496/429/285
f 478/439/307 479/432/281 480/437/287
f 481/440/280 482/441/288 483/442/306
f 484/439/308 485/437/291 486/432/282
f 487/441/292 488/440/283 489/442/293
f 490/443/309 491/433/305 492/429/278
f 493/444/296 494/445/279 495/446/304
f 475/443/310 496/429/285 497/433/302
f 498/444/300 499/446/303 500/445/284
f 484/439/308 478/439/307 480/437/287 485/437/291
f 479/432/281 481/431/280 483/438/306 480/437/287
f 482/441/288 487/441/292 489/442/293 483/442/306
f 488/431/283 486/432/282 485/437/291 489/438/293
f 475/443/310 484/439/308 486/432/282 496/429/285
f 487/441/292 498/444/300 500/445/284 488/440/283
f 499/434/303 497/433/302 496/429/285 500/430/284
f 490/443/309 475/443/310 497/433/302 491/433/305
f 498/444/300 493/444/296 495/446/304 499/446/303
f 494/430/279 492/429/278 491/433/305 495/434/304
f 478/439/307 490/443/309 492/429/278 479/432/281
f 493/444/296 482/441/288 481/440/280 494/445/279
f 509/447/17 511/448/17 505/449/17 507/450/17
f 508/451/311 507/452/311 506/453/311
f 505/454/312 504/455/312 503/456/312
f 502/457/313 501/458/313 509/459/313
f 510/460/314 511/461/314 512/462/314
f 507/450/151 505/449/151 503/463/151 506/464/151
f 511/448/315 509/447/315 501/465/315 512/466/315
f 508/451/316 502/457/316 509/459/316 507/452/316
f 510/460/317 504/455/317 505/454/317 511/461/317
f 521/467/17 523/468/17 517/469/17 519/470/17
f 520/471/318 519/472/318 518/473/318
f 517/474/319 516/475/319 515/476/319
f 514/477/320 513/478/320 521/479/320
f 522/480/321 523/481/321 524/482/321
f 519/470/151 517/469/151 515/483/151 518/484/151
f 523/468/315 521/467/315 513/485/315 524/486/315
f 520/471/316 514/477/316 521/479/316 519/472/316
f 522/480/317 516/475/317 517/474/317 523/481/317
f 474/428/322 476/427/323 529/487/324 532/488/325
f 476/427/323 471/427/326 535/487/327 529/487/324
f 471/427/326 468/428/328 534/488/329 535/487/327
f 468/428/328 474/428/322 532/488/325 534/488/329
f 459/426/287 461/425/1 526/489/1 525/490/1
f 461/425/1 466/425/293 527/489/1 526/489/1
f 466/425/293 463/426/291 528/490/1 527/489/1
f 463/426/291 459/426/287 525/490/1 528/490/1
f 538/491/1 537/492/1 540/492/1 539/491/1
f 530/493/330 531/494/330 532/495/330 529/496/330
f 531/497/8 533/497/8 534/498/8 532/498/8
f 536/499/7 530/499/7 529/500/7 535/500/7
f 533/494/151 536/493/151 535/496/151 534/495/151
f 537/501/331 538/502/331 525/503/331 526/504/331
f 538/505/332 539/505/332 528/506/332 525/506/332
f 540/507/333 537/507/333 526/508/333 527/508/333
f 539/502/334 540/501/334 527/504/334 528/503/334
f 531/509/35 530/510/35 536/510/35 533/509/35
f 549/511/16 551/512/16 545/513/16 547/514/16
f 548/515/335 547/516/335 546/517/335
f 545/518/336 544/519/336 543/520/336
f 542/521/337 541/522/337 549/523/337
f 550/524/338 551/525/338 552/526/338
f 547/514/147 545/513/147 543/527/147 546/528/147
f 551/512/330 549/511/330 541/529/330 552/530/330
f 548/515/55 542/521/55 549/523/55 547/516/55
f 550/524/271 544/519/271 545/518/271 551/525/271
f 561/531/339 563/532/340 557/533/341 559/534/342
f 560/535/343 559/536/342 558/537/344
f 557/538/341 556/539/345 555/540/346
f 554/541/347 553/542/348 561/543/339
f 562/544/349 563/545/340 564/546/350
f 559/547/342 557/538/341 555/540/346 558/548/344
f 563/545/340 561/549/339 553/550/348 564/546/350
f 560/535/343 554/541/347 561/543/339 559/536/342
f 562/551/349 556/552/345 557/553/341 563/554/340
f 560/535/343 558/537/344 567/555/351
f 564/556/352 553/557/352 565/558/352 568/559/352
f 555/560/346 556/561/345 566/562/353
f 558/563/354 555/560/354 566/562/354 567/564/354
f 553/542/348 554/541/347 565/565/355
f 556/561/356 562/566/356 568/567/356 566/568/356
f 554/569/357 560/570/357 567/571/357 565/572/357
f 562/566/349 564/556/350 568/567/358
f 576/573/359 592/574/359 578/575/360 569/576/360
f 571/577/361 582/578/361 584/579/362 572/580/362
f 572/580/363 584/579/363 586/581/363 573/582/363
f 573/583/364 586/584/364 588/585/365 574/586/365
f 574/587/365 588/588/365 590/589/366 575/590/366
f 575/590/367 590/589/367 592/574/359 576/573/359
f 569/591/368 578/592/368 580/593/369 570/594/369
f 570/595/369 580/596/369 582/578/361 571/577/361
f 580/593/370 578/592/371 577/597/371 579/598/370
f 582/599/372 580/593/370 579/598/370 581/600/372
f 584/601/373 582/599/372 581/600/372 583/602/373
f 586/584/374 584/601/373 583/602/373 585/603/374
f 588/585/375 586/584/374 585/603/374 587/604/375
f 590/605/376 588/585/375 587/604/375 589/606/376
f 592/607/377 590/605/376 589/606/376 591/608/377
f 578/592/371 592/607/377 591/608/377 577/597/371
f 581/609/378 579/610/379 679/611/379 680/612/380
f 587/613/381 585/614/382 682/615/382 683/616/381
f 583/617/383 581/609/378 680/612/380 681/618/383
f 589/619/384 587/613/381 683/616/381 684/620/384
f 579/610/379 577/621/385 678/622/385 679/611/379
f 577/621/385 591/623/386 685/624/386 678/622/385
f 585/614/382 583/617/383 681/618/383 682/615/382
f 591/623/386 589/619/384 684/620/384 685/624/386
f 601/625/387 617/626/388 603/627/389 594/628/387
f 596/629/390 607/630/391 609/631/392 597/632/393
f 597/632/393 609/631/392 611/633/394 598/634/395
f 598/634/351 611/633/394 613/635/396 599/636/397
f 599/636/397 613/635/396 615/637/398 600/638/399
f 600/638/399 615/637/398 617/626/388 601/625/353
f 594/628/400 603/627/389 605/639/401 595/640/402
f 595/640/402 605/639/401 607/630/391 596/629/35
f 605/641/401 603/642/389 602/643/403 604/644/404
f 607/645/391 605/641/401 604/644/404 606/646/405
f 609/647/392 607/645/391 606/646/405 608/648/406
f 611/649/394 609/647/392 608/648/406 610/650/407
f 613/651/396 611/649/394 610/650/407 612/652/408
f 615/653/398 613/651/396 612/652/408 614/654/409
f 617/655/388 615/653/398 614/654/409 616/656/410
f 603/642/389 617/655/388 616/656/410 602/643/403
f 616/656/411 614/654/411 612/652/411 610/650/411
f 602/643/403 616/656/410 619/657/412 618/658/412
f 616/659/413 610/660/413 620/661/413 619/662/413
f 608/663/414 602/664/414 618/665/414 621/666/414
f 618/658/411 619/657/411 620/667/411 621/668/411
f 604/644/411 602/643/411 608/648/411 606/646/411
f 610/660/407 608/663/406 621/666/415 620/661/415
f 629/669/387 645/670/388 631/671/389 622/672/387
f 624/673/416 635/674/391 637/675/392 625/676/390
f 625/676/395 637/675/392 639/677/394 626/678/395
f 626/678/351 639/677/394 641/679/396 627/680/397
f 627/680/397 641/679/396 643/681/398 628/682/399
f 628/682/399 643/681/398 645/670/388 629/669/353
f 622/672/358 631/671/389 633/683/401 623/684/402
f 623/684/402 633/683/401 635/674/391 624/673/416
f 633/685/401 631/686/389 630/687/403 632/688/404
f 635/689/391 633/685/401 632/688/404 634/690/405
f 637/691/392 635/689/391 634/690/405 636/692/406
f 639/693/394 637/691/392 636/692/406 638/694/407
f 641/695/396 639/693/394 638/694/407 640/696/408
f 643/697/398 641/695/396 640/696/408 642/698/409
f 645/699/388 643/697/398 642/698/409 644/700/410
f 631/686/389 645/699/388 644/700/410 630/687/403
f 644/700/411 642/698/411 640/696/411 638/694/411
f 630/687/403 644/700/410 647/701/412 646/702/412
f 644/703/413 638/704/413 648/705/413 647/706/413
f 636/707/414 630/708/414 646/709/414 649/710/414
f 646/702/411 647/701/411 648/711/411 649/712/411
f 632/688/411 630/687/411 636/692/411 634/690/411
f 638/704/407 636/707/406 649/710/415 648/705/415
f 657/713/387 673/714/388 659/715/389 650/716/387
f 652/717/416 663/718/391 665/719/392 653/720/390
f 653/720/395 665/719/392 667/721/394 654/722/395
f 654/722/351 667/721/394 669/723/396 655/724/397
f 655/724/397 669/723/396 671/725/398 656/726/399
f 656/726/399 671/725/398 673/714/388 657/713/353
f 650/716/400 659/715/389 661/727/401 651/728/402
f 651/728/402 661/727/401 663/718/391 652/717/416
f 661/729/401 659/730/389 658/731/403 660/732/404
f 663/733/391 661/729/401 660/732/404 662/734/405
f 665/735/392 663/733/391 662/734/405 664/736/406
f 667/737/394 665/735/392 664/736/406 666/738/407
f 669/739/396 667/737/394 666/738/407 668/740/408
f 671/741/398 669/739/396 668/740/408 670/742/409
f 673/743/388 671/741/398 670/742/409 672/744/410
f 659/730/389 673/743/388 672/744/410 658/731/403
f 672/744/411 670/742/411 668/740/411 666/738/411
f 658/731/403 672/744/410 675/745/412 674/746/412
f 672/747/417 666/748/417 676/749/417 675/750/417
f 664/751/414 658/752/414 674/753/414 677/754/414
f 674/746/411 675/745/411 676/755/411 677/756/411
f 660/732/411 658/731/411 664/736/411 662/734/411
f 666/748/407 664/751/406 677/754/415 676/749/415
f 593/757/411 679/758/411 678/759/411
f 593/757/411 680/760/411 679/758/411
f 593/757/411 681/761/411 680/760/411
f 593/757/411 682/762/411 681/761/411
f 593/757/411 683/763/411 682/762/411
f 593/757/411 684/764/411 683/763/411
f 593/757/411 685/765/411 684/764/411
f 593/757/411 678/759/411 685/765/411
f 686/766/16 688/767/16 796/768/16 789/769/16
f 793/770/38 791/771/38 790/771/38 795/770/38
f 689/767/17 687/766/17 792/769/17 794/768/17
f 688/767/35 689/767/35 794/768/35 796/768/35
f 698/772/418 699/773/151 695/774/419
f 695/775/420 694/776/420 702/777/420 703/778/420
f 692/779/330 699/773/330 696/780/330 690/781/330
f 691/782/315 694/783/315 695/774/315 693/781/315
f 694/783/421 697/784/422 700/785/423 702/786/423
f 695/774/419 703/787/424 701/788/424 698/772/418
f 693/781/151 695/774/419 699/773/151 692/779/151
f 696/789/425 699/790/425 698/791/426 697/792/426
f 696/780/147 697/784/422 694/783/421
f 712/793/427 713/794/315 709/795/428
f 690/781/147 696/780/147 694/783/421 691/782/147
f 702/786/315 700/785/315 701/788/315 703/787/315
f 698/791/426 701/796/38 700/797/38 697/792/426
f 709/798/429 708/799/429 716/800/429 717/801/429
f 706/802/151 713/794/151 710/803/151 704/804/151
f 705/802/147 708/805/147 709/795/147 707/806/147
f 708/805/430 711/807/431 714/808/432 716/809/432
f 709/795/428 717/810/433 715/811/433 712/793/427
f 707/806/315 709/795/428 713/794/315 706/802/315
f 710/812/434 713/813/434 712/814/435 711/815/435
f 710/803/330 711/807/431 708/805/430
f 726/816/436 727/817/147 723/818/437
f 704/804/330 710/803/330 708/805/430 705/802/330
f 716/809/147 714/808/147 715/811/147 717/810/147
f 712/814/435 715/819/38 714/820/38 711/815/435
f 723/821/438 722/822/438 730/823/438 731/824/438
f 720/825/315 727/817/315 724/826/315 718/827/315
f 719/828/330 722/829/330 723/818/330 721/827/330
f 722/829/439 725/830/440 728/831/441 730/832/441
f 723/818/437 731/833/442 729/834/442 726/816/436
f 721/827/147 723/818/437 727/817/147 720/825/147
f 724/835/443 727/836/443 726/837/444 725/838/444
f 724/826/151 725/830/440 722/829/439
f 740/839/445 741/840/330 737/841/446
f 718/827/151 724/826/151 722/829/439 719/828/151
f 730/832/330 728/831/330 729/834/330 731/833/330
f 726/837/444 729/842/38 728/843/38 725/838/444
f 737/844/447 736/845/447 744/846/447 745/847/447
f 734/848/147 741/840/147 738/849/147 732/850/147
f 733/848/151 736/851/151 737/841/151 735/852/151
f 736/851/448 739/853/449 742/854/450 744/855/450
f 737/841/446 745/856/451 743/857/451 740/839/445
f 735/852/330 737/841/446 741/840/330 734/848/330
f 738/858/452 741/859/452 740/860/453 739/861/453
f 738/849/315 739/853/449 736/851/448
f 732/850/315 738/849/315 736/851/448 733/848/315
f 744/855/151 742/854/151 743/857/151 745/856/151
f 740/860/453 743/862/38 742/863/38 739/861/453
f 747/864/454 781/865/454 771/866/455 769/867/455
f 751/867/456 779/866/456 780/865/457 749/864/457
f 753/868/458 778/869/458 779/866/456 751/867/456
f 755/870/459 777/871/459 778/869/458 753/868/458
f 757/872/460 776/873/460 777/871/459 755/870/459
f 759/874/461 775/875/461 776/873/460 757/872/460
f 761/874/462 774/875/462 775/875/461 759/874/461
f 763/872/463 773/876/463 774/875/462 761/874/462
f 765/877/464 772/871/464 773/876/463 763/872/463
f 767/868/465 770/869/465 772/871/464 765/877/464
f 762/878/466 764/879/467 783/880/468 785/881/469
f 769/867/455 771/866/455 770/869/465 767/868/465
f 749/864/457 780/865/457 781/865/454 747/864/454
f 768/882/38 766/883/38 770/884/38 771/885/38
f 766/883/38 764/886/38 772/887/38 770/884/38
f 764/886/38 762/888/38 773/889/38 772/887/38
f 762/888/38 760/890/38 774/891/38 773/889/38
f 760/890/38 758/890/38 775/891/38 774/891/38
f 758/890/38 756/888/38 776/892/38 775/891/38
f 756/888/38 754/886/38 777/887/38 776/892/38
f 754/886/38 752/883/38 778/884/38 777/887/38
f 752/883/38 750/882/38 779/885/38 778/884/38
f 750/882/38 748/893/38 780/894/38 779/885/38
f 748/893/38 746/893/38 781/894/38 780/894/38
f 746/893/38 768/882/38 771/885/38 781/894/38
f 748/895/470 750/896/471 788/897/472
f 754/879/473 756/878/474 786/881/475 787/880/476
f 760/898/477 762/878/466 785/881/469
f 746/895/478 748/895/470 788/897/472 784/897/479
f 766/899/480 768/896/481 784/897/479 783/880/468
f 752/899/482 754/879/473 787/880/476
f 758/898/483 760/898/477 785/881/469 786/881/475
f 768/896/481 746/895/478 784/897/479
f 764/879/467 766/899/480 783/880/468
f 750/896/471 752/899/482 787/880/476 788/897/472
f 756/878/474 758/898/483 786/881/475
f 782/900/38 783/901/38 784/902/38
f 782/900/38 785/903/38 783/901/38
f 782/900/38 786/903/38 785/903/38
f 782/900/38 787/901/38 786/903/38
f 782/900/38 788/902/38 787/901/38
f 782/900/38 784/902/38 788/902/38
f 790/904/15 791/904/15 792/905/15 789/905/15
f 791/904/317 793/906/317 794/907/317 792/905/317
f 793/906/8 795/906/8 796/907/8 794/907/8
f 795/906/271 790/904/271 789/905/271 796/907/271
f 687/766/1 686/766/1 789/769/1 792/769/1
f 805/908/484 806/909/17 802/910/485
f 802/911/486 801/911/486 809/912/486 810/912/486
f 799/913/35 806/909/35 803/909/35 797/913/35
f 798/914/1 801/910/1 802/910/1 800/914/1
f 801/910/487 804/908/488 807/915/489 809/916/489
f 802/910/485 810/916/490 808/915/490 805/908/484
f 800/914/17 802/910/485 806/909/17 799/913/17
f 803/917/491 806/917/491 805/918/492 804/918/492
f 803/909/16 804/908/488 801/910/487
f 819/919/493 820/920/1 816/921/494
f 797/913/16 803/909/16 801/910/487 798/914/16
f 809/916/1 807/915/1 808/915/1 810/916/1
f 805/918/492 808/922/495 807/922/495 804/918/492
f 816/923/496 815/924/496 823/925/496 824/926/496
f 813/927/17 820/920/17 817/928/17 811/929/17
f 812/929/16 815/930/16 816/921/16 814/927/16
f 815/930/497 818/931/498 821/932/499 823/933/499
f 816/921/494 824/934/500 822/935/500 819/919/493
f 814/927/1 816/921/494 820/920/1 813/927/1
f 817/936/501 820/937/501 819/938/502 818/939/502
f 817/928/35 818/931/498 815/930/497
f 833/940/503 834/941/16 830/942/504
f 811/929/35 817/928/35 815/930/497 812/929/35
f 823/933/16 821/932/16 822/935/16 824/934/16
f 819/938/502 822/943/505 821/944/505 818/939/502
f 830/945/506 829/945/506 837/946/506 838/947/506
f 827/948/1 834/941/1 831/949/1 825/950/1
f 826/951/35 829/942/35 830/942/35 828/951/35
f 829/942/507 832/940/508 835/952/509 837/953/509
f 830/942/504 838/954/510 836/955/510 833/940/503
f 828/951/16 830/942/504 834/941/16 827/948/16
f 831/956/511 834/957/511 833/958/512 832/958/512
f 831/949/17 832/940/508 829/942/507
f 847/959/513 848/960/35 844/961/514
f 825/950/17 831/949/17 829/942/507 826/951/17
f 837/953/35 835/952/35 836/955/35 838/954/35
f 833/958/512 836/962/515 835/963/515 832/958/512
f 844/964/516 843/965/516 851/966/516 852/967/516
f 841/968/16 848/960/16 845/969/16 839/970/16
f 840/970/17 843/971/17 844/961/17 842/968/17
f 843/971/517 846/972/518 849/973/519 851/974/519
f 844/961/514 852/975/520 850/976/520 847/959/513
f 842/968/35 844/961/514 848/960/35 841/968/35
f 845/977/521 848/978/521 847/979/522 846/980/523
f 845/969/1 846/972/518 843/971/517
f 839/970/1 845/969/1 843/971/517 840/970/1
f 851/974/17 849/973/17 850/976/17 852/975/17
f 847/979/522 850/981/524 849/982/524 846/980/523
f 853/983/525 854/984/525 855/983/525
f 855/983/526 854/984/526 857/985/526 858/986/526
f 858/986/527 857/985/527 856/986/527
f 856/987/528 857/988/528 854/989/528 853/990/528
f 859/983/525 860/984/525 861/983/525
f 861/983/526 860/984/526 863/985/526 864/986/526
f 864/986/527 863/985/527 862/986/527
f 862/987/528 863/988/528 860/989/528 859/990/528
f 865/983/525 866/984/525 867/983/525
f 867/983/526 866/984/526 869/985/526 870/986/526
f 870/986/527 869/985/527 868/986/527
f 868/987/528 869/988/528 866/989/528 865/990/528
f 871/991/525 872/992/525 873/991/525
f 873/991/526 872/992/526 875/993/526 876/994/526
f 876/994/527 875/993/527 874/994/527
f 874/995/528 875/996/528 872/997/528 871/998/528
f 877/991/525 878/992/525 879/991/525
f 879/991/526 878/992/526 881/993/526 882/994/526
f 882/994/527 881/993/527 880/994/527
f 880/995/528 881/996/528 878/997/528 877/998/528
f 883/991/525 884/992/525 885/991/525
f 885/991/526 884/992/526 887/993/526 888/994/526
f 888/994/527 887/993/527 886/994/527
f 886/995/528 887/996/528 884/997/528 883/998/528
f 901/409/278 902/410/279 892/411/280 890/412/281
f 896/412/282 897/411/283 909/410/284 905/409/285
f 889/413/286 890/414/281 891/415/287
f 892/416/280 910/417/288 893/418/289
f 894/413/290 895/415/291 896/414/282
f 916/417/529 897/416/283 898/418/293
f 899/419/294 900/420/295 901/421/278
f 922/422/296 902/423/279 903/424/297
f 904/419/298 905/421/285 906/420/299
f 907/422/300 908/424/301 909/423/284
f 894/413/290 889/413/286 891/415/287 895/415/291
f 890/412/281 892/411/280 893/425/289 891/426/287
f 910/417/288 916/417/529 898/418/293 893/418/289
f 897/411/283 896/412/282 895/426/291 898/425/293
f 904/419/298 894/413/290 896/414/282 905/421/285
f 916/417/529 907/422/300 909/423/284 897/416/283
f 908/427/301 906/428/299 905/409/285 909/410/284
f 899/419/294 904/419/298 906/420/299 900/420/295
f 907/422/300 922/422/296 903/424/297 908/424/301
f 902/410/279 901/409/278 900/428/295 903/427/297
f 889/413/286 899/419/294 901/421/278 890/414/281
f 922/422/296 910/417/288 892/416/280 902/423/279
f 894/413/290 904/419/298 899/419/294 889/413/286
f 924/429/278 926/430/279 913/431/280 911/432/281
f 929/433/302 931/434/303 927/434/304 923/433/305
f 930/435/38 919/436/38 914/436/38 925/435/38
f 912/437/287 915/438/306 921/438/293 917/437/291
f 918/432/282 920/431/283 932/430/284 928/429/285
f 910/439/307 911/432/281 912/437/287
f 913/440/280 914/441/288 915/442/306
f 916/439/530 917/437/291 918/432/282
f 919/441/529 920/440/283 921/442/293
f 922/443/309 923/433/305 924/429/278
f 925/444/296 926/445/279 927/446/304
f 907/443/310 928/429/285 929/433/302
f 930/444/300 931/446/303 932/445/284
f 916/439/530 910/439/307 912/437/287 917/437/291
f 911/432/281 913/431/280 915/438/306 912/437/287
f 914/441/288 919/441/529 921/442/293 915/442/306
f 920/431/283 918/432/282 917/437/291 921/438/293
f 907/443/310 916/439/530 918/432/282 928/429/285
f 919/441/529 930/444/300 932/445/284 920/440/283
f 931/434/303 929/433/302 928/429/285 932/430/284
f 922/443/309 907/443/310 929/433/302 923/433/305
f 930/444/300 925/444/296 927/446/304 931/446/303
f 926/430/279 924/429/278 923/433/305 927/434/304
f 910/439/307 922/443/309 924/429/278 911/432/281
f 925/444/296 914/441/288 913/440/280 926/445/279
f 941/447/17 943/448/17 937/449/17 939/450/17
f 940/451/311 939/452/311 938/453/311
f 937/454/312 936/455/312 935/456/312
f 934/457/531 933/458/531 941/459/531
f 942/460/314 943/461/314 944/462/314
f 939/450/151 937/449/151 935/463/151 938/464/151
f 943/448/315 941/447/315 933/465/315 944/466/315
f 940/451/316 934/457/316 941/459/316 939/452/316
f 942/460/317 936/455/317 937/454/317 943/461/317
f 953/467/17 955/468/17 949/469/17 951/470/17
f 952/471/318 951/472/318 950/473/318
f 949/474/319 948/475/319 947/476/319
f 946/477/320 945/478/320 953/479/320
f 954/480/321 955/481/321 956/482/321
f 951/470/151 949/469/151 947/483/151 950/484/151
f 955/468/315 953/467/315 945/485/315 956/486/315
f 952/471/316 946/477/316 953/479/316 951/472/316
f 954/480/317 948/475/317 949/474/317 955/481/317
f 906/428/322 908/427/323 961/487/324 964/488/325
f 908/427/323 903/427/326 967/487/327 961/487/324
f 903/427/326 900/428/328 966/488/329 967/487/327
f 900/428/328 906/428/322 964/488/325 966/488/329
f 891/426/287 893/425/1 958/489/1 957/490/1
f 893/425/1 898/425/293 959/489/1 958/489/1
f 898/425/293 895/426/291 960/490/1 959/489/1
f 895/426/291 891/426/287 957/490/1 960/490/1
f 970/491/1 969/492/1 972/492/1 971/491/1
f 962/493/330 963/494/330 964/495/330 961/496/330
f 963/497/8 965/497/8 966/498/8 964/498/8
f 968/499/7 962/499/7 961/500/7 967/500/7
f 965/494/151 968/493/151 967/496/151 966/495/151
f 969/501/331 970/502/331 957/503/331 958/504/331
f 970/505/332 971/505/332 960/506/332 957/506/332
f 972/507/333 969/507/333 958/508/333 959/508/333
f 971/502/532 972/501/532 959/504/532 960/503/532
f 963/509/35 962/510/35 968/510/35 965/509/35
f 981/511/17 979/514/17 977/513/17 983/512/17
f 980/515/533 978/517/533 979/516/533
f 977/518/534 975/520/534 976/519/534
f 974/521/535 981/523/535 973/522/535
f 982/524/536 984/526/536 983/525/536
f 979/514/151 978/528/151 975/527/151 977/513/151
f 983/512/315 984/530/315 973/529/315 981/511/315
f 980/515/317 979/516/317 981/523/317 974/521/317
f 982/524/316 983/525/316 977/518/316 976/519/316
f 993/531/339 995/532/340 989/533/341 991/534/342
f 992/535/343 991/536/342 990/537/344
f 989/538/341 988/539/345 987/540/346
f 986/541/347 985/542/348 993/543/339
f 994/544/349 995/545/340 996/546/350
f 991/547/342 989/538/341 987/540/346 990/548/344
f 995/545/340 993/549/339 985/550/348 996/546/350
f 992/535/343 986/541/347 993/543/339 991/536/342
f 994/551/349 988/552/345 989/553/341 995/554/340
f 992/535/343 990/537/344 999/555/351
f 996/556/352 985/557/352 997/558/352 1000/559/352
f 987/560/346 988/561/345 998/562/353
f 990/563/354 987/560/354 998/562/354 999/564/354
f 985/542/348 986/541/347 997/565/355
f 988/561/356 994/566/356 1000/567/356 998/568/356
f 986/569/357 992/570/357 999/571/357 997/572/357
f 994/566/349 996/556/350 1000/567/358
f 1008/573/359 1024/574/359 1010/575/360 1001/576/360
f 1003/577/361 1014/578/361 1016/579/362 1004/580/362
f 1004/580/363 1016/579/363 1018/581/363 1005/582/363
f 1005/583/364 1018/584/364 1020/585/365 1006/586/365
f 1006/587/365 1020/588/365 1022/589/366 1007/590/366
f 1007/590/367 1022/589/367 1024/574/359 1008/573/359
f 1001/591/368 1010/592/368 1012/593/369 1002/594/369
f 1002/595/369 1012/596/369 1014/578/361 1003/577/361
f 1012/593/370 1010/592/371 1009/597/371 1011/598/370
f 1014/599/372 1012/593/370 1011/598/370 1013/600/372
f 1016/601/373 1014/599/372 1013/600/372 1015/602/373
f 1018/584/374 1016/601/373 1015/602/373 1017/603/374
f 1020/585/375 1018/584/374 1017/603/374 1019/604/375
f 1022/605/376 1020/585/375 1019/604/375 1021/606/376
f 1024/607/377 1022/605/376 1021/606/376 1023/608/377
f 1010/592/371 1024/607/377 1023/608/377 1009/597/371
f 1013/609/378 1011/610/379 1111/611/379 1112/612/380
f 1019/613/381 1017/614/382 1114/615/382 1115/616/381
f 1015/617/383 1013/609/378 1112/612/380 1113/618/383
f 1021/619/384 1019/613/381 1115/616/381 1116/620/537
f 1011/610/379 1009/621/385 1110/622/385 1111/611/379
f 1009/621/385 1023/623/386 1117/624/538 1110/622/385
f 1017/614/382 1015/617/383 1113/618/383 1114/615/382
f 1023/623/386 1021/619/384 1116/620/537 1117/624/538
f 1033/625/387 1049/626/388 1035/627/389 1026/628/387
f 1028/629/390 1039/630/391 1041/631/392 1029/632/393
f 1029/632/393 1041/631/392 1043/633/394 1030/634/395
f 1030/634/351 1043/633/394 1045/635/396 1031/636/397
f 1031/636/397 1045/635/396 1047/637/398 1032/638/399
f 1032/638/399 1047/637/398 1049/626/388 1033/625/539
f 1026/628/400 1035/627/389 1037/639/401 1027/640/402
f 1027/640/402 1037/639/401 1039/630/391 1028/629/35
f 1037/641/401 1035/642/389 1034/643/403 1036/644/404
f 1039/645/391 1037/641/401 1036/644/404 1038/646/405
f 1041/647/392 1039/645/391 1038/646/405 1040/648/406
f 1043/649/394 1041/647/392 1040/648/406 1042/650/407
f 1045/651/396 1043/649/394 1042/650/407 1044/652/408
f 1047/653/398 1045/651/396 1044/652/408 1046/654/409
f 1049/655/388 1047/653/398 1046/654/409 1048/656/410
f 1035/642/389 1049/655/388 1048/656/410 1034/643/403
f 1048/656/411 1046/654/411 1044/652/411 1042/650/411
f 1034/643/403 1048/656/410 1051/657/412 1050/658/412
f 1048/659/417 1042/660/417 1052/661/417 1051/662/417
f 1040/663/414 1034/664/414 1050/665/414 1053/666/414
f 1050/658/411 1051/657/411 1052/667/411 1053/668/411
f 1036/644/411 1034/643/411 1040/648/411 1038/646/411
f 1042/660/407 1040/663/406 1053/666/415 1052/661/415
f 1061/669/387 1077/670/388 1063/671/389 1054/672/387
f 1056/673/416 1067/674/391 1069/675/392 1057/676/540
f 1057/676/395 1069/675/392 1071/677/394 1058/678/395
f 1058/678/351 1071/677/394 1073/679/396 1059/680/397
f 1059/680/397 1073/679/396 1075/681/398 1060/682/399
f 1060/682/399 1075/681/398 1077/670/388 1061/669/539
f 1054/672/400 1063/671/389 1065/683/401 1055/684/402
f 1055/684/402 1065/683/401 1067/674/391 1056/673/416
f 1065/685/401 1063/686/389 1062/687/403 1064/688/404
f 1067/689/391 1065/685/401 1064/688/404 1066/690/405
f 1069/691/392 1067/689/391 1066/690/405 1068/692/406
f 1071/693/394 1069/691/392 1068/692/406 1070/694/407
f 1073/695/396 1071/693/394 1070/694/407 1072/696/408
f 1075/697/398 1073/695/396 1072/696/408 1074/698/409
f 1077/699/388 1075/697/398 1074/698/409 1076/700/410
f 1063/686/389 1077/699/388 1076/700/410 1062/687/403
f 1076/700/411 1074/698/411 1072/696/411 1070/694/411
f 1062/687/403 1076/700/410 1079/701/412 1078/702/412
f 1076/703/417 1070/704/417 1080/705/417 1079/706/417
f 1068/707/414 1062/708/414 1078/709/414 1081/710/414
f 1078/702/411 1079/701/411 1080/711/411 1081/712/411
f 1064/688/411 1062/687/411 1068/692/411 1066/690/411
f 1070/704/407 1068/707/406 1081/710/415 1080/705/415
f 1089/713/387 1105/714/388 1091/715/389 1082/716/387
f 1084/717/416 1095/718/391 1097/719/392 1085/720/390
f 1085/720/395 1097/719/392 1099/721/394 1086/722/395
f 1086/722/351 1099/721/394 1101/723/396 1087/724/397
f 1087/724/397 1101/723/396 1103/725/398 1088/726/399
f 1088/726/399 1103/725/398 1105/714/388 1089/713/353
f 1082/716/358 1091/715/389 1093/727/401 1083/728/402
f 1083/728/402 1093/727/401 1095/718/391 1084/717/416
f 1093/729/401 1091/730/389 1090/731/403 1092/732/404
f 1095/733/391 1093/729/401 1092/732/404 1094/734/405
f 1097/735/392 1095/733/391 1094/734/405 1096/736/406
f 1099/737/394 1097/735/392 1096/736/406 1098/738/407
f 1101/739/396 1099/737/394 1098/738/407 1100/740/408
f 1103/741/398 1101/739/396 1100/740/408 1102/742/409
f 1105/743/388 1103/741/398 1102/742/409 1104/744/410
f 1091/730/389 1105/743/388 1104/744/410 1090/731/403
f 1104/744/411 1102/742/411 1100/740/411 1098/738/411
f 1090/731/403 1104/744/410 1107/745/412 1106/746/412
f 1104/747/417 1098/748/417 1108/749/417 1107/750/417
f 1096/751/414 1090/752/414 1106/753/414 1109/754/414
f 1106/746/411 1107/745/411 1108/755/411 1109/756/411
f 1092/732/411 1090/731/411 1096/736/411 1094/734/411
f 1098/748/407 1096/751/406 1109/754/415 1108/749/415
f 1025/757/411 1111/758/411 1110/759/411
f 1025/757/411 1112/760/411 1111/758/411
f 1025/757/411 1113/761/411 1112/760/411
f 1025/757/411 1114/762/411 1113/761/411
f 1025/757/411 1115/763/411 1114/762/411
f 1025/757/411 1116/764/411 1115/763/411
f 1025/757/411 1117/765/411 1116/764/411
f 1025/757/411 1110/759/411 1117/765/411
f 1118/766/16 1120/767/16 1228/768/16 1221/769/16
f 1225/770/38 1223/771/38 1222/771/38 1227/770/38
f 1121/767/17 1119/766/17 1224/769/17 1226/768/17
f 1120/767/35 1121/767/35 1226/768/35 1228/768/35
f 1130/772/418 1131/773/151 1127/774/419
f 1127/775/420 1126/776/420 1134/777/420 1135/778/420
f 1124/779/330 1131/773/330 1128/780/330 1122/781/330
f 1123/782/315 1126/783/315 1127/774/315 1125/781/315
f 1126/783/421 1129/784/422 1132/785/423 1134/786/423
f 1127/774/419 1135/787/424 1133/788/424 1130/772/418
f 1125/781/151 1127/774/419 1131/773/151 1124/779/151
f 1128/789/425 1131/790/425 1130/791/426 1129/792/426
f 1128/780/147 1129/784/422 1126/783/421
f 1144/793/427 1145/794/315 1141/795/428
f 1122/781/147 1128/780/147 1126/783/421 1123/782/147
f 1134/786/315 1132/785/315 1133/788/315 1135/787/315
f 1130/791/426 1133/796/38 1132/797/38 1129/792/426
f 1141/798/429 1140/799/429 1148/800/429 1149/801/429
f 1138/802/151 1145/794/151 1142/803/151 1136/804/151
f 1137/802/147 1140/805/147 1141/795/147 1139/806/147
f 1140/805/430 1143/807/431 1146/808/432 1148/809/432
f 1141/795/428 1149/810/433 1147/811/433 1144/793/427
f 1139/806/315 1141/795/428 1145/794/315 1138/802/315
f 1142/812/434 1145/813/434 1144/814/435 1143/815/435
f 1142/803/330 1143/807/431 1140/805/430
f 1158/816/436 1159/817/147 1155/818/437
f 1136/804/330 1142/803/330 1140/805/430 1137/802/330
f 1148/809/147 1146/808/147 1147/811/147 1149/810/147
f 1144/814/435 1147/819/38 1146/820/38 1143/815/435
f 1155/821/438 1154/822/438 1162/823/438 1163/824/438
f 1152/825/315 1159/817/315 1156/826/315 1150/827/315
f 1151/828/330 1154/829/330 1155/818/330 1153/827/330
f 1154/829/439 1157/830/440 1160/831/441 1162/832/441
f 1155/818/437 1163/833/442 1161/834/442 1158/816/436
f 1153/827/147 1155/818/437 1159/817/147 1152/825/147
f 1156/835/443 1159/836/443 1158/837/444 1157/838/444
f 1156/826/151 1157/830/440 1154/829/439
f 1172/839/445 1173/840/330 1169/841/446
f 1150/827/151 1156/826/151 1154/829/439 1151/828/151
f 1162/832/330 1160/831/330 1161/834/330 1163/833/330
f 1158/837/444 1161/842/38 1160/843/38 1157/838/444
f 1169/844/447 1168/845/447 1176/846/447 1177/847/447
f 1166/848/147 1173/840/147 1170/849/147 1164/850/147
f 1165/848/151 1168/851/151 1169/841/151 1167/852/151
f 1168/851/448 1171/853/449 1174/854/450 1176/855/450
f 1169/841/446 1177/856/451 1175/857/451 1172/839/445
f 1167/852/330 1169/841/446 1173/840/330 1166/848/330
f 1170/858/452 1173/859/452 1172/860/453 1171/861/453
f 1170/849/315 1171/853/449 1168/851/448
f 1164/850/315 1170/849/315 1168/851/448 1165/848/315
f 1176/855/151 1174/854/151 1175/857/151 1177/856/151
f 1172/860/453 1175/862/38 1174/863/38 1171/861/453
f 1179/864/454 1213/865/454 1203/866/455 1201/867/455
f 1183/867/456 1211/866/456 1212/865/457 1181/864/457
f 1185/868/458 1210/869/458 1211/866/456 1183/867/456
f 1187/870/459 1209/871/459 1210/869/458 1185/868/458
f 1189/872/460 1208/873/460 1209/871/459 1187/870/459
f 1191/874/461 1207/875/461 1208/873/460 1189/872/460
f 1193/874/462 1206/875/462 1207/875/461 1191/874/461
f 1195/872/463 1205/876/463 1206/875/462 1193/874/462
f 1197/877/464 1204/871/464 1205/876/463 1195/872/463
f 1199/868/465 1202/869/465 1204/871/464 1197/877/464
f 1194/878/466 1196/879/467 1215/880/468 1217/881/469
f 1201/867/455 1203/866/455 1202/869/465 1199/868/465
f 1181/864/457 1212/865/457 1213/865/454 1179/864/454
f 1200/882/38 1198/883/38 1202/884/38 1203/885/38
f 1198/883/38 1196/886/38 1204/887/38 1202/884/38
f 1196/886/38 1194/888/38 1205/889/38 1204/887/38
f 1194/888/38 1192/890/38 1206/891/38 1205/889/38
f 1192/890/38 1190/890/38 1207/891/38 1206/891/38
f 1190/890/38 1188/888/38 1208/892/38 1207/891/38
f 1188/888/38 1186/886/38 1209/887/38 1208/892/38
f 1186/886/38 1184/883/38 1210/884/38 1209/887/38
f 1184/883/38 1182/882/38 1211/885/38 1210/884/38
f 1182/882/38 1180/893/38 1212/894/38 1211/885/38
f 1180/893/38 1178/893/38 1213/894/38 1212/894/38
f 1178/893/38 1200/882/38 1203/885/38 1213/894/38
f 1180/895/470 1182/896/471 1220/897/472
f 1186/879/473 1188/878/474 1218/881/475 1219/880/476
f 1192/898/541 1194/878/466 1217/881/469
f 1178/895/478 1180/895/470 1220/897/472 1216/897/479
f 1198/899/480 1200/896/481 1216/897/479 1215/880/468
f 1184/899/482 1186/879/473 1219/880/476
f 1190/898/542 1192/898/541 1217/881/469 1218/881/475
f 1200/896/481 1178/895/478 1216/897/479
f 1196/879/467 1198/899/480 1215/880/468
f 1182/896/471 1184/899/482 1219/880/476 1220/897/472
f 1188/878/474 1190/898/542 1218/881/475
f 1214/900/38 1215/901/38 1216/902/38
f 1214/900/38 1217/903/38 1215/901/38
f 1214/900/38 1218/903/38 1217/903/38
f 1214/900/38 1219/901/38 1218/903/38
f 1214/900/38 1220/902/38 1219/901/38
f 1214/900/38 1216/902/38 1220/902/38
f 1222/904/15 1223/904/15 1224/905/15 1221/905/15
f 1223/904/317 1225/906/317 1226/907/317 1224/905/317
f 1225/906/8 1227/906/8 1228/907/8 1226/907/8
f 1227/906/271 1222/904/271 1221/905/271 1228/907/271
f 1119/766/1 1118/766/1 1221/769/1 1224/769/1
f 1237/908/484 1238/909/17 1234/910/485
f 1234/911/486 1233/911/486 1241/912/486 1242/912/486
f 1231/913/35 1238/909/35 1235/909/35 1229/913/35
f 1230/914/1 1233/910/1 1234/910/1 1232/914/1
f 1233/910/487 1236/908/488 1239/915/489 1241/916/489
f 1234/910/485 1242/916/490 1240/915/490 1237/908/484
f 1232/914/17 1234/910/485 1238/909/17 1231/913/17
f 1235/917/491 1238/917/491 1237/918/492 1236/918/492
f 1235/909/16 1236/908/488 1233/910/487
f 1251/919/493 1252/920/1 1248/921/494
f 1229/913/16 1235/909/16 1233/910/487 1230/914/16
f 1241/916/1 1239/915/1 1240/915/1 1242/916/1
f 1237/918/492 1240/922/495 1239/922/495 1236/918/492
f 1248/923/496 1247/924/496 1255/925/496 1256/926/496
f 1245/927/17 1252/920/17 1249/928/17 1243/929/17
f 1244/929/16 1247/930/16 1248/921/16 1246/927/16
f 1247/930/497 1250/931/498 1253/932/499 1255/933/499
f 1248/921/494 1256/934/500 1254/935/500 1251/919/493
f 1246/927/1 1248/921/494 1252/920/1 1245/927/1
f 1249/936/501 1252/937/501 1251/938/502 1250/939/502
f 1249/928/35 1250/931/498 1247/930/497
f 1265/940/503 1266/941/16 1262/942/504
f 1243/929/35 1249/928/35 1247/930/497 1244/929/35
f 1255/933/16 1253/932/16 1254/935/16 1256/934/16
f 1251/938/502 1254/943/543 1253/944/543 1250/939/502
f 1262/945/506 1261/945/506 1269/946/506 1270/947/506
f 1259/948/1 1266/941/1 1263/949/1 1257/950/1
f 1258/951/35 1261/942/35 1262/942/35 1260/951/35
f 1261/942/507 1264/940/508 1267/952/509 1269/953/509
f 1262/942/504 1270/954/510 1268/955/510 1265/940/503
f 1260/951/16 1262/942/504 1266/941/16 1259/948/16
f 1263/956/511 1266/957/511 1265/958/512 1264/958/512
f 1263/949/17 1264/940/508 1261/942/507
f 1279/959/513 1280/960/35 1276/961/514
f 1257/950/17 1263/949/17 1261/942/507 1258/951/17
f 1269/953/35 1267/952/35 1268/955/35 1270/954/35
f 1265/958/512 1268/962/515 1267/963/515 1264/958/512
f 1276/964/516 1275/965/516 1283/966/516 1284/967/516
f 1273/968/16 1280/960/16 1277/969/16 1271/970/16
f 1272/970/17 1275/971/17 1276/961/17 1274/968/17
f 1275/971/517 1278/972/518 1281/973/519 1283/974/519
f 1276/961/514 1284/975/520 1282/976/520 1279/959/513
f 1274/968/35 1276/961/514 1280/960/35 1273/968/35
f 1277/977/521 1280/978/521 1279/979/523 1278/980/523
f 1277/969/1 1278/972/518 1275/971/517
f 1271/970/1 1277/969/1 1275/971/517 1272/970/1
f 1283/974/17 1281/973/17 1282/976/17 1284/975/17
f 1279/979/523 1282/981/524 1281/982/524 1278/980/523
f 1285/983/525 1286/984/525 1287/983/525
f 1287/983/526 1286/984/526 1289/985/526 1290/986/526
f 1290/986/527 1289/985/527 1288/986/527
f 1288/987/528 1289/988/528 1286/989/528 1285/990/528
f 1291/983/525 1292/984/525 1293/983/525
f 1293/983/526 1292/984/526 1295/985/526 1296/986/526
f 1296/986/527 1295/985/527 1294/986/527
f 1294/987/528 1295/988/528 1292/989/528 1291/990/528
f 1297/983/525 1298/984/525 1299/983/525
f 1299/983/526 1298/984/526 1301/985/526 1302/986/526
f 1302/986/527 1301/985/527 1300/986/527
f 1300/987/528 1301/988/528 1298/989/528 1297/990/528
f 1303/991/525 1304/992/525 1305/991/525
f 1305/991/526 1304/992/526 1307/993/526 1308/994/526
f 1308/994/527 1307/993/527 1306/994/527
f 1306/995/528 1307/996/528 1304/997/528 1303/998/528
f 1309/991/525 1310/992/525 1311/991/525
f 1311/991/526 1310/992/526 1313/993/526 1314/994/526
f 1314/994/527 1313/993/527 1312/994/527
f 1312/995/528 1313/996/528 1310/997/528 1309/998/528
f 1315/991/525 1316/992/525 1317/991/525
f 1317/991/544 1316/992/544 1319/993/544 1320/994/544
f 1320/994/527 1319/993/527 1318/994/527
f 1318/995/528 1319/996/528 1316/997/528 1315/998/528
f 1333/409/278 1334/410/279 1324/411/280 1322/412/281
f 1328/412/282 1329/411/283 1341/410/284 1337/409/285
f 1321/413/286 1322/414/281 1323/415/287
f 1324/416/280 1342/417/288 1325/418/289
f 1326/413/290 1327/415/291 1328/414/282
f 1348/417/529 1329/416/283 1330/418/293
f 1331/419/294 1332/420/295 1333/421/278
f 1354/422/296 1334/423/279 1335/424/297
f 1336/419/298 1337/421/285 1338/420/299
f 1339/422/300 1340/424/301 1341/423/284
f 1326/413/290 1321/413/286 1323/415/287 1327/415/291
f 1322/412/281 1324/411/280 1325/425/289 1323/426/287
f 1342/417/288 1348/417/529 1330/418/293 1325/418/289
f 1329/411/283 1328/412/282 1327/426/291 1330/425/293
f 1336/419/298 1326/413/290 1328/414/282 1337/421/285
f 1348/417/529 1339/422/300 1341/423/284 1329/416/283
f 1340/427/301 1338/428/299 1337/409/285 1341/410/284
f 1331/419/294 1336/419/298 1338/420/299 1332/420/295
f 1339/422/300 1354/422/296 1335/424/297 1340/424/301
f 1334/410/279 1333/409/278 1332/428/295 1335/427/297
f 1321/413/286 1331/419/294 1333/421/278 1322/414/281
f 1354/422/296 1342/417/288 1324/416/280 1334/423/279
f 1326/413/290 1336/419/298 1331/419/294 1321/413/286
f 1356/429/278 1358/430/279 1345/431/280 1343/432/281
f 1361/433/302 1363/434/303 1359/434/304 1355/433/305
f 1362/435/38 1351/436/38 1346/436/38 1357/435/38
f 1344/437/287 1347/438/306 1353/438/293 1349/437/291
f 1350/432/282 1352/431/283 1364/430/284 1360/429/285
f 1342/439/307 1343/432/281 1344/437/287
f 1345/440/280 1346/441/288 1347/442/306
f 1348/439/530 1349/437/291 1350/432/282
f 1351/441/529 1352/440/283 1353/442/293
f 1354/443/309 1355/433/305 1356/429/278
f 1357/444/296 1358/445/279 1359/446/304
f 1339/443/310 1360/429/285 1361/433/302
f 1362/444/300 1363/446/303 1364/445/284
f 1348/439/530 1342/439/307 1344/437/287 1349/437/291
f 1343/432/281 1345/431/280 1347/438/306 1344/437/287
f 1346/441/288 1351/441/529 1353/442/293 1347/442/306
f 1352/431/283 1350/432/282 1349/437/291 1353/438/293
f 1339/443/310 1348/439/530 1350/432/282 1360/429/285
f 1351/441/529 1362/444/300 1364/445/284 1352/440/283
f 1363/434/303 1361/433/302 1360/429/285 1364/430/284
f 1354/443/309 1339/443/310 1361/433/302 1355/433/305
f 1362/444/300 1357/444/296 1359/446/304 1363/446/303
f 1358/430/279 1356/429/278 1355/433/305 1359/434/304
f 1342/439/307 1354/443/309 1356/429/278 1343/432/281
f 1357/444/296 1346/441/288 1345/440/280 1358/445/279
f 1373/447/17 1375/448/17 1369/449/17 1371/450/17
f 1372/451/534 1371/452/534 1370/453/534
f 1369/454/319 1368/455/319 1367/456/319
f 1366/457/313 1365/458/313 1373/459/313
f 1374/460/545 1375/461/545 1376/462/545
f 1371/450/151 1369/449/151 1367/463/151 1370/464/151
f 1375/448/315 1373/447/315 1365/465/315 1376/466/315
f 1372/451/316 1366/457/316 1373/459/316 1371/452/316
f 1374/460/317 1368/455/317 1369/454/317 1375/461/317
f 1385/467/17 1387/468/17 1381/469/17 1383/470/17
f 1384/471/534 1383/472/534 1382/473/534
f 1381/474/533 1380/475/533 1379/476/533
f 1378/477/536 1377/478/536 1385/479/536
f 1386/480/546 1387/481/546 1388/482/546
f 1383/470/151 1381/469/151 1379/483/151 1382/484/151
f 1387/468/315 1385/467/315 1377/485/315 1388/486/315
f 1384/471/316 1378/477/316 1385/479/316 1383/472/316
f 1386/480/317 1380/475/317 1381/474/317 1387/481/317
f 1338/428/322 1340/427/323 1393/487/324 1396/488/325
f 1340/427/323 1335/427/326 1399/487/327 1393/487/324
f 1335/427/326 1332/428/328 1398/488/329 1399/487/327
f 1332/428/328 1338/428/322 1396/488/325 1398/488/329
f 1323/426/287 1325/425/1 1390/489/1 1389/490/1
f 1325/425/1 1330/425/293 1391/489/1 1390/489/1
f 1330/425/293 1327/426/291 1392/490/1 1391/489/1
f 1327/426/291 1323/426/287 1389/490/1 1392/490/1
f 1402/491/1 1401/492/1 1404/492/1 1403/491/1
f 1394/493/330 1395/494/330 1396/495/330 1393/496/330
f 1395/497/8 1397/497/8 1398/498/8 1396/498/8
f 1400/499/7 1394/499/7 1393/500/7 1399/500/7
f 1397/494/151 1400/493/151 1399/496/151 1398/495/151
f 1401/501/331 1402/502/331 1389/503/331 1390/504/331
f 1402/505/332 1403/505/332 1392/506/332 1389/506/332
f 1404/507/333 1401/507/333 1390/508/333 1391/508/333
f 1403/502/532 1404/501/532 1391/504/532 1392/503/532
f 1395/509/35 1394/510/35 1400/510/35 1397/509/35
f 1413/511/17 1411/514/17 1409/513/17 1415/512/17
f 1412/515/547 1410/517/547 1411/516/547
f 1409/518/548 1407/520/548 1408/519/548
f 1406/521/314 1413/523/314 1405/522/314
f 1414/524/536 1416/526/536 1415/525/536
f 1411/514/151 1410/528/151 1407/527/151 1409/513/151
f 1415/512/315 1416/530/315 1405/529/315 1413/511/315
f 1412/515/317 1411/516/317 1413/523/317 1406/521/317
f 1414/524/316 1415/525/316 1409/518/316 1408/519/316
f 1425/531/339 1427/532/340 1421/533/549 1423/534/342
f 1424/535/343 1423/536/342 1422/537/344
f 1421/538/549 1420/539/345 1419/540/346
f 1418/541/347 1417/542/348 1425/543/339
f 1426/544/349 1427/545/340 1428/546/350
f 1423/547/342 1421/538/549 1419/540/346 1422/548/344
f 1427/545/340 1425/549/339 1417/550/348 1428/546/350
f 1424/535/343 1418/541/347 1425/543/339 1423/536/342
f 1426/551/349 1420/552/345 1421/553/549 1427/554/340
f 1424/535/343 1422/537/344 1431/555/351
f 1428/556/352 1417/557/352 1429/558/352 1432/559/352
f 1419/560/346 1420/561/345 1430/562/353
f 1422/563/354 1419/560/354 1430/562/354 1431/564/354
f 1417/542/348 1418/541/347 1429/565/390
f 1420/561/356 1426/566/356 1432/567/356 1430/568/356
f 1418/569/357 1424/570/357 1431/571/357 1429/572/357
f 1426/566/349 1428/556/350 1432/567/358
f 1440/573/359 1456/574/359 1442/575/360 1433/576/360
f 1435/577/361 1446/578/361 1448/579/362 1436/580/362
f 1436/580/363 1448/579/363 1450/581/363 1437/582/363
f 1437/583/364 1450/584/364 1452/585/365 1438/586/365
f 1438/587/365 1452/588/365 1454/589/550 1439/590/550
f 1439/590/367 1454/589/367 1456/574/359 1440/573/359
f 1433/591/368 1442/592/368 1444/593/369 1434/594/369
f 1434/595/369 1444/596/369 1446/578/361 1435/577/361
f 1444/593/370 1442/592/371 1441/597/371 1443/598/370
f 1446/599/551 1444/593/370 1443/598/370 1445/600/551
f 1448/601/373 1446/599/551 1445/600/551 1447/602/373
f 1450/584/374 1448/601/373 1447/602/373 1449/603/374
f 1452/585/375 1450/584/374 1449/603/374 1451/604/375
f 1454/605/376 1452/585/375 1451/604/375 1453/606/376
f 1456/607/377 1454/605/376 1453/606/376 1455/608/377
f 1442/592/371 1456/607/377 1455/608/377 1441/597/371
f 1445/609/378 1443/610/379 1543/611/379 1544/612/378
f 1451/613/381 1449/614/382 1546/615/382 1547/616/381
f 1447/617/383 1445/609/378 1544/612/378 1545/618/383
f 1453/619/537 1451/613/381 1547/616/381 1548/620/384
f 1443/610/379 1441/621/385 1542/622/385 1543/611/379
f 1441/621/385 1455/623/538 1549/624/386 1542/622/385
f 1449/614/382 1447/617/383 1545/618/383 1546/615/382
f 1455/623/538 1453/619/537 1548/620/384 1549/624/386
f 1465/625/387 1481/626/388 1467/627/389 1458/628/387
f 1460/629/540 1471/630/391 1473/631/392 1461/632/393
f 1461/632/393 1473/631/392 1475/633/394 1462/634/395
f 1462/634/351 1475/633/394 1477/635/396 1463/636/397
f 1463/636/397 1477/635/396 1479/637/398 1464/638/399
f 1464/638/399 1479/637/398 1481/626/388 1465/625/353
f 1458/628/358 1467/627/389 1469/639/401 1459/640/402
f 1459/640/402 1469/639/401 1471/630/391 1460/629/35
f 1469/641/401 1467/642/389 1466/643/403 1468/644/404
f 1471/645/391 1469/641/401 1468/644/404 1470/646/405
f 1473/647/392 1471/645/391 1470/646/405 1472/648/406
f 1475/649/394 1473/647/392 1472/648/406 1474/650/407
f 1477/651/396 1475/649/394 1474/650/407 1476/652/552
f 1479/653/398 1477/651/396 1476/652/552 1478/654/409
f 1481/655/388 1479/653/398 1478/654/409 1480/656/410
f 1467/642/389 1481/655/388 1480/656/410 1466/643/403
f 1480/656/411 1478/654/411 1476/652/411 1474/650/411
f 1466/643/403 1480/656/410 1483/657/412 1482/658/412
f 1480/659/413 1474/660/413 1484/661/413 1483/662/413
f 1472/663/414 1466/664/414 1482/665/414 1485/666/414
f 1482/658/411 1483/657/411 1484/667/411 1485/668/411
f 1468/644/411 1466/643/411 1472/648/411 1470/646/411
f 1474/660/407 1472/663/406 1485/666/415 1484/661/415
f 1493/669/387 1509/670/388 1495/671/389 1486/672/387
f 1488/673/416 1499/674/391 1501/675/392 1489/676/390
f 1489/676/395 1501/675/392 1503/677/394 1490/678/395
f 1490/678/351 1503/677/394 1505/679/396 1491/680/397
f 1491/680/397 1505/679/396 1507/681/398 1492/682/399
f 1492/682/399 1507/681/398 1509/670/388 1493/669/353
f 1486/672/400 1495/671/389 1497/683/401 1487/684/402
f 1487/684/402 1497/683/401 1499/674/391 1488/673/416
f 1497/685/401 1495/686/389 1494/687/403 1496/688/404
f 1499/689/391 1497/685/401 1496/688/404 1498/690/553
f 1501/691/392 1499/689/391 1498/690/553 1500/692/406
f 1503/693/394 1501/691/392 1500/692/406 1502/694/407
f 1505/695/396 1503/693/394 1502/694/407 1504/696/408
f 1507/697/398 1505/695/396 1504/696/408 1506/698/409
f 1509/699/388 1507/697/398 1506/698/409 1508/700/410
f 1495/686/389 1509/699/388 1508/700/410 1494/687/403
f 1508/700/411 1506/698/411 1504/696/411 1502/694/411
f 1494/687/403 1508/700/410 1511/701/412 1510/702/412
f 1508/703/413 1502/704/413 1512/705/413 1511/706/413
f 1500/707/414 1494/708/414 1510/709/414 1513/710/414
f 1510/702/411 1511/701/411 1512/711/411 1513/712/411
f 1496/688/411 1494/687/411 1500/692/411 1498/690/411
f 1502/704/407 1500/707/406 1513/710/415 1512/705/415
f 1521/713/387 1537/714/388 1523/715/389 1514/716/387
f 1516/717/416 1527/718/391 1529/719/392 1517/720/390
f 1517/720/395 1529/719/392 1531/721/394 1518/722/395
f 1518/722/351 1531/721/394 1533/723/396 1519/724/397
f 1519/724/397 1533/723/396 1535/725/398 1520/726/399
f 1520/726/399 1535/725/398 1537/714/388 1521/713/353
f 1514/716/358 1523/715/389 1525/727/401 1515/728/402
f 1515/728/402 1525/727/401 1527/718/391 1516/717/416
f 1525/729/401 1523/730/389 1522/731/403 1524/732/404
f 1527/733/391 1525/729/401 1524/732/404 1526/734/405
f 1529/735/392 1527/733/391 1526/734/405 1528/736/406
f 1531/737/394 1529/735/392 1528/736/406 1530/738/407
f 1533/739/396 1531/737/394 1530/738/407 1532/740/552
f 1535/741/398 1533/739/396 1532/740/552 1534/742/409
f 1537/743/388 1535/741/398 1534/742/409 1536/744/410
f 1523/730/389 1537/743/388 1536/744/410 1522/731/403
f 1536/744/411 1534/742/411 1532/740/411 1530/738/411
f 1522/731/403 1536/744/410 1539/745/412 1538/746/412
f 1536/747/413 1530/748/413 1540/749/413 1539/750/413
f 1528/751/414 1522/752/414 1538/753/414 1541/754/414
f 1538/746/411 1539/745/411 1540/755/411 1541/756/411
f 1524/732/411 1522/731/411 1528/736/411 1526/734/411
f 1530/748/407 1528/751/406 1541/754/415 1540/749/415
f 1457/757/411 1543/758/411 1542/759/411
f 1457/757/411 1544/760/411 1543/758/411
f 1457/757/411 1545/761/411 1544/760/411
f 1457/757/411 1546/762/411 1545/761/411
f 1457/757/411 1547/763/411 1546/762/411
f 1457/757/411 1548/764/411 1547/763/411
f 1457/757/411 1549/765/411 1548/764/411
f 1457/757/411 1542/759/411 1549/765/411
f 1550/766/16 1552/767/16 1660/768/16 1653/769/16
f 1657/770/38 1655/771/38 1654/771/38 1659/770/38
f 1553/767/17 1551/766/17 1656/769/17 1658/768/17
f 1552/767/35 1553/767/35 1658/768/35 1660/768/35
f 1562/772/418 1563/773/151 1559/774/419
f 1559/775/420 1558/776/420 1566/777/420 1567/778/420
f 1556/779/330 1563/773/330 1560/780/330 1554/781/330
f 1555/782/315 1558/783/315 1559/774/315 1557/781/315
f 1558/783/421 1561/784/554 1564/785/423 1566/786/423
f 1559/774/419 1567/787/424 1565/788/424 1562/772/418
f 1557/781/151 1559/774/419 1563/773/151 1556/779/151
f 1560/789/425 1563/790/425 1562/791/426 1561/792/426
f 1560/780/147 1561/784/554 1558/783/421
f 1576/793/555 1577/794/315 1573/795/428
f 1554/781/147 1560/780/147 1558/783/421 1555/782/147
f 1566/786/315 1564/785/315 1565/788/315 1567/787/315
f 1562/791/426 1565/796/38 1564/797/38 1561/792/426
f 1573/798/429 1572/799/429 1580/800/429 1581/801/429
f 1570/802/151 1577/794/151 1574/803/151 1568/804/151
f 1569/802/147 1572/805/147 1573/795/147 1571/806/147
f 1572/805/430 1575/807/431 1578/808/432 1580/809/432
f 1573/795/428 1581/810/433 1579/811/433 1576/793/555
f 1571/806/315 1573/795/428 1577/794/315 1570/802/315
f 1574/812/434 1577/813/434 1576/814/435 1575/815/435
f 1574/803/330 1575/807/431 1572/805/430
f 1590/816/436 1591/817/147 1587/818/437
f 1568/804/330 1574/803/330 1572/805/430 1569/802/330
f 1580/809/147 1578/808/147 1579/811/147 1581/810/147
f 1576/814/435 1579/819/38 1578/820/38 1575/815/435
f 1587/821/438 1586/822/438 1594/823/438 1595/824/438
f 1584/825/315 1591/817/315 1588/826/315 1582/827/315
f 1583/828/330 1586/829/330 1587/818/330 1585/827/330
f 1586/829/439 1589/830/440 1592/831/556 1594/832/556
f 1587/818/437 1595/833/442 1593/834/442 1590/816/436
f 1585/827/147 1587/818/437 1591/817/147 1584/825/147
f 1588/835/443 1591/836/443 1590/837/444 1589/838/444
f 1588/826/151 1589/830/440 1586/829/439
f 1604/839/445 1605/840/330 1601/841/446
f 1582/827/151 1588/826/151 1586/829/439 1583/828/151
f 1594/832/330 1592/831/330 1593/834/330 1595/833/330
f 1590/837/444 1593/842/38 1592/843/38 1589/838/444
f 1601/844/447 1600/845/447 1608/846/447 1609/847/447
f 1598/848/147 1605/840/147 1602/849/147 1596/850/147
f 1597/848/151 1600/851/151 1601/841/151 1599/852/151
f 1600/851/448 1603/853/449 1606/854/450 1608/855/450
f 1601/841/446 1609/856/451 1607/857/451 1604/839/445
f 1599/852/330 1601/841/446 1605/840/330 1598/848/330
f 1602/858/452 1605/859/452 1604/860/453 1603/861/453
f 1602/849/315 1603/853/449 1600/851/448
f 1596/850/315 1602/849/315 1600/851/448 1597/848/315
f 1608/855/151 1606/854/151 1607/857/151 1609/856/151
f 1604/860/453 1607/862/38 1606/863/38 1603/861/453
f 1611/864/454 1645/865/454 1635/866/455 1633/867/455
f 1615/867/456 1643/866/456 1644/865/457 1613/864/457
f 1617/868/458 1642/869/458 1643/866/456 1615/867/456
f 1619/870/459 1641/871/459 1642/869/458 1617/868/458
f 1621/872/460 1640/873/460 1641/871/459 1619/870/459
f 1623/874/461 1639/875/461 1640/873/460 1621/872/460
f 1625/874/462 1638/875/462 1639/875/461 1623/874/461
f 1627/872/463 1637/876/463 1638/875/462 1625/874/462
f 1629/877/464 1636/871/464 1637/876/463 1627/872/463
f 1631/868/465 1634/869/465 1636/871/464 1629/877/464
f 1626/878/466 1628/879/467 1647/880/468 1649/881/469
f 1633/867/455 1635/866/455 1634/869/465 1631/868/465
f 1613/864/457 1644/865/457 1645/865/454 1611/864/454
f 1632/882/38 1630/883/38 1634/884/38 1635/885/38
f 1630/883/38 1628/886/38 1636/887/38 1634/884/38
f 1628/886/38 1626/888/38 1637/889/38 1636/887/38
f 1626/888/38 1624/890/38 1638/891/38 1637/889/38
f 1624/890/38 1622/890/38 1639/891/38 1638/891/38
f 1622/890/38 1620/888/38 1640/892/38 1639/891/38
f 1620/888/38 1618/886/38 1641/887/38 1640/892/38
f 1618/886/38 1616/883/38 1642/884/38 1641/887/38
f 1616/883/38 1614/882/38 1643/885/38 1642/884/38
f 1614/882/38 1612/893/38 1644/894/38 1643/885/38
f 1612/893/38 1610/893/38 1645/894/38 1644/894/38
f 1610/893/38 1632/882/38 1635/885/38 1645/894/38
f 1612/895/470 1614/896/471 1652/897/472
f 1618/879/473 1620/878/474 1650/881/475 1651/880/476
f 1624/898/541 1626/878/466 1649/881/469
f 1610/895/478 1612/895/470 1652/897/472 1648/897/479
f 1630/899/480 1632/896/481 1648/897/479 1647/880/468
f 1616/899/482 1618/879/473 1651/880/476
f 1622/898/542 1624/898/541 1649/881/469 1650/881/475
f 1632/896/481 1610/895/478 1648/897/479
f 1628/879/467 1630/899/480 1647/880/468
f 1614/896/471 1616/899/482 1651/880/476 1652/897/472
f 1620/878/474 1622/898/542 1650/881/475
f 1646/900/38 1647/901/38 1648/902/38
f 1646/900/38 1649/903/38 1647/901/38
f 1646/900/38 1650/903/38 1649/903/38
f 1646/900/38 1651/901/38 1650/903/38
f 1646/900/38 1652/902/38 1651/901/38
f 1646/900/38 1648/902/38 1652/902/38
f 1654/904/15 1655/904/15 1656/905/15 1653/905/15
f 1655/904/317 1657/906/317 1658/907/317 1656/905/317
f 1657/906/8 1659/906/8 1660/907/8 1658/907/8
f 1659/906/271 1654/904/271 1653/905/271 1660/907/271
f 1551/766/1 1550/766/1 1653/769/1 1656/769/1
f 1669/908/484 1670/909/17 1666/910/485
f 1666/911/486 1665/911/486 1673/912/486 1674/912/486
f 1663/913/35 1670/909/35 1667/909/35 1661/913/35
f 1662/914/1 1665/910/1 1666/910/1 1664/914/1
f 1665/910/487 1668/908/488 1671/915/489 1673/916/489
f 1666/910/485 1674/916/490 1672/915/490 1669/908/484
f 1664/914/17 1666/910/485 1670/909/17 1663/913/17
f 1667/917/491 1670/917/491 1669/918/492 1668/918/492
f 1667/909/16 1668/908/488 1665/910/487
f 1683/919/493 1684/920/1 1680/921/494
f 1661/913/16 1667/909/16 1665/910/487 1662/914/16
f 1673/916/1 1671/915/1 1672/915/1 1674/916/1
f 1669/918/492 1672/922/495 1671/922/495 1668/918/492
f 1680/923/496 1679/924/496 1687/925/496 1688/926/496
f 1677/927/17 1684/920/17 1681/928/17 1675/929/17
f 1676/929/16 1679/930/16 1680/921/16 1678/927/16
f 1679/930/497 1682/931/498 1685/932/499 1687/933/499
f 1680/921/494 1688/934/500 1686/935/500 1683/919/493
f 1678/927/1 1680/921/494 1684/920/1 1677/927/1
f 1681/936/501 1684/937/501 1683/938/502 1682/939/502
f 1681/928/35 1682/931/498 1679/930/497
f 1697/940/503 1698/941/16 1694/942/504
f 1675/929/35 1681/928/35 1679/930/497 1676/929/35
f 1687/933/16 1685/932/16 1686/935/16 1688/934/16
f 1683/938/502 1686/943/505 1685/944/505 1682/939/502
f 1694/945/506 1693/945/506 1701/946/506 1702/947/506
f 1691/948/1 1698/941/1 1695/949/1 1689/950/1
f 1690/951/35 1693/942/35 1694/942/35 1692/951/35
f 1693/942/507 1696/940/508 1699/952/509 1701/953/509
f 1694/942/504 1702/954/510 1700/955/510 1697/940/503
f 1692/951/16 1694/942/504 1698/941/16 1691/948/16
f 1695/956/511 1698/957/511 1697/958/512 1696/958/512
f 1695/949/17 1696/940/508 1693/942/507
f 1711/959/513 1712/960/35 1708/961/514
f 1689/950/17 1695/949/17 1693/942/507 1690/951/17
f 1701/953/35 1699/952/35 1700/955/35 1702/954/35
f 1697/958/512 1700/962/515 1699/963/515 1696/958/512
f 1708/964/516 1707/965/516 1715/966/516 1716/967/516
f 1705/968/16 1712/960/16 1709/969/16 1703/970/16
f 1704/970/17 1707/971/17 1708/961/17 1706/968/17
f 1707/971/517 1710/972/557 1713/973/519 1715/974/519
f 1708/961/514 1716/975/520 1714/976/520 1711/959/513
f 1706/968/35 1708/961/514 1712/960/35 1705/968/35
f 1709/977/521 1712/978/521 1711/979/522 1710/980/523
f 1709/969/1 1710/972/557 1707/971/517
f 1703/970/1 1709/969/1 1707/971/517 1704/970/1
f 1715/974/17 1713/973/17 1714/976/17 1716/975/17
f 1711/979/522 1714/981/524 1713/982/524 1710/980/523
f 1717/983/525 1718/984/525 1719/983/525
f 1719/983/526 1718/984/526 1721/985/526 1722/986/526
f 1722/986/527 1721/985/527 1720/986/527
f 1720/987/528 1721/988/528 1718/989/528 1717/990/528
f 1723/983/525 1724/984/525 1725/983/525
f 1725/983/526 1724/984/526 1727/985/526 1728/986/526
f 1728/986/527 1727/985/527 1726/986/527
f 1726/987/528 1727/988/528 1724/989/528 1723/990/528
f 1729/983/525 1730/984/525 1731/983/525
f 1731/983/544 1730/984/544 1733/985/544 1734/986/544
f 1734/986/527 1733/985/527 1732/986/527
f 1732/987/528 1733/988/528 1730/989/528 1729/990/528
f 1735/991/525 1736/992/525 1737/991/525
f 1737/991/526 1736/992/526 1739/993/526 1740/994/526
f 1740/994/527 1739/993/527 1738/994/527
f 1738/995/528 1739/996/528 1736/997/528 1735/998/528
f 1741/991/525 1742/992/525 1743/991/525
f 1743/991/526 1742/992/526 1745/993/526 1746/994/526
f 1746/994/527 1745/993/527 1744/994/527
f 1744/995/528 1745/996/528 1742/997/528 1741/998/528
f 1747/991/525 1748/992/525 1749/991/525
f 1749/991/526 1748/992/526 1751/993/526 1752/994/526
f 1752/994/527 1751/993/527 1750/994/527
f 1750/995/558 1751/996/558 1748/997/558 1747/998/558
f 1765/409/278 1766/410/279 1756/411/280 1754/412/281
f 1760/412/282 1761/411/283 1773/410/284 1769/409/285
f 1753/413/286 1754/414/281 1755/415/287
f 1756/416/280 1774/417/288 1757/418/289
f 1758/413/290 1759/415/291 1760/414/282
f 1780/417/529 1761/416/283 1762/418/293
f 1763/419/294 1764/420/295 1765/421/278
f 1786/422/296 1766/423/279 1767/424/297
f 1768/419/298 1769/421/285 1770/420/299
f 1771/422/559 1772/424/301 1773/423/284
f 1758/413/290 1753/413/286 1755/415/287 1759/415/291
f 1754/412/281 1756/411/280 1757/425/289 1755/426/287
f 1774/417/288 1780/417/529 1762/418/293 1757/418/289
f 1761/411/283 1760/412/282 1759/426/291 1762/425/293
f 1768/419/298 1758/413/290 1760/414/282 1769/421/285
f 1780/417/529 1771/422/559 1773/423/284 1761/416/283
f 1772/427/301 1770/428/299 1769/409/285 1773/410/284
f 1763/419/294 1768/419/298 1770/420/299 1764/420/295
f 1771/422/559 1786/422/296 1767/424/297 1772/424/301
f 1766/410/279 1765/409/278 1764/428/295 1767/427/297
f 1753/413/286 1763/419/294 1765/421/278 1754/414/281
f 1786/422/296 1774/417/288 1756/416/280 1766/423/279
f 1758/413/290 1768/419/298 1763/419/294 1753/413/286
f 1788/429/278 1790/430/279 1777/431/280 1775/432/281
f 1793/433/302 1795/434/303 1791/434/304 1787/433/305
f 1794/435/38 1783/436/38 1778/436/38 1789/435/38
f 1776/437/287 1779/438/306 1785/438/293 1781/437/291
f 1782/432/282 1784/431/283 1796/430/284 1792/429/285
f 1774/439/307 1775/432/281 1776/437/287
f 1777/440/280 1778/441/288 1779/442/306
f 1780/439/530 1781/437/291 1782/432/282
f 1783/441/529 1784/440/283 1785/442/293
f 1786/443/309 1787/433/305 1788/429/278
f 1789/444/296 1790/445/279 1791/446/304
f 1771/443/560 1792/429/285 1793/433/302
f 1794/444/559 1795/446/303 1796/445/284
f 1780/439/530 1774/439/307 1776/437/287 1781/437/291
f 1775/432/281 1777/431/280 1779/438/306 1776/437/287
f 1778/441/288 1783/441/529 1785/442/293 1779/442/306
f 1784/431/283 1782/432/282 1781/437/291 1785/438/293
f 1771/443/560 1780/439/530 1782/432/282 1792/429/285
f 1783/441/529 1794/444/559 1796/445/284 1784/440/283
f 1795/434/303 1793/433/302 1792/429/285 1796/430/284
f 1786/443/309 1771/443/560 1793/433/302 1787/433/305
f 1794/444/559 1789/444/296 1791/446/304 1795/446/303
f 1790/430/279 1788/429/278 1787/433/305 1791/434/304
f 1774/439/307 1786/443/309 1788/429/278 1775/432/281
f 1789/444/296 1778/441/288 1777/440/280 1790/445/279
f 1805/447/17 1807/448/17 1801/449/17 1803/450/17
f 1804/451/318 1803/452/318 1802/453/318
f 1801/454/319 1800/455/319 1799/456/319
f 1798/457/313 1797/458/313 1805/459/313
f 1806/460/561 1807/461/561 1808/462/561
f 1803/450/151 1801/449/151 1799/463/151 1802/464/151
f 1807/448/315 1805/447/315 1797/465/315 1808/466/315
f 1804/451/316 1798/457/316 1805/459/316 1803/452/316
f 1806/460/317 1800/455/317 1801/454/317 1807/461/317
f 1817/467/17 1819/468/17 1813/469/17 1815/470/17
f 1816/471/534 1815/472/534 1814/473/534
f 1813/474/533 1812/475/533 1811/476/533
f 1810/477/536 1809/478/536 1817/479/536
f 1818/480/546 1819/481/546 1820/482/546
f 1815/470/151 1813/469/151 1811/483/151 1814/484/151
f 1819/468/315 1817/467/315 1809/485/315 1820/486/315
f 1816/471/316 1810/477/316 1817/479/316 1815/472/316
f 1818/480/317 1812/475/317 1813/474/317 1819/481/317
f 1770/428/322 1772/427/323 1825/487/324 1828/488/325
f 1772/427/323 1767/427/326 1831/487/327 1825/487/324
f 1767/427/326 1764/428/328 1830/488/329 1831/487/327
f 1764/428/328 1770/428/322 1828/488/325 1830/488/329
f 1755/426/287 1757/425/1 1822/489/1 1821/490/1
f 1757/425/1 1762/425/293 1823/489/1 1822/489/1
f 1762/425/293 1759/426/291 1824/490/1 1823/489/1
f 1759/426/291 1755/426/287 1821/490/1 1824/490/1
f 1834/491/1 1833/492/1 1836/492/1 1835/491/1
f 1826/493/330 1827/494/330 1828/495/330 1825/496/330
f 1827/497/8 1829/497/8 1830/498/8 1828/498/8
f 1832/499/7 1826/499/7 1825/500/7 1831/500/7
f 1829/494/151 1832/493/151 1831/496/151 1830/495/151
f 1833/501/331 1834/502/331 1821/503/331 1822/504/331
f 1834/505/332 1835/505/332 1824/506/332 1821/506/332
f 1836/507/333 1833/507/333 1822/508/333 1823/508/333
f 1835/502/334 1836/501/334 1823/504/334 1824/503/334
f 1827/509/35 1826/510/35 1832/510/35 1829/509/35
f 1845/511/16 1847/512/16 1841/513/16 1843/514/16
f 1844/515/562 1843/516/562 1842/517/562
f 1841/518/563 1840/519/563 1839/520/563
f 1838/521/564 1837/522/564 1845/523/564
f 1846/524/565 1847/525/565 1848/526/565
f 1843/514/147 1841/513/147 1839/527/147 1842/528/147
f 1847/512/330 1845/511/330 1837/529/330 1848/530/330
f 1844/515/55 1838/521/55 1845/523/55 1843/516/55
f 1846/524/271 1840/519/271 1841/518/271 1847/525/271
f 1857/531/339 1859/532/566 1853/533/549 1855/534/342
f 1856/535/343 1855/536/342 1854/537/344
f 1853/538/549 1852/539/345 1851/540/346
f 1850/541/347 1849/542/348 1857/543/339
f 1858/544/349 1859/545/566 1860/546/350
f 1855/547/342 1853/538/549 1851/540/346 1854/548/344
f 1859/545/566 1857/549/339 1849/550/348 1860/546/350
f 1856/535/343 1850/541/347 1857/543/339 1855/536/342
f 1858/551/349 1852/552/345 1853/553/549 1859/554/566
f 1856/535/343 1854/537/344 1863/555/567
f 1860/556/352 1849/557/352 1861/558/352 1864/559/352
f 1851/560/346 1852/561/345 1862/562/353
f 1854/563/354 1851/560/354 1862/562/354 1863/564/354
f 1849/542/348 1850/541/347 1861/565/540
f 1852/561/356 1858/566/356 1864/567/356 1862/568/356
f 1850/569/357 1856/570/357 1863/571/357 1861/572/357
f 1858/566/349 1860/556/350 1864/567/400
f 1872/573/359 1888/574/359 1874/575/360 1865/576/360
f 1867/577/361 1878/578/361 1880/579/362 1868/580/362
f 1868/580/363 1880/579/363 1882/581/363 1869/582/363
f 1869/583/364 1882/584/364 1884/585/365 1870/586/365
f 1870/587/365 1884/588/365 1886/589/550 1871/590/550
f 1871/590/367 1886/589/367 1888/574/359 1872/573/359
f 1865/591/368 1874/592/368 1876/593/369 1866/594/369
f 1866/595/369 1876/596/369 1878/578/361 1867/577/361
f 1876/593/370 1874/592/371 1873/597/371 1875/598/370
f 1878/599/372 1876/593/370 1875/598/370 1877/600/372
f 1880/601/568 1878/599/372 1877/600/372 1879/602/568
f 1882/584/374 1880/601/568 1879/602/568 1881/603/374
f 1884/585/375 1882/584/374 1881/603/374 1883/604/375
f 1886/605/569 1884/585/375 1883/604/375 1885/606/569
f 1888/607/377 1886/605/569 1885/606/569 1887/608/377
f 1874/592/371 1888/607/377 1887/608/377 1873/597/371
f 1877/609/378 1875/610/379 1975/611/379 1976/612/380
f 1883/613/381 1881/614/382 1978/615/382 1979/616/381
f 1879/617/383 1877/609/378 1976/612/380 1977/618/383
f 1885/619/537 1883/613/381 1979/616/381 1980/620/537
f 1875/610/379 1873/621/385 1974/622/385 1975/611/379
f 1873/621/385 1887/623/386 1981/624/386 1974/622/385
f 1881/614/382 1879/617/383 1977/618/383 1978/615/382
f 1887/623/386 1885/619/537 1980/620/537 1981/624/386
f 1897/625/387 1913/626/388 1899/627/389 1890/628/387
f 1892/629/390 1903/630/391 1905/631/392 1893/632/393
f 1893/632/393 1905/631/392 1907/633/394 1894/634/395
f 1894/634/570 1907/633/394 1909/635/396 1895/636/397
f 1895/636/397 1909/635/396 1911/637/398 1896/638/399
f 1896/638/399 1911/637/398 1913/626/388 1897/625/353
f 1890/628/358 1899/627/389 1901/639/401 1891/640/402
f 1891/640/402 1901/639/401 1903/630/391 1892/629/35
f 1901/641/401 1899/642/389 1898/643/403 1900/644/404
f 1903/645/391 1901/641/401 1900/644/404 1902/646/405
f 1905/647/392 1903/645/391 1902/646/405 1904/648/406
f 1907/649/394 1905/647/392 1904/648/406 1906/650/407
f 1909/651/396 1907/649/394 1906/650/407 1908/652/408
f 1911/653/398 1909/651/396 1908/652/408 1910/654/409
f 1913/655/388 1911/653/398 1910/654/409 1912/656/410
f 1899/642/389 1913/655/388 1912/656/410 1898/643/403
f 1912/656/411 1910/654/411 1908/652/411 1906/650/411
f 1898/643/403 1912/656/410 1915/657/412 1914/658/412
f 1912/659/413 1906/660/413 1916/661/413 1915/662/413
f 1904/663/414 1898/664/414 1914/665/414 1917/666/414
f 1914/658/411 1915/657/411 1916/667/411 1917/668/411
f 1900/644/411 1898/643/411 1904/648/411 1902/646/411
f 1906/660/407 1904/663/406 1917/666/415 1916/661/415
f 1925/669/387 1941/670/388 1927/671/389 1918/672/387
f 1920/673/416 1931/674/391 1933/675/571 1921/676/390
f 1921/676/395 1933/675/571 1935/677/394 1922/678/395
f 1922/678/351 1935/677/394 1937/679/396 1923/680/397
f 1923/680/397 1937/679/396 1939/681/398 1924/682/399
f 1924/682/399 1939/681/398 1941/670/388 1925/669/353
f 1918/672/358 1927/671/389 1929/683/401 1919/684/402
f 1919/684/402 1929/683/401 1931/674/391 1920/673/416
f 1929/685/401 1927/686/389 1926/687/403 1928/688/404
f 1931/689/391 1929/685/401 1928/688/404 1930/690/553
f 1933/691/571 1931/689/391 1930/690/553 1932/692/406
f 1935/693/394 1933/691/571 1932/692/406 1934/694/407
f 1937/695/396 1935/693/394 1934/694/407 1936/696/408
f 1939/697/398 1937/695/396 1936/696/408 1938/698/409
f 1941/699/388 1939/697/398 1938/698/409 1940/700/410
f 1927/686/389 1941/699/388 1940/700/410 1926/687/403
f 1940/700/411 1938/698/411 1936/696/411 1934/694/411
f 1926/687/403 1940/700/410 1943/701/412 1942/702/412
f 1940/703/413 1934/704/413 1944/705/413 1943/706/413
f 1932/707/414 1926/708/414 1942/709/414 1945/710/414
f 1942/702/411 1943/701/411 1944/711/411 1945/712/411
f 1928/688/411 1926/687/411 1932/692/411 1930/690/411
f 1934/704/407 1932/707/406 1945/710/415 1944/705/415
f 1953/713/387 1969/714/388 1955/715/389 1946/716/387
f 1948/717/416 1959/718/391 1961/719/392 1949/720/390
f 1949/720/395 1961/719/392 1963/721/394 1950/722/395
f 1950/722/351 1963/721/394 1965/723/396 1951/724/397
f 1951/724/397 1965/723/396 1967/725/398 1952/726/399
f 1952/726/399 1967/725/398 1969/714/388 1953/713/353
f 1946/716/358 1955/715/389 1957/727/401 1947/728/402
f 1947/728/402 1957/727/401 1959/718/391 1948/717/416
f 1957/729/401 1955/730/389 1954/731/403 1956/732/404
f 1959/733/391 1957/729/401 1956/732/404 1958/734/405
f 1961/735/392 1959/733/391 1958/734/405 1960/736/406
f 1963/737/394 1961/735/392 1960/736/406 1962/738/407
f 1965/739/396 1963/737/394 1962/738/407 1964/740/408
f 1967/741/398 1965/739/396 1964/740/408 1966/742/409
f 1969/743/388 1967/741/398 1966/742/409 1968/744/410
f 1955/730/389 1969/743/388 1968/744/410 1954/731/403
f 1968/744/411 1966/742/411 1964/740/411 1962/738/411
f 1954/731/403 1968/744/410 1971/745/412 1970/746/412
f 1968/747/413 1962/748/413 1972/749/413 1971/750/413
f 1960/751/414 1954/752/414 1970/753/414 1973/754/414
f 1970/746/411 1971/745/411 1972/755/411 1973/756/411
f 1956/732/411 1954/731/411 1960/736/411 1958/734/411
f 1962/748/407 1960/751/406 1973/754/415 1972/749/415
f 1889/757/411 1975/758/411 1974/759/411
f 1889/757/411 1976/760/411 1975/758/411
f 1889/757/411 1977/761/411 1976/760/411
f 1889/757/411 1978/762/411 1977/761/411
f 1889/757/411 1979/763/411 1978/762/411
f 1889/757/411 1980/764/411 1979/763/411
f 1889/757/411 1981/765/411 1980/764/411
f 1889/757/411 1974/759/411 1981/765/411
f 1982/766/16 1984/767/16 2092/768/16 2085/769/16
f 2089/770/38 2087/771/38 2086/771/38 2091/770/38
f 1985/767/17 1983/766/17 2088/769/17 2090/768/17
f 1984/767/35 1985/767/35 2090/768/35 2092/768/35
f 1994/772/418 1995/773/151 1991/774/419
f 1991/775/420 1990/776/420 1998/777/420 1999/778/420
f 1988/779/330 1995/773/330 1992/780/330 1986/781/330
f 1987/782/315 1990/783/315 1991/774/315 1989/781/315
f 1990/783/421 1993/784/554 1996/785/423 1998/786/423
f 1991/774/419 1999/787/424 1997/788/424 1994/772/418
f 1989/781/151 1991/774/419 1995/773/151 1988/779/151
f 1992/789/425 1995/790/425 1994/791/426 1993/792/426
f 1992/780/147 1993/784/554 1990/783/421
f 2008/793/427 2009/794/315 2005/795/428
f 1986/781/147 1992/780/147 1990/783/421 1987/782/147
f 1998/786/315 1996/785/315 1997/788/315 1999/787/315
f 1994/791/426 1997/796/38 1996/797/38 1993/792/426
f 2005/798/429 2004/799/429 2012/800/429 2013/801/429
f 2002/802/151 2009/794/151 2006/803/151 2000/804/151
f 2001/802/147 2004/805/147 2005/795/147 2003/806/147
f 2004/805/430 2007/807/431 2010/808/432 2012/809/432
f 2005/795/428 2013/810/433 2011/811/433 2008/793/427
f 2003/806/315 2005/795/428 2009/794/315 2002/802/315
f 2006/812/434 2009/813/434 2008/814/435 2007/815/435
f 2006/803/330 2007/807/431 2004/805/430
f 2022/816/436 2023/817/147 2019/818/572
f 2000/804/330 2006/803/330 2004/805/430 2001/802/330
f 2012/809/147 2010/808/147 2011/811/147 2013/810/147
f 2008/814/435 2011/819/38 2010/820/38 2007/815/435
f 2019/821/438 2018/822/438 2026/823/438 2027/824/438
f 2016/825/315 2023/817/315 2020/826/315 2014/827/315
f 2015/828/330 2018/829/330 2019/818/330 2017/827/330
f 2018/829/439 2021/830/440 2024/831/556 2026/832/556
f 2019/818/572 2027/833/442 2025/834/442 2022/816/436
f 2017/827/147 2019/818/572 2023/817/147 2016/825/147
f 2020/835/443 2023/836/443 2022/837/444 2021/838/444
f 2020/826/151 2021/830/440 2018/829/439
f 2036/839/445 2037/840/330 2033/841/446
f 2014/827/151 2020/826/151 2018/829/439 2015/828/151
f 2026/832/330 2024/831/330 2025/834/330 2027/833/330
f 2022/837/444 2025/842/38 2024/843/38 2021/838/444
f 2033/844/447 2032/845/447 2040/846/447 2041/847/447
f 2030/848/147 2037/840/147 2034/849/147 2028/850/147
f 2029/848/151 2032/851/151 2033/841/151 2031/852/151
f 2032/851/448 2035/853/449 2038/854/450 2040/855/450
f 2033/841/446 2041/856/451 2039/857/451 2036/839/445
f 2031/852/330 2033/841/446 2037/840/330 2030/848/330
f 2034/858/452 2037/859/452 2036/860/453 2035/861/453
f 2034/849/315 2035/853/449 2032/851/448
f 2028/850/315 2034/849/315 2032/851/448 2029/848/315
f 2040/855/151 2038/854/151 2039/857/151 2041/856/151
f 2036/860/453 2039/862/38 2038/863/38 2035/861/453
f 2043/864/454 2077/865/454 2067/866/455 2065/867/455
f 2047/867/456 2075/866/456 2076/865/457 2045/864/457
f 2049/868/458 2074/869/458 2075/866/456 2047/867/456
f 2051/870/459 2073/871/459 2074/869/458 2049/868/458
f 2053/872/460 2072/873/460 2073/871/459 2051/870/459
f 2055/874/461 2071/875/461 2072/873/460 2053/872/460
f 2057/874/462 2070/875/462 2071/875/461 2055/874/461
f 2059/872/463 2069/876/463 2070/875/462 2057/874/462
f 2061/877/464 2068/871/464 2069/876/463 2059/872/463
f 2063/868/465 2066/869/465 2068/871/464 2061/877/464
f 2058/878/466 2060/879/467 2079/880/468 2081/881/469
f 2065/867/455 2067/866/455 2066/869/465 2063/868/465
f 2045/864/457 2076/865/457 2077/865/454 2043/864/454
f 2064/882/38 2062/883/38 2066/884/38 2067/885/38
f 2062/883/38 2060/886/38 2068/887/38 2066/884/38
f 2060/886/38 2058/888/38 2069/889/38 2068/887/38
f 2058/888/38 2056/890/38 2070/891/38 2069/889/38
f 2056/890/38 2054/890/38 2071/891/38 2070/891/38
f 2054/890/38 2052/888/38 2072/892/38 2071/891/38
f 2052/888/38 2050/886/38 2073/887/38 2072/892/38
f 2050/886/38 2048/883/38 2074/884/38 2073/887/38
f 2048/883/38 2046/882/38 2075/885/38 2074/884/38
f 2046/882/38 2044/893/38 2076/894/38 2075/885/38
f 2044/893/38 2042/893/38 2077/894/38 2076/894/38
f 2042/893/38 2064/882/38 2067/885/38 2077/894/38
f 2044/895/470 2046/896/471 2084/897/472
f 2050/879/473 2052/878/474 2082/881/475 2083/880/476
f 2056/898/541 2058/878/466 2081/881/469
f 2042/895/478 2044/895/470 2084/897/472 2080/897/479
f 2062/899/480 2064/896/481 2080/897/479 2079/880/468
f 2048/899/482 2050/879/473 2083/880/476
f 2054/898/542 2056/898/541 2081/881/469 2082/881/475
f 2064/896/481 2042/895/478 2080/897/479
f 2060/879/467 2062/899/480 2079/880/468
f 2046/896/471 2048/899/482 2083/880/476 2084/897/472
f 2052/878/474 2054/898/542 2082/881/475
f 2078/900/38 2079/901/38 2080/902/38
f 2078/900/38 2081/903/38 2079/901/38
f 2078/900/38 2082/903/38 2081/903/38
f 2078/900/38 2083/901/38 2082/903/38
f 2078/900/38 2084/902/38 2083/901/38
f 2078/900/38 2080/902/38 2084/902/38
f 2086/904/15 2087/904/15 2088/905/15 2085/905/15
f 2087/904/317 2089/906/317 2090/907/317 2088/905/317
f 2089/906/8 2091/906/8 2092/907/8 2090/907/8
f 2091/906/271 2086/904/271 2085/905/271 2092/907/271
f 1983/766/1 1982/766/1 2085/769/1 2088/769/1
f 2101/908/484 2102/909/17 2098/910/485
f 2098/911/486 2097/911/486 2105/912/486 2106/912/486
f 2095/913/35 2102/909/35 2099/909/35 2093/913/35
f 2094/914/1 2097/910/1 2098/910/1 2096/914/1
f 2097/910/487 2100/908/488 2103/915/489 2105/916/489
f 2098/910/485 2106/916/490 2104/915/490 2101/908/484
f 2096/914/17 2098/910/485 2102/909/17 2095/913/17
f 2099/917/491 2102/917/491 2101/918/492 2100/918/492
f 2099/909/16 2100/908/488 2097/910/487
f 2115/919/573 2116/920/1 2112/921/574
f 2093/913/16 2099/909/16 2097/910/487 2094/914/16
f 2105/916/1 2103/915/1 2104/915/1 2106/916/1
f 2101/918/492 2104/922/495 2103/922/495 2100/918/492
f 2112/923/496 2111/924/496 2119/925/496 2120/926/496
f 2109/927/17 2116/920/17 2113/928/17 2107/929/17
f 2108/929/16 2111/930/16 2112/921/16 2110/927/16
f 2111/930/497 2114/931/498 2117/932/499 2119/933/499
f 2112/921/574 2120/934/500 2118/935/500 2115/919/573
f 2110/927/1 2112/921/574 2116/920/1 2109/927/1
f 2113/936/501 2116/937/501 2115/938/502 2114/939/502
f 2113/928/35 2114/931/498 2111/930/497
f 2129/940/575 2130/941/16 2126/942/504
f 2107/929/35 2113/928/35 2111/930/497 2108/929/35
f 2119/933/16 2117/932/16 2118/935/16 2120/934/16
f 2115/938/502 2118/943/543 2117/944/543 2114/939/502
f 2126/945/506 2125/945/506 2133/946/506 2134/947/506
f 2123/948/1 2130/941/1 2127/949/1 2121/950/1
f 2122/951/35 2125/942/35 2126/942/35 2124/951/35
f 2125/942/507 2128/940/508 2131/952/509 2133/953/509
f 2126/942/504 2134/954/510 2132/955/510 2129/940/575
f 2124/951/16 2126/942/504 2130/941/16 2123/948/16
f 2127/956/511 2130/957/511 2129/958/512 2128/958/512
f 2127/949/17 2128/940/508 2125/942/507
f 2143/959/513 2144/960/35 2140/961/514
f 2121/950/17 2127/949/17 2125/942/507 2122/951/17
f 2133/953/35 2131/952/35 2132/955/35 2134/954/35
f 2129/958/512 2132/962/515 2131/963/515 2128/958/512
f 2140/964/516 2139/965/516 2147/966/516 2148/967/516
f 2137/968/16 2144/960/16 2141/969/16 2135/970/16
f 2136/970/17 2139/971/17 2140/961/17 2138/968/17
f 2139/971/517 2142/972/576 2145/973/519 2147/974/519
f 2140/961/514 2148/975/520 2146/976/520 2143/959/513
f 2138/968/35 2140/961/514 2144/960/35 2137/968/35
f 2141/977/521 2144/978/521 2143/979/523 2142/980/523
f 2141/969/1 2142/972/576 2139/971/517
f 2135/970/1 2141/969/1 2139/971/517 2136/970/1
f 2147/974/17 2145/973/17 2146/976/17 2148/975/17
f 2143/979/523 2146/981/524 2145/982/524 2142/980/523
f 2149/983/525 2150/984/525 2151/983/525
f 2151/983/526 2150/984/526 2153/985/526 2154/986/526
f 2154/986/527 2153/985/527 2152/986/527
f 2152/987/528 2153/988/528 2150/989/528 2149/990/528
f 2155/983/525 2156/984/525 2157/983/525
f 2157/983/544 2156/984/544 2159/985/544 2160/986/544
f 2160/986/527 2159/985/527 2158/986/527
f 2158/987/558 2159/988/558 2156/989/558 2155/990/558
f 2161/983/525 2162/984/525 2163/983/525
f 2163/983/544 2162/984/544 2165/985/544 2166/986/544
f 2166/986/527 2165/985/527 2164/986/527
f 2164/987/528 2165/988/528 2162/989/528 2161/990/528
f 2167/991/525 2168/992/525 2169/991/525
f 2169/991/526 2168/992/526 2171/993/526 2172/994/526
f 2172/994/527 2171/993/527 2170/994/527
f 2170/995/528 2171/996/528 2168/997/528 2167/998/528
f 2173/991/525 2174/992/525 2175/991/525
f 2175/991/526 2174/992/526 2177/993/526 2178/994/526
f 2178/994/527 2177/993/527 2176/994/527
f 2176/995/528 2177/996/528 2174/997/528 2173/998/528
f 2179/991/525 2180/992/525 2181/991/525
f 2181/991/544 2180/992/544 2183/993/544 2184/994/544
f 2184/994/527 2183/993/527 2182/994/527
f 2182/995/528 2183/996/528 2180/997/528 2179/998/528
usemtl restaurant.033
f 2185/999/17 2186/1000/17 2188/1001/17 2187/1002/17
f 2187/1002/35 2188/1001/35 2192/1003/35 2191/1004/35
f 2191/1004/16 2192/1003/16 2190/1005/16 2189/1006/16
f 2189/1006/1 2190/1005/1 2186/1000/1 2185/999/1
f 2187/1007/39 2191/1008/39 2189/1009/39 2185/1010/39
f 2190/1011/16 2192/1012/16 2195/1013/16 2196/1014/16
f 2195/1015/38 2194/1016/38 2193/1017/38 2196/1018/38
f 2188/1019/17 2186/1020/17 2193/1021/17 2194/1022/17
f 2192/1012/35 2188/1019/35 2194/1022/35 2195/1013/35
f 2202/1023/577 2199/1024/577 2197/1025/578 2198/1026/578
f 2196/1027/15 2193/1028/15 2198/1029/578 2197/1030/578
f 2190/1011/16 2196/1014/16 2200/1011/16
f 2199/1031/577 2202/1032/577 2201/1033/579 2200/1034/579
f 2186/1035/39 2190/1036/39 2200/1036/579 2201/1035/579
f 2201/1020/17 2202/1023/17 2198/1026/17 2193/1021/17
f 2215/1037/287 2217/1038/306 2206/1039/1 2204/1040/1
f 2205/1041/282 2208/1042/283 2211/1042/17 2210/1041/580
f 2219/1043/16 2222/1044/16 2218/1044/16 2214/1043/16
f 2203/1045/290 2204/1046/581 2205/1047/282
f 2206/1048/582 2207/1049/529 2208/1050/283
f 2213/1051/286 2214/1052/583 2215/1053/287
f 2216/1054/288 2217/1055/306 2218/1056/584
f 2209/1057/585 2203/1057/290 2205/1058/282 2210/1058/580
f 2204/1040/581 2206/1039/582 2208/1059/283 2205/1060/282
f 2207/1061/529 2212/1061/317 2211/1062/317 2208/1062/283
f 2213/1063/286 2220/1063/586 2219/1064/55 2214/1064/583
f 2221/1065/271 2216/1065/288 2218/1066/584 2222/1066/271
f 2217/1038/306 2215/1037/287 2214/1067/583 2218/1068/584
f 2203/1045/290 2213/1051/286 2215/1053/287 2204/1046/581
f 2216/1054/288 2207/1049/529 2206/1048/582 2217/1055/306
f 2209/1057/585 2220/1063/586 2213/1063/286 2203/1057/290
f 2232/1069/287 2234/1070/306 2225/1071/1 2223/1072/291
f 2237/1073/587 2230/1074/588 2226/1074/589 2233/1073/590
f 2224/1075/282 2227/1076/283 2229/1076/17 2228/1075/580
f 2236/1077/591 2238/1078/16 2235/1078/16 2231/1077/281
f 2207/1079/530 2223/1080/291 2224/1081/282
f 2225/1082/582 2226/1083/589 2227/1084/283
f 2216/1085/307 2231/1086/281 2232/1087/287
f 2233/1088/590 2234/1089/306 2235/1090/584
f 2212/1091/316 2207/1092/530 2224/1093/282 2228/1093/580
f 2223/1072/291 2225/1071/582 2227/1094/283 2224/1095/282
f 2226/1074/589 2230/1074/588 2229/1096/317 2227/1096/283
f 2216/1097/307 2221/1098/55 2236/1099/591 2231/1099/281
f 2237/1073/587 2233/1073/590 2235/1100/584 2238/1100/271
f 2234/1070/306 2232/1069/287 2231/1101/281 2235/1102/584
f 2207/1079/530 2216/1085/307 2232/1087/287 2223/1080/291
f 2233/1088/590 2226/1083/589 2225/1082/582 2234/1089/306
f 2196/1014/16 2197/1025/16 2199/1024/16 2200/1011/16
f 2186/1020/17 2201/1020/17 2193/1021/17
f 2260/1103/592 2262/1104/593 2239/1105/1
f 2261/1106/594 2246/1107/594 2245/1108/595 2259/1109/595
f 2251/1110/596 2241/1111/596 2240/1112/597 2249/1113/597
f 2255/1114/598 2243/1115/598 2242/1116/599 2253/1117/599
f 2245/1118/600 2258/1119/600 2256/1120/601 2244/1121/601
f 2247/1122/602 2262/1104/602 2260/1103/603 2246/1123/603
f 2242/1124/604 2252/1125/604 2250/1126/605 2241/1127/605
f 2240/1128/606 2248/1129/606 2262/1104/602 2247/1122/602
f 2241/1127/605 2250/1126/605 2248/1129/606 2240/1128/606
f 2243/1130/607 2254/1131/607 2252/1125/604 2242/1124/604
f 2263/1132/608 2247/1133/608 2246/1107/594 2261/1106/594
f 2262/1104/593 2248/1129/609 2239/1105/1
f 2257/1134/610 2244/1135/610 2243/1115/598 2255/1114/598
f 2244/1121/601 2256/1120/601 2254/1131/607 2243/1130/607
f 2249/1113/597 2240/1112/597 2247/1133/608 2263/1132/608
f 2256/1120/611 2258/1119/612 2239/1105/1
f 2246/1123/603 2260/1103/603 2258/1119/600 2245/1118/600
f 2253/1117/599 2242/1116/599 2241/1111/596 2251/1110/596
f 2259/1109/595 2245/1108/595 2244/1135/610 2257/1134/610
f 2252/1125/613 2254/1131/614 2239/1105/1
f 2250/1126/615 2252/1125/613 2239/1105/1
f 2254/1131/614 2256/1120/611 2239/1105/1
f 2248/1129/609 2250/1126/615 2239/1105/1
f 2258/1119/612 2260/1103/592 2239/1105/1
f 2285/1103/592 2287/1104/593 2264/1105/1
f 2286/1106/594 2271/1107/594 2270/1108/595 2284/1109/595
f 2276/1110/596 2266/1111/596 2265/1112/597 2274/1113/597
f 2280/1114/598 2268/1115/598 2267/1116/599 2278/1117/599
f 2270/1118/600 2283/1119/600 2281/1120/601 2269/1121/601
f 2272/1122/602 2287/1104/602 2285/1103/603 2271/1123/603
f 2267/1124/604 2277/1125/604 2275/1126/605 2266/1127/605
f 2265/1128/606 2273/1129/606 2287/1104/602 2272/1122/602
f 2266/1127/605 2275/1126/605 2273/1129/606 2265/1128/606
f 2268/1130/607 2279/1131/607 2277/1125/604 2267/1124/604
f 2288/1132/608 2272/1133/608 2271/1107/594 2286/1106/594
f 2287/1104/593 2273/1129/609 2264/1105/1
f 2282/1134/610 2269/1135/610 2268/1115/598 2280/1114/598
f 2269/1121/601 2281/1120/601 2279/1131/607 2268/1130/607
f 2274/1113/597 2265/1112/597 2272/1133/608 2288/1132/608
f 2281/1120/611 2283/1119/612 2264/1105/1
f 2271/1123/603 2285/1103/603 2283/1119/600 2270/1118/600
f 2278/1117/599 2267/1116/599 2266/1111/596 2276/1110/596
f 2284/1109/595 2270/1108/595 2269/1135/610 2282/1134/610
f 2277/1125/613 2279/1131/614 2264/1105/1
f 2275/1126/615 2277/1125/613 2264/1105/1
f 2279/1131/614 2281/1120/611 2264/1105/1
f 2273/1129/609 2275/1126/615 2264/1105/1
f 2283/1119/612 2285/1103/592 2264/1105/1
f 2289/999/16 2290/1000/16 2292/1001/16 2291/1002/16
f 2291/1002/1 2292/1001/1 2296/1003/1 2295/1004/1
f 2295/1004/17 2296/1003/17 2294/1005/17 2293/1006/17
f 2293/1006/35 2294/1005/35 2290/1000/35 2289/999/35
f 2291/1007/39 2295/1008/39 2293/1009/39 2289/1010/39
f 2294/1011/17 2296/1012/17 2299/1013/17 2300/1014/17
f 2299/1015/38 2298/1016/38 2297/1017/38 2300/1018/38
f 2292/1019/16 2290/1020/16 2297/1021/16 2298/1022/16
f 2296/1012/1 2292/1019/1 2298/1022/1 2299/1013/1
f 2306/1023/616 2303/1024/616 2301/1025/617 2302/1026/617
f 2300/1027/8 2297/1028/8 2302/1029/617 2301/1030/617
f 2294/1011/17 2300/1014/17 2304/1011/17
f 2303/1031/616 2306/1032/616 2305/1033/618 2304/1034/618
f 2290/1035/39 2294/1036/39 2304/1036/618 2305/1035/618
f 2305/1020/16 2306/1023/16 2302/1026/16 2297/1021/16
f 2319/1037/302 2321/1038/303 2310/1039/35 2308/1040/35
f 2309/1041/278 2312/1042/279 2315/1042/16 2314/1041/591
f 2323/1043/17 2326/1044/17 2322/1044/17 2318/1043/17
f 2307/1045/294 2308/1046/295 2309/1047/278
f 2310/1048/297 2311/1049/296 2312/1050/279
f 2317/1051/298 2318/1052/619 2319/1053/302
f 2320/1054/300 2321/1055/303 2322/1056/620
f 2313/1057/586 2307/1057/294 2309/1058/278 2314/1058/591
f 2308/1040/295 2310/1039/297 2312/1059/279 2309/1060/278
f 2311/1061/296 2316/1061/271 2315/1062/271 2312/1062/279
f 2317/1063/298 2324/1063/585 2323/1064/316 2318/1064/619
f 2325/1065/317 2320/1065/300 2322/1066/620 2326/1066/317
f 2321/1038/303 2319/1037/302 2318/1067/619 2322/1068/620
f 2307/1045/294 2317/1051/298 2319/1053/302 2308/1046/295
f 2320/1054/300 2311/1049/296 2310/1048/297 2321/1055/303
f 2313/1057/586 2324/1063/585 2317/1063/298 2307/1057/294
f 2336/1069/302 2338/1070/303 2329/1071/35 2327/1072/305
f 2341/1073/588 2334/1074/587 2330/1074/621 2337/1073/622
f 2328/1075/278 2331/1076/279 2333/1076/16 2332/1075/591
f 2340/1077/580 2342/1078/17 2339/1078/17 2335/1077/285
f 2311/1079/309 2327/1080/305 2328/1081/278
f 2329/1082/297 2330/1083/621 2331/1084/279
f 2320/1085/310 2335/1086/285 2336/1087/302
f 2337/1088/622 2338/1089/303 2339/1090/620
f 2316/1091/55 2311/1092/309 2328/1093/278 2332/1093/591
f 2327/1072/305 2329/1071/297 2331/1094/279 2328/1095/278
f 2330/1074/621 2334/1074/587 2333/1096/271 2331/1096/279
f 2320/1097/310 2325/1098/316 2340/1099/580 2335/1099/285
f 2341/1073/588 2337/1073/622 2339/1100/620 2342/1100/317
f 2338/1070/303 2336/1069/302 2335/1101/285 2339/1102/620
f 2311/1079/309 2320/1085/310 2336/1087/302 2327/1080/305
f 2337/1088/622 2330/1083/621 2329/1082/297 2338/1089/303
f 2300/1014/17 2301/1025/17 2303/1024/17 2304/1011/17
f 2290/1020/16 2305/1020/16 2297/1021/16
f 2364/1103/623 2366/1104/624 2343/1105/35
f 2365/1106/625 2350/1107/625 2349/1108/626 2363/1109/626
f 2355/1110/600 2345/1111/600 2344/1112/627 2353/1113/627
f 2359/1114/607 2347/1115/607 2346/1116/601 2357/1117/601
f 2349/1118/596 2362/1119/596 2360/1120/599 2348/1121/599
f 2351/1122/608 2366/1104/608 2364/1103/628 2350/1123/628
f 2346/1124/610 2356/1125/610 2354/1126/595 2345/1127/595
f 2344/1128/629 2352/1129/629 2366/1104/608 2351/1122/608
f 2345/1127/595 2354/1126/595 2352/1129/629 2344/1128/629
f 2347/1130/598 2358/1131/598 2356/1125/610 2346/1124/610
f 2367/1132/602 2351/1133/602 2350/1107/625 2365/1106/625
f 2366/1104/624 2352/1129/630 2343/1105/35
f 2361/1134/604 2348/1135/604 2347/1115/607 2359/1114/607
f 2348/1121/599 2360/1120/599 2358/1131/598 2347/1130/598
f 2353/1113/627 2344/1112/627 2351/1133/602 2367/1132/602
f 2360/1120/631 2362/1119/632 2343/1105/35
f 2350/1123/628 2364/1103/628 2362/1119/596 2349/1118/596
f 2357/1117/601 2346/1116/601 2345/1111/600 2355/1110/600
f 2363/1109/626 2349/1108/626 2348/1135/604 2361/1134/604
f 2356/1125/633 2358/1131/634 2343/1105/35
f 2354/1126/635 2356/1125/633 2343/1105/35
f 2358/1131/634 2360/1120/631 2343/1105/35
f 2352/1129/630 2354/1126/635 2343/1105/35
f 2362/1119/632 2364/1103/623 2343/1105/35
f 2389/1103/623 2391/1104/624 2368/1105/35
f 2390/1106/625 2375/1107/625 2374/1108/626 2388/1109/626
f 2380/1110/600 2370/1111/600 2369/1112/627 2378/1113/627
f 2384/1114/607 2372/1115/607 2371/1116/601 2382/1117/601
f 2374/1118/596 2387/1119/596 2385/1120/599 2373/1121/599
f 2376/1122/608 2391/1104/608 2389/1103/628 2375/1123/628
f 2371/1124/610 2381/1125/610 2379/1126/595 2370/1127/595
f 2369/1128/629 2377/1129/629 2391/1104/608 2376/1122/608
f 2370/1127/595 2379/1126/595 2377/1129/629 2369/1128/629
f 2372/1130/598 2383/1131/598 2381/1125/610 2371/1124/610
f 2392/1132/602 2376/1133/602 2375/1107/625 2390/1106/625
f 2391/1104/624 2377/1129/630 2368/1105/35
f 2386/1134/604 2373/1135/604 2372/1115/607 2384/1114/607
f 2373/1121/599 2385/1120/599 2383/1131/598 2372/1130/598
f 2378/1113/627 2369/1112/627 2376/1133/602 2392/1132/602
f 2385/1120/631 2387/1119/632 2368/1105/35
f 2375/1123/628 2389/1103/628 2387/1119/596 2374/1118/596
f 2382/1117/601 2371/1116/601 2370/1111/600 2380/1110/600
f 2388/1109/626 2374/1108/626 2373/1135/604 2386/1134/604
f 2381/1125/633 2383/1131/634 2368/1105/35
f 2379/1126/635 2381/1125/633 2368/1105/35
f 2383/1131/634 2385/1120/631 2368/1105/35
f 2377/1129/630 2379/1126/635 2368/1105/35
f 2387/1119/632 2389/1103/623 2368/1105/35
f 2393/999/1 2394/1000/1 2396/1001/1 2395/1002/1
f 2395/1002/17 2396/1001/17 2400/1003/17 2399/1004/17
f 2399/1004/35 2400/1003/35 2398/1005/35 2397/1006/35
f 2397/1006/16 2398/1005/16 2394/1000/16 2393/999/16
f 2395/1007/39 2399/1008/39 2397/1009/39 2393/1010/39
f 2398/1011/35 2400/1012/35 2403/1013/35 2404/1014/35
f 2403/1015/38 2402/1016/38 2401/1017/38 2404/1018/38
f 2396/1019/1 2394/1020/1 2401/1021/1 2402/1022/1
f 2400/1012/17 2396/1019/17 2402/1022/17 2403/1013/17
f 2410/1023/591 2407/1024/591 2405/1025/636 2406/1026/636
f 2404/1027/271 2401/1028/271 2406/1029/636 2405/1030/636
f 2398/1011/35 2404/1014/35 2408/1011/35
f 2407/1031/591 2410/1032/591 2409/1033/586 2408/1034/586
f 2394/1035/39 2398/1036/39 2408/1036/586 2409/1035/586
f 2409/1020/1 2410/1023/1 2406/1026/1 2401/1021/1
f 2423/1037/278 2425/1038/279 2414/1039/16 2412/1040/16
f 2413/1041/287 2416/1042/306 2419/1042/1 2418/1041/577
f 2427/1043/35 2430/1044/35 2426/1044/35 2422/1043/35
f 2411/1045/286 2412/1046/583 2413/1047/287
f 2414/1048/584 2415/1049/288 2416/1050/306
f 2421/1051/294 2422/1052/295 2423/1053/278
f 2424/1054/296 2425/1055/279 2426/1056/297
f 2417/1057/579 2411/1057/286 2413/1058/287 2418/1058/577
f 2412/1040/583 2414/1039/584 2416/1059/306 2413/1060/287
f 2415/1061/288 2420/1061/15 2419/1062/15 2416/1062/306
f 2421/1063/294 2428/1063/618 2427/1064/7 2422/1064/295
f 2429/1065/8 2424/1065/296 2426/1066/297 2430/1066/8
f 2425/1038/279 2423/1037/278 2422/1067/295 2426/1068/297
f 2411/1045/286 2421/1051/294 2423/1053/278 2412/1046/583
f 2424/1054/296 2415/1049/288 2414/1048/584 2425/1055/279
f 2417/1057/579 2428/1063/618 2421/1063/294 2411/1057/286
f 2440/1069/278 2442/1070/279 2433/1071/16 2431/1072/281
f 2445/1073/637 2438/1074/638 2434/1074/590 2441/1073/621
f 2432/1075/287 2435/1076/306 2437/1076/1 2436/1075/577
f 2444/1077/616 2446/1078/35 2443/1078/35 2439/1077/305
f 2415/1079/307 2431/1080/281 2432/1081/287
f 2433/1082/584 2434/1083/590 2435/1084/306
f 2424/1085/309 2439/1086/305 2440/1087/278
f 2441/1088/621 2442/1089/279 2443/1090/297
f 2420/1091/14 2415/1092/307 2432/1093/287 2436/1093/577
f 2431/1072/281 2433/1071/584 2435/1094/306 2432/1095/287
f 2434/1074/590 2438/1074/638 2437/1096/15 2435/1096/306
f 2424/1097/309 2429/1098/7 2444/1099/616 2439/1099/305
f 2445/1073/637 2441/1073/621 2443/1100/297 2446/1100/8
f 2442/1070/279 2440/1069/278 2439/1101/305 2443/1102/297
f 2415/1079/307 2424/1085/309 2440/1087/278 2431/1080/281
f 2441/1088/621 2434/1083/590 2433/1082/584 2442/1089/279
f 2404/1014/35 2405/1025/35 2407/1024/35 2408/1011/35
f 2394/1020/1 2409/1020/1 2401/1021/1
f 2468/1103/639 2470/1104/640 2447/1105/16
f 2469/1106/641 2454/1107/641 2453/1108/642 2467/1109/642
f 2459/1110/643 2449/1111/643 2448/1112/644 2457/1113/644
f 2463/1114/645 2451/1115/645 2450/1116/646 2461/1117/646
f 2453/1118/647 2466/1119/647 2464/1120/648 2452/1121/648
f 2455/1122/649 2470/1104/649 2468/1103/650 2454/1123/650
f 2450/1124/651 2460/1125/651 2458/1126/652 2449/1127/652
f 2448/1128/653 2456/1129/653 2470/1104/649 2455/1122/649
f 2449/1127/652 2458/1126/652 2456/1129/653 2448/1128/653
f 2451/1130/654 2462/1131/654 2460/1125/651 2450/1124/651
f 2471/1132/655 2455/1133/655 2454/1107/641 2469/1106/641
f 2470/1104/640 2456/1129/656 2447/1105/16
f 2465/1134/657 2452/1135/657 2451/1115/645 2463/1114/645
f 2452/1121/648 2464/1120/648 2462/1131/654 2451/1130/654
f 2457/1113/644 2448/1112/644 2455/1133/655 2471/1132/655
f 2464/1120/658 2466/1119/659 2447/1105/16
f 2454/1123/650 2468/1103/650 2466/1119/647 2453/1118/647
f 2461/1117/646 2450/1116/646 2449/1111/643 2459/1110/643
f 2467/1109/642 2453/1108/642 2452/1135/657 2465/1134/657
f 2460/1125/660 2462/1131/661 2447/1105/16
f 2458/1126/662 2460/1125/660 2447/1105/16
f 2462/1131/661 2464/1120/658 2447/1105/16
f 2456/1129/656 2458/1126/662 2447/1105/16
f 2466/1119/659 2468/1103/639 2447/1105/16
f 2493/1103/663 2495/1104/640 2472/1105/16
f 2494/1106/641 2479/1107/641 2478/1108/642 2492/1109/642
f 2484/1110/643 2474/1111/643 2473/1112/644 2482/1113/644
f 2488/1114/645 2476/1115/645 2475/1116/646 2486/1117/646
f 2478/1118/664 2491/1119/664 2489/1120/648 2477/1121/648
f 2480/1122/649 2495/1104/649 2493/1103/650 2479/1123/650
f 2475/1124/651 2485/1125/651 2483/1126/652 2474/1127/652
f 2473/1128/653 2481/1129/653 2495/1104/649 2480/1122/649
f 2474/1127/652 2483/1126/652 2481/1129/653 2473/1128/653
f 2476/1130/654 2487/1131/654 2485/1125/651 2475/1124/651
f 2496/1132/655 2480/1133/655 2479/1107/641 2494/1106/641
f 2495/1104/640 2481/1129/665 2472/1105/16
f 2490/1134/657 2477/1135/657 2476/1115/645 2488/1114/645
f 2477/1121/648 2489/1120/648 2487/1131/654 2476/1130/654
f 2482/1113/644 2473/1112/644 2480/1133/655 2496/1132/655
f 2489/1120/666 2491/1119/667 2472/1105/16
f 2479/1123/650 2493/1103/650 2491/1119/664 2478/1118/664
f 2486/1117/646 2475/1116/646 2474/1111/643 2484/1110/643
f 2492/1109/642 2478/1108/642 2477/1135/657 2490/1134/657
f 2485/1125/668 2487/1131/661 2472/1105/16
f 2483/1126/669 2485/1125/668 2472/1105/16
f 2487/1131/661 2489/1120/666 2472/1105/16
f 2481/1129/665 2483/1126/669 2472/1105/16
f 2491/1119/667 2493/1103/663 2472/1105/16
f 2497/999/1 2498/1000/1 2500/1001/1 2499/1002/1
f 2499/1002/17 2500/1001/17 2504/1003/17 2503/1004/17
f 2503/1004/35 2504/1003/35 2502/1005/35 2501/1006/35
f 2501/1006/16 2502/1005/16 2498/1000/16 2497/999/16
f 2499/1007/39 2503/1008/39 2501/1009/39 2497/1010/39
f 2502/1011/35 2504/1012/35 2507/1013/35 2508/1014/35
f 2507/1015/38 2506/1016/38 2505/1017/38 2508/1018/38
f 2500/1019/1 2498/1020/1 2505/1021/1 2506/1022/1
f 2504/1012/17 2500/1019/17 2506/1022/17 2507/1013/17
f 2514/1023/591 2511/1024/591 2509/1025/636 2510/1026/636
f 2508/1027/271 2505/1028/271 2510/1029/636 2509/1030/636
f 2502/1011/35 2508/1014/35 2512/1011/35
f 2511/1031/591 2514/1032/591 2513/1033/586 2512/1034/586
f 2498/1035/39 2502/1036/39 2512/1036/586 2513/1035/586
f 2513/1020/1 2514/1023/1 2510/1026/1 2505/1021/1
f 2527/1037/278 2529/1038/279 2518/1039/16 2516/1040/16
f 2517/1041/287 2520/1042/306 2523/1042/1 2522/1041/577
f 2531/1043/35 2534/1044/35 2530/1044/35 2526/1043/35
f 2515/1045/286 2516/1046/583 2517/1047/287
f 2518/1048/584 2519/1049/288 2520/1050/306
f 2525/1051/294 2526/1052/295 2527/1053/278
f 2528/1054/296 2529/1055/279 2530/1056/297
f 2521/1057/579 2515/1057/286 2517/1058/287 2522/1058/577
f 2516/1040/583 2518/1039/584 2520/1059/306 2517/1060/287
f 2519/1061/288 2524/1061/15 2523/1062/15 2520/1062/306
f 2525/1063/294 2532/1063/618 2531/1064/7 2526/1064/295
f 2533/1065/8 2528/1065/296 2530/1066/297 2534/1066/8
f 2529/1038/279 2527/1037/278 2526/1067/295 2530/1068/297
f 2515/1045/286 2525/1051/294 2527/1053/278 2516/1046/583
f 2528/1054/296 2519/1049/288 2518/1048/584 2529/1055/279
f 2521/1057/579 2532/1063/618 2525/1063/294 2515/1057/286
f 2544/1069/278 2546/1070/279 2537/1071/16 2535/1072/281
f 2549/1073/637 2542/1074/638 2538/1074/590 2545/1073/621
f 2536/1075/287 2539/1076/306 2541/1076/1 2540/1075/577
f 2548/1077/616 2550/1078/35 2547/1078/35 2543/1077/305
f 2519/1079/307 2535/1080/281 2536/1081/287
f 2537/1082/584 2538/1083/590 2539/1084/306
f 2528/1085/309 2543/1086/305 2544/1087/278
f 2545/1088/621 2546/1089/279 2547/1090/297
f 2524/1091/14 2519/1092/307 2536/1093/287 2540/1093/577
f 2535/1072/281 2537/1071/584 2539/1094/306 2536/1095/287
f 2538/1074/590 2542/1074/638 2541/1096/15 2539/1096/306
f 2528/1097/309 2533/1098/7 2548/1099/616 2543/1099/305
f 2549/1073/637 2545/1073/621 2547/1100/297 2550/1100/8
f 2546/1070/279 2544/1069/278 2543/1101/305 2547/1102/297
f 2519/1079/307 2528/1085/309 2544/1087/278 2535/1080/281
f 2545/1088/621 2538/1083/590 2537/1082/584 2546/1089/279
f 2508/1014/35 2509/1025/35 2511/1024/35 2512/1011/35
f 2498/1020/1 2513/1020/1 2505/1021/1
f 2572/1103/639 2574/1104/640 2551/1105/16
f 2573/1106/641 2558/1107/641 2557/1108/642 2571/1109/642
f 2563/1110/643 2553/1111/643 2552/1112/644 2561/1113/644
f 2567/1114/645 2555/1115/645 2554/1116/646 2565/1117/646
f 2557/1118/647 2570/1119/647 2568/1120/648 2556/1121/648
f 2559/1122/649 2574/1104/649 2572/1103/650 2558/1123/650
f 2554/1124/651 2564/1125/651 2562/1126/652 2553/1127/652
f 2552/1128/653 2560/1129/653 2574/1104/649 2559/1122/649
f 2553/1127/652 2562/1126/652 2560/1129/653 2552/1128/653
f 2555/1130/654 2566/1131/654 2564/1125/651 2554/1124/651
f 2575/1132/655 2559/1133/655 2558/1107/641 2573/1106/641
f 2574/1104/640 2560/1129/656 2551/1105/16
f 2569/1134/657 2556/1135/657 2555/1115/645 2567/1114/645
f 2556/1121/648 2568/1120/648 2566/1131/654 2555/1130/654
f 2561/1113/644 2552/1112/644 2559/1133/655 2575/1132/655
f 2568/1120/658 2570/1119/659 2551/1105/16
f 2558/1123/650 2572/1103/650 2570/1119/647 2557/1118/647
f 2565/1117/646 2554/1116/646 2553/1111/643 2563/1110/643
f 2571/1109/642 2557/1108/642 2556/1135/657 2569/1134/657
f 2564/1125/660 2566/1131/661 2551/1105/16
f 2562/1126/662 2564/1125/660 2551/1105/16
f 2566/1131/661 2568/1120/658 2551/1105/16
f 2560/1129/656 2562/1126/662 2551/1105/16
f 2570/1119/659 2572/1103/639 2551/1105/16
f 2597/1103/663 2599/1104/670 2576/1105/16
f 2598/1106/641 2583/1107/641 2582/1108/642 2596/1109/642
f 2588/1110/643 2578/1111/643 2577/1112/644 2586/1113/644
f 2592/1114/645 2580/1115/645 2579/1116/646 2590/1117/646
f 2582/1118/664 2595/1119/664 2593/1120/648 2581/1121/648
f 2584/1122/649 2599/1104/649 2597/1103/650 2583/1123/650
f 2579/1124/651 2589/1125/651 2587/1126/652 2578/1127/652
f 2577/1128/653 2585/1129/653 2599/1104/649 2584/1122/649
f 2578/1127/652 2587/1126/652 2585/1129/653 2577/1128/653
f 2580/1130/654 2591/1131/654 2589/1125/651 2579/1124/651
f 2600/1132/655 2584/1133/655 2583/1107/641 2598/1106/641
f 2599/1104/670 2585/1129/665 2576/1105/16
f 2594/1134/657 2581/1135/657 2580/1115/645 2592/1114/645
f 2581/1121/648 2593/1120/648 2591/1131/654 2580/1130/654
f 2586/1113/644 2577/1112/644 2584/1133/655 2600/1132/655
f 2593/1120/666 2595/1119/667 2576/1105/16
f 2583/1123/650 2597/1103/650 2595/1119/664 2582/1118/664
f 2590/1117/646 2579/1116/646 2578/1111/643 2588/1110/643
f 2596/1109/642 2582/1108/642 2581/1135/657 2594/1134/657
f 2589/1125/668 2591/1131/671 2576/1105/16
f 2587/1126/669 2589/1125/668 2576/1105/16
f 2591/1131/671 2593/1120/666 2576/1105/16
f 2585/1129/665 2587/1126/669 2576/1105/16
f 2595/1119/667 2597/1103/663 2576/1105/16
f 2601/999/1 2602/1000/1 2604/1001/1 2603/1002/1
f 2603/1002/17 2604/1001/17 2608/1003/17 2607/1004/17
f 2607/1004/35 2608/1003/35 2606/1005/35 2605/1006/35
f 2605/1006/16 2606/1005/16 2602/1000/16 2601/999/16
f 2603/1007/39 2607/1008/39 2605/1009/39 2601/1010/39
f 2606/1011/35 2608/1012/35 2611/1013/35 2612/1014/35
f 2611/1015/38 2610/1016/38 2609/1017/38 2612/1018/38
f 2604/1019/1 2602/1020/1 2609/1021/1 2610/1022/1
f 2608/1012/17 2604/1019/17 2610/1022/17 2611/1013/17
f 2618/1023/591 2615/1024/591 2613/1025/636 2614/1026/636
f 2612/1027/271 2609/1028/271 2614/1029/636 2613/1030/636
f 2606/1011/35 2612/1014/35 2616/1011/35
f 2615/1031/591 2618/1032/591 2617/1033/586 2616/1034/586
f 2602/1035/39 2606/1036/39 2616/1036/586 2617/1035/586
f 2617/1020/1 2618/1023/1 2614/1026/1 2609/1021/1
f 2631/1037/278 2633/1038/279 2622/1039/16 2620/1040/16
f 2621/1041/287 2624/1042/306 2627/1042/1 2626/1041/577
f 2635/1043/35 2638/1044/35 2634/1044/35 2630/1043/35
f 2619/1045/286 2620/1046/672 2621/1047/287
f 2622/1048/673 2623/1049/288 2624/1050/306
f 2629/1051/294 2630/1052/295 2631/1053/278
f 2632/1054/296 2633/1055/279 2634/1056/297
f 2625/1057/579 2619/1057/286 2621/1058/287 2626/1058/577
f 2620/1040/672 2622/1039/673 2624/1059/306 2621/1060/287
f 2623/1061/288 2628/1061/15 2627/1062/15 2624/1062/306
f 2629/1063/294 2636/1063/618 2635/1064/7 2630/1064/295
f 2637/1065/8 2632/1065/296 2634/1066/297 2638/1066/8
f 2633/1038/279 2631/1037/278 2630/1067/295 2634/1068/297
f 2619/1045/286 2629/1051/294 2631/1053/278 2620/1046/672
f 2632/1054/296 2623/1049/288 2622/1048/673 2633/1055/279
f 2625/1057/579 2636/1063/618 2629/1063/294 2619/1057/286
f 2648/1069/278 2650/1070/279 2641/1071/16 2639/1072/281
f 2653/1073/637 2646/1074/638 2642/1074/590 2649/1073/621
f 2640/1075/287 2643/1076/306 2645/1076/1 2644/1075/577
f 2652/1077/616 2654/1078/35 2651/1078/35 2647/1077/305
f 2623/1079/307 2639/1080/281 2640/1081/287
f 2641/1082/673 2642/1083/590 2643/1084/306
f 2632/1085/309 2647/1086/305 2648/1087/278
f 2649/1088/621 2650/1089/279 2651/1090/297
f 2628/1091/14 2623/1092/307 2640/1093/287 2644/1093/577
f 2639/1072/281 2641/1071/673 2643/1094/306 2640/1095/287
f 2642/1074/590 2646/1074/638 2645/1096/15 2643/1096/306
f 2632/1097/309 2637/1098/7 2652/1099/616 2647/1099/305
f 2653/1073/637 2649/1073/621 2651/1100/297 2654/1100/8
f 2650/1070/279 2648/1069/278 2647/1101/305 2651/1102/297
f 2623/1079/307 2632/1085/309 2648/1087/278 2639/1080/281
f 2649/1088/621 2642/1083/590 2641/1082/673 2650/1089/279
f 2612/1014/35 2613/1025/35 2615/1024/35 2616/1011/35
f 2602/1020/1 2617/1020/1 2609/1021/1
f 2676/1103/639 2678/1104/640 2655/1105/16
f 2677/1106/674 2662/1107/674 2661/1108/675 2675/1109/675
f 2667/1110/643 2657/1111/643 2656/1112/676 2665/1113/676
f 2671/1114/645 2659/1115/645 2658/1116/646 2669/1117/646
f 2661/1118/664 2674/1119/664 2672/1120/648 2660/1121/648
f 2663/1122/649 2678/1104/649 2676/1103/677 2662/1123/677
f 2658/1124/651 2668/1125/651 2666/1126/652 2657/1127/652
f 2656/1128/653 2664/1129/653 2678/1104/649 2663/1122/649
f 2657/1127/652 2666/1126/652 2664/1129/653 2656/1128/653
f 2659/1130/654 2670/1131/654 2668/1125/651 2658/1124/651
f 2679/1132/655 2663/1133/655 2662/1107/674 2677/1106/674
f 2678/1104/640 2664/1129/656 2655/1105/16
f 2673/1134/657 2660/1135/657 2659/1115/645 2671/1114/645
f 2660/1121/648 2672/1120/648 2670/1131/654 2659/1130/654
f 2665/1113/676 2656/1112/676 2663/1133/655 2679/1132/655
f 2672/1120/678 2674/1119/659 2655/1105/16
f 2662/1123/677 2676/1103/677 2674/1119/664 2661/1118/664
f 2669/1117/646 2658/1116/646 2657/1111/643 2667/1110/643
f 2675/1109/675 2661/1108/675 2660/1135/657 2673/1134/657
f 2668/1125/660 2670/1131/661 2655/1105/16
f 2666/1126/662 2668/1125/660 2655/1105/16
f 2670/1131/661 2672/1120/678 2655/1105/16
f 2664/1129/656 2666/1126/662 2655/1105/16
f 2674/1119/659 2676/1103/639 2655/1105/16
f 2701/1103/639 2703/1104/640 2680/1105/16
f 2702/1106/674 2687/1107/674 2686/1108/675 2700/1109/675
f 2692/1110/643 2682/1111/643 2681/1112/676 2690/1113/676
f 2696/1114/645 2684/1115/645 2683/1116/646 2694/1117/646
f 2686/1118/664 2699/1119/664 2697/1120/648 2685/1121/648
f 2688/1122/649 2703/1104/649 2701/1103/650 2687/1123/650
f 2683/1124/651 2693/1125/651 2691/1126/652 2682/1127/652
f 2681/1128/653 2689/1129/653 2703/1104/649 2688/1122/649
f 2682/1127/652 2691/1126/652 2689/1129/653 2681/1128/653
f 2684/1130/654 2695/1131/654 2693/1125/651 2683/1124/651
f 2704/1132/655 2688/1133/655 2687/1107/674 2702/1106/674
f 2703/1104/640 2689/1129/656 2680/1105/16
f 2698/1134/657 2685/1135/657 2684/1115/645 2696/1114/645
f 2685/1121/648 2697/1120/648 2695/1131/654 2684/1130/654
f 2690/1113/676 2681/1112/676 2688/1133/655 2704/1132/655
f 2697/1120/678 2699/1119/659 2680/1105/16
f 2687/1123/650 2701/1103/650 2699/1119/664 2686/1118/664
f 2694/1117/646 2683/1116/646 2682/1111/643 2692/1110/643
f 2700/1109/675 2686/1108/675 2685/1135/657 2698/1134/657
f 2693/1125/660 2695/1131/661 2680/1105/16
f 2691/1126/662 2693/1125/660 2680/1105/16
f 2695/1131/661 2697/1120/678 2680/1105/16
f 2689/1129/656 2691/1126/662 2680/1105/16
f 2699/1119/659 2701/1103/639 2680/1105/16
f 2705/999/1 2706/1000/1 2708/1001/1 2707/1002/1
f 2707/1002/17 2708/1001/17 2712/1003/17 2711/1004/17
f 2711/1004/35 2712/1003/35 2710/1005/35 2709/1006/35
f 2709/1006/16 2710/1005/16 2706/1000/16 2705/999/16
f 2707/1007/39 2711/1008/39 2709/1009/39 2705/1010/39
f 2710/1011/35 2712/1012/35 2715/1013/35 2716/1014/35
f 2715/1015/38 2714/1016/38 2713/1017/38 2716/1018/38
f 2708/1019/1 2706/1020/1 2713/1021/1 2714/1022/1
f 2712/1012/17 2708/1019/17 2714/1022/17 2715/1013/17
f 2722/1023/591 2719/1024/591 2717/1025/636 2718/1026/636
f 2716/1027/271 2713/1028/271 2718/1029/636 2717/1030/636
f 2710/1011/35 2716/1014/35 2720/1011/35
f 2719/1031/591 2722/1032/591 2721/1033/586 2720/1034/586
f 2706/1035/39 2710/1036/39 2720/1036/586 2721/1035/586
f 2721/1020/1 2722/1023/1 2718/1026/1 2713/1021/1
f 2735/1037/278 2737/1038/279 2726/1039/16 2724/1040/16
f 2725/1041/287 2728/1042/306 2731/1042/1 2730/1041/577
f 2739/1043/35 2742/1044/35 2738/1044/35 2734/1043/35
f 2723/1045/286 2724/1046/583 2725/1047/287
f 2726/1048/584 2727/1049/288 2728/1050/306
f 2733/1051/294 2734/1052/295 2735/1053/278
f 2736/1054/296 2737/1055/279 2738/1056/297
f 2729/1057/579 2723/1057/286 2725/1058/287 2730/1058/577
f 2724/1040/583 2726/1039/584 2728/1059/306 2725/1060/287
f 2727/1061/288 2732/1061/15 2731/1062/15 2728/1062/306
f 2733/1063/294 2740/1063/618 2739/1064/7 2734/1064/295
f 2741/1065/8 2736/1065/296 2738/1066/297 2742/1066/8
f 2737/1038/279 2735/1037/278 2734/1067/295 2738/1068/297
f 2723/1045/286 2733/1051/294 2735/1053/278 2724/1046/583
f 2736/1054/296 2727/1049/288 2726/1048/584 2737/1055/279
f 2729/1057/579 2740/1063/618 2733/1063/294 2723/1057/286
f 2752/1069/278 2754/1070/279 2745/1071/16 2743/1072/281
f 2757/1073/637 2750/1074/638 2746/1074/590 2753/1073/621
f 2744/1075/287 2747/1076/306 2749/1076/1 2748/1075/577
f 2756/1077/616 2758/1078/35 2755/1078/35 2751/1077/305
f 2727/1079/307 2743/1080/281 2744/1081/287
f 2745/1082/584 2746/1083/590 2747/1084/306
f 2736/1085/309 2751/1086/305 2752/1087/278
f 2753/1088/621 2754/1089/279 2755/1090/297
f 2732/1091/14 2727/1092/307 2744/1093/287 2748/1093/577
f 2743/1072/281 2745/1071/584 2747/1094/306 2744/1095/287
f 2746/1074/590 2750/1074/638 2749/1096/15 2747/1096/306
f 2736/1097/309 2741/1098/7 2756/1099/616 2751/1099/305
f 2757/1073/637 2753/1073/621 2755/1100/297 2758/1100/8
f 2754/1070/279 2752/1069/278 2751/1101/305 2755/1102/297
f 2727/1079/307 2736/1085/309 2752/1087/278 2743/1080/281
f 2753/1088/621 2746/1083/590 2745/1082/584 2754/1089/279
f 2716/1014/35 2717/1025/35 2719/1024/35 2720/1011/35
f 2706/1020/1 2721/1020/1 2713/1021/1
f 2780/1103/639 2782/1104/640 2759/1105/16
f 2781/1106/641 2766/1107/641 2765/1108/642 2779/1109/642
f 2771/1110/643 2761/1111/643 2760/1112/676 2769/1113/676
f 2775/1114/645 2763/1115/645 2762/1116/646 2773/1117/646
f 2765/1118/647 2778/1119/647 2776/1120/648 2764/1121/648
f 2767/1122/649 2782/1104/649 2780/1103/650 2766/1123/650
f 2762/1124/651 2772/1125/651 2770/1126/652 2761/1127/652
f 2760/1128/653 2768/1129/653 2782/1104/649 2767/1122/649
f 2761/1127/652 2770/1126/652 2768/1129/653 2760/1128/653
f 2763/1130/654 2774/1131/654 2772/1125/651 2762/1124/651
f 2783/1132/655 2767/1133/655 2766/1107/641 2781/1106/641
f 2782/1104/640 2768/1129/656 2759/1105/16
f 2777/1134/657 2764/1135/657 2763/1115/645 2775/1114/645
f 2764/1121/648 2776/1120/648 2774/1131/654 2763/1130/654
f 2769/1113/676 2760/1112/676 2767/1133/655 2783/1132/655
f 2776/1120/678 2778/1119/659 2759/1105/16
f 2766/1123/650 2780/1103/650 2778/1119/647 2765/1118/647
f 2773/1117/646 2762/1116/646 2761/1111/643 2771/1110/643
f 2779/1109/642 2765/1108/642 2764/1135/657 2777/1134/657
f 2772/1125/660 2774/1131/661 2759/1105/16
f 2770/1126/662 2772/1125/660 2759/1105/16
f 2774/1131/661 2776/1120/678 2759/1105/16
f 2768/1129/656 2770/1126/662 2759/1105/16
f 2778/1119/659 2780/1103/639 2759/1105/16
f 2805/1103/639 2807/1104/640 2784/1105/16
f 2806/1106/641 2791/1107/641 2790/1108/642 2804/1109/642
f 2796/1110/643 2786/1111/643 2785/1112/676 2794/1113/676
f 2800/1114/645 2788/1115/645 2787/1116/646 2798/1117/646
f 2790/1118/647 2803/1119/647 2801/1120/648 2789/1121/648
f 2792/1122/649 2807/1104/649 2805/1103/650 2791/1123/650
f 2787/1124/651 2797/1125/651 2795/1126/652 2786/1127/652
f 2785/1128/653 2793/1129/653 2807/1104/649 2792/1122/649
f 2786/1127/652 2795/1126/652 2793/1129/653 2785/1128/653
f 2788/1130/654 2799/1131/654 2797/1125/651 2787/1124/651
f 2808/1132/655 2792/1133/655 2791/1107/641 2806/1106/641
f 2807/1104/640 2793/1129/656 2784/1105/16
f 2802/1134/657 2789/1135/657 2788/1115/645 2800/1114/645
f 2789/1121/648 2801/1120/648 2799/1131/654 2788/1130/654
f 2794/1113/676 2785/1112/676 2792/1133/655 2808/1132/655
f 2801/1120/678 2803/1119/659 2784/1105/16
f 2791/1123/650 2805/1103/650 2803/1119/647 2790/1118/647
f 2798/1117/646 2787/1116/646 2786/1111/643 2796/1110/643
f 2804/1109/642 2790/1108/642 2789/1135/657 2802/1134/657
f 2797/1125/660 2799/1131/661 2784/1105/16
f 2795/1126/662 2797/1125/660 2784/1105/16
f 2799/1131/661 2801/1120/678 2784/1105/16
f 2793/1129/656 2795/1126/662 2784/1105/16
f 2803/1119/659 2805/1103/639 2784/1105/16
f 2809/999/17 2810/1000/17 2812/1001/17 2811/1002/17
f 2811/1002/35 2812/1001/35 2816/1003/35 2815/1004/35
f 2815/1004/16 2816/1003/16 2814/1005/16 2813/1006/16
f 2813/1006/1 2814/1005/1 2810/1000/1 2809/999/1
f 2811/1007/39 2815/1008/39 2813/1009/39 2809/1010/39
f 2814/1011/16 2816/1012/16 2819/1013/16 2820/1014/16
f 2819/1015/38 2818/1016/38 2817/1017/38 2820/1018/38
f 2812/1019/17 2810/1020/17 2817/1021/17 2818/1022/17
f 2816/1012/35 2812/1019/35 2818/1022/35 2819/1013/35
f 2826/1023/577 2823/1024/577 2821/1025/578 2822/1026/578
f 2820/1027/15 2817/1028/15 2822/1029/578 2821/1030/578
f 2814/1011/16 2820/1014/16 2824/1011/16
f 2823/1031/577 2826/1032/577 2825/1033/579 2824/1034/579
f 2810/1035/39 2814/1036/39 2824/1036/579 2825/1035/579
f 2825/1020/17 2826/1023/17 2822/1026/17 2817/1021/17
f 2839/1037/287 2841/1038/306 2830/1039/1 2828/1040/1
f 2829/1041/282 2832/1042/283 2835/1042/17 2834/1041/580
f 2843/1043/16 2846/1044/16 2842/1044/16 2838/1043/16
f 2827/1045/290 2828/1046/581 2829/1047/282
f 2830/1048/582 2831/1049/529 2832/1050/283
f 2837/1051/286 2838/1052/583 2839/1053/287
f 2840/1054/288 2841/1055/306 2842/1056/584
f 2833/1057/585 2827/1057/290 2829/1058/282 2834/1058/580
f 2828/1040/581 2830/1039/582 2832/1059/283 2829/1060/282
f 2831/1061/529 2836/1061/317 2835/1062/317 2832/1062/283
f 2837/1063/286 2844/1063/586 2843/1064/55 2838/1064/583
f 2845/1065/271 2840/1065/288 2842/1066/584 2846/1066/271
f 2841/1038/306 2839/1037/287 2838/1067/583 2842/1068/584
f 2827/1045/290 2837/1051/286 2839/1053/287 2828/1046/581
f 2840/1054/288 2831/1049/529 2830/1048/582 2841/1055/306
f 2833/1057/585 2844/1063/586 2837/1063/286 2827/1057/290
f 2856/1069/287 2858/1070/306 2849/1071/1 2847/1072/291
f 2861/1073/587 2854/1074/588 2850/1074/589 2857/1073/590
f 2848/1075/282 2851/1076/283 2853/1076/17 2852/1075/580
f 2860/1077/591 2862/1078/16 2859/1078/16 2855/1077/281
f 2831/1079/530 2847/1080/291 2848/1081/282
f 2849/1082/582 2850/1083/589 2851/1084/283
f 2840/1085/307 2855/1086/281 2856/1087/287
f 2857/1088/590 2858/1089/306 2859/1090/584
f 2836/1091/316 2831/1092/530 2848/1093/282 2852/1093/580
f 2847/1072/291 2849/1071/582 2851/1094/283 2848/1095/282
f 2850/1074/589 2854/1074/588 2853/1096/317 2851/1096/283
f 2840/1097/307 2845/1098/55 2860/1099/591 2855/1099/281
f 2861/1073/587 2857/1073/590 2859/1100/584 2862/1100/271
f 2858/1070/306 2856/1069/287 2855/1101/281 2859/1102/584
f 2831/1079/530 2840/1085/307 2856/1087/287 2847/1080/291
f 2857/1088/590 2850/1083/589 2849/1082/582 2858/1089/306
f 2820/1014/16 2821/1025/16 2823/1024/16 2824/1011/16
f 2810/1020/17 2825/1020/17 2817/1021/17
f 2884/1103/592 2886/1104/593 2863/1105/1
f 2885/1106/594 2870/1107/594 2869/1108/595 2883/1109/595
f 2875/1110/596 2865/1111/596 2864/1112/597 2873/1113/597
f 2879/1114/598 2867/1115/598 2866/1116/599 2877/1117/599
f 2869/1118/600 2882/1119/600 2880/1120/601 2868/1121/601
f 2871/1122/602 2886/1104/602 2884/1103/603 2870/1123/603
f 2866/1124/604 2876/1125/604 2874/1126/605 2865/1127/605
f 2864/1128/606 2872/1129/606 2886/1104/602 2871/1122/602
f 2865/1127/605 2874/1126/605 2872/1129/606 2864/1128/606
f 2867/1130/607 2878/1131/607 2876/1125/604 2866/1124/604
f 2887/1132/608 2871/1133/608 2870/1107/594 2885/1106/594
f 2886/1104/593 2872/1129/609 2863/1105/1
f 2881/1134/610 2868/1135/610 2867/1115/598 2879/1114/598
f 2868/1121/601 2880/1120/601 2878/1131/607 2867/1130/607
f 2873/1113/597 2864/1112/597 2871/1133/608 2887/1132/608
f 2880/1120/611 2882/1119/612 2863/1105/1
f 2870/1123/603 2884/1103/603 2882/1119/600 2869/1118/600
f 2877/1117/599 2866/1116/599 2865/1111/596 2875/1110/596
f 2883/1109/595 2869/1108/595 2868/1135/610 2881/1134/610
f 2876/1125/613 2878/1131/614 2863/1105/1
f 2874/1126/615 2876/1125/613 2863/1105/1
f 2878/1131/614 2880/1120/611 2863/1105/1
f 2872/1129/609 2874/1126/615 2863/1105/1
f 2882/1119/612 2884/1103/592 2863/1105/1
f 2909/1103/592 2911/1104/593 2888/1105/1
f 2910/1106/594 2895/1107/594 2894/1108/595 2908/1109/595
f 2900/1110/596 2890/1111/596 2889/1112/597 2898/1113/597
f 2904/1114/598 2892/1115/598 2891/1116/599 2902/1117/599
f 2894/1118/600 2907/1119/600 2905/1120/601 2893/1121/601
f 2896/1122/602 2911/1104/602 2909/1103/603 2895/1123/603
f 2891/1124/604 2901/1125/604 2899/1126/605 2890/1127/605
f 2889/1128/606 2897/1129/606 2911/1104/602 2896/1122/602
f 2890/1127/605 2899/1126/605 2897/1129/606 2889/1128/606
f 2892/1130/607 2903/1131/607 2901/1125/604 2891/1124/604
f 2912/1132/608 2896/1133/608 2895/1107/594 2910/1106/594
f 2911/1104/593 2897/1129/609 2888/1105/1
f 2906/1134/610 2893/1135/610 2892/1115/598 2904/1114/598
f 2893/1121/601 2905/1120/601 2903/1131/607 2892/1130/607
f 2898/1113/597 2889/1112/597 2896/1133/608 2912/1132/608
f 2905/1120/611 2907/1119/612 2888/1105/1
f 2895/1123/603 2909/1103/603 2907/1119/600 2894/1118/600
f 2902/1117/599 2891/1116/599 2890/1111/596 2900/1110/596
f 2908/1109/595 2894/1108/595 2893/1135/610 2906/1134/610
f 2901/1125/613 2903/1131/614 2888/1105/1
f 2899/1126/615 2901/1125/613 2888/1105/1
f 2903/1131/614 2905/1120/611 2888/1105/1
f 2897/1129/609 2899/1126/615 2888/1105/1
f 2907/1119/612 2909/1103/592 2888/1105/1
f 2913/999/17 2914/1000/17 2916/1001/17 2915/1002/17
f 2915/1002/35 2916/1001/35 2920/1003/35 2919/1004/35
f 2919/1004/16 2920/1003/16 2918/1005/16 2917/1006/16
f 2917/1006/1 2918/1005/1 2914/1000/1 2913/999/1
f 2915/1007/39 2919/1008/39 2917/1009/39 2913/1010/39
f 2918/1011/16 2920/1012/16 2923/1013/16 2924/1014/16
f 2923/1015/38 2922/1016/38 2921/1017/38 2924/1018/38
f 2916/1019/17 2914/1020/17 2921/1021/17 2922/1022/17
f 2920/1012/35 2916/1019/35 2922/1022/35 2923/1013/35
f 2930/1023/577 2927/1024/577 2925/1025/578 2926/1026/578
f 2924/1027/15 2921/1028/15 2926/1029/578 2925/1030/578
f 2918/1011/16 2924/1014/16 2928/1011/16
f 2927/1031/577 2930/1032/577 2929/1033/579 2928/1034/579
f 2914/1035/39 2918/1036/39 2928/1036/579 2929/1035/579
f 2929/1020/17 2930/1023/17 2926/1026/17 2921/1021/17
f 2943/1037/287 2945/1038/306 2934/1039/1 2932/1040/1
f 2933/1041/282 2936/1042/283 2939/1042/17 2938/1041/580
f 2947/1043/16 2950/1044/16 2946/1044/16 2942/1043/16
f 2931/1045/290 2932/1046/581 2933/1047/282
f 2934/1048/582 2935/1049/529 2936/1050/283
f 2941/1051/286 2942/1052/583 2943/1053/287
f 2944/1054/288 2945/1055/306 2946/1056/584
f 2937/1057/585 2931/1057/290 2933/1058/282 2938/1058/580
f 2932/1040/581 2934/1039/582 2936/1059/283 2933/1060/282
f 2935/1061/529 2940/1061/317 2939/1062/317 2936/1062/283
f 2941/1063/286 2948/1063/586 2947/1064/55 2942/1064/583
f 2949/1065/271 2944/1065/288 2946/1066/584 2950/1066/271
f 2945/1038/306 2943/1037/287 2942/1067/583 2946/1068/584
f 2931/1045/290 2941/1051/286 2943/1053/287 2932/1046/581
f 2944/1054/288 2935/1049/529 2934/1048/582 2945/1055/306
f 2937/1057/585 2948/1063/586 2941/1063/286 2931/1057/290
f 2960/1069/287 2962/1070/306 2953/1071/1 2951/1072/291
f 2965/1073/587 2958/1074/588 2954/1074/589 2961/1073/590
f 2952/1075/282 2955/1076/283 2957/1076/17 2956/1075/580
f 2964/1077/591 2966/1078/16 2963/1078/16 2959/1077/281
f 2935/1079/530 2951/1080/291 2952/1081/282
f 2953/1082/582 2954/1083/589 2955/1084/283
f 2944/1085/307 2959/1086/281 2960/1087/287
f 2961/1088/590 2962/1089/306 2963/1090/584
f 2940/1091/316 2935/1092/530 2952/1093/282 2956/1093/580
f 2951/1072/291 2953/1071/582 2955/1094/283 2952/1095/282
f 2954/1074/589 2958/1074/588 2957/1096/317 2955/1096/283
f 2944/1097/307 2949/1098/55 2964/1099/591 2959/1099/281
f 2965/1073/587 2961/1073/590 2963/1100/584 2966/1100/271
f 2962/1070/306 2960/1069/287 2959/1101/281 2963/1102/584
f 2935/1079/530 2944/1085/307 2960/1087/287 2951/1080/291
f 2961/1088/590 2954/1083/589 2953/1082/582 2962/1089/306
f 2924/1014/16 2925/1025/16 2927/1024/16 2928/1011/16
f 2914/1020/17 2929/1020/17 2921/1021/17
f 2988/1103/592 2990/1104/593 2967/1105/1
f 2989/1106/594 2974/1107/594 2973/1108/595 2987/1109/595
f 2979/1110/596 2969/1111/596 2968/1112/597 2977/1113/597
f 2983/1114/598 2971/1115/598 2970/1116/599 2981/1117/599
f 2973/1118/600 2986/1119/600 2984/1120/601 2972/1121/601
f 2975/1122/602 2990/1104/602 2988/1103/603 2974/1123/603
f 2970/1124/604 2980/1125/604 2978/1126/605 2969/1127/605
f 2968/1128/606 2976/1129/606 2990/1104/602 2975/1122/602
f 2969/1127/605 2978/1126/605 2976/1129/606 2968/1128/606
f 2971/1130/607 2982/1131/607 2980/1125/604 2970/1124/604
f 2991/1132/608 2975/1133/608 2974/1107/594 2989/1106/594
f 2990/1104/593 2976/1129/609 2967/1105/1
f 2985/1134/610 2972/1135/610 2971/1115/598 2983/1114/598
f 2972/1121/601 2984/1120/601 2982/1131/607 2971/1130/607
f 2977/1113/597 2968/1112/597 2975/1133/608 2991/1132/608
f 2984/1120/611 2986/1119/612 2967/1105/1
f 2974/1123/603 2988/1103/603 2986/1119/600 2973/1118/600
f 2981/1117/599 2970/1116/599 2969/1111/596 2979/1110/596
f 2987/1109/595 2973/1108/595 2972/1135/610 2985/1134/610
f 2980/1125/613 2982/1131/614 2967/1105/1
f 2978/1126/615 2980/1125/613 2967/1105/1
f 2982/1131/614 2984/1120/611 2967/1105/1
f 2976/1129/609 2978/1126/615 2967/1105/1
f 2986/1119/612 2988/1103/592 2967/1105/1
f 3013/1103/592 3015/1104/593 2992/1105/1
f 3014/1106/594 2999/1107/594 2998/1108/595 3012/1109/595
f 3004/1110/596 2994/1111/596 2993/1112/597 3002/1113/597
f 3008/1114/598 2996/1115/598 2995/1116/599 3006/1117/599
f 2998/1118/600 3011/1119/600 3009/1120/601 2997/1121/601
f 3000/1122/602 3015/1104/602 3013/1103/603 2999/1123/603
f 2995/1124/604 3005/1125/604 3003/1126/605 2994/1127/605
f 2993/1128/606 3001/1129/606 3015/1104/602 3000/1122/602
f 2994/1127/605 3003/1126/605 3001/1129/606 2993/1128/606
f 2996/1130/607 3007/1131/607 3005/1125/604 2995/1124/604
f 3016/1132/608 3000/1133/608 2999/1107/594 3014/1106/594
f 3015/1104/593 3001/1129/609 2992/1105/1
f 3010/1134/610 2997/1135/610 2996/1115/598 3008/1114/598
f 2997/1121/601 3009/1120/601 3007/1131/607 2996/1130/607
f 3002/1113/597 2993/1112/597 3000/1133/608 3016/1132/608
f 3009/1120/611 3011/1119/612 2992/1105/1
f 2999/1123/603 3013/1103/603 3011/1119/600 2998/1118/600
f 3006/1117/599 2995/1116/599 2994/1111/596 3004/1110/596
f 3012/1109/595 2998/1108/595 2997/1135/610 3010/1134/610
f 3005/1125/613 3007/1131/614 2992/1105/1
f 3003/1126/615 3005/1125/613 2992/1105/1
f 3007/1131/614 3009/1120/611 2992/1105/1
f 3001/1129/609 3003/1126/615 2992/1105/1
f 3011/1119/612 3013/1103/592 2992/1105/1
f 3017/999/17 3018/1000/17 3020/1001/17 3019/1002/17
f 3019/1002/35 3020/1001/35 3024/1003/35 3023/1004/35
f 3023/1004/16 3024/1003/16 3022/1005/16 3021/1006/16
f 3021/1006/1 3022/1005/1 3018/1000/1 3017/999/1
f 3019/1007/39 3023/1008/39 3021/1009/39 3017/1010/39
f 3022/1011/16 3024/1012/16 3027/1013/16 3028/1014/16
f 3027/1015/38 3026/1016/38 3025/1017/38 3028/1018/38
f 3020/1019/17 3018/1020/17 3025/1021/17 3026/1022/17
f 3024/1012/35 3020/1019/35 3026/1022/35 3027/1013/35
f 3034/1023/577 3031/1024/577 3029/1025/578 3030/1026/578
f 3028/1027/15 3025/1028/15 3030/1029/578 3029/1030/578
f 3022/1011/16 3028/1014/16 3032/1011/16
f 3031/1031/577 3034/1032/577 3033/1033/579 3032/1034/579
f 3018/1035/39 3022/1036/39 3032/1036/579 3033/1035/579
f 3033/1020/17 3034/1023/17 3030/1026/17 3025/1021/17
f 3047/1037/287 3049/1038/306 3038/1039/1 3036/1040/1
f 3037/1041/282 3040/1042/283 3043/1042/17 3042/1041/580
f 3051/1043/16 3054/1044/16 3050/1044/16 3046/1043/16
f 3035/1045/290 3036/1046/581 3037/1047/282
f 3038/1048/582 3039/1049/529 3040/1050/283
f 3045/1051/286 3046/1052/583 3047/1053/287
f 3048/1054/288 3049/1055/306 3050/1056/584
f 3041/1057/585 3035/1057/290 3037/1058/282 3042/1058/580
f 3036/1040/581 3038/1039/582 3040/1059/283 3037/1060/282
f 3039/1061/529 3044/1061/317 3043/1062/317 3040/1062/283
f 3045/1063/286 3052/1063/586 3051/1064/55 3046/1064/583
f 3053/1065/271 3048/1065/288 3050/1066/584 3054/1066/271
f 3049/1038/306 3047/1037/287 3046/1067/583 3050/1068/584
f 3035/1045/290 3045/1051/286 3047/1053/287 3036/1046/581
f 3048/1054/288 3039/1049/529 3038/1048/582 3049/1055/306
f 3041/1057/585 3052/1063/586 3045/1063/286 3035/1057/290
f 3064/1069/287 3066/1070/306 3057/1071/1 3055/1072/291
f 3069/1073/587 3062/1074/588 3058/1074/589 3065/1073/590
f 3056/1075/282 3059/1076/283 3061/1076/17 3060/1075/580
f 3068/1077/591 3070/1078/16 3067/1078/16 3063/1077/281
f 3039/1079/530 3055/1080/291 3056/1081/282
f 3057/1082/582 3058/1083/589 3059/1084/283
f 3048/1085/307 3063/1086/281 3064/1087/287
f 3065/1088/590 3066/1089/306 3067/1090/584
f 3044/1091/316 3039/1092/530 3056/1093/282 3060/1093/580
f 3055/1072/291 3057/1071/582 3059/1094/283 3056/1095/282
f 3058/1074/589 3062/1074/588 3061/1096/317 3059/1096/283
f 3048/1097/307 3053/1098/55 3068/1099/591 3063/1099/281
f 3069/1073/587 3065/1073/590 3067/1100/584 3070/1100/271
f 3066/1070/306 3064/1069/287 3063/1101/281 3067/1102/584
f 3039/1079/530 3048/1085/307 3064/1087/287 3055/1080/291
f 3065/1088/590 3058/1083/589 3057/1082/582 3066/1089/306
f 3028/1014/16 3029/1025/16 3031/1024/16 3032/1011/16
f 3018/1020/17 3033/1020/17 3025/1021/17
f 3092/1103/592 3094/1104/593 3071/1105/1
f 3093/1106/594 3078/1107/594 3077/1108/595 3091/1109/595
f 3083/1110/596 3073/1111/596 3072/1112/597 3081/1113/597
f 3087/1114/598 3075/1115/598 3074/1116/599 3085/1117/599
f 3077/1118/600 3090/1119/600 3088/1120/601 3076/1121/601
f 3079/1122/602 3094/1104/602 3092/1103/603 3078/1123/603
f 3074/1124/604 3084/1125/604 3082/1126/605 3073/1127/605
f 3072/1128/606 3080/1129/606 3094/1104/602 3079/1122/602
f 3073/1127/605 3082/1126/605 3080/1129/606 3072/1128/606
f 3075/1130/607 3086/1131/607 3084/1125/604 3074/1124/604
f 3095/1132/608 3079/1133/608 3078/1107/594 3093/1106/594
f 3094/1104/593 3080/1129/609 3071/1105/1
f 3089/1134/610 3076/1135/610 3075/1115/598 3087/1114/598
f 3076/1121/601 3088/1120/601 3086/1131/607 3075/1130/607
f 3081/1113/597 3072/1112/597 3079/1133/608 3095/1132/608
f 3088/1120/611 3090/1119/612 3071/1105/1
f 3078/1123/603 3092/1103/603 3090/1119/600 3077/1118/600
f 3085/1117/599 3074/1116/599 3073/1111/596 3083/1110/596
f 3091/1109/595 3077/1108/595 3076/1135/610 3089/1134/610
f 3084/1125/613 3086/1131/614 3071/1105/1
f 3082/1126/615 3084/1125/613 3071/1105/1
f 3086/1131/614 3088/1120/611 3071/1105/1
f 3080/1129/609 3082/1126/615 3071/1105/1
f 3090/1119/612 3092/1103/592 3071/1105/1
f 3117/1103/592 3119/1104/593 3096/1105/1
f 3118/1106/594 3103/1107/594 3102/1108/679 3116/1109/679
f 3108/1110/596 3098/1111/596 3097/1112/597 3106/1113/597
f 3112/1114/598 3100/1115/598 3099/1116/599 3110/1117/599
f 3102/1118/600 3115/1119/600 3113/1120/601 3101/1121/601
f 3104/1122/602 3119/1104/602 3117/1103/603 3103/1123/603
f 3099/1124/604 3109/1125/604 3107/1126/605 3098/1127/605
f 3097/1128/606 3105/1129/606 3119/1104/602 3104/1122/602
f 3098/1127/605 3107/1126/605 3105/1129/606 3097/1128/606
f 3100/1130/607 3111/1131/607 3109/1125/604 3099/1124/604
f 3120/1132/608 3104/1133/608 3103/1107/594 3118/1106/594
f 3119/1104/593 3105/1129/609 3096/1105/1
f 3114/1134/610 3101/1135/610 3100/1115/598 3112/1114/598
f 3101/1121/601 3113/1120/601 3111/1131/607 3100/1130/607
f 3106/1113/597 3097/1112/597 3104/1133/608 3120/1132/608
f 3113/1120/611 3115/1119/612 3096/1105/1
f 3103/1123/603 3117/1103/603 3115/1119/600 3102/1118/600
f 3110/1117/599 3099/1116/599 3098/1111/596 3108/1110/596
f 3116/1109/679 3102/1108/679 3101/1135/610 3114/1134/610
f 3109/1125/613 3111/1131/614 3096/1105/1
f 3107/1126/615 3109/1125/613 3096/1105/1
f 3111/1131/614 3113/1120/611 3096/1105/1
f 3105/1129/609 3107/1126/615 3096/1105/1
f 3115/1119/612 3117/1103/592 3096/1105/1
f 3121/999/17 3122/1000/17 3124/1001/17 3123/1002/17
f 3123/1002/35 3124/1001/35 3128/1003/35 3127/1004/35
f 3127/1004/16 3128/1003/16 3126/1005/16 3125/1006/16
f 3125/1006/1 3126/1005/1 3122/1000/1 3121/999/1
f 3123/1007/39 3127/1008/39 3125/1009/39 3121/1010/39
f 3126/1011/16 3128/1012/16 3131/1013/16 3132/1014/16
f 3131/1015/38 3130/1016/38 3129/1017/38 3132/1018/38
f 3124/1019/17 3122/1020/17 3129/1021/17 3130/1022/17
f 3128/1012/35 3124/1019/35 3130/1022/35 3131/1013/35
f 3138/1023/577 3135/1024/577 3133/1025/578 3134/1026/578
f 3132/1027/15 3129/1028/15 3134/1029/578 3133/1030/578
f 3126/1011/16 3132/1014/16 3136/1011/16
f 3135/1031/577 3138/1032/577 3137/1033/579 3136/1034/579
f 3122/1035/39 3126/1036/39 3136/1036/579 3137/1035/579
f 3137/1020/17 3138/1023/17 3134/1026/17 3129/1021/17
f 3151/1037/287 3153/1038/306 3142/1039/1 3140/1040/1
f 3141/1041/282 3144/1042/283 3147/1042/17 3146/1041/580
f 3155/1043/16 3158/1044/16 3154/1044/16 3150/1043/16
f 3139/1045/290 3140/1046/581 3141/1047/282
f 3142/1048/582 3143/1049/529 3144/1050/283
f 3149/1051/286 3150/1052/583 3151/1053/287
f 3152/1054/288 3153/1055/306 3154/1056/584
f 3145/1057/585 3139/1057/290 3141/1058/282 3146/1058/580
f 3140/1040/581 3142/1039/582 3144/1059/283 3141/1060/282
f 3143/1061/529 3148/1061/317 3147/1062/317 3144/1062/283
f 3149/1063/286 3156/1063/586 3155/1064/55 3150/1064/583
f 3157/1065/271 3152/1065/288 3154/1066/584 3158/1066/271
f 3153/1038/306 3151/1037/287 3150/1067/583 3154/1068/584
f 3139/1045/290 3149/1051/286 3151/1053/287 3140/1046/581
f 3152/1054/288 3143/1049/529 3142/1048/582 3153/1055/306
f 3145/1057/585 3156/1063/586 3149/1063/286 3139/1057/290
f 3168/1069/287 3170/1070/306 3161/1071/1 3159/1072/291
f 3173/1073/587 3166/1074/588 3162/1074/589 3169/1073/590
f 3160/1075/282 3163/1076/283 3165/1076/17 3164/1075/580
f 3172/1077/591 3174/1078/16 3171/1078/16 3167/1077/281
f 3143/1079/530 3159/1080/291 3160/1081/282
f 3161/1082/582 3162/1083/589 3163/1084/283
f 3152/1085/307 3167/1086/281 3168/1087/287
f 3169/1088/590 3170/1089/306 3171/1090/584
f 3148/1091/316 3143/1092/530 3160/1093/282 3164/1093/580
f 3159/1072/291 3161/1071/582 3163/1094/283 3160/1095/282
f 3162/1074/589 3166/1074/588 3165/1096/317 3163/1096/283
f 3152/1097/307 3157/1098/55 3172/1099/591 3167/1099/281
f 3173/1073/587 3169/1073/590 3171/1100/584 3174/1100/271
f 3170/1070/306 3168/1069/287 3167/1101/281 3171/1102/584
f 3143/1079/530 3152/1085/307 3168/1087/287 3159/1080/291
f 3169/1088/590 3162/1083/589 3161/1082/582 3170/1089/306
f 3132/1014/16 3133/1025/16 3135/1024/16 3136/1011/16
f 3122/1020/17 3137/1020/17 3129/1021/17
f 3196/1103/592 3198/1104/593 3175/1105/1
f 3197/1106/594 3182/1107/594 3181/1108/595 3195/1109/595
f 3187/1110/596 3177/1111/596 3176/1112/597 3185/1113/597
f 3191/1114/598 3179/1115/598 3178/1116/599 3189/1117/599
f 3181/1118/600 3194/1119/600 3192/1120/601 3180/1121/601
f 3183/1122/602 3198/1104/602 3196/1103/603 3182/1123/603
f 3178/1124/604 3188/1125/604 3186/1126/605 3177/1127/605
f 3176/1128/606 3184/1129/606 3198/1104/602 3183/1122/602
f 3177/1127/605 3186/1126/605 3184/1129/606 3176/1128/606
f 3179/1130/607 3190/1131/607 3188/1125/604 3178/1124/604
f 3199/1132/608 3183/1133/608 3182/1107/594 3197/1106/594
f 3198/1104/593 3184/1129/609 3175/1105/1
f 3193/1134/610 3180/1135/610 3179/1115/598 3191/1114/598
f 3180/1121/601 3192/1120/601 3190/1131/607 3179/1130/607
f 3185/1113/597 3176/1112/597 3183/1133/608 3199/1132/608
f 3192/1120/611 3194/1119/612 3175/1105/1
f 3182/1123/603 3196/1103/603 3194/1119/600 3181/1118/600
f 3189/1117/599 3178/1116/599 3177/1111/596 3187/1110/596
f 3195/1109/595 3181/1108/595 3180/1135/610 3193/1134/610
f 3188/1125/613 3190/1131/614 3175/1105/1
f 3186/1126/615 3188/1125/613 3175/1105/1
f 3190/1131/614 3192/1120/611 3175/1105/1
f 3184/1129/609 3186/1126/615 3175/1105/1
f 3194/1119/612 3196/1103/592 3175/1105/1
f 3221/1103/592 3223/1104/593 3200/1105/1
f 3222/1106/594 3207/1107/594 3206/1108/595 3220/1109/595
f 3212/1110/596 3202/1111/596 3201/1112/597 3210/1113/597
f 3216/1114/598 3204/1115/598 3203/1116/599 3214/1117/599
f 3206/1118/600 3219/1119/600 3217/1120/601 3205/1121/601
f 3208/1122/602 3223/1104/602 3221/1103/603 3207/1123/603
f 3203/1124/604 3213/1125/604 3211/1126/605 3202/1127/605
f 3201/1128/606 3209/1129/606 3223/1104/602 3208/1122/602
f 3202/1127/605 3211/1126/605 3209/1129/606 3201/1128/606
f 3204/1130/607 3215/1131/607 3213/1125/604 3203/1124/604
f 3224/1132/608 3208/1133/608 3207/1107/594 3222/1106/594
f 3223/1104/593 3209/1129/609 3200/1105/1
f 3218/1134/610 3205/1135/610 3204/1115/598 3216/1114/598
f 3205/1121/601 3217/1120/601 3215/1131/607 3204/1130/607
f 3210/1113/597 3201/1112/597 3208/1133/608 3224/1132/608
f 3217/1120/611 3219/1119/612 3200/1105/1
f 3207/1123/603 3221/1103/603 3219/1119/600 3206/1118/600
f 3214/1117/599 3203/1116/599 3202/1111/596 3212/1110/596
f 3220/1109/595 3206/1108/595 3205/1135/610 3218/1134/610
f 3213/1125/613 3215/1131/614 3200/1105/1
f 3211/1126/615 3213/1125/613 3200/1105/1
f 3215/1131/614 3217/1120/611 3200/1105/1
f 3209/1129/609 3211/1126/615 3200/1105/1
f 3219/1119/612 3221/1103/592 3200/1105/1
f 3225/999/17 3226/1000/17 3228/1001/17 3227/1002/17
f 3227/1002/35 3228/1001/35 3232/1003/35 3231/1004/35
f 3231/1004/16 3232/1003/16 3230/1005/16 3229/1006/16
f 3229/1006/1 3230/1005/1 3226/1000/1 3225/999/1
f 3227/1007/39 3231/1008/39 3229/1009/39 3225/1010/39
f 3230/1011/16 3232/1012/16 3235/1013/16 3236/1014/16
f 3235/1015/38 3234/1016/38 3233/1017/38 3236/1018/38
f 3228/1019/17 3226/1020/17 3233/1021/17 3234/1022/17
f 3232/1012/35 3228/1019/35 3234/1022/35 3235/1013/35
f 3242/1023/577 3239/1024/577 3237/1025/578 3238/1026/578
f 3236/1027/15 3233/1028/15 3238/1029/578 3237/1030/578
f 3230/1011/16 3236/1014/16 3240/1011/16
f 3239/1031/577 3242/1032/577 3241/1033/579 3240/1034/579
f 3226/1035/39 3230/1036/39 3240/1036/579 3241/1035/579
f 3241/1020/17 3242/1023/17 3238/1026/17 3233/1021/17
f 3255/1037/287 3257/1038/306 3246/1039/1 3244/1040/1
f 3245/1041/282 3248/1042/283 3251/1042/17 3250/1041/580
f 3259/1043/16 3262/1044/16 3258/1044/16 3254/1043/16
f 3243/1045/290 3244/1046/581 3245/1047/282
f 3246/1048/582 3247/1049/529 3248/1050/283
f 3253/1051/286 3254/1052/583 3255/1053/287
f 3256/1054/288 3257/1055/306 3258/1056/584
f 3249/1057/585 3243/1057/290 3245/1058/282 3250/1058/580
f 3244/1040/581 3246/1039/582 3248/1059/283 3245/1060/282
f 3247/1061/529 3252/1061/317 3251/1062/317 3248/1062/283
f 3253/1063/286 3260/1063/586 3259/1064/55 3254/1064/583
f 3261/1065/271 3256/1065/288 3258/1066/584 3262/1066/271
f 3257/1038/306 3255/1037/287 3254/1067/583 3258/1068/584
f 3243/1045/290 3253/1051/286 3255/1053/287 3244/1046/581
f 3256/1054/288 3247/1049/529 3246/1048/582 3257/1055/306
f 3249/1057/585 3260/1063/586 3253/1063/286 3243/1057/290
f 3272/1069/287 3274/1070/306 3265/1071/1 3263/1072/291
f 3277/1073/587 3270/1074/588 3266/1074/589 3273/1073/590
f 3264/1075/282 3267/1076/283 3269/1076/17 3268/1075/580
f 3276/1077/591 3278/1078/16 3275/1078/16 3271/1077/281
f 3247/1079/530 3263/1080/291 3264/1081/282
f 3265/1082/582 3266/1083/589 3267/1084/283
f 3256/1085/307 3271/1086/281 3272/1087/287
f 3273/1088/590 3274/1089/306 3275/1090/584
f 3252/1091/316 3247/1092/530 3264/1093/282 3268/1093/580
f 3263/1072/291 3265/1071/582 3267/1094/283 3264/1095/282
f 3266/1074/589 3270/1074/588 3269/1096/317 3267/1096/283
f 3256/1097/307 3261/1098/55 3276/1099/591 3271/1099/281
f 3277/1073/587 3273/1073/590 3275/1100/584 3278/1100/271
f 3274/1070/306 3272/1069/287 3271/1101/281 3275/1102/584
f 3247/1079/530 3256/1085/307 3272/1087/287 3263/1080/291
f 3273/1088/590 3266/1083/589 3265/1082/582 3274/1089/306
f 3236/1014/16 3237/1025/16 3239/1024/16 3240/1011/16
f 3226/1020/17 3241/1020/17 3233/1021/17
f 3300/1103/592 3302/1104/593 3279/1105/1
f 3301/1106/594 3286/1107/594 3285/1108/595 3299/1109/595
f 3291/1110/596 3281/1111/596 3280/1112/597 3289/1113/597
f 3295/1114/598 3283/1115/598 3282/1116/599 3293/1117/599
f 3285/1118/600 3298/1119/600 3296/1120/601 3284/1121/601
f 3287/1122/602 3302/1104/602 3300/1103/603 3286/1123/603
f 3282/1124/604 3292/1125/604 3290/1126/605 3281/1127/605
f 3280/1128/606 3288/1129/606 3302/1104/602 3287/1122/602
f 3281/1127/605 3290/1126/605 3288/1129/606 3280/1128/606
f 3283/1130/607 3294/1131/607 3292/1125/604 3282/1124/604
f 3303/1132/608 3287/1133/608 3286/1107/594 3301/1106/594
f 3302/1104/593 3288/1129/609 3279/1105/1
f 3297/1134/610 3284/1135/610 3283/1115/598 3295/1114/598
f 3284/1121/601 3296/1120/601 3294/1131/607 3283/1130/607
f 3289/1113/597 3280/1112/597 3287/1133/608 3303/1132/608
f 3296/1120/611 3298/1119/612 3279/1105/1
f 3286/1123/603 3300/1103/603 3298/1119/600 3285/1118/600
f 3293/1117/599 3282/1116/599 3281/1111/596 3291/1110/596
f 3299/1109/595 3285/1108/595 3284/1135/610 3297/1134/610
f 3292/1125/613 3294/1131/614 3279/1105/1
f 3290/1126/615 3292/1125/613 3279/1105/1
f 3294/1131/614 3296/1120/611 3279/1105/1
f 3288/1129/609 3290/1126/615 3279/1105/1
f 3298/1119/612 3300/1103/592 3279/1105/1
f 3325/1103/592 3327/1104/593 3304/1105/1
f 3326/1106/594 3311/1107/594 3310/1108/595 3324/1109/595
f 3316/1110/596 3306/1111/596 3305/1112/597 3314/1113/597
f 3320/1114/598 3308/1115/598 3307/1116/599 3318/1117/599
f 3310/1118/600 3323/1119/600 3321/1120/601 3309/1121/601
f 3312/1122/602 3327/1104/602 3325/1103/603 3311/1123/603
f 3307/1124/604 3317/1125/604 3315/1126/605 3306/1127/605
f 3305/1128/606 3313/1129/606 3327/1104/602 3312/1122/602
f 3306/1127/605 3315/1126/605 3313/1129/606 3305/1128/606
f 3308/1130/607 3319/1131/607 3317/1125/604 3307/1124/604
f 3328/1132/608 3312/1133/608 3311/1107/594 3326/1106/594
f 3327/1104/593 3313/1129/609 3304/1105/1
f 3322/1134/610 3309/1135/610 3308/1115/598 3320/1114/598
f 3309/1121/601 3321/1120/601 3319/1131/607 3308/1130/607
f 3314/1113/597 3305/1112/597 3312/1133/608 3328/1132/608
f 3321/1120/611 3323/1119/612 3304/1105/1
f 3311/1123/603 3325/1103/603 3323/1119/600 3310/1118/600
f 3318/1117/599 3307/1116/599 3306/1111/596 3316/1110/596
f 3324/1109/595 3310/1108/595 3309/1135/610 3322/1134/610
f 3317/1125/613 3319/1131/614 3304/1105/1
f 3315/1126/615 3317/1125/613 3304/1105/1
f 3319/1131/614 3321/1120/611 3304/1105/1
f 3313/1129/609 3315/1126/615 3304/1105/1
f 3323/1119/612 3325/1103/592 3304/1105/1
f 3329/999/17 3330/1000/17 3332/1001/17 3331/1002/17
f 3331/1002/35 3332/1001/35 3336/1003/35 3335/1004/35
f 3335/1004/16 3336/1003/16 3334/1005/16 3333/1006/16
f 3333/1006/1 3334/1005/1 3330/1000/1 3329/999/1
f 3331/1007/39 3335/1008/39 3333/1009/39 3329/1010/39
f 3334/1011/16 3336/1012/16 3339/1013/16 3340/1014/16
f 3339/1015/38 3338/1016/38 3337/1017/38 3340/1018/38
f 3332/1019/17 3330/1020/17 3337/1021/17 3338/1022/17
f 3336/1012/35 3332/1019/35 3338/1022/35 3339/1013/35
f 3346/1023/577 3343/1024/577 3341/1025/578 3342/1026/578
f 3340/1027/15 3337/1028/15 3342/1029/578 3341/1030/578
f 3334/1011/16 3340/1014/16 3344/1011/16
f 3343/1031/577 3346/1032/577 3345/1033/579 3344/1034/579
f 3330/1035/39 3334/1036/39 3344/1036/579 3345/1035/579
f 3345/1020/17 3346/1023/17 3342/1026/17 3337/1021/17
f 3359/1037/287 3361/1038/306 3350/1039/1 3348/1040/1
f 3349/1041/282 3352/1042/283 3355/1042/17 3354/1041/580
f 3363/1043/16 3366/1044/16 3362/1044/16 3358/1043/16
f 3347/1045/290 3348/1046/581 3349/1047/282
f 3350/1048/582 3351/1049/529 3352/1050/283
f 3357/1051/286 3358/1052/583 3359/1053/287
f 3360/1054/288 3361/1055/306 3362/1056/584
f 3353/1057/585 3347/1057/290 3349/1058/282 3354/1058/580
f 3348/1040/581 3350/1039/582 3352/1059/283 3349/1060/282
f 3351/1061/529 3356/1061/317 3355/1062/317 3352/1062/283
f 3357/1063/286 3364/1063/586 3363/1064/55 3358/1064/583
f 3365/1065/271 3360/1065/288 3362/1066/584 3366/1066/271
f 3361/1038/306 3359/1037/287 3358/1067/583 3362/1068/584
f 3347/1045/290 3357/1051/286 3359/1053/287 3348/1046/581
f 3360/1054/288 3351/1049/529 3350/1048/582 3361/1055/306
f 3353/1057/585 3364/1063/586 3357/1063/286 3347/1057/290
f 3376/1069/287 3378/1070/306 3369/1071/1 3367/1072/291
f 3381/1073/587 3374/1074/588 3370/1074/589 3377/1073/590
f 3368/1075/282 3371/1076/283 3373/1076/17 3372/1075/580
f 3380/1077/591 3382/1078/16 3379/1078/16 3375/1077/281
f 3351/1079/530 3367/1080/291 3368/1081/282
f 3369/1082/582 3370/1083/589 3371/1084/283
f 3360/1085/307 3375/1086/281 3376/1087/287
f 3377/1088/590 3378/1089/306 3379/1090/584
f 3356/1091/316 3351/1092/530 3368/1093/282 3372/1093/580
f 3367/1072/291 3369/1071/582 3371/1094/283 3368/1095/282
f 3370/1074/589 3374/1074/588 3373/1096/317 3371/1096/283
f 3360/1097/307 3365/1098/55 3380/1099/591 3375/1099/281
f 3381/1073/587 3377/1073/590 3379/1100/584 3382/1100/271
f 3378/1070/306 3376/1069/287 3375/1101/281 3379/1102/584
f 3351/1079/530 3360/1085/307 3376/1087/287 3367/1080/291
f 3377/1088/590 3370/1083/589 3369/1082/582 3378/1089/306
f 3340/1014/16 3341/1025/16 3343/1024/16 3344/1011/16
f 3330/1020/17 3345/1020/17 3337/1021/17
f 3404/1103/592 3406/1104/593 3383/1105/1
f 3405/1106/594 3390/1107/594 3389/1108/595 3403/1109/595
f 3395/1110/596 3385/1111/596 3384/1112/597 3393/1113/597
f 3399/1114/598 3387/1115/598 3386/1116/599 3397/1117/599
f 3389/1118/600 3402/1119/600 3400/1120/601 3388/1121/601
f 3391/1122/602 3406/1104/602 3404/1103/603 3390/1123/603
f 3386/1124/604 3396/1125/604 3394/1126/605 3385/1127/605
f 3384/1128/606 3392/1129/606 3406/1104/602 3391/1122/602
f 3385/1127/605 3394/1126/605 3392/1129/606 3384/1128/606
f 3387/1130/607 3398/1131/607 3396/1125/604 3386/1124/604
f 3407/1132/608 3391/1133/608 3390/1107/594 3405/1106/594
f 3406/1104/593 3392/1129/609 3383/1105/1
f 3401/1134/610 3388/1135/610 3387/1115/598 3399/1114/598
f 3388/1121/601 3400/1120/601 3398/1131/607 3387/1130/607
f 3393/1113/597 3384/1112/597 3391/1133/608 3407/1132/608
f 3400/1120/611 3402/1119/612 3383/1105/1
f 3390/1123/603 3404/1103/603 3402/1119/600 3389/1118/600
f 3397/1117/599 3386/1116/599 3385/1111/596 3395/1110/596
f 3403/1109/595 3389/1108/595 3388/1135/610 3401/1134/610
f 3396/1125/613 3398/1131/614 3383/1105/1
f 3394/1126/615 3396/1125/613 3383/1105/1
f 3398/1131/614 3400/1120/611 3383/1105/1
f 3392/1129/609 3394/1126/615 3383/1105/1
f 3402/1119/612 3404/1103/592 3383/1105/1
f 3429/1103/592 3431/1104/593 3408/1105/1
f 3430/1106/594 3415/1107/594 3414/1108/595 3428/1109/595
f 3420/1110/596 3410/1111/596 3409/1112/597 3418/1113/597
f 3424/1114/598 3412/1115/598 3411/1116/599 3422/1117/599
f 3414/1118/600 3427/1119/600 3425/1120/601 3413/1121/601
f 3416/1122/602 3431/1104/602 3429/1103/603 3415/1123/603
f 3411/1124/604 3421/1125/604 3419/1126/605 3410/1127/605
f 3409/1128/606 3417/1129/606 3431/1104/602 3416/1122/602
f 3410/1127/605 3419/1126/605 3417/1129/606 3409/1128/606
f 3412/1130/607 3423/1131/607 3421/1125/604 3411/1124/604
f 3432/1132/608 3416/1133/608 3415/1107/594 3430/1106/594
f 3431/1104/593 3417/1129/609 3408/1105/1
f 3426/1134/610 3413/1135/610 3412/1115/598 3424/1114/598
f 3413/1121/601 3425/1120/601 3423/1131/607 3412/1130/607
f 3418/1113/597 3409/1112/597 3416/1133/608 3432/1132/608
f 3425/1120/611 3427/1119/612 3408/1105/1
f 3415/1123/603 3429/1103/603 3427/1119/600 3414/1118/600
f 3422/1117/599 3411/1116/599 3410/1111/596 3420/1110/596
f 3428/1109/595 3414/1108/595 3413/1135/610 3426/1134/610
f 3421/1125/613 3423/1131/614 3408/1105/1
f 3419/1126/615 3421/1125/613 3408/1105/1
f 3423/1131/614 3425/1120/611 3408/1105/1
f 3417/1129/609 3419/1126/615 3408/1105/1
f 3427/1119/612 3429/1103/592 3408/1105/1
f 3433/999/16 3434/1000/16 3436/1001/16 3435/1002/16
f 3435/1002/1 3436/1001/1 3440/1003/1 3439/1004/1
f 3439/1004/17 3440/1003/17 3438/1005/17 3437/1006/17
f 3437/1006/35 3438/1005/35 3434/1000/35 3433/999/35
f 3435/1007/39 3439/1008/39 3437/1009/39 3433/1010/39
f 3438/1011/17 3440/1012/17 3443/1013/17 3444/1014/17
f 3443/1015/38 3442/1016/38 3441/1017/38 3444/1018/38
f 3436/1019/16 3434/1020/16 3441/1021/16 3442/1022/16
f 3440/1012/1 3436/1019/1 3442/1022/1 3443/1013/1
f 3450/1023/616 3447/1024/616 3445/1025/617 3446/1026/617
f 3444/1027/8 3441/1028/8 3446/1029/617 3445/1030/617
f 3438/1011/17 3444/1014/17 3448/1011/17
f 3447/1031/616 3450/1032/616 3449/1033/618 3448/1034/618
f 3434/1035/39 3438/1036/39 3448/1036/618 3449/1035/618
f 3449/1020/16 3450/1023/16 3446/1026/16 3441/1021/16
f 3463/1037/302 3465/1038/303 3454/1039/35 3452/1040/35
f 3453/1041/278 3456/1042/279 3459/1042/16 3458/1041/591
f 3467/1043/17 3470/1044/17 3466/1044/17 3462/1043/17
f 3451/1045/294 3452/1046/295 3453/1047/278
f 3454/1048/297 3455/1049/296 3456/1050/279
f 3461/1051/298 3462/1052/619 3463/1053/302
f 3464/1054/300 3465/1055/303 3466/1056/620
f 3457/1057/586 3451/1057/294 3453/1058/278 3458/1058/591
f 3452/1040/295 3454/1039/297 3456/1059/279 3453/1060/278
f 3455/1061/296 3460/1061/271 3459/1062/271 3456/1062/279
f 3461/1063/298 3468/1063/585 3467/1064/316 3462/1064/619
f 3469/1065/317 3464/1065/300 3466/1066/620 3470/1066/317
f 3465/1038/303 3463/1037/302 3462/1067/619 3466/1068/620
f 3451/1045/294 3461/1051/298 3463/1053/302 3452/1046/295
f 3464/1054/300 3455/1049/296 3454/1048/297 3465/1055/303
f 3457/1057/586 3468/1063/585 3461/1063/298 3451/1057/294
f 3480/1069/302 3482/1070/303 3473/1071/35 3471/1072/305
f 3485/1073/588 3478/1074/587 3474/1074/621 3481/1073/622
f 3472/1075/278 3475/1076/279 3477/1076/16 3476/1075/591
f 3484/1077/580 3486/1078/17 3483/1078/17 3479/1077/285
f 3455/1079/309 3471/1080/305 3472/1081/278
f 3473/1082/297 3474/1083/621 3475/1084/279
f 3464/1085/310 3479/1086/285 3480/1087/302
f 3481/1088/622 3482/1089/303 3483/1090/620
f 3460/1091/55 3455/1092/309 3472/1093/278 3476/1093/591
f 3471/1072/305 3473/1071/297 3475/1094/279 3472/1095/278
f 3474/1074/621 3478/1074/587 3477/1096/271 3475/1096/279
f 3464/1097/310 3469/1098/316 3484/1099/580 3479/1099/285
f 3485/1073/588 3481/1073/622 3483/1100/620 3486/1100/317
f 3482/1070/303 3480/1069/302 3479/1101/285 3483/1102/620
f 3455/1079/309 3464/1085/310 3480/1087/302 3471/1080/305
f 3481/1088/622 3474/1083/621 3473/1082/297 3482/1089/303
f 3444/1014/17 3445/1025/17 3447/1024/17 3448/1011/17
f 3434/1020/16 3449/1020/16 3441/1021/16
f 3508/1103/623 3510/1104/624 3487/1105/35
f 3509/1106/625 3494/1107/625 3493/1108/605 3507/1109/605
f 3499/1110/600 3489/1111/600 3488/1112/603 3497/1113/603
f 3503/1114/607 3491/1115/607 3490/1116/601 3501/1117/601
f 3493/1118/596 3506/1119/596 3504/1120/599 3492/1121/599
f 3495/1122/608 3510/1104/608 3508/1103/628 3494/1123/628
f 3490/1124/610 3500/1125/610 3498/1126/595 3489/1127/595
f 3488/1128/629 3496/1129/629 3510/1104/608 3495/1122/608
f 3489/1127/595 3498/1126/595 3496/1129/629 3488/1128/629
f 3491/1130/598 3502/1131/598 3500/1125/610 3490/1124/610
f 3511/1132/602 3495/1133/602 3494/1107/625 3509/1106/625
f 3510/1104/624 3496/1129/630 3487/1105/35
f 3505/1134/604 3492/1135/604 3491/1115/607 3503/1114/607
f 3492/1121/599 3504/1120/599 3502/1131/598 3491/1130/598
f 3497/1113/603 3488/1112/603 3495/1133/602 3511/1132/602
f 3504/1120/631 3506/1119/680 3487/1105/35
f 3494/1123/628 3508/1103/628 3506/1119/596 3493/1118/596
f 3501/1117/601 3490/1116/601 3489/1111/600 3499/1110/600
f 3507/1109/605 3493/1108/605 3492/1135/604 3505/1134/604
f 3500/1125/633 3502/1131/634 3487/1105/35
f 3498/1126/635 3500/1125/633 3487/1105/35
f 3502/1131/634 3504/1120/631 3487/1105/35
f 3496/1129/630 3498/1126/635 3487/1105/35
f 3506/1119/680 3508/1103/623 3487/1105/35
f 3533/1103/623 3535/1104/624 3512/1105/35
f 3534/1106/625 3519/1107/625 3518/1108/605 3532/1109/605
f 3524/1110/600 3514/1111/600 3513/1112/603 3522/1113/603
f 3528/1114/607 3516/1115/607 3515/1116/601 3526/1117/601
f 3518/1118/596 3531/1119/596 3529/1120/599 3517/1121/599
f 3520/1122/608 3535/1104/608 3533/1103/628 3519/1123/628
f 3515/1124/610 3525/1125/610 3523/1126/595 3514/1127/595
f 3513/1128/629 3521/1129/629 3535/1104/608 3520/1122/608
f 3514/1127/595 3523/1126/595 3521/1129/629 3513/1128/629
f 3516/1130/598 3527/1131/598 3525/1125/610 3515/1124/610
f 3536/1132/602 3520/1133/602 3519/1107/625 3534/1106/625
f 3535/1104/624 3521/1129/630 3512/1105/35
f 3530/1134/604 3517/1135/604 3516/1115/607 3528/1114/607
f 3517/1121/599 3529/1120/599 3527/1131/598 3516/1130/598
f 3522/1113/603 3513/1112/603 3520/1133/602 3536/1132/602
f 3529/1120/631 3531/1119/680 3512/1105/35
f 3519/1123/628 3533/1103/628 3531/1119/596 3518/1118/596
f 3526/1117/601 3515/1116/601 3514/1111/600 3524/1110/600
f 3532/1109/605 3518/1108/605 3517/1135/604 3530/1134/604
f 3525/1125/633 3527/1131/634 3512/1105/35
f 3523/1126/635 3525/1125/633 3512/1105/35
f 3527/1131/634 3529/1120/631 3512/1105/35
f 3521/1129/630 3523/1126/635 3512/1105/35
f 3531/1119/680 3533/1103/623 3512/1105/35
f 3537/999/16 3538/1000/16 3540/1001/16 3539/1002/16
f 3539/1002/1 3540/1001/1 3544/1003/1 3543/1004/1
f 3543/1004/17 3544/1003/17 3542/1005/17 3541/1006/17
f 3541/1006/35 3542/1005/35 3538/1000/35 3537/999/35
f 3539/1007/39 3543/1008/39 3541/1009/39 3537/1010/39
f 3542/1011/17 3544/1012/17 3547/1013/17 3548/1014/17
f 3547/1015/38 3546/1016/38 3545/1017/38 3548/1018/38
f 3540/1019/16 3538/1020/16 3545/1021/16 3546/1022/16
f 3544/1012/1 3540/1019/1 3546/1022/1 3547/1013/1
f 3554/1023/616 3551/1024/616 3549/1025/617 3550/1026/617
f 3548/1027/8 3545/1028/8 3550/1029/617 3549/1030/617
f 3542/1011/17 3548/1014/17 3552/1011/17
f 3551/1031/616 3554/1032/616 3553/1033/618 3552/1034/618
f 3538/1035/39 3542/1036/39 3552/1036/618 3553/1035/618
f 3553/1020/16 3554/1023/16 3550/1026/16 3545/1021/16
f 3567/1037/302 3569/1038/303 3558/1039/35 3556/1040/35
f 3557/1041/278 3560/1042/279 3563/1042/16 3562/1041/591
f 3571/1043/17 3574/1044/17 3570/1044/17 3566/1043/17
f 3555/1045/294 3556/1046/295 3557/1047/278
f 3558/1048/297 3559/1049/296 3560/1050/279
f 3565/1051/298 3566/1052/619 3567/1053/302
f 3568/1054/300 3569/1055/303 3570/1056/620
f 3561/1057/586 3555/1057/294 3557/1058/278 3562/1058/591
f 3556/1040/295 3558/1039/297 3560/1059/279 3557/1060/278
f 3559/1061/296 3564/1061/271 3563/1062/271 3560/1062/279
f 3565/1063/298 3572/1063/585 3571/1064/316 3566/1064/619
f 3573/1065/317 3568/1065/300 3570/1066/620 3574/1066/317
f 3569/1038/303 3567/1037/302 3566/1067/619 3570/1068/620
f 3555/1045/294 3565/1051/298 3567/1053/302 3556/1046/295
f 3568/1054/300 3559/1049/296 3558/1048/297 3569/1055/303
f 3561/1057/586 3572/1063/585 3565/1063/298 3555/1057/294
f 3584/1069/302 3586/1070/303 3577/1071/35 3575/1072/305
f 3589/1073/588 3582/1074/587 3578/1074/621 3585/1073/622
f 3576/1075/278 3579/1076/279 3581/1076/16 3580/1075/591
f 3588/1077/580 3590/1078/17 3587/1078/17 3583/1077/285
f 3559/1079/309 3575/1080/305 3576/1081/278
f 3577/1082/297 3578/1083/621 3579/1084/279
f 3568/1085/310 3583/1086/285 3584/1087/302
f 3585/1088/622 3586/1089/303 3587/1090/620
f 3564/1091/55 3559/1092/309 3576/1093/278 3580/1093/591
f 3575/1072/305 3577/1071/297 3579/1094/279 3576/1095/278
f 3578/1074/621 3582/1074/587 3581/1096/271 3579/1096/279
f 3568/1097/310 3573/1098/316 3588/1099/580 3583/1099/285
f 3589/1073/588 3585/1073/622 3587/1100/620 3590/1100/317
f 3586/1070/303 3584/1069/302 3583/1101/285 3587/1102/620
f 3559/1079/309 3568/1085/310 3584/1087/302 3575/1080/305
f 3585/1088/622 3578/1083/621 3577/1082/297 3586/1089/303
f 3548/1014/17 3549/1025/17 3551/1024/17 3552/1011/17
f 3538/1020/16 3553/1020/16 3545/1021/16
f 3612/1103/623 3614/1104/624 3591/1105/35
f 3613/1106/625 3598/1107/625 3597/1108/626 3611/1109/626
f 3603/1110/600 3593/1111/600 3592/1112/603 3601/1113/603
f 3607/1114/607 3595/1115/607 3594/1116/601 3605/1117/601
f 3597/1118/596 3610/1119/596 3608/1120/599 3596/1121/599
f 3599/1122/608 3614/1104/608 3612/1103/628 3598/1123/628
f 3594/1124/610 3604/1125/610 3602/1126/595 3593/1127/595
f 3592/1128/629 3600/1129/629 3614/1104/608 3599/1122/608
f 3593/1127/595 3602/1126/595 3600/1129/629 3592/1128/629
f 3595/1130/598 3606/1131/598 3604/1125/610 3594/1124/610
f 3615/1132/602 3599/1133/602 3598/1107/625 3613/1106/625
f 3614/1104/624 3600/1129/630 3591/1105/35
f 3609/1134/604 3596/1135/604 3595/1115/607 3607/1114/607
f 3596/1121/599 3608/1120/599 3606/1131/598 3595/1130/598
f 3601/1113/603 3592/1112/603 3599/1133/602 3615/1132/602
f 3608/1120/631 3610/1119/680 3591/1105/35
f 3598/1123/628 3612/1103/628 3610/1119/596 3597/1118/596
f 3605/1117/601 3594/1116/601 3593/1111/600 3603/1110/600
f 3611/1109/626 3597/1108/626 3596/1135/604 3609/1134/604
f 3604/1125/633 3606/1131/634 3591/1105/35
f 3602/1126/635 3604/1125/633 3591/1105/35
f 3606/1131/634 3608/1120/631 3591/1105/35
f 3600/1129/630 3602/1126/635 3591/1105/35
f 3610/1119/680 3612/1103/623 3591/1105/35
f 3637/1103/623 3639/1104/624 3616/1105/35
f 3638/1106/625 3623/1107/625 3622/1108/626 3636/1109/626
f 3628/1110/600 3618/1111/600 3617/1112/603 3626/1113/627
f 3632/1114/607 3620/1115/607 3619/1116/601 3630/1117/601
f 3622/1118/596 3635/1119/596 3633/1120/599 3621/1121/599
f 3624/1122/608 3639/1104/608 3637/1103/628 3623/1123/628
f 3619/1124/610 3629/1125/610 3627/1126/595 3618/1127/595
f 3617/1128/629 3625/1129/629 3639/1104/608 3624/1122/608
f 3618/1127/595 3627/1126/595 3625/1129/629 3617/1128/629
f 3620/1130/598 3631/1131/598 3629/1125/610 3619/1124/610
f 3640/1132/602 3624/1133/602 3623/1107/625 3638/1106/625
f 3639/1104/624 3625/1129/630 3616/1105/35
f 3634/1134/604 3621/1135/604 3620/1115/607 3632/1114/607
f 3621/1121/599 3633/1120/599 3631/1131/598 3620/1130/598
f 3626/1113/627 3617/1112/603 3624/1133/602 3640/1132/602
f 3633/1120/631 3635/1119/680 3616/1105/35
f 3623/1123/628 3637/1103/628 3635/1119/596 3622/1118/596
f 3630/1117/601 3619/1116/601 3618/1111/600 3628/1110/600
f 3636/1109/626 3622/1108/626 3621/1135/604 3634/1134/604
f 3629/1125/633 3631/1131/634 3616/1105/35
f 3627/1126/635 3629/1125/633 3616/1105/35
f 3631/1131/634 3633/1120/631 3616/1105/35
f 3625/1129/630 3627/1126/635 3616/1105/35
f 3635/1119/680 3637/1103/623 3616/1105/35
f 3641/999/16 3642/1000/16 3644/1001/16 3643/1002/16
f 3643/1002/1 3644/1001/1 3648/1003/1 3647/1004/1
f 3647/1004/17 3648/1003/17 3646/1005/17 3645/1006/17
f 3645/1006/35 3646/1005/35 3642/1000/35 3641/999/35
f 3643/1007/39 3647/1008/39 3645/1009/39 3641/1010/39
f 3646/1011/17 3648/1012/17 3651/1013/17 3652/1014/17
f 3651/1015/38 3650/1016/38 3649/1017/38 3652/1018/38
f 3644/1019/16 3642/1020/16 3649/1021/16 3650/1022/16
f 3648/1012/1 3644/1019/1 3650/1022/1 3651/1013/1
f 3658/1023/616 3655/1024/616 3653/1025/617 3654/1026/617
f 3652/1027/8 3649/1028/8 3654/1029/617 3653/1030/617
f 3646/1011/17 3652/1014/17 3656/1011/17
f 3655/1031/616 3658/1032/616 3657/1033/618 3656/1034/618
f 3642/1035/39 3646/1036/39 3656/1036/618 3657/1035/618
f 3657/1020/16 3658/1023/16 3654/1026/16 3649/1021/16
f 3671/1037/302 3673/1038/303 3662/1039/35 3660/1040/35
f 3661/1041/278 3664/1042/279 3667/1042/16 3666/1041/591
f 3675/1043/17 3678/1044/17 3674/1044/17 3670/1043/17
f 3659/1045/294 3660/1046/295 3661/1047/278
f 3662/1048/297 3663/1049/296 3664/1050/279
f 3669/1051/298 3670/1052/619 3671/1053/302
f 3672/1054/300 3673/1055/303 3674/1056/620
f 3665/1057/586 3659/1057/294 3661/1058/278 3666/1058/591
f 3660/1040/295 3662/1039/297 3664/1059/279 3661/1060/278
f 3663/1061/296 3668/1061/271 3667/1062/271 3664/1062/279
f 3669/1063/298 3676/1063/585 3675/1064/316 3670/1064/619
f 3677/1065/317 3672/1065/300 3674/1066/620 3678/1066/317
f 3673/1038/303 3671/1037/302 3670/1067/619 3674/1068/620
f 3659/1045/294 3669/1051/298 3671/1053/302 3660/1046/295
f 3672/1054/300 3663/1049/296 3662/1048/297 3673/1055/303
f 3665/1057/586 3676/1063/585 3669/1063/298 3659/1057/294
f 3688/1069/302 3690/1070/303 3681/1071/35 3679/1072/305
f 3693/1073/588 3686/1074/587 3682/1074/621 3689/1073/622
f 3680/1075/278 3683/1076/279 3685/1076/16 3684/1075/591
f 3692/1077/580 3694/1078/17 3691/1078/17 3687/1077/285
f 3663/1079/309 3679/1080/305 3680/1081/278
f 3681/1082/297 3682/1083/621 3683/1084/279
f 3672/1085/310 3687/1086/285 3688/1087/302
f 3689/1088/622 3690/1089/303 3691/1090/620
f 3668/1091/55 3663/1092/309 3680/1093/278 3684/1093/591
f 3679/1072/305 3681/1071/297 3683/1094/279 3680/1095/278
f 3682/1074/621 3686/1074/587 3685/1096/271 3683/1096/279
f 3672/1097/310 3677/1098/316 3692/1099/580 3687/1099/285
f 3693/1073/588 3689/1073/622 3691/1100/620 3694/1100/317
f 3690/1070/303 3688/1069/302 3687/1101/285 3691/1102/620
f 3663/1079/309 3672/1085/310 3688/1087/302 3679/1080/305
f 3689/1088/622 3682/1083/621 3681/1082/297 3690/1089/303
f 3652/1014/17 3653/1025/17 3655/1024/17 3656/1011/17
f 3642/1020/16 3657/1020/16 3649/1021/16
f 3716/1103/623 3718/1104/681 3695/1105/35
f 3717/1106/625 3702/1107/625 3701/1108/626 3715/1109/626
f 3707/1110/600 3697/1111/600 3696/1112/603 3705/1113/603
f 3711/1114/607 3699/1115/607 3698/1116/601 3709/1117/601
f 3701/1118/596 3714/1119/596 3712/1120/599 3700/1121/599
f 3703/1122/608 3718/1104/608 3716/1103/628 3702/1123/628
f 3698/1124/610 3708/1125/610 3706/1126/595 3697/1127/595
f 3696/1128/629 3704/1129/629 3718/1104/608 3703/1122/608
f 3697/1127/595 3706/1126/595 3704/1129/629 3696/1128/629
f 3699/1130/598 3710/1131/598 3708/1125/610 3698/1124/610
f 3719/1132/602 3703/1133/602 3702/1107/625 3717/1106/625
f 3718/1104/681 3704/1129/630 3695/1105/35
f 3713/1134/604 3700/1135/604 3699/1115/607 3711/1114/607
f 3700/1121/599 3712/1120/599 3710/1131/598 3699/1130/598
f 3705/1113/603 3696/1112/603 3703/1133/602 3719/1132/602
f 3712/1120/631 3714/1119/632 3695/1105/35
f 3702/1123/628 3716/1103/628 3714/1119/596 3701/1118/596
f 3709/1117/601 3698/1116/601 3697/1111/600 3707/1110/600
f 3715/1109/626 3701/1108/626 3700/1135/604 3713/1134/604
f 3708/1125/633 3710/1131/682 3695/1105/35
f 3706/1126/635 3708/1125/633 3695/1105/35
f 3710/1131/682 3712/1120/631 3695/1105/35
f 3704/1129/630 3706/1126/635 3695/1105/35
f 3714/1119/632 3716/1103/623 3695/1105/35
f 3741/1103/623 3743/1104/681 3720/1105/35
f 3742/1106/625 3727/1107/625 3726/1108/626 3740/1109/626
f 3732/1110/600 3722/1111/600 3721/1112/603 3730/1113/603
f 3736/1114/607 3724/1115/607 3723/1116/601 3734/1117/601
f 3726/1118/596 3739/1119/596 3737/1120/599 3725/1121/599
f 3728/1122/608 3743/1104/608 3741/1103/628 3727/1123/628
f 3723/1124/610 3733/1125/610 3731/1126/595 3722/1127/595
f 3721/1128/629 3729/1129/629 3743/1104/608 3728/1122/608
f 3722/1127/595 3731/1126/595 3729/1129/629 3721/1128/629
f 3724/1130/598 3735/1131/598 3733/1125/610 3723/1124/610
f 3744/1132/602 3728/1133/602 3727/1107/625 3742/1106/625
f 3743/1104/681 3729/1129/630 3720/1105/35
f 3738/1134/604 3725/1135/604 3724/1115/607 3736/1114/607
f 3725/1121/599 3737/1120/599 3735/1131/598 3724/1130/598
f 3730/1113/603 3721/1112/603 3728/1133/602 3744/1132/602
f 3737/1120/631 3739/1119/632 3720/1105/35
f 3727/1123/628 3741/1103/628 3739/1119/596 3726/1118/596
f 3734/1117/601 3723/1116/601 3722/1111/600 3732/1110/600
f 3740/1109/626 3726/1108/626 3725/1135/604 3738/1134/604
f 3733/1125/633 3735/1131/682 3720/1105/35
f 3731/1126/635 3733/1125/633 3720/1105/35
f 3735/1131/682 3737/1120/631 3720/1105/35
f 3729/1129/630 3731/1126/635 3720/1105/35
f 3739/1119/632 3741/1103/623 3720/1105/35
f 3745/999/16 3746/1000/16 3748/1001/16 3747/1002/16
f 3747/1002/1 3748/1001/1 3752/1003/1 3751/1004/1
f 3751/1004/17 3752/1003/17 3750/1005/17 3749/1006/17
f 3749/1006/35 3750/1005/35 3746/1000/35 3745/999/35
f 3747/1007/39 3751/1008/39 3749/1009/39 3745/1010/39
f 3750/1011/17 3752/1012/17 3755/1013/17 3756/1014/17
f 3755/1015/38 3754/1016/38 3753/1017/38 3756/1018/38
f 3748/1019/16 3746/1020/16 3753/1021/16 3754/1022/16
f 3752/1012/1 3748/1019/1 3754/1022/1 3755/1013/1
f 3762/1023/616 3759/1024/616 3757/1025/617 3758/1026/617
f 3756/1027/8 3753/1028/8 3758/1029/617 3757/1030/617
f 3750/1011/17 3756/1014/17 3760/1011/17
f 3759/1031/616 3762/1032/616 3761/1033/618 3760/1034/618
f 3746/1035/39 3750/1036/39 3760/1036/618 3761/1035/618
f 3761/1020/16 3762/1023/16 3758/1026/16 3753/1021/16
f 3775/1037/302 3777/1038/303 3766/1039/35 3764/1040/35
f 3765/1041/278 3768/1042/279 3771/1042/16 3770/1041/591
f 3779/1043/17 3782/1044/17 3778/1044/17 3774/1043/17
f 3763/1045/294 3764/1046/295 3765/1047/278
f 3766/1048/297 3767/1049/296 3768/1050/279
f 3773/1051/298 3774/1052/619 3775/1053/302
f 3776/1054/300 3777/1055/303 3778/1056/620
f 3769/1057/586 3763/1057/294 3765/1058/278 3770/1058/591
f 3764/1040/295 3766/1039/297 3768/1059/279 3765/1060/278
f 3767/1061/296 3772/1061/271 3771/1062/271 3768/1062/279
f 3773/1063/298 3780/1063/585 3779/1064/316 3774/1064/619
f 3781/1065/317 3776/1065/300 3778/1066/620 3782/1066/317
f 3777/1038/303 3775/1037/302 3774/1067/619 3778/1068/620
f 3763/1045/294 3773/1051/298 3775/1053/302 3764/1046/295
f 3776/1054/300 3767/1049/296 3766/1048/297 3777/1055/303
f 3769/1057/586 3780/1063/585 3773/1063/298 3763/1057/294
f 3792/1069/302 3794/1070/303 3785/1071/35 3783/1072/305
f 3797/1073/588 3790/1074/587 3786/1074/621 3793/1073/622
f 3784/1075/278 3787/1076/279 3789/1076/16 3788/1075/591
f 3796/1077/580 3798/1078/17 3795/1078/17 3791/1077/285
f 3767/1079/309 3783/1080/305 3784/1081/278
f 3785/1082/297 3786/1083/621 3787/1084/279
f 3776/1085/310 3791/1086/285 3792/1087/302
f 3793/1088/622 3794/1089/303 3795/1090/620
f 3772/1091/55 3767/1092/309 3784/1093/278 3788/1093/591
f 3783/1072/305 3785/1071/297 3787/1094/279 3784/1095/278
f 3786/1074/621 3790/1074/587 3789/1096/271 3787/1096/279
f 3776/1097/310 3781/1098/316 3796/1099/580 3791/1099/285
f 3797/1073/588 3793/1073/622 3795/1100/620 3798/1100/317
f 3794/1070/303 3792/1069/302 3791/1101/285 3795/1102/620
f 3767/1079/309 3776/1085/310 3792/1087/302 3783/1080/305
f 3793/1088/622 3786/1083/621 3785/1082/297 3794/1089/303
f 3756/1014/17 3757/1025/17 3759/1024/17 3760/1011/17
f 3746/1020/16 3761/1020/16 3753/1021/16
f 3820/1103/623 3822/1104/624 3799/1105/35
f 3821/1106/625 3806/1107/625 3805/1108/626 3819/1109/626
f 3811/1110/600 3801/1111/600 3800/1112/603 3809/1113/603
f 3815/1114/607 3803/1115/607 3802/1116/601 3813/1117/601
f 3805/1118/596 3818/1119/596 3816/1120/599 3804/1121/599
f 3807/1122/608 3822/1104/608 3820/1103/628 3806/1123/628
f 3802/1124/610 3812/1125/610 3810/1126/595 3801/1127/595
f 3800/1128/629 3808/1129/629 3822/1104/608 3807/1122/608
f 3801/1127/595 3810/1126/595 3808/1129/629 3800/1128/629
f 3803/1130/598 3814/1131/598 3812/1125/610 3802/1124/610
f 3823/1132/602 3807/1133/602 3806/1107/625 3821/1106/625
f 3822/1104/624 3808/1129/630 3799/1105/35
f 3817/1134/604 3804/1135/604 3803/1115/607 3815/1114/607
f 3804/1121/599 3816/1120/599 3814/1131/598 3803/1130/598
f 3809/1113/603 3800/1112/603 3807/1133/602 3823/1132/602
f 3816/1120/631 3818/1119/632 3799/1105/35
f 3806/1123/628 3820/1103/628 3818/1119/596 3805/1118/596
f 3813/1117/601 3802/1116/601 3801/1111/600 3811/1110/600
f 3819/1109/626 3805/1108/626 3804/1135/604 3817/1134/604
f 3812/1125/633 3814/1131/634 3799/1105/35
f 3810/1126/635 3812/1125/633 3799/1105/35
f 3814/1131/634 3816/1120/631 3799/1105/35
f 3808/1129/630 3810/1126/635 3799/1105/35
f 3818/1119/632 3820/1103/623 3799/1105/35
f 3845/1103/623 3847/1104/624 3824/1105/35
f 3846/1106/625 3831/1107/625 3830/1108/626 3844/1109/626
f 3836/1110/600 3826/1111/600 3825/1112/603 3834/1113/603
f 3840/1114/607 3828/1115/607 3827/1116/601 3838/1117/601
f 3830/1118/596 3843/1119/596 3841/1120/599 3829/1121/599
f 3832/1122/608 3847/1104/608 3845/1103/628 3831/1123/628
f 3827/1124/610 3837/1125/610 3835/1126/595 3826/1127/595
f 3825/1128/629 3833/1129/629 3847/1104/608 3832/1122/608
f 3826/1127/595 3835/1126/595 3833/1129/629 3825/1128/629
f 3828/1130/598 3839/1131/598 3837/1125/610 3827/1124/610
f 3848/1132/602 3832/1133/602 3831/1107/625 3846/1106/625
f 3847/1104/624 3833/1129/630 3824/1105/35
f 3842/1134/604 3829/1135/604 3828/1115/607 3840/1114/607
f 3829/1121/599 3841/1120/599 3839/1131/598 3828/1130/598
f 3834/1113/603 3825/1112/603 3832/1133/602 3848/1132/602
f 3841/1120/631 3843/1119/632 3824/1105/35
f 3831/1123/628 3845/1103/628 3843/1119/596 3830/1118/596
f 3838/1117/601 3827/1116/601 3826/1111/600 3836/1110/600
f 3844/1109/626 3830/1108/626 3829/1135/604 3842/1134/604
f 3837/1125/633 3839/1131/634 3824/1105/35
f 3835/1126/635 3837/1125/633 3824/1105/35
f 3839/1131/634 3841/1120/631 3824/1105/35
f 3833/1129/630 3835/1126/635 3824/1105/35
f 3843/1119/632 3845/1103/623 3824/1105/35
f 3849/999/16 3850/1000/16 3852/1001/16 3851/1002/16
f 3851/1002/1 3852/1001/1 3856/1003/1 3855/1004/1
f 3855/1004/17 3856/1003/17 3854/1005/17 3853/1006/17
f 3853/1006/35 3854/1005/35 3850/1000/35 3849/999/35
f 3851/1007/39 3855/1008/39 3853/1009/39 3849/1010/39
f 3854/1011/17 3856/1012/17 3859/1013/17 3860/1014/17
f 3859/1015/38 3858/1016/38 3857/1017/38 3860/1018/38
f 3852/1019/16 3850/1020/16 3857/1021/16 3858/1022/16
f 3856/1012/1 3852/1019/1 3858/1022/1 3859/1013/1
f 3866/1023/616 3863/1024/616 3861/1025/617 3862/1026/617
f 3860/1027/8 3857/1028/8 3862/1029/617 3861/1030/617
f 3854/1011/17 3860/1014/17 3864/1011/17
f 3863/1031/616 3866/1032/616 3865/1033/618 3864/1034/618
f 3850/1035/39 3854/1036/39 3864/1036/618 3865/1035/618
f 3865/1020/16 3866/1023/16 3862/1026/16 3857/1021/16
f 3879/1037/302 3881/1038/303 3870/1039/35 3868/1040/35
f 3869/1041/278 3872/1042/279 3875/1042/16 3874/1041/591
f 3883/1043/17 3886/1044/17 3882/1044/17 3878/1043/17
f 3867/1045/294 3868/1046/295 3869/1047/278
f 3870/1048/297 3871/1049/296 3872/1050/279
f 3877/1051/298 3878/1052/619 3879/1053/302
f 3880/1054/300 3881/1055/303 3882/1056/620
f 3873/1057/586 3867/1057/294 3869/1058/278 3874/1058/591
f 3868/1040/295 3870/1039/297 3872/1059/279 3869/1060/278
f 3871/1061/296 3876/1061/271 3875/1062/271 3872/1062/279
f 3877/1063/298 3884/1063/585 3883/1064/316 3878/1064/619
f 3885/1065/317 3880/1065/300 3882/1066/620 3886/1066/317
f 3881/1038/303 3879/1037/302 3878/1067/619 3882/1068/620
f 3867/1045/294 3877/1051/298 3879/1053/302 3868/1046/295
f 3880/1054/300 3871/1049/296 3870/1048/297 3881/1055/303
f 3873/1057/586 3884/1063/585 3877/1063/298 3867/1057/294
f 3896/1069/302 3898/1070/303 3889/1071/35 3887/1072/305
f 3901/1073/588 3894/1074/587 3890/1074/621 3897/1073/622
f 3888/1075/278 3891/1076/279 3893/1076/16 3892/1075/591
f 3900/1077/580 3902/1078/17 3899/1078/17 3895/1077/285
f 3871/1079/309 3887/1080/305 3888/1081/278
f 3889/1082/297 3890/1083/621 3891/1084/279
f 3880/1085/310 3895/1086/285 3896/1087/302
f 3897/1088/622 3898/1089/303 3899/1090/620
f 3876/1091/55 3871/1092/309 3888/1093/278 3892/1093/591
f 3887/1072/305 3889/1071/297 3891/1094/279 3888/1095/278
f 3890/1074/621 3894/1074/587 3893/1096/271 3891/1096/279
f 3880/1097/310 3885/1098/316 3900/1099/580 3895/1099/285
f 3901/1073/588 3897/1073/622 3899/1100/620 3902/1100/317
f 3898/1070/303 3896/1069/302 3895/1101/285 3899/1102/620
f 3871/1079/309 3880/1085/310 3896/1087/302 3887/1080/305
f 3897/1088/622 3890/1083/621 3889/1082/297 3898/1089/303
f 3860/1014/17 3861/1025/17 3863/1024/17 3864/1011/17
f 3850/1020/16 3865/1020/16 3857/1021/16
f 3924/1103/623 3926/1104/624 3903/1105/35
f 3925/1106/625 3910/1107/625 3909/1108/626 3923/1109/626
f 3915/1110/600 3905/1111/600 3904/1112/603 3913/1113/603
f 3919/1114/607 3907/1115/607 3906/1116/601 3917/1117/601
f 3909/1118/596 3922/1119/596 3920/1120/599 3908/1121/599
f 3911/1122/608 3926/1104/608 3924/1103/628 3910/1123/628
f 3906/1124/610 3916/1125/610 3914/1126/595 3905/1127/595
f 3904/1128/629 3912/1129/629 3926/1104/608 3911/1122/608
f 3905/1127/595 3914/1126/595 3912/1129/629 3904/1128/629
f 3907/1130/598 3918/1131/598 3916/1125/610 3906/1124/610
f 3927/1132/602 3911/1133/602 3910/1107/625 3925/1106/625
f 3926/1104/624 3912/1129/630 3903/1105/35
f 3921/1134/604 3908/1135/604 3907/1115/607 3919/1114/607
f 3908/1121/599 3920/1120/599 3918/1131/598 3907/1130/598
f 3913/1113/603 3904/1112/603 3911/1133/602 3927/1132/602
f 3920/1120/631 3922/1119/632 3903/1105/35
f 3910/1123/628 3924/1103/628 3922/1119/596 3909/1118/596
f 3917/1117/601 3906/1116/601 3905/1111/600 3915/1110/600
f 3923/1109/626 3909/1108/626 3908/1135/604 3921/1134/604
f 3916/1125/633 3918/1131/634 3903/1105/35
f 3914/1126/635 3916/1125/633 3903/1105/35
f 3918/1131/634 3920/1120/631 3903/1105/35
f 3912/1129/630 3914/1126/635 3903/1105/35
f 3922/1119/632 3924/1103/623 3903/1105/35
f 3949/1103/623 3951/1104/624 3928/1105/35
f 3950/1106/625 3935/1107/625 3934/1108/626 3948/1109/626
f 3940/1110/600 3930/1111/600 3929/1112/603 3938/1113/603
f 3944/1114/607 3932/1115/607 3931/1116/601 3942/1117/601
f 3934/1118/596 3947/1119/596 3945/1120/599 3933/1121/599
f 3936/1122/608 3951/1104/608 3949/1103/628 3935/1123/628
f 3931/1124/610 3941/1125/610 3939/1126/595 3930/1127/595
f 3929/1128/629 3937/1129/629 3951/1104/608 3936/1122/608
f 3930/1127/595 3939/1126/595 3937/1129/629 3929/1128/629
f 3932/1130/598 3943/1131/598 3941/1125/610 3931/1124/610
f 3952/1132/602 3936/1133/602 3935/1107/625 3950/1106/625
f 3951/1104/624 3937/1129/630 3928/1105/35
f 3946/1134/604 3933/1135/604 3932/1115/607 3944/1114/607
f 3933/1121/599 3945/1120/599 3943/1131/598 3932/1130/598
f 3938/1113/603 3929/1112/603 3936/1133/602 3952/1132/602
f 3945/1120/631 3947/1119/632 3928/1105/35
f 3935/1123/628 3949/1103/628 3947/1119/596 3934/1118/596
f 3942/1117/601 3931/1116/601 3930/1111/600 3940/1110/600
f 3948/1109/626 3934/1108/626 3933/1135/604 3946/1134/604
f 3941/1125/633 3943/1131/634 3928/1105/35
f 3939/1126/635 3941/1125/633 3928/1105/35
f 3943/1131/634 3945/1120/631 3928/1105/35
f 3937/1129/630 3939/1126/635 3928/1105/35
f 3947/1119/632 3949/1103/623 3928/1105/35
f 3953/999/16 3954/1000/16 3956/1001/16 3955/1002/16
f 3955/1002/1 3956/1001/1 3960/1003/1 3959/1004/1
f 3959/1004/17 3960/1003/17 3958/1005/17 3957/1006/17
f 3957/1006/35 3958/1005/35 3954/1000/35 3953/999/35
f 3955/1007/39 3959/1008/39 3957/1009/39 3953/1010/39
f 3958/1011/17 3960/1012/17 3963/1013/17 3964/1014/17
f 3963/1015/38 3962/1016/38 3961/1017/38 3964/1018/38
f 3956/1019/16 3954/1020/16 3961/1021/16 3962/1022/16
f 3960/1012/1 3956/1019/1 3962/1022/1 3963/1013/1
f 3970/1023/616 3967/1024/616 3965/1025/617 3966/1026/617
f 3964/1027/8 3961/1028/8 3966/1029/617 3965/1030/617
f 3958/1011/17 3964/1014/17 3968/1011/17
f 3967/1031/616 3970/1032/616 3969/1033/618 3968/1034/618
f 3954/1035/39 3958/1036/39 3968/1036/618 3969/1035/618
f 3969/1020/16 3970/1023/16 3966/1026/16 3961/1021/16
f 3983/1037/302 3985/1038/303 3974/1039/35 3972/1040/35
f 3973/1041/278 3976/1042/279 3979/1042/16 3978/1041/591
f 3987/1043/17 3990/1044/17 3986/1044/17 3982/1043/17
f 3971/1045/294 3972/1046/295 3973/1047/278
f 3974/1048/297 3975/1049/296 3976/1050/279
f 3981/1051/298 3982/1052/619 3983/1053/302
f 3984/1054/300 3985/1055/303 3986/1056/620
f 3977/1057/586 3971/1057/294 3973/1058/278 3978/1058/591
f 3972/1040/295 3974/1039/297 3976/1059/279 3973/1060/278
f 3975/1061/296 3980/1061/271 3979/1062/271 3976/1062/279
f 3981/1063/298 3988/1063/585 3987/1064/316 3982/1064/619
f 3989/1065/317 3984/1065/300 3986/1066/620 3990/1066/317
f 3985/1038/303 3983/1037/302 3982/1067/619 3986/1068/620
f 3971/1045/294 3981/1051/298 3983/1053/302 3972/1046/295
f 3984/1054/300 3975/1049/296 3974/1048/297 3985/1055/303
f 3977/1057/586 3988/1063/585 3981/1063/298 3971/1057/294
f 4000/1069/302 4002/1070/303 3993/1071/35 3991/1072/305
f 4005/1073/588 3998/1074/587 3994/1074/621 4001/1073/622
f 3992/1075/278 3995/1076/279 3997/1076/16 3996/1075/591
f 4004/1077/580 4006/1078/17 4003/1078/17 3999/1077/285
f 3975/1079/309 3991/1080/305 3992/1081/278
f 3993/1082/297 3994/1083/621 3995/1084/279
f 3984/1085/310 3999/1086/285 4000/1087/302
f 4001/1088/622 4002/1089/303 4003/1090/620
f 3980/1091/55 3975/1092/309 3992/1093/278 3996/1093/591
f 3991/1072/305 3993/1071/297 3995/1094/279 3992/1095/278
f 3994/1074/621 3998/1074/587 3997/1096/271 3995/1096/279
f 3984/1097/310 3989/1098/316 4004/1099/580 3999/1099/285
f 4005/1073/588 4001/1073/622 4003/1100/620 4006/1100/317
f 4002/1070/303 4000/1069/302 3999/1101/285 4003/1102/620
f 3975/1079/309 3984/1085/310 4000/1087/302 3991/1080/305
f 4001/1088/622 3994/1083/621 3993/1082/297 4002/1089/303
f 3964/1014/17 3965/1025/17 3967/1024/17 3968/1011/17
f 3954/1020/16 3969/1020/16 3961/1021/16
f 4028/1103/623 4030/1104/624 4007/1105/35
f 4029/1106/625 4014/1107/625 4013/1108/626 4027/1109/626
f 4019/1110/600 4009/1111/600 4008/1112/603 4017/1113/603
f 4023/1114/607 4011/1115/607 4010/1116/601 4021/1117/601
f 4013/1118/596 4026/1119/596 4024/1120/599 4012/1121/599
f 4015/1122/608 4030/1104/608 4028/1103/628 4014/1123/628
f 4010/1124/610 4020/1125/610 4018/1126/595 4009/1127/595
f 4008/1128/629 4016/1129/629 4030/1104/608 4015/1122/608
f 4009/1127/595 4018/1126/595 4016/1129/629 4008/1128/629
f 4011/1130/598 4022/1131/598 4020/1125/610 4010/1124/610
f 4031/1132/602 4015/1133/602 4014/1107/625 4029/1106/625
f 4030/1104/624 4016/1129/630 4007/1105/35
f 4025/1134/604 4012/1135/604 4011/1115/607 4023/1114/607
f 4012/1121/599 4024/1120/599 4022/1131/598 4011/1130/598
f 4017/1113/603 4008/1112/603 4015/1133/602 4031/1132/602
f 4024/1120/631 4026/1119/680 4007/1105/35
f 4014/1123/628 4028/1103/628 4026/1119/596 4013/1118/596
f 4021/1117/601 4010/1116/601 4009/1111/600 4019/1110/600
f 4027/1109/626 4013/1108/626 4012/1135/604 4025/1134/604
f 4020/1125/633 4022/1131/634 4007/1105/35
f 4018/1126/683 4020/1125/633 4007/1105/35
f 4022/1131/634 4024/1120/631 4007/1105/35
f 4016/1129/630 4018/1126/683 4007/1105/35
f 4026/1119/680 4028/1103/623 4007/1105/35
f 4053/1103/623 4055/1104/624 4032/1105/35
f 4054/1106/625 4039/1107/625 4038/1108/626 4052/1109/626
f 4044/1110/600 4034/1111/600 4033/1112/603 4042/1113/603
f 4048/1114/607 4036/1115/607 4035/1116/601 4046/1117/601
f 4038/1118/596 4051/1119/596 4049/1120/599 4037/1121/599
f 4040/1122/608 4055/1104/608 4053/1103/628 4039/1123/628
f 4035/1124/610 4045/1125/610 4043/1126/595 4034/1127/595
f 4033/1128/629 4041/1129/629 4055/1104/608 4040/1122/608
f 4034/1127/595 4043/1126/595 4041/1129/629 4033/1128/629
f 4036/1130/598 4047/1131/598 4045/1125/610 4035/1124/610
f 4056/1132/602 4040/1133/602 4039/1107/625 4054/1106/625
f 4055/1104/624 4041/1129/630 4032/1105/35
f 4050/1134/604 4037/1135/604 4036/1115/607 4048/1114/607
f 4037/1121/599 4049/1120/599 4047/1131/598 4036/1130/598
f 4042/1113/603 4033/1112/603 4040/1133/602 4056/1132/602
f 4049/1120/631 4051/1119/680 4032/1105/35
f 4039/1123/628 4053/1103/628 4051/1119/596 4038/1118/596
f 4046/1117/601 4035/1116/601 4034/1111/600 4044/1110/600
f 4052/1109/626 4038/1108/626 4037/1135/604 4050/1134/604
f 4045/1125/633 4047/1131/634 4032/1105/35
f 4043/1126/683 4045/1125/633 4032/1105/35
f 4047/1131/634 4049/1120/631 4032/1105/35
f 4041/1129/630 4043/1126/683 4032/1105/35
f 4051/1119/680 4053/1103/623 4032/1105/35
f 4057/999/1 4058/1000/1 4060/1001/1 4059/1002/1
f 4059/1002/17 4060/1001/17 4064/1003/17 4063/1004/17
f 4063/1004/35 4064/1003/35 4062/1005/35 4061/1006/35
f 4061/1006/16 4062/1005/16 4058/1000/16 4057/999/16
f 4059/1007/39 4063/1008/39 4061/1009/39 4057/1010/39
f 4062/1011/35 4064/1012/35 4067/1013/35 4068/1014/35
f 4067/1015/38 4066/1016/38 4065/1017/38 4068/1018/38
f 4060/1019/1 4058/1020/1 4065/1021/1 4066/1022/1
f 4064/1012/17 4060/1019/17 4066/1022/17 4067/1013/17
f 4074/1023/591 4071/1024/591 4069/1025/636 4070/1026/636
f 4068/1027/271 4065/1028/271 4070/1029/636 4069/1030/636
f 4062/1011/35 4068/1014/35 4072/1011/35
f 4071/1031/591 4074/1032/591 4073/1033/586 4072/1034/586
f 4058/1035/39 4062/1036/39 4072/1036/586 4073/1035/586
f 4073/1020/1 4074/1023/1 4070/1026/1 4065/1021/1
f 4087/1037/278 4089/1038/279 4078/1039/16 4076/1040/16
f 4077/1041/287 4080/1042/306 4083/1042/1 4082/1041/577
f 4091/1043/35 4094/1044/35 4090/1044/35 4086/1043/35
f 4075/1045/286 4076/1046/583 4077/1047/287
f 4078/1048/584 4079/1049/288 4080/1050/306
f 4085/1051/294 4086/1052/295 4087/1053/278
f 4088/1054/296 4089/1055/279 4090/1056/297
f 4081/1057/579 4075/1057/286 4077/1058/287 4082/1058/577
f 4076/1040/583 4078/1039/584 4080/1059/306 4077/1060/287
f 4079/1061/288 4084/1061/15 4083/1062/15 4080/1062/306
f 4085/1063/294 4092/1063/618 4091/1064/7 4086/1064/295
f 4093/1065/8 4088/1065/296 4090/1066/297 4094/1066/8
f 4089/1038/279 4087/1037/278 4086/1067/295 4090/1068/297
f 4075/1045/286 4085/1051/294 4087/1053/278 4076/1046/583
f 4088/1054/296 4079/1049/288 4078/1048/584 4089/1055/279
f 4081/1057/579 4092/1063/618 4085/1063/294 4075/1057/286
f 4104/1069/278 4106/1070/279 4097/1071/16 4095/1072/281
f 4109/1073/637 4102/1074/638 4098/1074/590 4105/1073/621
f 4096/1075/287 4099/1076/306 4101/1076/1 4100/1075/577
f 4108/1077/616 4110/1078/35 4107/1078/35 4103/1077/305
f 4079/1079/307 4095/1080/281 4096/1081/287
f 4097/1082/584 4098/1083/590 4099/1084/306
f 4088/1085/309 4103/1086/305 4104/1087/278
f 4105/1088/621 4106/1089/279 4107/1090/297
f 4084/1091/14 4079/1092/307 4096/1093/287 4100/1093/577
f 4095/1072/281 4097/1071/584 4099/1094/306 4096/1095/287
f 4098/1074/590 4102/1074/638 4101/1096/15 4099/1096/306
f 4088/1097/309 4093/1098/7 4108/1099/616 4103/1099/305
f 4109/1073/637 4105/1073/621 4107/1100/297 4110/1100/8
f 4106/1070/279 4104/1069/278 4103/1101/305 4107/1102/297
f 4079/1079/307 4088/1085/309 4104/1087/278 4095/1080/281
f 4105/1088/621 4098/1083/590 4097/1082/584 4106/1089/279
f 4068/1014/35 4069/1025/35 4071/1024/35 4072/1011/35
f 4058/1020/1 4073/1020/1 4065/1021/1
f 4132/1103/639 4134/1104/640 4111/1105/16
f 4133/1106/641 4118/1107/641 4117/1108/642 4131/1109/642
f 4123/1110/643 4113/1111/643 4112/1112/676 4121/1113/676
f 4127/1114/645 4115/1115/645 4114/1116/646 4125/1117/646
f 4117/1118/647 4130/1119/647 4128/1120/648 4116/1121/648
f 4119/1122/649 4134/1104/649 4132/1103/650 4118/1123/650
f 4114/1124/651 4124/1125/651 4122/1126/652 4113/1127/652
f 4112/1128/653 4120/1129/653 4134/1104/649 4119/1122/649
f 4113/1127/652 4122/1126/652 4120/1129/653 4112/1128/653
f 4115/1130/654 4126/1131/654 4124/1125/651 4114/1124/651
f 4135/1132/655 4119/1133/655 4118/1107/641 4133/1106/641
f 4134/1104/640 4120/1129/656 4111/1105/16
f 4129/1134/657 4116/1135/657 4115/1115/645 4127/1114/645
f 4116/1121/648 4128/1120/648 4126/1131/654 4115/1130/654
f 4121/1113/676 4112/1112/676 4119/1133/655 4135/1132/655
f 4128/1120/658 4130/1119/659 4111/1105/16
f 4118/1123/650 4132/1103/650 4130/1119/647 4117/1118/647
f 4125/1117/646 4114/1116/646 4113/1111/643 4123/1110/643
f 4131/1109/642 4117/1108/642 4116/1135/657 4129/1134/657
f 4124/1125/660 4126/1131/661 4111/1105/16
f 4122/1126/662 4124/1125/660 4111/1105/16
f 4126/1131/661 4128/1120/658 4111/1105/16
f 4120/1129/656 4122/1126/662 4111/1105/16
f 4130/1119/659 4132/1103/639 4111/1105/16
f 4157/1103/663 4159/1104/670 4136/1105/16
f 4158/1106/641 4143/1107/641 4142/1108/642 4156/1109/642
f 4148/1110/643 4138/1111/643 4137/1112/676 4146/1113/676
f 4152/1114/645 4140/1115/645 4139/1116/646 4150/1117/646
f 4142/1118/647 4155/1119/647 4153/1120/648 4141/1121/648
f 4144/1122/649 4159/1104/649 4157/1103/650 4143/1123/650
f 4139/1124/651 4149/1125/651 4147/1126/652 4138/1127/652
f 4137/1128/653 4145/1129/653 4159/1104/649 4144/1122/649
f 4138/1127/652 4147/1126/652 4145/1129/653 4137/1128/653
f 4140/1130/654 4151/1131/654 4149/1125/651 4139/1124/651
f 4160/1132/655 4144/1133/655 4143/1107/641 4158/1106/641
f 4159/1104/670 4145/1129/684 4136/1105/16
f 4154/1134/685 4141/1135/685 4140/1115/645 4152/1114/645
f 4141/1121/648 4153/1120/648 4151/1131/654 4140/1130/654
f 4146/1113/676 4137/1112/676 4144/1133/655 4160/1132/655
f 4153/1120/666 4155/1119/667 4136/1105/16
f 4143/1123/650 4157/1103/650 4155/1119/647 4142/1118/647
f 4150/1117/646 4139/1116/646 4138/1111/643 4148/1110/643
f 4156/1109/642 4142/1108/642 4141/1135/685 4154/1134/685
f 4149/1125/668 4151/1131/671 4136/1105/16
f 4147/1126/669 4149/1125/668 4136/1105/16
f 4151/1131/671 4153/1120/666 4136/1105/16
f 4145/1129/684 4147/1126/669 4136/1105/16
f 4155/1119/667 4157/1103/663 4136/1105/16
f 4161/999/1 4162/1000/1 4164/1001/1 4163/1002/1
f 4163/1002/17 4164/1001/17 4168/1003/17 4167/1004/17
f 4167/1004/35 4168/1003/35 4166/1005/35 4165/1006/35
f 4165/1006/16 4166/1005/16 4162/1000/16 4161/999/16
f 4163/1007/39 4167/1008/39 4165/1009/39 4161/1010/39
f 4166/1011/35 4168/1012/35 4171/1013/35 4172/1014/35
f 4171/1015/38 4170/1016/38 4169/1017/38 4172/1018/38
f 4164/1019/1 4162/1020/1 4169/1021/1 4170/1022/1
f 4168/1012/17 4164/1019/17 4170/1022/17 4171/1013/17
f 4178/1023/591 4175/1024/591 4173/1025/636 4174/1026/636
f 4172/1027/271 4169/1028/271 4174/1029/636 4173/1030/636
f 4166/1011/35 4172/1014/35 4176/1011/35
f 4175/1031/591 4178/1032/591 4177/1033/586 4176/1034/586
f 4162/1035/39 4166/1036/39 4176/1036/586 4177/1035/586
f 4177/1020/1 4178/1023/1 4174/1026/1 4169/1021/1
f 4191/1037/278 4193/1038/279 4182/1039/16 4180/1040/16
f 4181/1041/287 4184/1042/306 4187/1042/1 4186/1041/577
f 4195/1043/35 4198/1044/35 4194/1044/35 4190/1043/35
f 4179/1045/286 4180/1046/583 4181/1047/287
f 4182/1048/584 4183/1049/288 4184/1050/306
f 4189/1051/294 4190/1052/295 4191/1053/278
f 4192/1054/296 4193/1055/279 4194/1056/686
f 4185/1057/579 4179/1057/286 4181/1058/287 4186/1058/577
f 4180/1040/583 4182/1039/584 4184/1059/306 4181/1060/287
f 4183/1061/288 4188/1061/15 4187/1062/15 4184/1062/306
f 4189/1063/294 4196/1063/618 4195/1064/7 4190/1064/295
f 4197/1065/8 4192/1065/296 4194/1066/686 4198/1066/8
f 4193/1038/279 4191/1037/278 4190/1067/295 4194/1068/686
f 4179/1045/286 4189/1051/294 4191/1053/278 4180/1046/583
f 4192/1054/296 4183/1049/288 4182/1048/584 4193/1055/279
f 4185/1057/579 4196/1063/618 4189/1063/294 4179/1057/286
f 4208/1069/278 4210/1070/279 4201/1071/16 4199/1072/281
f 4213/1073/637 4206/1074/638 4202/1074/590 4209/1073/621
f 4200/1075/287 4203/1076/306 4205/1076/1 4204/1075/577
f 4212/1077/616 4214/1078/35 4211/1078/35 4207/1077/305
f 4183/1079/307 4199/1080/281 4200/1081/287
f 4201/1082/584 4202/1083/590 4203/1084/306
f 4192/1085/309 4207/1086/305 4208/1087/278
f 4209/1088/621 4210/1089/279 4211/1090/686
f 4188/1091/14 4183/1092/307 4200/1093/287 4204/1093/577
f 4199/1072/281 4201/1071/584 4203/1094/306 4200/1095/287
f 4202/1074/590 4206/1074/638 4205/1096/15 4203/1096/306
f 4192/1097/309 4197/1098/7 4212/1099/616 4207/1099/305
f 4213/1073/637 4209/1073/621 4211/1100/686 4214/1100/8
f 4210/1070/279 4208/1069/278 4207/1101/305 4211/1102/686
f 4183/1079/307 4192/1085/309 4208/1087/278 4199/1080/281
f 4209/1088/621 4202/1083/590 4201/1082/584 4210/1089/279
f 4172/1014/35 4173/1025/35 4175/1024/35 4176/1011/35
f 4162/1020/1 4177/1020/1 4169/1021/1
f 4236/1103/639 4238/1104/640 4215/1105/16
f 4237/1106/641 4222/1107/641 4221/1108/642 4235/1109/642
f 4227/1110/643 4217/1111/643 4216/1112/676 4225/1113/676
f 4231/1114/645 4219/1115/645 4218/1116/646 4229/1117/646
f 4221/1118/647 4234/1119/647 4232/1120/648 4220/1121/648
f 4223/1122/649 4238/1104/649 4236/1103/650 4222/1123/650
f 4218/1124/651 4228/1125/651 4226/1126/652 4217/1127/652
f 4216/1128/653 4224/1129/653 4238/1104/649 4223/1122/649
f 4217/1127/652 4226/1126/652 4224/1129/653 4216/1128/653
f 4219/1130/654 4230/1131/654 4228/1125/651 4218/1124/651
f 4239/1132/655 4223/1133/655 4222/1107/641 4237/1106/641
f 4238/1104/640 4224/1129/656 4215/1105/16
f 4233/1134/685 4220/1135/685 4219/1115/645 4231/1114/645
f 4220/1121/648 4232/1120/648 4230/1131/654 4219/1130/654
f 4225/1113/676 4216/1112/676 4223/1133/655 4239/1132/655
f 4232/1120/658 4234/1119/659 4215/1105/16
f 4222/1123/650 4236/1103/650 4234/1119/647 4221/1118/647
f 4229/1117/646 4218/1116/646 4217/1111/643 4227/1110/643
f 4235/1109/642 4221/1108/642 4220/1135/685 4233/1134/685
f 4228/1125/687 4230/1131/661 4215/1105/16
f 4226/1126/662 4228/1125/687 4215/1105/16
f 4230/1131/661 4232/1120/658 4215/1105/16
f 4224/1129/656 4226/1126/662 4215/1105/16
f 4234/1119/659 4236/1103/639 4215/1105/16
f 4261/1103/663 4263/1104/670 4240/1105/16
f 4262/1106/641 4247/1107/641 4246/1108/642 4260/1109/642
f 4252/1110/643 4242/1111/643 4241/1112/676 4250/1113/676
f 4256/1114/645 4244/1115/645 4243/1116/646 4254/1117/646
f 4246/1118/647 4259/1119/647 4257/1120/648 4245/1121/648
f 4248/1122/649 4263/1104/649 4261/1103/650 4247/1123/650
f 4243/1124/651 4253/1125/651 4251/1126/652 4242/1127/652
f 4241/1128/653 4249/1129/653 4263/1104/649 4248/1122/649
f 4242/1127/652 4251/1126/652 4249/1129/653 4241/1128/653
f 4244/1130/654 4255/1131/654 4253/1125/651 4243/1124/651
f 4264/1132/655 4248/1133/655 4247/1107/641 4262/1106/641
f 4263/1104/670 4249/1129/684 4240/1105/16
f 4258/1134/685 4245/1135/685 4244/1115/645 4256/1114/645
f 4245/1121/648 4257/1120/648 4255/1131/654 4244/1130/654
f 4250/1113/676 4241/1112/676 4248/1133/655 4264/1132/655
f 4257/1120/666 4259/1119/667 4240/1105/16
f 4247/1123/650 4261/1103/650 4259/1119/647 4246/1118/647
f 4254/1117/646 4243/1116/646 4242/1111/643 4252/1110/643
f 4260/1109/642 4246/1108/642 4245/1135/685 4258/1134/685
f 4253/1125/668 4255/1131/671 4240/1105/16
f 4251/1126/669 4253/1125/668 4240/1105/16
f 4255/1131/671 4257/1120/666 4240/1105/16
f 4249/1129/684 4251/1126/669 4240/1105/16
f 4259/1119/667 4261/1103/663 4240/1105/16
f 4265/999/1 4266/1000/1 4268/1001/1 4267/1002/1
f 4267/1002/17 4268/1001/17 4272/1003/17 4271/1004/17
f 4271/1004/35 4272/1003/35 4270/1005/35 4269/1006/35
f 4269/1006/16 4270/1005/16 4266/1000/16 4265/999/16
f 4267/1007/39 4271/1008/39 4269/1009/39 4265/1010/39
f 4270/1011/35 4272/1012/35 4275/1013/35 4276/1014/35
f 4275/1015/38 4274/1016/38 4273/1017/38 4276/1018/38
f 4268/1019/1 4266/1020/1 4273/1021/1 4274/1022/1
f 4272/1012/17 4268/1019/17 4274/1022/17 4275/1013/17
f 4282/1023/591 4279/1024/591 4277/1025/636 4278/1026/636
f 4276/1027/271 4273/1028/271 4278/1029/636 4277/1030/636
f 4270/1011/35 4276/1014/35 4280/1011/35
f 4279/1031/591 4282/1032/591 4281/1033/586 4280/1034/586
f 4266/1035/39 4270/1036/39 4280/1036/586 4281/1035/586
f 4281/1020/1 4282/1023/1 4278/1026/1 4273/1021/1
f 4295/1037/278 4297/1038/279 4286/1039/16 4284/1040/16
f 4285/1041/287 4288/1042/306 4291/1042/1 4290/1041/577
f 4299/1043/35 4302/1044/35 4298/1044/35 4294/1043/35
f 4283/1045/286 4284/1046/583 4285/1047/287
f 4286/1048/584 4287/1049/288 4288/1050/306
f 4293/1051/294 4294/1052/295 4295/1053/278
f 4296/1054/296 4297/1055/279 4298/1056/297
f 4289/1057/579 4283/1057/286 4285/1058/287 4290/1058/577
f 4284/1040/583 4286/1039/584 4288/1059/306 4285/1060/287
f 4287/1061/288 4292/1061/15 4291/1062/15 4288/1062/306
f 4293/1063/294 4300/1063/618 4299/1064/7 4294/1064/295
f 4301/1065/8 4296/1065/296 4298/1066/297 4302/1066/8
f 4297/1038/279 4295/1037/278 4294/1067/295 4298/1068/297
f 4283/1045/286 4293/1051/294 4295/1053/278 4284/1046/583
f 4296/1054/296 4287/1049/288 4286/1048/584 4297/1055/279
f 4289/1057/579 4300/1063/618 4293/1063/294 4283/1057/286
f 4312/1069/278 4314/1070/279 4305/1071/16 4303/1072/281
f 4317/1073/637 4310/1074/638 4306/1074/590 4313/1073/621
f 4304/1075/287 4307/1076/306 4309/1076/1 4308/1075/577
f 4316/1077/616 4318/1078/35 4315/1078/35 4311/1077/305
f 4287/1079/307 4303/1080/281 4304/1081/287
f 4305/1082/584 4306/1083/590 4307/1084/306
f 4296/1085/309 4311/1086/305 4312/1087/278
f 4313/1088/621 4314/1089/279 4315/1090/297
f 4292/1091/14 4287/1092/307 4304/1093/287 4308/1093/577
f 4303/1072/281 4305/1071/584 4307/1094/306 4304/1095/287
f 4306/1074/590 4310/1074/638 4309/1096/15 4307/1096/306
f 4296/1097/309 4301/1098/7 4316/1099/616 4311/1099/305
f 4317/1073/637 4313/1073/621 4315/1100/297 4318/1100/8
f 4314/1070/279 4312/1069/278 4311/1101/305 4315/1102/297
f 4287/1079/307 4296/1085/309 4312/1087/278 4303/1080/281
f 4313/1088/621 4306/1083/590 4305/1082/584 4314/1089/279
f 4276/1014/35 4277/1025/35 4279/1024/35 4280/1011/35
f 4266/1020/1 4281/1020/1 4273/1021/1
f 4340/1103/639 4342/1104/640 4319/1105/16
f 4341/1106/641 4326/1107/641 4325/1108/642 4339/1109/642
f 4331/1110/643 4321/1111/643 4320/1112/644 4329/1113/644
f 4335/1114/645 4323/1115/645 4322/1116/646 4333/1117/646
f 4325/1118/647 4338/1119/647 4336/1120/648 4324/1121/648
f 4327/1122/649 4342/1104/649 4340/1103/650 4326/1123/650
f 4322/1124/651 4332/1125/651 4330/1126/652 4321/1127/652
f 4320/1128/653 4328/1129/653 4342/1104/649 4327/1122/649
f 4321/1127/652 4330/1126/652 4328/1129/653 4320/1128/653
f 4323/1130/654 4334/1131/654 4332/1125/651 4322/1124/651
f 4343/1132/655 4327/1133/655 4326/1107/641 4341/1106/641
f 4342/1104/640 4328/1129/656 4319/1105/16
f 4337/1134/657 4324/1135/657 4323/1115/645 4335/1114/645
f 4324/1121/648 4336/1120/648 4334/1131/654 4323/1130/654
f 4329/1113/644 4320/1112/644 4327/1133/655 4343/1132/655
f 4336/1120/658 4338/1119/659 4319/1105/16
f 4326/1123/650 4340/1103/650 4338/1119/647 4325/1118/647
f 4333/1117/646 4322/1116/646 4321/1111/643 4331/1110/643
f 4339/1109/642 4325/1108/642 4324/1135/657 4337/1134/657
f 4332/1125/660 4334/1131/661 4319/1105/16
f 4330/1126/662 4332/1125/660 4319/1105/16
f 4334/1131/661 4336/1120/658 4319/1105/16
f 4328/1129/656 4330/1126/662 4319/1105/16
f 4338/1119/659 4340/1103/639 4319/1105/16
f 4365/1103/663 4367/1104/670 4344/1105/16
f 4366/1106/641 4351/1107/641 4350/1108/642 4364/1109/642
f 4356/1110/643 4346/1111/643 4345/1112/644 4354/1113/644
f 4360/1114/645 4348/1115/645 4347/1116/646 4358/1117/646
f 4350/1118/664 4363/1119/664 4361/1120/648 4349/1121/648
f 4352/1122/649 4367/1104/649 4365/1103/650 4351/1123/650
f 4347/1124/651 4357/1125/651 4355/1126/652 4346/1127/652
f 4345/1128/653 4353/1129/653 4367/1104/649 4352/1122/649
f 4346/1127/652 4355/1126/652 4353/1129/653 4345/1128/653
f 4348/1130/654 4359/1131/654 4357/1125/651 4347/1124/651
f 4368/1132/655 4352/1133/655 4351/1107/641 4366/1106/641
f 4367/1104/670 4353/1129/665 4344/1105/16
f 4362/1134/657 4349/1135/657 4348/1115/645 4360/1114/645
f 4349/1121/648 4361/1120/648 4359/1131/654 4348/1130/654
f 4354/1113/644 4345/1112/644 4352/1133/655 4368/1132/655
f 4361/1120/666 4363/1119/667 4344/1105/16
f 4351/1123/650 4365/1103/650 4363/1119/664 4350/1118/664
f 4358/1117/646 4347/1116/646 4346/1111/643 4356/1110/643
f 4364/1109/642 4350/1108/642 4349/1135/657 4362/1134/657
f 4357/1125/668 4359/1131/671 4344/1105/16
f 4355/1126/669 4357/1125/668 4344/1105/16
f 4359/1131/671 4361/1120/666 4344/1105/16
f 4353/1129/665 4355/1126/669 4344/1105/16
f 4363/1119/667 4365/1103/663 4344/1105/16
f 4369/999/1 4370/1000/1 4372/1001/1 4371/1002/1
f 4371/1002/17 4372/1001/17 4376/1003/17 4375/1004/17
f 4375/1004/35 4376/1003/35 4374/1005/35 4373/1006/35
f 4373/1006/16 4374/1005/16 4370/1000/16 4369/999/16
f 4371/1007/39 4375/1008/39 4373/1009/39 4369/1010/39
f 4374/1011/35 4376/1012/35 4379/1013/35 4380/1014/35
f 4379/1015/38 4378/1016/38 4377/1017/38 4380/1018/38
f 4372/1019/1 4370/1020/1 4377/1021/1 4378/1022/1
f 4376/1012/17 4372/1019/17 4378/1022/17 4379/1013/17
f 4386/1023/591 4383/1024/591 4381/1025/636 4382/1026/636
f 4380/1027/271 4377/1028/271 4382/1029/636 4381/1030/636
f 4374/1011/35 4380/1014/35 4384/1011/35
f 4383/1031/591 4386/1032/591 4385/1033/586 4384/1034/586
f 4370/1035/39 4374/1036/39 4384/1036/586 4385/1035/586
f 4385/1020/1 4386/1023/1 4382/1026/1 4377/1021/1
f 4399/1037/278 4401/1038/279 4390/1039/16 4388/1040/16
f 4389/1041/287 4392/1042/306 4395/1042/1 4394/1041/577
f 4403/1043/35 4406/1044/35 4402/1044/35 4398/1043/35
f 4387/1045/286 4388/1046/583 4389/1047/287
f 4390/1048/584 4391/1049/288 4392/1050/306
f 4397/1051/294 4398/1052/295 4399/1053/278
f 4400/1054/296 4401/1055/279 4402/1056/297
f 4393/1057/579 4387/1057/286 4389/1058/287 4394/1058/577
f 4388/1040/583 4390/1039/584 4392/1059/306 4389/1060/287
f 4391/1061/288 4396/1061/15 4395/1062/15 4392/1062/306
f 4397/1063/294 4404/1063/618 4403/1064/7 4398/1064/295
f 4405/1065/8 4400/1065/296 4402/1066/297 4406/1066/8
f 4401/1038/279 4399/1037/278 4398/1067/295 4402/1068/297
f 4387/1045/286 4397/1051/294 4399/1053/278 4388/1046/583
f 4400/1054/296 4391/1049/288 4390/1048/584 4401/1055/279
f 4393/1057/579 4404/1063/618 4397/1063/294 4387/1057/286
f 4416/1069/278 4418/1070/279 4409/1071/16 4407/1072/281
f 4421/1073/637 4414/1074/638 4410/1074/590 4417/1073/621
f 4408/1075/287 4411/1076/306 4413/1076/1 4412/1075/577
f 4420/1077/616 4422/1078/35 4419/1078/35 4415/1077/305
f 4391/1079/307 4407/1080/281 4408/1081/287
f 4409/1082/584 4410/1083/590 4411/1084/306
f 4400/1085/309 4415/1086/305 4416/1087/278
f 4417/1088/621 4418/1089/279 4419/1090/297
f 4396/1091/14 4391/1092/307 4408/1093/287 4412/1093/577
f 4407/1072/281 4409/1071/584 4411/1094/306 4408/1095/287
f 4410/1074/590 4414/1074/638 4413/1096/15 4411/1096/306
f 4400/1097/309 4405/1098/7 4420/1099/616 4415/1099/305
f 4421/1073/637 4417/1073/621 4419/1100/297 4422/1100/8
f 4418/1070/279 4416/1069/278 4415/1101/305 4419/1102/297
f 4391/1079/307 4400/1085/309 4416/1087/278 4407/1080/281
f 4417/1088/621 4410/1083/590 4409/1082/584 4418/1089/279
f 4380/1014/35 4381/1025/35 4383/1024/35 4384/1011/35
f 4370/1020/1 4385/1020/1 4377/1021/1
f 4444/1103/639 4446/1104/640 4423/1105/16
f 4445/1106/641 4430/1107/641 4429/1108/642 4443/1109/642
f 4435/1110/643 4425/1111/643 4424/1112/644 4433/1113/644
f 4439/1114/645 4427/1115/645 4426/1116/646 4437/1117/646
f 4429/1118/647 4442/1119/647 4440/1120/648 4428/1121/648
f 4431/1122/649 4446/1104/649 4444/1103/650 4430/1123/650
f 4426/1124/651 4436/1125/651 4434/1126/652 4425/1127/652
f 4424/1128/653 4432/1129/653 4446/1104/649 4431/1122/649
f 4425/1127/652 4434/1126/652 4432/1129/653 4424/1128/653
f 4427/1130/654 4438/1131/654 4436/1125/651 4426/1124/651
f 4447/1132/655 4431/1133/655 4430/1107/641 4445/1106/641
f 4446/1104/640 4432/1129/656 4423/1105/16
f 4441/1134/657 4428/1135/657 4427/1115/645 4439/1114/645
f 4428/1121/648 4440/1120/648 4438/1131/654 4427/1130/654
f 4433/1113/644 4424/1112/644 4431/1133/655 4447/1132/655
f 4440/1120/658 4442/1119/659 4423/1105/16
f 4430/1123/650 4444/1103/650 4442/1119/647 4429/1118/647
f 4437/1117/646 4426/1116/646 4425/1111/643 4435/1110/643
f 4443/1109/642 4429/1108/642 4428/1135/657 4441/1134/657
f 4436/1125/660 4438/1131/661 4423/1105/16
f 4434/1126/662 4436/1125/660 4423/1105/16
f 4438/1131/661 4440/1120/658 4423/1105/16
f 4432/1129/656 4434/1126/662 4423/1105/16
f 4442/1119/659 4444/1103/639 4423/1105/16
f 4469/1103/663 4471/1104/670 4448/1105/16
f 4470/1106/641 4455/1107/641 4454/1108/642 4468/1109/642
f 4460/1110/643 4450/1111/643 4449/1112/644 4458/1113/644
f 4464/1114/645 4452/1115/645 4451/1116/646 4462/1117/646
f 4454/1118/664 4467/1119/664 4465/1120/648 4453/1121/648
f 4456/1122/688 4471/1104/688 4469/1103/650 4455/1123/650
f 4451/1124/651 4461/1125/651 4459/1126/652 4450/1127/652
f 4449/1128/653 4457/1129/653 4471/1104/688 4456/1122/688
f 4450/1127/652 4459/1126/652 4457/1129/653 4449/1128/653
f 4452/1130/654 4463/1131/654 4461/1125/651 4451/1124/651
f 4472/1132/655 4456/1133/655 4455/1107/641 4470/1106/641
f 4471/1104/670 4457/1129/665 4448/1105/16
f 4466/1134/657 4453/1135/657 4452/1115/645 4464/1114/645
f 4453/1121/648 4465/1120/648 4463/1131/654 4452/1130/654
f 4458/1113/644 4449/1112/644 4456/1133/655 4472/1132/655
f 4465/1120/666 4467/1119/667 4448/1105/16
f 4455/1123/650 4469/1103/650 4467/1119/664 4454/1118/664
f 4462/1117/646 4451/1116/646 4450/1111/643 4460/1110/643
f 4468/1109/642 4454/1108/642 4453/1135/657 4466/1134/657
f 4461/1125/668 4463/1131/671 4448/1105/16
f 4459/1126/669 4461/1125/668 4448/1105/16
f 4463/1131/671 4465/1120/666 4448/1105/16
f 4457/1129/665 4459/1126/669 4448/1105/16
f 4467/1119/667 4469/1103/663 4448/1105/16
f 4515/999/17 4516/1000/17 4518/1001/17 4517/1002/17
f 4517/1002/35 4518/1001/35 4522/1003/35 4521/1004/35
f 4521/1004/16 4522/1003/16 4520/1005/16 4519/1006/16
f 4519/1006/1 4520/1005/1 4516/1000/1 4515/999/1
f 4517/1007/39 4521/1008/39 4519/1009/39 4515/1010/39
f 4520/1011/16 4522/1012/16 4525/1013/16 4526/1014/16
f 4525/1015/38 4524/1016/38 4523/1017/38 4526/1018/38
f 4518/1019/17 4516/1020/17 4523/1021/17 4524/1022/17
f 4522/1012/35 4518/1019/35 4524/1022/35 4525/1013/35
f 4532/1023/577 4529/1024/577 4527/1025/578 4528/1026/578
f 4526/1027/15 4523/1028/15 4528/1029/578 4527/1030/578
f 4520/1011/16 4526/1014/16 4530/1011/16
f 4529/1031/577 4532/1032/577 4531/1033/579 4530/1034/579
f 4516/1035/39 4520/1036/39 4530/1036/579 4531/1035/579
f 4531/1020/17 4532/1023/17 4528/1026/17 4523/1021/17
f 4545/1037/287 4547/1038/306 4536/1039/1 4534/1040/1
f 4535/1041/282 4538/1042/283 4541/1042/17 4540/1041/580
f 4549/1043/16 4552/1044/16 4548/1044/16 4544/1043/16
f 4533/1045/290 4534/1046/581 4535/1047/282
f 4536/1048/582 4537/1049/529 4538/1050/283
f 4543/1051/286 4544/1052/583 4545/1053/287
f 4546/1054/288 4547/1055/306 4548/1056/584
f 4539/1057/585 4533/1057/290 4535/1058/282 4540/1058/580
f 4534/1040/581 4536/1039/582 4538/1059/283 4535/1060/282
f 4537/1061/529 4542/1061/317 4541/1062/317 4538/1062/283
f 4543/1063/286 4550/1063/586 4549/1064/55 4544/1064/583
f 4551/1065/271 4546/1065/288 4548/1066/584 4552/1066/271
f 4547/1038/306 4545/1037/287 4544/1067/583 4548/1068/584
f 4533/1045/290 4543/1051/286 4545/1053/287 4534/1046/581
f 4546/1054/288 4537/1049/529 4536/1048/582 4547/1055/306
f 4539/1057/585 4550/1063/586 4543/1063/286 4533/1057/290
f 4562/1069/287 4564/1070/306 4555/1071/1 4553/1072/291
f 4567/1073/587 4560/1074/588 4556/1074/589 4563/1073/590
f 4554/1075/282 4557/1076/283 4559/1076/17 4558/1075/580
f 4566/1077/591 4568/1078/16 4565/1078/16 4561/1077/281
f 4537/1079/530 4553/1080/291 4554/1081/282
f 4555/1082/582 4556/1083/589 4557/1084/283
f 4546/1085/307 4561/1086/281 4562/1087/287
f 4563/1088/590 4564/1089/306 4565/1090/584
f 4542/1091/316 4537/1092/530 4554/1093/282 4558/1093/580
f 4553/1072/291 4555/1071/582 4557/1094/283 4554/1095/282
f 4556/1074/589 4560/1074/588 4559/1096/317 4557/1096/283
f 4546/1097/307 4551/1098/55 4566/1099/591 4561/1099/281
f 4567/1073/587 4563/1073/590 4565/1100/584 4568/1100/271
f 4564/1070/306 4562/1069/287 4561/1101/281 4565/1102/584
f 4537/1079/530 4546/1085/307 4562/1087/287 4553/1080/291
f 4563/1088/590 4556/1083/589 4555/1082/582 4564/1089/306
f 4526/1014/16 4527/1025/16 4529/1024/16 4530/1011/16
f 4516/1020/17 4531/1020/17 4523/1021/17
f 4590/1103/592 4592/1104/593 4569/1105/1
f 4591/1106/629 4576/1107/629 4575/1108/595 4589/1109/595
f 4581/1110/596 4571/1111/596 4570/1112/597 4579/1113/597
f 4585/1114/598 4573/1115/598 4572/1116/599 4583/1117/599
f 4575/1118/600 4588/1119/600 4586/1120/601 4574/1121/601
f 4577/1122/602 4592/1104/602 4590/1103/627 4576/1123/627
f 4572/1124/604 4582/1125/604 4580/1126/605 4571/1127/605
f 4570/1128/606 4578/1129/606 4592/1104/602 4577/1122/602
f 4571/1127/605 4580/1126/605 4578/1129/606 4570/1128/606
f 4573/1130/607 4584/1131/607 4582/1125/604 4572/1124/604
f 4593/1132/608 4577/1133/608 4576/1107/629 4591/1106/629
f 4592/1104/593 4578/1129/609 4569/1105/1
f 4587/1134/610 4574/1135/610 4573/1115/598 4585/1114/598
f 4574/1121/601 4586/1120/601 4584/1131/607 4573/1130/607
f 4579/1113/597 4570/1112/597 4577/1133/608 4593/1132/608
f 4586/1120/611 4588/1119/612 4569/1105/1
f 4576/1123/627 4590/1103/627 4588/1119/600 4575/1118/600
f 4583/1117/599 4572/1116/599 4571/1111/596 4581/1110/596
f 4589/1109/595 4575/1108/595 4574/1135/610 4587/1134/610
f 4582/1125/613 4584/1131/614 4569/1105/1
f 4580/1126/615 4582/1125/613 4569/1105/1
f 4584/1131/614 4586/1120/611 4569/1105/1
f 4578/1129/609 4580/1126/615 4569/1105/1
f 4588/1119/612 4590/1103/592 4569/1105/1
f 4615/1103/592 4617/1104/593 4594/1105/1
f 4616/1106/629 4601/1107/629 4600/1108/595 4614/1109/595
f 4606/1110/596 4596/1111/596 4595/1112/597 4604/1113/597
f 4610/1114/598 4598/1115/598 4597/1116/599 4608/1117/599
f 4600/1118/600 4613/1119/600 4611/1120/601 4599/1121/601
f 4602/1122/602 4617/1104/602 4615/1103/627 4601/1123/627
f 4597/1124/604 4607/1125/604 4605/1126/605 4596/1127/605
f 4595/1128/606 4603/1129/606 4617/1104/602 4602/1122/602
f 4596/1127/605 4605/1126/605 4603/1129/606 4595/1128/606
f 4598/1130/607 4609/1131/607 4607/1125/604 4597/1124/604
f 4618/1132/608 4602/1133/608 4601/1107/629 4616/1106/629
f 4617/1104/593 4603/1129/609 4594/1105/1
f 4612/1134/610 4599/1135/610 4598/1115/598 4610/1114/598
f 4599/1121/601 4611/1120/601 4609/1131/607 4598/1130/607
f 4604/1113/597 4595/1112/597 4602/1133/608 4618/1132/608
f 4611/1120/611 4613/1119/612 4594/1105/1
f 4601/1123/627 4615/1103/627 4613/1119/600 4600/1118/600
f 4608/1117/599 4597/1116/599 4596/1111/596 4606/1110/596
f 4614/1109/595 4600/1108/595 4599/1135/610 4612/1134/610
f 4607/1125/613 4609/1131/614 4594/1105/1
f 4605/1126/615 4607/1125/613 4594/1105/1
f 4609/1131/614 4611/1120/611 4594/1105/1
f 4603/1129/609 4605/1126/615 4594/1105/1
f 4613/1119/612 4615/1103/592 4594/1105/1
f 4619/999/17 4620/1000/17 4622/1001/17 4621/1002/17
f 4621/1002/35 4622/1001/35 4626/1003/35 4625/1004/35
f 4625/1004/16 4626/1003/16 4624/1005/16 4623/1006/16
f 4623/1006/1 4624/1005/1 4620/1000/1 4619/999/1
f 4621/1007/39 4625/1008/39 4623/1009/39 4619/1010/39
f 4624/1011/16 4626/1012/16 4629/1013/16 4630/1014/16
f 4629/1015/38 4628/1016/38 4627/1017/38 4630/1018/38
f 4622/1019/17 4620/1020/17 4627/1021/17 4628/1022/17
f 4626/1012/35 4622/1019/35 4628/1022/35 4629/1013/35
f 4636/1023/577 4633/1024/577 4631/1025/578 4632/1026/578
f 4630/1027/15 4627/1028/15 4632/1029/578 4631/1030/578
f 4624/1011/16 4630/1014/16 4634/1011/16
f 4633/1031/577 4636/1032/577 4635/1033/579 4634/1034/579
f 4620/1035/39 4624/1036/39 4634/1036/579 4635/1035/579
f 4635/1020/17 4636/1023/17 4632/1026/17 4627/1021/17
f 4649/1037/287 4651/1038/306 4640/1039/1 4638/1040/1
f 4639/1041/282 4642/1042/283 4645/1042/17 4644/1041/580
f 4653/1043/16 4656/1044/16 4652/1044/16 4648/1043/16
f 4637/1045/290 4638/1046/581 4639/1047/282
f 4640/1048/582 4641/1049/529 4642/1050/283
f 4647/1051/286 4648/1052/583 4649/1053/287
f 4650/1054/288 4651/1055/306 4652/1056/584
f 4643/1057/585 4637/1057/290 4639/1058/282 4644/1058/580
f 4638/1040/581 4640/1039/582 4642/1059/283 4639/1060/282
f 4641/1061/529 4646/1061/317 4645/1062/317 4642/1062/283
f 4647/1063/286 4654/1063/586 4653/1064/55 4648/1064/583
f 4655/1065/271 4650/1065/288 4652/1066/584 4656/1066/271
f 4651/1038/306 4649/1037/287 4648/1067/583 4652/1068/584
f 4637/1045/290 4647/1051/286 4649/1053/287 4638/1046/581
f 4650/1054/288 4641/1049/529 4640/1048/582 4651/1055/306
f 4643/1057/585 4654/1063/586 4647/1063/286 4637/1057/290
f 4666/1069/287 4668/1070/306 4659/1071/1 4657/1072/291
f 4671/1073/587 4664/1074/588 4660/1074/589 4667/1073/590
f 4658/1075/282 4661/1076/283 4663/1076/17 4662/1075/580
f 4670/1077/591 4672/1078/16 4669/1078/16 4665/1077/281
f 4641/1079/530 4657/1080/291 4658/1081/282
f 4659/1082/582 4660/1083/589 4661/1084/283
f 4650/1085/307 4665/1086/281 4666/1087/287
f 4667/1088/590 4668/1089/306 4669/1090/584
f 4646/1091/316 4641/1092/530 4658/1093/282 4662/1093/580
f 4657/1072/291 4659/1071/582 4661/1094/283 4658/1095/282
f 4660/1074/589 4664/1074/588 4663/1096/317 4661/1096/283
f 4650/1097/307 4655/1098/55 4670/1099/591 4665/1099/281
f 4671/1073/587 4667/1073/590 4669/1100/584 4672/1100/271
f 4668/1070/306 4666/1069/287 4665/1101/281 4669/1102/584
f 4641/1079/530 4650/1085/307 4666/1087/287 4657/1080/291
f 4667/1088/590 4660/1083/589 4659/1082/582 4668/1089/306
f 4630/1014/16 4631/1025/16 4633/1024/16 4634/1011/16
f 4620/1020/17 4635/1020/17 4627/1021/17
f 4694/1103/592 4696/1104/593 4673/1105/1
f 4695/1106/594 4680/1107/594 4679/1108/679 4693/1109/679
f 4685/1110/596 4675/1111/596 4674/1112/597 4683/1113/597
f 4689/1114/598 4677/1115/598 4676/1116/599 4687/1117/599
f 4679/1118/600 4692/1119/600 4690/1120/601 4678/1121/601
f 4681/1122/602 4696/1104/602 4694/1103/603 4680/1123/603
f 4676/1124/604 4686/1125/604 4684/1126/605 4675/1127/605
f 4674/1128/606 4682/1129/606 4696/1104/602 4681/1122/602
f 4675/1127/605 4684/1126/605 4682/1129/606 4674/1128/606
f 4677/1130/607 4688/1131/607 4686/1125/604 4676/1124/604
f 4697/1132/608 4681/1133/608 4680/1107/594 4695/1106/594
f 4696/1104/593 4682/1129/609 4673/1105/1
f 4691/1134/610 4678/1135/610 4677/1115/598 4689/1114/598
f 4678/1121/601 4690/1120/601 4688/1131/607 4677/1130/607
f 4683/1113/597 4674/1112/597 4681/1133/608 4697/1132/608
f 4690/1120/611 4692/1119/612 4673/1105/1
f 4680/1123/603 4694/1103/603 4692/1119/600 4679/1118/600
f 4687/1117/599 4676/1116/599 4675/1111/596 4685/1110/596
f 4693/1109/679 4679/1108/679 4678/1135/610 4691/1134/610
f 4686/1125/613 4688/1131/614 4673/1105/1
f 4684/1126/615 4686/1125/613 4673/1105/1
f 4688/1131/614 4690/1120/611 4673/1105/1
f 4682/1129/609 4684/1126/615 4673/1105/1
f 4692/1119/612 4694/1103/592 4673/1105/1
f 4719/1103/592 4721/1104/593 4698/1105/1
f 4720/1106/594 4705/1107/594 4704/1108/679 4718/1109/679
f 4710/1110/596 4700/1111/596 4699/1112/597 4708/1113/597
f 4714/1114/598 4702/1115/598 4701/1116/599 4712/1117/599
f 4704/1118/600 4717/1119/600 4715/1120/601 4703/1121/601
f 4706/1122/602 4721/1104/602 4719/1103/603 4705/1123/603
f 4701/1124/604 4711/1125/604 4709/1126/605 4700/1127/605
f 4699/1128/606 4707/1129/606 4721/1104/602 4706/1122/602
f 4700/1127/605 4709/1126/605 4707/1129/606 4699/1128/606
f 4702/1130/607 4713/1131/607 4711/1125/604 4701/1124/604
f 4722/1132/608 4706/1133/608 4705/1107/594 4720/1106/594
f 4721/1104/593 4707/1129/609 4698/1105/1
f 4716/1134/610 4703/1135/610 4702/1115/598 4714/1114/598
f 4703/1121/601 4715/1120/601 4713/1131/607 4702/1130/607
f 4708/1113/597 4699/1112/597 4706/1133/608 4722/1132/608
f 4715/1120/611 4717/1119/612 4698/1105/1
f 4705/1123/603 4719/1103/603 4717/1119/600 4704/1118/600
f 4712/1117/599 4701/1116/599 4700/1111/596 4710/1110/596
f 4718/1109/679 4704/1108/679 4703/1135/610 4716/1134/610
f 4711/1125/613 4713/1131/614 4698/1105/1
f 4709/1126/615 4711/1125/613 4698/1105/1
f 4713/1131/614 4715/1120/611 4698/1105/1
f 4707/1129/609 4709/1126/615 4698/1105/1
f 4717/1119/612 4719/1103/592 4698/1105/1
f 4723/999/16 4724/1000/16 4726/1001/16 4725/1002/16
f 4725/1002/1 4726/1001/1 4730/1003/1 4729/1004/1
f 4729/1004/17 4730/1003/17 4728/1005/17 4727/1006/17
f 4727/1006/35 4728/1005/35 4724/1000/35 4723/999/35
f 4725/1007/39 4729/1008/39 4727/1009/39 4723/1010/39
f 4728/1011/17 4730/1012/17 4733/1013/17 4734/1014/17
f 4733/1015/38 4732/1016/38 4731/1017/38 4734/1018/38
f 4726/1019/16 4724/1020/16 4731/1021/16 4732/1022/16
f 4730/1012/1 4726/1019/1 4732/1022/1 4733/1013/1
f 4740/1023/616 4737/1024/616 4735/1025/617 4736/1026/617
f 4734/1027/8 4731/1028/8 4736/1029/617 4735/1030/617
f 4728/1011/17 4734/1014/17 4738/1011/17
f 4737/1031/616 4740/1032/616 4739/1033/618 4738/1034/618
f 4724/1035/39 4728/1036/39 4738/1036/618 4739/1035/618
f 4739/1020/16 4740/1023/16 4736/1026/16 4731/1021/16
f 4753/1037/302 4755/1038/303 4744/1039/35 4742/1040/35
f 4743/1041/278 4746/1042/279 4749/1042/16 4748/1041/591
f 4757/1043/17 4760/1044/17 4756/1044/17 4752/1043/17
f 4741/1045/294 4742/1046/690 4743/1047/278
f 4744/1048/686 4745/1049/296 4746/1050/279
f 4751/1051/298 4752/1052/619 4753/1053/302
f 4754/1054/300 4755/1055/303 4756/1056/620
f 4747/1057/586 4741/1057/294 4743/1058/278 4748/1058/591
f 4742/1040/690 4744/1039/686 4746/1059/279 4743/1060/278
f 4745/1061/296 4750/1061/271 4749/1062/271 4746/1062/279
f 4751/1063/298 4758/1063/585 4757/1064/316 4752/1064/619
f 4759/1065/317 4754/1065/300 4756/1066/620 4760/1066/317
f 4755/1038/303 4753/1037/302 4752/1067/619 4756/1068/620
f 4741/1045/294 4751/1051/298 4753/1053/302 4742/1046/690
f 4754/1054/300 4745/1049/296 4744/1048/686 4755/1055/303
f 4747/1057/586 4758/1063/585 4751/1063/298 4741/1057/294
f 4770/1069/302 4772/1070/303 4763/1071/35 4761/1072/305
f 4775/1073/588 4768/1074/587 4764/1074/621 4771/1073/622
f 4762/1075/278 4765/1076/279 4767/1076/16 4766/1075/591
f 4774/1077/580 4776/1078/17 4773/1078/17 4769/1077/285
f 4745/1079/309 4761/1080/305 4762/1081/278
f 4763/1082/297 4764/1083/621 4765/1084/279
f 4754/1085/310 4769/1086/285 4770/1087/302
f 4771/1088/622 4772/1089/303 4773/1090/620
f 4750/1091/55 4745/1092/309 4762/1093/278 4766/1093/591
f 4761/1072/305 4763/1071/297 4765/1094/279 4762/1095/278
f 4764/1074/621 4768/1074/587 4767/1096/271 4765/1096/279
f 4754/1097/310 4759/1098/316 4774/1099/580 4769/1099/285
f 4775/1073/588 4771/1073/622 4773/1100/620 4776/1100/317
f 4772/1070/303 4770/1069/302 4769/1101/285 4773/1102/620
f 4745/1079/309 4754/1085/310 4770/1087/302 4761/1080/305
f 4771/1088/622 4764/1083/621 4763/1082/297 4772/1089/303
f 4734/1014/17 4735/1025/17 4737/1024/17 4738/1011/17
f 4724/1020/16 4739/1020/16 4731/1021/16
f 4798/1103/623 4800/1104/624 4777/1105/35
f 4799/1106/625 4784/1107/625 4783/1108/605 4797/1109/605
f 4789/1110/600 4779/1111/600 4778/1112/603 4787/1113/603
f 4793/1114/607 4781/1115/607 4780/1116/601 4791/1117/601
f 4783/1118/596 4796/1119/596 4794/1120/599 4782/1121/599
f 4785/1122/608 4800/1104/608 4798/1103/628 4784/1123/628
f 4780/1124/610 4790/1125/610 4788/1126/595 4779/1127/595
f 4778/1128/629 4786/1129/629 4800/1104/608 4785/1122/608
f 4779/1127/595 4788/1126/595 4786/1129/629 4778/1128/629
f 4781/1130/598 4792/1131/598 4790/1125/610 4780/1124/610
f 4801/1132/602 4785/1133/602 4784/1107/625 4799/1106/625
f 4800/1104/624 4786/1129/630 4777/1105/35
f 4795/1134/604 4782/1135/604 4781/1115/607 4793/1114/607
f 4782/1121/599 4794/1120/599 4792/1131/598 4781/1130/598
f 4787/1113/603 4778/1112/603 4785/1133/602 4801/1132/602
f 4794/1120/631 4796/1119/680 4777/1105/35
f 4784/1123/628 4798/1103/628 4796/1119/596 4783/1118/596
f 4791/1117/601 4780/1116/601 4779/1111/600 4789/1110/600
f 4797/1109/605 4783/1108/605 4782/1135/604 4795/1134/604
f 4790/1125/633 4792/1131/634 4777/1105/35
f 4788/1126/683 4790/1125/633 4777/1105/35
f 4792/1131/634 4794/1120/631 4777/1105/35
f 4786/1129/630 4788/1126/683 4777/1105/35
f 4796/1119/680 4798/1103/623 4777/1105/35
f 4823/1103/623 4825/1104/624 4802/1105/35
f 4824/1106/625 4809/1107/625 4808/1108/605 4822/1109/605
f 4814/1110/600 4804/1111/600 4803/1112/603 4812/1113/603
f 4818/1114/607 4806/1115/607 4805/1116/601 4816/1117/601
f 4808/1118/596 4821/1119/596 4819/1120/599 4807/1121/599
f 4810/1122/608 4825/1104/608 4823/1103/628 4809/1123/628
f 4805/1124/610 4815/1125/610 4813/1126/595 4804/1127/595
f 4803/1128/629 4811/1129/629 4825/1104/608 4810/1122/608
f 4804/1127/595 4813/1126/595 4811/1129/629 4803/1128/629
f 4806/1130/598 4817/1131/598 4815/1125/610 4805/1124/610
f 4826/1132/602 4810/1133/602 4809/1107/625 4824/1106/625
f 4825/1104/624 4811/1129/630 4802/1105/35
f 4820/1134/604 4807/1135/604 4806/1115/607 4818/1114/607
f 4807/1121/599 4819/1120/599 4817/1131/598 4806/1130/598
f 4812/1113/603 4803/1112/603 4810/1133/602 4826/1132/602
f 4819/1120/631 4821/1119/680 4802/1105/35
f 4809/1123/628 4823/1103/628 4821/1119/596 4808/1118/596
f 4816/1117/601 4805/1116/601 4804/1111/600 4814/1110/600
f 4822/1109/605 4808/1108/605 4807/1135/604 4820/1134/604
f 4815/1125/633 4817/1131/634 4802/1105/35
f 4813/1126/683 4815/1125/633 4802/1105/35
f 4817/1131/634 4819/1120/631 4802/1105/35
f 4811/1129/630 4813/1126/683 4802/1105/35
f 4821/1119/680 4823/1103/623 4802/1105/35
f 4827/999/16 4828/1000/16 4830/1001/16 4829/1002/16
f 4829/1002/1 4830/1001/1 4834/1003/1 4833/1004/1
f 4833/1004/17 4834/1003/17 4832/1005/17 4831/1006/17
f 4831/1006/35 4832/1005/35 4828/1000/35 4827/999/35
f 4829/1007/39 4833/1008/39 4831/1009/39 4827/1010/39
f 4832/1011/17 4834/1012/17 4837/1013/17 4838/1014/17
f 4837/1015/38 4836/1016/38 4835/1017/38 4838/1018/38
f 4830/1019/16 4828/1020/16 4835/1021/16 4836/1022/16
f 4834/1012/1 4830/1019/1 4836/1022/1 4837/1013/1
f 4844/1023/616 4841/1024/616 4839/1025/617 4840/1026/617
f 4838/1027/8 4835/1028/8 4840/1029/617 4839/1030/617
f 4832/1011/17 4838/1014/17 4842/1011/17
f 4841/1031/616 4844/1032/616 4843/1033/618 4842/1034/618
f 4828/1035/39 4832/1036/39 4842/1036/618 4843/1035/618
f 4843/1020/16 4844/1023/16 4840/1026/16 4835/1021/16
f 4857/1037/302 4859/1038/303 4848/1039/35 4846/1040/35
f 4847/1041/278 4850/1042/279 4853/1042/16 4852/1041/591
f 4861/1043/17 4864/1044/17 4860/1044/17 4856/1043/17
f 4845/1045/294 4846/1046/690 4847/1047/278
f 4848/1048/686 4849/1049/296 4850/1050/279
f 4855/1051/298 4856/1052/619 4857/1053/302
f 4858/1054/300 4859/1055/303 4860/1056/620
f 4851/1057/586 4845/1057/294 4847/1058/278 4852/1058/591
f 4846/1040/690 4848/1039/686 4850/1059/279 4847/1060/278
f 4849/1061/296 4854/1061/271 4853/1062/271 4850/1062/279
f 4855/1063/298 4862/1063/585 4861/1064/316 4856/1064/619
f 4863/1065/317 4858/1065/300 4860/1066/620 4864/1066/317
f 4859/1038/303 4857/1037/302 4856/1067/619 4860/1068/620
f 4845/1045/294 4855/1051/298 4857/1053/302 4846/1046/690
f 4858/1054/300 4849/1049/296 4848/1048/686 4859/1055/303
f 4851/1057/586 4862/1063/585 4855/1063/298 4845/1057/294
f 4874/1069/302 4876/1070/303 4867/1071/35 4865/1072/305
f 4879/1073/588 4872/1074/587 4868/1074/621 4875/1073/622
f 4866/1075/278 4869/1076/279 4871/1076/16 4870/1075/591
f 4878/1077/580 4880/1078/17 4877/1078/17 4873/1077/285
f 4849/1079/309 4865/1080/305 4866/1081/278
f 4867/1082/297 4868/1083/621 4869/1084/279
f 4858/1085/310 4873/1086/285 4874/1087/302
f 4875/1088/622 4876/1089/303 4877/1090/620
f 4854/1091/55 4849/1092/309 4866/1093/278 4870/1093/591
f 4865/1072/305 4867/1071/297 4869/1094/279 4866/1095/278
f 4868/1074/621 4872/1074/587 4871/1096/271 4869/1096/279
f 4858/1097/310 4863/1098/316 4878/1099/580 4873/1099/285
f 4879/1073/588 4875/1073/622 4877/1100/620 4880/1100/317
f 4876/1070/303 4874/1069/302 4873/1101/285 4877/1102/620
f 4849/1079/309 4858/1085/310 4874/1087/302 4865/1080/305
f 4875/1088/622 4868/1083/621 4867/1082/297 4876/1089/303
f 4838/1014/17 4839/1025/17 4841/1024/17 4842/1011/17
f 4828/1020/16 4843/1020/16 4835/1021/16
f 4902/1103/623 4904/1104/624 4881/1105/35
f 4903/1106/625 4888/1107/625 4887/1108/605 4901/1109/605
f 4893/1110/600 4883/1111/600 4882/1112/603 4891/1113/603
f 4897/1114/607 4885/1115/607 4884/1116/601 4895/1117/601
f 4887/1118/596 4900/1119/596 4898/1120/599 4886/1121/599
f 4889/1122/608 4904/1104/608 4902/1103/628 4888/1123/628
f 4884/1124/610 4894/1125/610 4892/1126/595 4883/1127/595
f 4882/1128/629 4890/1129/629 4904/1104/608 4889/1122/608
f 4883/1127/595 4892/1126/595 4890/1129/629 4882/1128/629
f 4885/1130/598 4896/1131/598 4894/1125/610 4884/1124/610
f 4905/1132/602 4889/1133/602 4888/1107/625 4903/1106/625
f 4904/1104/624 4890/1129/691 4881/1105/35
f 4899/1134/604 4886/1135/604 4885/1115/607 4897/1114/607
f 4886/1121/599 4898/1120/599 4896/1131/598 4885/1130/598
f 4891/1113/603 4882/1112/603 4889/1133/602 4905/1132/602
f 4898/1120/631 4900/1119/680 4881/1105/35
f 4888/1123/628 4902/1103/628 4900/1119/596 4887/1118/596
f 4895/1117/601 4884/1116/601 4883/1111/600 4893/1110/600
f 4901/1109/605 4887/1108/605 4886/1135/604 4899/1134/604
f 4894/1125/692 4896/1131/634 4881/1105/35
f 4892/1126/683 4894/1125/692 4881/1105/35
f 4896/1131/634 4898/1120/631 4881/1105/35
f 4890/1129/691 4892/1126/683 4881/1105/35
f 4900/1119/680 4902/1103/623 4881/1105/35
f 4927/1103/623 4929/1104/624 4906/1105/35
f 4928/1106/625 4913/1107/625 4912/1108/605 4926/1109/605
f 4918/1110/600 4908/1111/600 4907/1112/603 4916/1113/603
f 4922/1114/607 4910/1115/607 4909/1116/601 4920/1117/601
f 4912/1118/596 4925/1119/596 4923/1120/599 4911/1121/599
f 4914/1122/608 4929/1104/608 4927/1103/628 4913/1123/628
f 4909/1124/610 4919/1125/610 4917/1126/595 4908/1127/595
f 4907/1128/629 4915/1129/629 4929/1104/608 4914/1122/608
f 4908/1127/595 4917/1126/595 4915/1129/629 4907/1128/629
f 4910/1130/598 4921/1131/598 4919/1125/610 4909/1124/610
f 4930/1132/602 4914/1133/602 4913/1107/625 4928/1106/625
f 4929/1104/624 4915/1129/691 4906/1105/35
f 4924/1134/604 4911/1135/604 4910/1115/607 4922/1114/607
f 4911/1121/599 4923/1120/599 4921/1131/598 4910/1130/598
f 4916/1113/603 4907/1112/603 4914/1133/602 4930/1132/602
f 4923/1120/631 4925/1119/680 4906/1105/35
f 4913/1123/628 4927/1103/628 4925/1119/596 4912/1118/596
f 4920/1117/601 4909/1116/601 4908/1111/600 4918/1110/600
f 4926/1109/605 4912/1108/605 4911/1135/604 4924/1134/604
f 4919/1125/692 4921/1131/634 4906/1105/35
f 4917/1126/683 4919/1125/692 4906/1105/35
f 4921/1131/634 4923/1120/631 4906/1105/35
f 4915/1129/691 4917/1126/683 4906/1105/35
f 4925/1119/680 4927/1103/623 4906/1105/35
usemtl restaurant.036
f 4473/999/1 4475/1002/1 4476/1001/1 4474/1000/1
f 4478/1012/16 4481/1013/16 4480/1022/16 4476/1019/16
f 4482/1014/35 4481/1013/35 4478/1012/35 4489/1136/35
f 4486/1137/17 4473/999/17 4474/1000/17 4487/1138/17
f 4475/1002/16 4477/1004/16 4478/1003/16 4476/1001/16
f 4479/1017/38 4480/1016/38 4482/1018/38 4483/1139/38
f 4476/1019/1 4480/1022/1 4479/1021/1 4474/1020/1
f 4487/1140/1 4484/1141/1 4485/1142/1 4486/1142/1
f 4480/1016/38 4481/1015/38 4482/1018/38
f 4479/1021/1 4493/1026/1 4490/1023/1 4491/1020/1
f 4482/1014/17 4489/1136/17 4484/1143/17 4483/1144/17
f 4492/1145/39 4484/1146/39 4474/1035/39 4491/1035/39
f 4488/1006/17 4485/1142/17 4484/1141/17 4489/1147/17
f 4475/1007/39 4486/1148/39 4477/1008/39
f 4490/1032/531 4492/1149/531 4491/1033/531
f 4493/1029/535 4479/1028/535 4483/1150/535
f 4492/1151/17 4483/1144/17 4484/1143/17
f 4479/1021/1 4491/1020/1 4474/1020/1
f 4490/1023/17 4493/1026/17 4483/1144/17 4492/1151/17
f 4484/1146/39 4487/1152/39 4474/1035/39
f 4478/1003/35 4477/1004/35 4488/1006/35 4489/1147/35
f 4473/1010/39 4486/1148/39 4475/1007/39
f 4488/1009/39 4486/1148/39 4485/1148/39
f 4477/1008/39 4486/1148/39 4488/1009/39
f 4494/999/35 4496/1002/35 4497/1001/35 4495/1000/35
f 4499/1012/17 4502/1013/17 4501/1022/17 4497/1019/17
f 4503/1014/1 4502/1013/1 4499/1012/1 4510/1136/1
f 4507/1137/16 4494/999/16 4495/1000/16 4508/1138/16
f 4496/1002/17 4498/1004/17 4499/1003/17 4497/1001/17
f 4500/1017/38 4501/1016/38 4503/1018/38 4504/1139/38
f 4497/1019/35 4501/1022/35 4500/1021/35 4495/1020/35
f 4508/1140/35 4505/1141/35 4506/1142/35 4507/1142/35
f 4501/1016/38 4502/1015/38 4503/1018/38
f 4500/1021/35 4514/1026/35 4511/1023/35 4512/1020/35
f 4503/1014/16 4510/1136/16 4505/1143/16 4504/1144/16
f 4513/1145/39 4505/1146/39 4495/1035/39 4512/1035/39
f 4509/1006/16 4506/1142/16 4505/1141/16 4510/1147/16
f 4496/1007/39 4507/1148/39 4498/1008/39
f 4511/1032/564 4513/1149/564 4512/1033/564
f 4514/1029/689 4500/1028/689 4504/1150/689
f 4513/1151/16 4504/1144/16 4505/1143/16
f 4500/1021/35 4512/1020/35 4495/1020/35
f 4511/1023/16 4514/1026/16 4504/1144/16 4513/1151/16
f 4505/1146/39 4508/1152/39 4495/1035/39
f 4499/1003/1 4498/1004/1 4509/1006/1 4510/1147/1
f 4494/1010/39 4507/1148/39 4496/1007/39
f 4509/1009/39 4507/1148/39 4506/1148/39
f 4498/1008/39 4507/1148/39 4509/1009/39
f 4931/999/35 4932/1000/35 4934/1001/35 4933/1002/35
f 4936/1012/16 4934/1019/16 4938/1022/16 4939/1013/16
f 4940/1014/1 4947/1136/1 4936/1012/1 4939/1013/1
f 4944/1137/17 4945/1138/17 4932/1000/17 4931/999/17
f 4933/1002/16 4934/1001/16 4936/1003/16 4935/1004/16
f 4937/1017/38 4941/1139/38 4940/1018/38 4938/1016/38
f 4934/1019/35 4932/1020/35 4937/1021/35 4938/1022/35
f 4945/1140/35 4944/1142/35 4943/1142/35 4942/1141/35
f 4938/1016/38 4940/1018/38 4939/1015/38
f 4937/1021/35 4949/1020/35 4948/1023/35 4951/1026/35
f 4940/1014/17 4941/1144/17 4942/1143/17 4947/1136/17
f 4950/1145/39 4949/1035/39 4932/1035/39 4942/1146/39
f 4946/1006/17 4947/1147/17 4942/1141/17 4943/1142/17
f 4933/1007/39 4935/1008/39 4944/1148/39
f 4948/1032/548 4949/1033/548 4950/1149/548
f 4951/1029/547 4941/1150/547 4937/1028/547
f 4950/1151/17 4942/1143/17 4941/1144/17
f 4937/1021/35 4932/1020/35 4949/1020/35
f 4948/1023/17 4950/1151/17 4941/1144/17 4951/1026/17
f 4942/1146/39 4932/1035/39 4945/1152/39
f 4936/1003/1 4947/1147/1 4946/1006/1 4935/1004/1
f 4931/1010/39 4933/1007/39 4944/1148/39
f 4946/1009/39 4943/1148/39 4944/1148/39
f 4935/1008/39 4946/1009/39 4944/1148/39
f 4952/999/1 4953/1000/1 4955/1001/1 4954/1002/1
f 4957/1012/17 4955/1019/17 4959/1022/17 4960/1013/17
f 4961/1014/35 4968/1136/35 4957/1012/35 4960/1013/35
f 4965/1137/16 4966/1138/16 4953/1000/16 4952/999/16
f 4954/1002/17 4955/1001/17 4957/1003/17 4956/1004/17
f 4958/1017/38 4962/1139/38 4961/1018/38 4959/1016/38
f 4955/1019/1 4953/1020/1 4958/1021/1 4959/1022/1
f 4966/1140/1 4965/1142/1 4964/1142/1 4963/1141/1
f 4959/1016/38 4961/1018/38 4960/1015/38
f 4958/1021/1 4970/1020/1 4969/1023/1 4972/1026/1
f 4961/1014/16 4962/1144/16 4963/1143/16 4968/1136/16
f 4971/1145/39 4970/1035/39 4953/1035/39 4963/1146/39
f 4967/1006/16 4968/1147/16 4963/1141/16 4964/1142/16
f 4954/1007/39 4956/1008/39 4965/1148/39
f 4969/1032/693 4970/1033/693 4971/1149/693
f 4972/1029/563 4962/1150/563 4958/1028/563
f 4971/1151/16 4963/1143/16 4962/1144/16
f 4958/1021/1 4953/1020/1 4970/1020/1
f 4969/1023/16 4971/1151/16 4962/1144/16 4972/1026/16
f 4963/1146/39 4953/1035/39 4966/1152/39
f 4957/1003/35 4968/1147/35 4967/1006/35 4956/1004/35
f 4952/1010/39 4954/1007/39 4965/1148/39
f 4967/1009/39 4964/1148/39 4965/1148/39
f 4956/1008/39 4967/1009/39 4965/1148/39
usemtl restaurant.020
f 5036/1/17 5002/2/17 4995/3/17 5031/4/17
f 4988/5/694 4976/6/695 4978/7/696 4989/8/695
f 4990/9/697 4977/10/698 4976/11/699 4988/12/699
f 4988/12/55 4982/13/55 4984/14/55 4990/9/55
f 4989/8/271 4983/15/271 4982/16/271 4988/5/271
f 4973/12/700 4985/17/701 4987/18/702 4974/9/703
f 4975/8/704 4986/19/705 4985/20/706 4973/5/705
f 4979/13/316 4973/12/316 4974/9/316 4980/14/316
f 4981/15/317 4975/8/317 4973/5/317 4979/16/317
f 4985/17/1 4976/11/1 4977/10/1 4987/18/1
f 4986/19/1 4978/7/1 4976/6/1 4985/20/1
f 4982/13/35 4979/13/35 4980/14/35 4984/14/35
f 4983/15/35 4981/15/35 4979/16/35 4982/16/35
f 4994/33/1 4997/33/1 4999/34/1 4995/34/1
f 4996/35/1 4998/35/1 4997/36/1 4994/36/1
f 5000/28/707 4994/33/708 4995/34/709 5002/25/710
f 5001/24/711 4996/35/712 4994/36/713 5000/21/714
f 4997/33/715 4991/28/716 4992/25/717 4999/34/718
f 4998/35/719 4993/24/720 4991/21/721 4997/36/722
f 4990/37/697 5038/38/723 5037/39/723 4977/40/698
f 5009/41/724 4989/42/725 4978/43/726 5012/44/727
f 4986/45/1 5007/46/1 5012/44/1 4978/43/1
f 4981/47/17 5003/48/17 5011/41/17 4975/42/17
f 4975/42/728 5011/41/729 5007/46/730 4986/45/731
f 4983/47/35 5004/48/35 5003/48/35 4981/47/35
f 4998/55/16 5006/56/16 5010/52/16 4993/51/16
f 4998/55/1 4996/55/1 5005/56/1 5006/56/1
f 5029/59/17 4980/60/17 4974/37/17 5035/38/17
f 5005/61/38 5003/62/38 5004/62/38 5006/61/38
f 5034/63/1 4987/64/1 4977/40/1 5037/39/1
f 5032/4/16 4999/3/16 4992/2/16 5033/1/16
f 5030/59/35 4984/60/35 4980/60/35 5029/59/35
f 5031/67/39 5032/67/39 5030/68/39 5029/68/39
f 5035/38/732 4974/37/703 4987/64/702 5034/63/733
f 5038/38/16 4990/37/16 4984/60/16 5030/59/16
f 5015/69/16 5019/70/16 5017/71/16 5013/72/16
f 5016/73/16 5014/74/16 5018/75/16 5020/76/16
f 5016/73/16 5020/76/16 5019/70/16 5015/69/16
f 5018/75/16 5014/74/16 5013/72/16 5017/71/16
f 5023/69/17 5021/72/17 5025/71/17 5027/70/17
f 5024/73/17 5028/76/17 5026/75/17 5022/74/17
f 5024/73/17 5023/69/17 5027/70/17 5028/76/17
f 5026/75/17 5025/71/17 5021/72/17 5022/74/17
f 5049/77/734 5050/78/735 5007/46/730 5011/41/729
f 5047/81/1 5034/63/1 5037/39/1 5056/82/1
f 5041/83/17 5029/59/17 5035/38/17 5048/84/17
f 5043/85/16 5032/4/16 5033/1/16 5053/86/16
f 5032/4/1 5031/4/1 4995/3/1 4999/3/1
f 4989/42/16 5009/41/736 5004/48/737 4983/47/16
f 5001/51/17 5008/52/17 5005/56/17 4996/55/17
f 5048/84/738 5035/38/732 5034/63/733 5047/81/739
f 5039/83/16 5030/59/16 5032/4/16 5043/85/16
f 5051/86/17 5036/1/17 5031/4/17 5044/85/17
f 5055/84/16 5038/38/16 5030/59/16 5039/83/16
f 5044/85/17 5031/4/17 5029/59/17 5041/83/17
f 5042/88/736 5004/48/737 5009/41/736 5058/77/740
f 5046/89/17 5005/56/17 5008/52/17 5052/79/17
f 5048/84/741 5047/81/742 5189/81/743 5190/84/744
f 5049/90/745 5040/91/746 5042/91/39 5058/90/745
f 5050/78/1 5057/92/1 5012/44/1 5007/46/1
f 5003/48/17 5040/88/17 5049/77/17 5011/41/17
f 5004/48/737 5042/88/736 5045/89/16 5006/56/16
f 5005/56/17 5046/89/17 5040/88/17 5003/48/17
f 5040/91/746 5046/93/39 5045/93/39 5042/91/39
f 5046/93/39 5052/95/39 5054/95/39 5045/93/39
f 5050/96/751 5049/90/752 5058/90/753 5057/97/754
f 5038/38/723 5055/84/755 5056/82/756 5037/39/723
f 5058/77/757 5009/41/724 5012/44/727 5057/92/758
f 5054/79/16 5010/52/16 5006/56/16 5045/89/16
f 5020/101/39 5028/101/39 5027/102/39 5019/102/39
f 5019/103/1 5027/103/1 5025/104/1 5017/104/1
f 5018/105/35 5026/105/35 5028/106/35 5020/106/35
f 5017/107/38 5025/108/38 5026/109/38 5018/110/38
f 5062/111/16 5059/112/16 5066/113/16 5064/114/16
f 5063/111/16 5061/114/16 5060/113/16 5065/112/16
f 5159/86/16 5149/85/16 5199/85/16 5204/86/16
f 5142/1/17 5137/4/17 5101/3/17 5108/2/17
f 5094/5/793 5095/8/794 5084/7/795 5082/6/796
f 5096/9/797 5094/12/798 5082/11/798 5083/10/799
f 5094/12/55 5096/9/55 5090/14/55 5088/13/55
f 5095/8/271 5094/5/271 5088/16/271 5089/15/271
f 5079/12/800 5080/9/801 5093/18/802 5091/17/800
f 5081/8/803 5079/5/804 5091/20/804 5092/19/805
f 5085/13/316 5086/14/316 5080/9/316 5079/12/316
f 5087/15/317 5085/16/317 5079/5/317 5081/8/317
f 5091/17/35 5093/18/35 5083/10/35 5082/11/35
f 5092/19/35 5091/20/35 5082/6/35 5084/7/35
f 5088/13/1 5090/14/1 5086/14/1 5085/13/1
f 5089/15/1 5088/16/1 5085/16/1 5087/15/1
f 5100/33/35 5101/34/35 5105/34/35 5103/33/35
f 5102/35/35 5100/36/35 5103/36/35 5104/35/35
f 5106/28/806 5108/25/807 5101/34/808 5100/33/807
f 5107/24/711 5106/21/809 5100/36/810 5102/35/811
f 5103/33/812 5105/34/813 5098/25/812 5097/28/814
f 5104/35/815 5103/36/816 5097/21/817 5099/24/816
f 5096/37/797 5083/40/799 5143/39/818 5144/38/818
f 5115/41/819 5118/44/820 5084/43/821 5095/42/822
f 5092/45/35 5084/43/35 5118/44/35 5113/46/35
f 5087/47/17 5081/42/17 5117/41/17 5109/48/17
f 5081/42/823 5092/45/824 5113/46/825 5117/41/826
f 5089/47/1 5087/47/1 5109/48/1 5110/48/1
f 5104/55/16 5099/51/16 5116/52/16 5112/56/16
f 5104/55/35 5112/56/35 5111/56/35 5102/55/35
f 5135/59/17 5141/38/17 5080/37/17 5086/60/17
f 5111/61/38 5112/61/38 5110/62/38 5109/62/38
f 5140/63/35 5143/39/35 5083/40/35 5093/64/35
f 5138/4/16 5139/1/16 5098/2/16 5105/3/16
f 5136/59/1 5135/59/1 5086/60/1 5090/60/1
f 5137/67/39 5135/68/39 5136/68/39 5138/67/39
f 5141/38/827 5140/63/828 5093/64/802 5080/37/801
f 5144/38/16 5136/59/16 5090/60/16 5096/37/16
f 5121/69/16 5119/72/16 5123/71/16 5125/70/16
f 5122/73/16 5126/76/16 5124/75/16 5120/74/16
f 5122/73/16 5121/69/16 5125/70/16 5126/76/16
f 5124/75/16 5123/71/16 5119/72/16 5120/74/16
f 5129/69/17 5133/70/17 5131/71/17 5127/72/17
f 5130/73/17 5128/74/17 5132/75/17 5134/76/17
f 5130/73/17 5134/76/17 5133/70/17 5129/69/17
f 5132/75/17 5128/74/17 5127/72/17 5131/71/17
f 5155/77/829 5117/41/826 5113/46/825 5156/78/830
f 5153/81/35 5162/82/35 5143/39/35 5140/63/35
f 5147/83/17 5154/84/17 5141/38/17 5135/59/17
f 5149/85/16 5159/86/16 5139/1/16 5138/4/16
f 5138/4/35 5105/3/35 5101/3/35 5137/4/35
f 5095/42/16 5089/47/16 5110/48/831 5115/41/832
f 5107/51/17 5102/55/17 5111/56/17 5114/52/17
f 5154/84/833 5153/81/834 5140/63/828 5141/38/827
f 5145/83/16 5149/85/16 5138/4/16 5136/59/16
f 5157/86/17 5150/85/17 5137/4/17 5142/1/17
f 5161/84/16 5145/83/16 5136/59/16 5144/38/16
f 5150/85/17 5147/83/17 5135/59/17 5137/4/17
f 5148/88/832 5164/77/835 5115/41/832 5110/48/831
f 5152/89/17 5158/79/17 5114/52/17 5111/56/17
f 5155/90/745 5164/90/745 5148/91/39 5146/91/39
f 5156/78/35 5113/46/35 5118/44/35 5163/92/35
f 5109/48/17 5117/41/17 5155/77/17 5146/88/17
f 5110/48/831 5112/56/16 5151/89/16 5148/88/832
f 5111/56/17 5109/48/17 5146/88/17 5152/89/17
f 5146/91/39 5148/91/39 5151/93/39 5152/93/39
f 5152/93/39 5151/93/39 5160/95/39 5158/95/39
f 5156/96/840 5163/97/841 5164/90/842 5155/90/790
f 5144/38/818 5143/39/818 5162/82/843 5161/84/844
f 5164/77/845 5163/92/846 5118/44/820 5115/41/819
f 5043/85/16 5053/86/16 5192/86/16 5187/85/16
f 5160/79/16 5151/89/16 5112/56/16 5116/52/16
f 5126/101/39 5125/102/39 5133/102/39 5134/101/39
f 5125/103/35 5123/104/35 5131/104/35 5133/103/35
f 5124/105/1 5126/106/1 5134/106/1 5132/105/1
f 5123/107/38 5124/110/38 5132/109/38 5131/108/38
f 5168/111/16 5170/114/16 5172/113/16 5165/112/16
f 5169/111/16 5171/112/16 5166/113/16 5167/114/16
f 5147/83/17 5150/85/17 5200/85/17 5198/83/17
f 5154/84/17 5147/83/17 5198/83/17 5202/84/17
f 5145/83/16 5161/84/16 5205/84/16 5197/83/16
f 5188/1153/875 5186/1154/876 5185/1154/876 5187/1153/875
f 5191/117/877 5188/1153/875 5187/1153/875 5192/117/877
f 5186/1154/876 5190/406/876 5193/406/876 5185/1154/876
f 5190/406/878 5189/407/879 5194/408/880 5193/406/881
f 5200/1153/876 5199/1153/876 5197/1154/876 5198/1154/876
f 5203/117/876 5204/117/876 5199/1153/876 5200/1153/876
f 5198/1154/876 5197/1154/876 5205/406/876 5202/406/876
f 5202/406/886 5205/406/887 5206/408/888 5201/407/889
s 0
f 5053/118/894 5051/118/894 5191/118/894 5192/118/894
s 1
f 5153/81/899 5154/84/900 5202/84/901 5201/81/902
s 0
f 5157/118/903 5159/118/903 5204/118/903 5203/118/903
s 1
f 5039/83/16 5043/85/16 5187/85/16 5185/83/16
f 5149/85/16 5145/83/16 5197/83/16 5199/85/16
f 5047/81/742 5056/82/904 5194/82/905 5189/81/743
f 5051/86/17 5044/85/17 5188/85/17 5191/86/17
f 5056/82/904 5055/84/906 5193/84/907 5194/82/905
f 5162/82/908 5153/81/899 5201/81/902 5206/82/909
f 5150/85/17 5157/86/17 5203/86/17 5200/85/17
f 5161/84/910 5162/82/908 5206/82/909 5205/84/911
f 5055/84/16 5039/83/16 5185/83/16 5193/84/16
f 5041/83/17 5048/84/17 5190/84/17 5186/83/17
f 5044/85/17 5041/83/17 5186/83/17 5188/85/17
usemtl restaurant.021
f 5075/94/747 5048/86/748 5190/86/749 5195/94/750
f 5074/50/35 5068/49/35 5067/65/35 5073/66/35
f 4974/2/759 5035/1/760 5068/49/761 5074/50/762
f 5055/86/763 5038/1/764 5067/65/764 5077/87/765
f 5183/87/766 5161/86/767 5205/86/768 5208/87/769
f 5038/1/764 4990/2/770 5073/66/771 5067/65/764
f 4973/28/772 4974/25/759 5074/26/762 5071/27/773
f 4988/21/774 4989/24/775 5069/30/776 5072/29/777
f 5035/1/760 5048/86/778 5075/94/779 5068/49/761
f 5049/79/780 4975/51/781 5070/57/782 5076/98/783
f 4975/24/781 4973/21/784 5071/22/785 5070/23/782
f 4990/25/770 4988/28/786 5072/32/787 5073/31/771
f 4989/51/775 5058/80/788 5069/54/776
f 5070/23/35 5071/22/35 5072/29/35 5069/30/35
f 5068/49/35 5075/94/35 5077/87/35 5067/65/35
f 5071/27/35 5074/26/35 5073/31/35 5072/32/35
f 5076/98/789 5070/57/35 5069/54/35 5058/80/789
f 5049/95/790 5076/99/791 5058/95/792
f 5055/86/836 5077/87/837 5196/87/838 5193/86/839
f 5180/50/1 5179/66/1 5173/65/1 5174/49/1
f 5080/2/847 5180/50/848 5174/49/849 5141/1/849
f 5161/86/850 5183/87/851 5173/65/852 5144/1/853
f 5144/1/853 5173/65/852 5179/66/854 5096/2/855
f 5079/28/856 5177/27/857 5180/26/848 5080/25/847
f 5094/21/858 5178/29/858 5175/30/859 5095/24/860
f 5141/1/849 5174/49/849 5181/94/861 5154/86/862
f 5155/79/863 5182/98/864 5176/57/865 5081/51/866
f 5081/24/866 5176/23/865 5177/22/867 5079/21/868
f 5096/25/855 5179/31/854 5178/32/869 5094/28/869
f 5095/51/860 5175/54/859 5164/80/870
f 5176/23/871 5175/30/1 5178/29/1 5177/22/1
f 5174/49/1 5173/65/1 5183/87/1 5181/94/1
f 5177/27/1 5178/32/1 5179/31/1 5180/26/1
f 5182/98/1 5164/80/1 5175/54/1 5176/57/871
f 5155/95/872 5164/95/873 5182/99/874
f 5195/115/882 5190/117/883 5193/117/884 5196/116/885
f 5207/115/890 5208/116/891 5205/117/892 5202/117/893
f 5154/86/895 5181/94/896 5207/94/897 5202/86/898
f 5077/87/837 5075/94/747 5195/94/750 5196/87/838
f 5181/94/896 5183/87/766 5208/87/769 5207/94/897
usemtl restaurant.019
f 5259/81/912 5215/63/913 5218/39/913 5265/82/912
f 5227/83/17 5209/59/17 5141/38/17 5202/84/17
f 5235/85/16 5212/4/16 5214/1/16 5193/86/16
f 5254/50/35 5216/49/914 5213/65/914 5253/66/35
f 5250/37/915 5219/38/916 5218/39/917 5251/40/918
f 4974/2/919 5217/1/920 5216/49/921 5254/50/922
f 5202/84/923 5141/38/924 5215/63/924 5259/81/925
f 5193/86/926 5214/1/927 5213/65/928 5263/87/929
f 5223/83/16 5210/59/16 5212/4/16 5235/85/16
f 5190/86/17 5217/1/17 5211/4/17 5236/85/17
f 5205/84/16 5219/38/16 5210/59/16 5223/83/16
f 5236/85/17 5211/4/17 5209/59/17 5227/83/17
f 5238/89/1 5237/55/1 5233/55/1 5239/89/1
f 5228/47/35 5229/88/35 5224/88/35 5221/47/35
f 5225/16/35 5220/16/35 5228/15/35 5221/15/35
f 5226/14/35 5222/14/35 5220/13/35 5225/13/35
f 5236/1153/930 5227/1154/931 5223/1154/931 5235/1153/930
f 5155/90/932 5224/91/932 5229/91/932 5164/90/932
f 5258/5/271 5095/8/271 5228/15/271 5220/16/271
f 5250/9/55 5258/12/55 5220/13/55 5222/14/55
f 5095/42/933 5164/77/933 5229/88/933 5228/47/933
f 5219/38/16 5250/37/16 5222/60/16 5210/59/16
f 5217/1/17 4974/2/17 5232/3/17 5211/4/17
f 5209/59/35 5210/59/35 5222/60/35 5226/60/35
f 5231/36/1 5230/36/1 5233/35/1 5237/35/1
f 5247/21/317 4975/24/317 5233/35/317 5230/36/317
f 4975/51/17 5049/79/17 5239/89/17 5233/55/17
f 5232/34/1 5230/33/1 5231/33/1 5234/34/1
f 4974/25/316 5247/28/316 5230/33/316 5232/34/316
f 5212/4/1 5211/4/1 5232/3/1 5234/3/1
f 5211/67/39 5212/67/39 5210/68/39 5209/68/39
f 5190/117/934 5236/1153/930 5235/1153/930 5193/117/934
f 5227/1154/931 5202/406/935 5205/406/935 5223/1154/931
f 5261/115/936 5190/117/936 5193/117/936 5263/116/936
f 5239/93/39 5049/95/39 5058/95/39 5238/93/39
f 5260/78/14 5155/77/14 5164/77/14 5266/92/14
f 5243/45/1 5260/78/1 5266/92/1 5244/43/1
f 5258/12/937 5250/9/915 5251/10/918 5257/11/937
f 5214/1/927 5252/2/938 5253/66/939 5213/65/928
f 5247/28/940 4974/25/919 5254/26/922 5246/27/940
f 5141/38/924 5255/37/941 5256/64/942 5215/63/924
f 5255/9/941 5240/12/943 5241/11/943 5256/18/942
f 5249/21/944 4989/24/945 5242/30/946 5248/29/944
f 5240/5/947 5081/8/948 5243/19/949 5241/6/947
f 5217/1/920 5190/86/950 5261/94/950 5216/49/921
f 5049/79/951 4975/51/952 5245/57/953 5262/98/954
f 4975/24/952 5247/21/955 5246/22/956 5245/23/953
f 5252/25/938 5249/28/957 5248/32/957 5253/31/939
f 5219/38/916 5205/84/958 5265/82/959 5218/39/917
f 5095/8/960 5258/5/961 5257/6/961 5244/7/962
f 5081/42/948 5155/77/963 5260/78/963 5243/45/949
f 5164/77/964 5095/42/960 5244/43/962 5266/92/964
f 4989/51/945 5058/79/965 5264/80/965 5242/54/946
f 5245/23/35 5246/22/35 5248/29/35 5242/30/35
f 5216/49/914 5261/94/966 5263/87/966 5213/65/914
f 5231/36/271 5237/35/271 4989/24/271 5249/21/271
f 5256/18/1 5241/11/1 5257/11/1 5251/10/1
f 5246/27/35 5254/26/35 5253/31/35 5248/32/35
f 5262/98/35 5245/57/35 5242/54/35 5264/80/35
f 5226/14/316 5225/13/316 5240/12/316 5255/9/316
f 5234/34/55 5231/33/55 5249/28/55 5252/25/55
f 5202/406/967 5259/407/968 5265/408/967 5205/406/967
f 5221/47/17 5224/88/17 5155/77/17 5081/42/17
f 5225/16/317 5221/15/317 5081/8/317 5240/5/317
f 5241/6/1 5243/19/1 5244/7/1 5257/6/1
f 5049/95/7 5262/99/7 5264/100/7 5058/95/7
f 5237/55/16 5238/89/16 5058/79/16 4989/51/16
f 5212/4/16 5234/3/16 5252/2/16 5214/1/16
f 5209/59/17 5226/60/17 5255/37/17 5141/38/17
f 5215/63/913 5256/64/1 5251/40/1 5218/39/913
f 5278/1155/35 5277/1155/35 5281/1156/35 5282/1156/35
f 5276/1157/1 5280/1158/1 5279/1158/1 5275/1157/1
f 5280/1159/39 5282/1160/39 5281/1160/39 5279/1159/39
f 5269/1161/39 5270/1161/39 5277/1162/39 5278/1162/39
f 5271/1163/17 5279/1164/17 5281/1165/17 5274/1166/17
f 5272/1163/16 5280/1164/16 5276/1167/16 5268/1168/16
f 5273/1166/16 5269/1161/16 5278/1162/16 5282/1165/16
f 5268/1168/39 5276/1167/39 5275/1167/39 5267/1168/39
f 5273/1166/16 5282/1165/16 5280/1164/16 5272/1163/16
f 5267/1168/17 5275/1167/17 5279/1164/17 5271/1163/17
f 5270/1161/17 5274/1166/17 5281/1165/17 5277/1162/17
s 0
usemtl restaurant.014
f 5293/118/147 5295/118/147 5477/118/147 5476/118/147
f 5506/118/1053 5508/118/1053 5554/118/1053 5553/118/1053
f 5569/118/1070 5602/118/1070 5603/118/1070 5571/118/1070
s 1
usemtl restaurant.016
f 5352/1/1 5320/2/1 5310/3/1 5347/4/1
f 5283/12/969 5300/13/969 5302/14/970 5284/9/971
f 5285/8/972 5301/15/973 5300/16/973 5283/5/973
f 5297/13/974 5286/12/974 5288/9/974 5298/14/974
f 5299/15/975 5287/8/976 5286/5/975 5297/16/975
f 5300/13/17 5297/13/17 5298/14/17 5302/14/17
f 5301/15/17 5299/15/17 5297/16/17 5300/16/17
f 5318/21/977 5306/22/977 5308/23/977 5319/24/977
f 5320/25/978 5307/26/979 5306/27/980 5318/28/980
f 5306/22/17 5315/29/17 5317/30/17 5308/23/17
f 5307/26/17 5316/31/17 5315/32/17 5306/27/17
f 5309/33/16 5312/33/16 5314/34/16 5310/34/16
f 5311/35/16 5313/35/16 5312/36/16 5309/36/16
f 5318/28/14 5309/33/14 5310/34/14 5320/25/14
f 5319/24/15 5311/35/15 5309/36/15 5318/21/15
f 5303/28/22 5315/32/22 5316/31/23 5304/25/24
f 5305/24/25 5317/30/981 5315/29/25 5303/21/25
f 5312/33/7 5303/28/7 5304/25/7 5314/34/7
f 5313/35/8 5305/24/8 5303/21/8 5312/36/8
f 5299/47/1 5321/48/1 5289/41/1 5287/42/1
f 5301/47/17 5322/48/17 5321/48/17 5299/47/17
f 5320/2/978 5352/1/982 5351/49/983 5307/50/979
f 5305/51/33 5327/52/984 5325/53/34 5317/54/985
f 5313/55/35 5324/56/35 5327/52/35 5305/51/35
f 5326/52/986 5319/51/987 5308/57/987 5328/58/986
f 5328/58/17 5308/57/17 5317/54/17 5325/53/17
f 5313/55/16 5311/55/16 5323/56/16 5324/56/16
f 5345/59/1 5298/60/1 5288/37/1 5292/38/1
f 5323/61/38 5321/62/38 5322/62/38 5324/61/38
f 5348/4/35 5314/3/35 5304/2/35 5350/1/35
f 5346/59/17 5302/60/17 5298/60/17 5345/59/17
f 5307/50/17 5351/49/17 5349/65/17 5316/66/17
f 5347/67/39 5348/67/39 5346/68/39 5345/68/39
f 5350/1/40 5304/2/24 5316/66/23 5349/65/988
f 5353/38/35 5284/37/35 5302/60/35 5346/59/35
f 5331/69/35 5335/70/35 5333/71/35 5329/72/35
f 5332/73/35 5330/74/35 5334/75/35 5336/76/35
f 5332/73/35 5336/76/35 5335/70/35 5331/69/35
f 5339/69/1 5337/72/1 5341/71/1 5343/70/1
f 5340/73/1 5344/76/1 5342/75/1 5338/74/1
f 5340/73/1 5339/69/1 5343/70/1 5344/76/1
f 5344/106/17 5336/106/17 5334/105/17 5342/105/17
f 5341/104/16 5333/104/16 5335/103/16 5343/103/16
f 5343/102/39 5335/102/39 5336/101/39 5344/101/39
f 5327/52/984 5368/79/44 5369/80/44 5325/53/34
f 5356/83/1 5345/59/1 5292/38/1 5293/84/1
f 5358/85/35 5348/4/35 5350/1/35 5367/86/35
f 5348/4/16 5347/4/16 5310/3/16 5314/3/16
f 5285/42/35 5290/41/35 5322/48/35 5301/47/35
f 5319/51/1 5326/52/1 5323/56/1 5311/55/1
f 5367/86/46 5350/1/40 5349/65/988 5366/87/46
f 5354/83/35 5346/59/35 5348/4/35 5358/85/35
f 5362/86/1 5352/1/1 5347/4/1 5359/85/1
f 5295/84/35 5353/38/35 5346/59/35 5354/83/35
f 5359/85/1 5347/4/1 5345/59/1 5356/83/1
f 5357/88/35 5322/48/35 5290/41/35 5296/77/35
f 5361/89/1 5323/56/1 5326/52/1 5365/79/1
f 5362/86/1 5359/85/1 5481/85/1 5482/86/1
f 5294/90/39 5355/91/39 5357/91/39 5296/90/39
f 5321/48/1 5355/88/1 5294/77/1 5289/41/1
f 5322/48/35 5357/88/35 5360/89/35 5324/56/35
f 5323/56/1 5361/89/1 5355/88/1 5321/48/1
f 5355/91/39 5361/93/39 5360/93/39 5357/91/39
f 5295/84/35 5354/83/35 5478/83/35 5477/84/35
f 5361/93/39 5365/95/39 5368/95/39 5360/93/39
f 5352/1/982 5362/86/992 5363/94/992 5351/49/983
f 5365/79/993 5326/52/986 5328/58/986 5364/98/993
f 5351/49/17 5363/94/17 5366/87/17 5349/65/17
f 5364/98/17 5328/58/17 5325/53/17 5369/80/17
f 5365/95/316 5364/99/316 5369/100/316 5368/95/316
f 5368/79/35 5327/52/35 5324/56/35 5360/89/35
f 5372/119/39 5373/119/39 5371/120/39 5370/120/39
f 5372/121/1 5370/124/1 5375/123/1 5380/122/1
f 5379/122/17 5380/126/17 5381/125/17 5378/125/17
f 5381/127/38 5374/129/38 5377/128/38 5378/127/38
f 5371/124/35 5373/121/35 5379/126/35 5376/130/35
f 5376/131/8 5379/132/8 5378/132/8 5377/131/8
f 5380/132/15 5375/131/15 5374/133/15 5381/132/15
f 5375/130/16 5376/123/16 5377/135/16 5374/134/16
f 5373/121/17 5372/121/17 5380/126/17 5379/122/17
f 5370/124/16 5371/124/16 5376/123/16 5375/130/16
f 5358/85/35 5367/86/35 5485/86/35 5480/85/35
f 5366/87/1022 5363/94/1023 5483/94/1024 5484/87/1025
f 5481/1153/38 5479/1154/38 5478/1154/38 5480/1153/38
f 5482/117/38 5481/1153/38 5480/1153/38 5485/117/38
f 5479/1154/38 5476/406/38 5477/406/38 5478/1154/38
f 5483/115/317 5482/117/317 5485/117/317 5484/116/317
f 5356/83/1 5293/84/1 5476/84/1 5479/83/1
f 5359/85/1 5356/83/1 5479/83/1 5481/85/1
f 5367/86/1028 5366/87/1022 5484/87/1025 5485/86/102
f 5363/94/1023 5362/86/1034 5482/86/1035 5483/94/1024
f 5354/83/35 5358/85/35 5480/85/35 5478/83/35
f 5496/12/1037 5513/13/1038 5515/14/1039 5497/9/1040
f 5498/8/1041 5514/15/1042 5513/16/1043 5496/5/1044
f 5510/13/1045 5499/12/1046 5501/9/1047 5511/14/1048
f 5512/15/1049 5500/8/1050 5499/5/1051 5510/16/1052
f 5513/13/1 5510/13/1 5511/14/1 5515/14/1
f 5514/15/1 5512/15/1 5510/16/1 5513/16/1
f 5512/47/16 5516/48/16 5502/41/16 5500/42/16
f 5514/47/1 5517/48/1 5516/48/1 5512/47/1
f 5528/59/16 5511/60/16 5501/37/16 5505/38/16
f 5518/61/38 5516/62/38 5517/62/38 5519/61/38
f 5529/59/1 5515/60/1 5511/60/1 5528/59/1
f 5530/67/39 5531/67/39 5529/68/39 5528/68/39
f 5532/38/17 5497/37/17 5515/60/17 5529/59/17
f 5521/73/17 5520/74/17 5522/75/17 5523/76/17
f 5525/73/16 5527/76/16 5526/75/16 5524/74/16
f 5527/106/1 5523/106/1 5522/105/1 5526/105/1
f 5535/83/16 5528/59/16 5505/38/16 5506/84/16
f 5498/42/17 5503/41/17 5517/48/17 5514/47/17
f 5533/83/17 5529/59/17 5531/4/17 5537/85/17
f 5508/84/17 5532/38/17 5529/59/17 5533/83/17
f 5538/85/16 5530/4/16 5528/59/16 5535/83/16
f 5536/88/17 5517/48/17 5503/41/17 5509/77/17
f 5507/90/39 5534/91/39 5536/91/39 5509/90/39
f 5516/48/16 5534/88/16 5507/77/16 5502/41/16
f 5517/48/17 5536/88/17 5539/89/17 5519/56/17
f 5518/56/16 5540/89/16 5534/88/16 5516/48/16
f 5534/91/39 5540/93/39 5539/93/39 5536/91/39
f 5508/84/17 5533/83/17 5555/83/17 5554/84/17
f 5543/119/39 5544/119/39 5542/120/39 5541/120/39
f 5543/121/16 5541/124/16 5546/123/16 5551/122/16
f 5550/122/1 5551/122/1 5552/125/1 5549/125/1
f 5552/127/38 5545/129/38 5548/128/38 5549/127/38
f 5542/124/17 5544/121/17 5550/122/17 5547/130/17
f 5547/131/317 5550/132/317 5549/132/317 5548/131/317
f 5551/132/271 5546/131/271 5545/133/271 5552/132/271
f 5546/123/35 5547/130/35 5548/135/35 5545/134/35
f 5544/121/1 5543/121/1 5551/122/1 5550/122/1
f 5541/124/35 5542/124/35 5547/130/35 5546/123/35
f 5558/1153/876 5556/1154/876 5555/1154/876 5557/1153/876
f 5556/1154/876 5553/406/876 5554/406/876 5555/1154/876
f 5535/83/16 5506/84/16 5553/84/16 5556/83/16
f 5538/85/16 5535/83/16 5556/83/16 5558/85/16
f 5533/83/17 5537/85/17 5557/85/17 5555/83/17
f 5559/12/1054 5560/9/1055 5578/14/1056 5576/13/1057
f 5561/8/1058 5559/5/1059 5576/16/1060 5577/15/1061
f 5573/13/1062 5574/14/1063 5564/9/1064 5562/12/1065
f 5575/15/1066 5573/16/1067 5562/5/1068 5563/8/1069
f 5576/13/35 5578/14/35 5574/14/35 5573/13/35
f 5577/15/35 5576/16/35 5573/16/35 5575/15/35
f 5575/47/16 5563/42/16 5565/41/16 5579/48/16
f 5577/47/35 5575/47/35 5579/48/35 5580/48/35
f 5589/59/16 5568/38/16 5564/37/16 5574/60/16
f 5518/61/38 5519/61/38 5580/62/38 5579/62/38
f 5590/59/35 5589/59/35 5574/60/35 5578/60/35
f 5530/67/39 5589/68/39 5590/68/39 5531/67/39
f 5591/38/17 5590/59/17 5578/60/17 5560/37/17
f 5582/73/17 5584/76/17 5583/75/17 5581/74/17
f 5586/73/16 5585/74/16 5587/75/16 5588/76/16
f 5588/106/35 5587/105/35 5583/105/35 5584/106/35
f 5594/83/16 5569/84/16 5568/38/16 5589/59/16
f 5561/42/17 5577/47/17 5580/48/17 5566/41/17
f 5592/83/17 5537/85/17 5531/4/17 5590/59/17
f 5571/84/17 5592/83/17 5590/59/17 5591/38/17
f 5538/85/16 5594/83/16 5589/59/16 5530/4/16
f 5595/88/17 5572/77/17 5566/41/17 5580/48/17
f 5570/90/39 5572/90/39 5595/91/39 5593/91/39
f 5579/48/16 5565/41/16 5570/77/16 5593/88/16
f 5580/48/17 5519/56/17 5539/89/17 5595/88/17
f 5518/56/16 5579/48/16 5593/88/16 5540/89/16
f 5593/91/39 5595/91/39 5539/93/39 5540/93/39
f 5571/84/17 5603/84/17 5604/83/17 5592/83/17
f 5543/119/39 5596/120/39 5597/120/39 5544/119/39
f 5543/121/16 5551/122/16 5599/123/16 5596/124/16
f 5552/127/38 5549/127/38 5601/128/38 5598/129/38
f 5597/124/17 5600/130/17 5550/122/17 5544/121/17
f 5600/131/317 5601/131/317 5549/132/317 5550/132/317
f 5551/132/271 5552/132/271 5598/133/271 5599/131/271
f 5599/123/1 5598/134/1 5601/135/1 5600/130/1
f 5596/124/1 5599/123/1 5600/130/1 5597/124/1
f 5558/1153/876 5557/1153/876 5604/1154/876 5605/1154/876
f 5605/1154/876 5604/1154/876 5603/406/876 5602/406/876
f 5594/83/16 5605/83/16 5602/84/16 5569/84/16
f 5538/85/16 5558/85/16 5605/83/16 5594/83/16
f 5592/83/17 5604/83/17 5557/85/17 5537/85/17
usemtl restaurant.017
f 5453/85/1 5450/83/1 5487/83/1 5489/85/1
f 5463/86/989 5462/87/990 5493/87/991 5494/86/989
f 5446/1/1 5411/2/1 5401/3/1 5440/4/1
f 5303/5/69 5382/6/69 5384/7/69 5305/8/69
f 5304/9/68 5383/10/5 5382/11/67 5303/12/67
f 5303/12/7 5388/13/7 5390/14/7 5304/9/7
f 5305/8/8 5389/15/8 5388/16/8 5303/5/8
f 5318/12/994 5391/17/994 5393/18/995 5320/9/12
f 5319/8/996 5392/19/996 5391/20/996 5318/5/996
f 5385/13/14 5318/12/14 5320/9/14 5386/14/14
f 5387/15/15 5319/8/15 5318/5/15 5385/16/15
f 5391/17/16 5382/11/16 5383/10/16 5393/18/16
f 5392/19/16 5384/7/16 5382/6/16 5391/20/16
f 5388/13/17 5385/13/17 5386/14/17 5390/14/17
f 5389/15/17 5387/15/17 5385/16/17 5388/16/17
f 5409/21/997 5397/22/997 5399/23/997 5410/24/997
f 5411/25/998 5398/26/999 5397/27/1000 5409/28/1000
f 5397/22/1001 5406/29/1001 5408/30/1002 5399/23/1002
f 5398/26/1003 5407/31/1003 5406/32/1001 5397/27/1001
f 5400/33/16 5403/33/16 5405/34/16 5401/34/16
f 5402/35/16 5404/35/16 5403/36/16 5400/36/16
f 5409/28/14 5400/33/14 5401/34/14 5411/25/14
f 5410/24/15 5402/35/15 5400/36/15 5409/21/15
f 5394/28/1004 5406/32/1004 5407/31/1005 5395/25/1006
f 5396/24/1007 5408/30/1007 5406/29/1007 5394/21/1007
f 5403/33/1008 5394/28/1008 5395/25/1008 5405/34/1008
f 5404/35/1009 5396/24/1009 5394/21/1009 5403/36/1009
f 5304/37/68 5350/38/27 5447/39/1010 5383/40/5
f 5327/41/1011 5305/42/29 5384/43/29 5421/44/1011
f 5392/45/16 5417/46/16 5421/44/16 5384/43/16
f 5387/47/1 5412/48/1 5326/41/1 5319/42/1
f 5319/42/30 5326/41/31 5417/46/31 5392/45/30
f 5389/47/17 5413/48/17 5412/48/17 5387/47/17
f 5411/2/998 5446/1/982 5445/49/982 5398/50/999
f 5396/51/1012 5419/52/1013 5416/53/1013 5408/54/1012
f 5404/55/35 5415/56/35 5419/52/35 5396/51/35
f 5418/52/986 5410/51/987 5399/57/987 5420/58/986
f 5420/58/17 5399/57/1002 5408/54/1002 5416/53/17
f 5404/55/16 5402/55/16 5414/56/16 5415/56/16
f 5438/59/1 5386/60/1 5320/37/1 5352/38/1
f 5414/61/38 5412/62/38 5413/62/38 5415/61/38
f 5444/63/16 5393/64/16 5383/40/16 5447/39/16
f 5441/4/35 5405/3/35 5395/2/35 5443/1/35
f 5439/59/17 5390/60/17 5386/60/17 5438/59/17
f 5398/50/1003 5445/49/17 5442/65/17 5407/66/1003
f 5440/67/39 5441/67/39 5439/68/39 5438/68/39
f 5443/1/1014 5395/2/1006 5407/66/1005 5442/65/1014
f 5352/38/41 5320/37/12 5393/64/995 5444/63/41
f 5350/38/35 5304/37/35 5390/60/35 5439/59/35
f 5424/69/35 5428/70/35 5426/71/35 5422/72/35
f 5425/73/35 5423/74/35 5427/75/35 5429/76/35
f 5425/73/35 5429/76/35 5428/70/35 5424/69/35
f 5427/75/35 5423/74/35 5422/72/35 5426/71/35
f 5432/69/1 5430/72/1 5434/71/1 5436/70/1
f 5433/73/1 5437/76/1 5435/75/1 5431/74/1
f 5433/73/1 5432/69/1 5436/70/1 5437/76/1
f 5435/75/1 5434/71/1 5430/72/1 5431/74/1
f 5365/77/43 5457/78/43 5417/46/31 5326/41/31
f 5419/52/1013 5464/79/1015 5465/80/1015 5416/53/1013
f 5456/81/16 5444/63/16 5447/39/16 5466/82/16
f 5450/83/1 5438/59/1 5352/38/1 5362/84/1
f 5452/85/35 5441/4/35 5443/1/35 5463/86/35
f 5441/4/16 5440/4/16 5401/3/16 5405/3/16
f 5305/42/35 5327/41/35 5413/48/35 5389/47/35
f 5410/51/1 5418/52/1 5414/56/1 5402/55/1
f 5362/84/1016 5352/38/41 5444/63/41 5456/81/1016
f 5463/86/1017 5443/1/1014 5442/65/1014 5462/87/1017
f 5448/83/35 5439/59/35 5441/4/35 5452/85/35
f 5458/86/1 5446/1/1 5440/4/1 5453/85/1
f 5367/84/35 5350/38/35 5439/59/35 5448/83/35
f 5453/85/1 5440/4/1 5438/59/1 5450/83/1
f 5451/88/35 5413/48/35 5327/41/35 5368/77/35
f 5455/89/1 5414/56/1 5418/52/1 5461/79/1
f 5362/84/1018 5456/81/1019 5490/81/1020 5482/84/1021
f 5365/90/39 5449/91/39 5451/91/39 5368/90/39
f 5457/78/16 5467/92/16 5421/44/16 5417/46/16
f 5412/48/1 5449/88/1 5365/77/1 5326/41/1
f 5413/48/35 5451/88/35 5454/89/35 5415/56/35
f 5414/56/1 5455/89/1 5449/88/1 5412/48/1
f 5449/91/39 5455/93/39 5454/93/39 5451/91/39
f 5455/93/39 5461/95/39 5464/95/39 5454/93/39
f 5457/96/55 5365/90/55 5368/90/55 5467/97/55
f 5446/1/982 5458/86/992 5459/94/992 5445/49/982
f 5461/79/993 5418/52/986 5420/58/986 5460/98/993
f 5350/38/27 5367/84/59 5466/82/59 5447/39/1010
f 5368/77/61 5327/41/1011 5421/44/1011 5467/92/61
f 5445/49/17 5459/94/17 5462/87/17 5442/65/17
f 5460/98/17 5420/58/17 5416/53/17 5465/80/17
f 5367/84/35 5448/83/35 5486/83/35 5485/84/35
f 5461/95/1026 5460/99/1026 5465/100/1026 5464/95/1026
f 5464/79/35 5419/52/35 5415/56/35 5454/89/35
f 5429/101/39 5437/101/39 5436/102/39 5428/102/39
f 5428/103/16 5436/103/16 5434/104/16 5426/104/16
f 5427/105/17 5435/105/17 5437/106/17 5429/106/17
f 5426/107/38 5434/108/38 5435/109/38 5427/110/38
f 5471/111/1 5473/114/1 5475/113/1 5468/112/1
f 5472/111/1 5474/112/1 5469/113/1 5470/114/1
f 5489/1153/38 5487/1154/38 5486/1154/38 5488/1153/38
f 5491/117/38 5489/1153/38 5488/1153/38 5494/117/38
f 5487/1154/38 5482/406/38 5485/406/38 5486/1154/38
f 5492/115/1027 5491/117/1027 5494/117/1027 5493/116/1027
f 5482/406/271 5490/407/271 5495/408/271 5485/406/271
f 5448/83/35 5452/85/35 5488/85/35 5486/83/35
f 5452/85/35 5463/86/35 5494/86/35 5488/85/35
f 5450/83/1 5362/84/1 5482/84/1 5487/83/1
f 5456/81/1019 5466/82/1029 5495/82/1030 5490/81/1020
f 5459/94/1031 5458/86/1032 5491/86/1032 5492/94/1033
f 5458/86/1 5453/85/1 5489/85/1 5491/86/1
f 5462/87/990 5459/94/1031 5492/94/1033 5493/87/991
f 5466/82/1029 5367/84/1036 5485/84/53 5495/82/1030
l 4992 5078
l 5078 5053
l 5098 5184
l 5184 5159
l 5284 5291
l 5291 5295
l 5497 5504
l 5504 5508
l 5560 5567
l 5567 5571
