# Blender 4.5.3 LTS
# www.blender.org
mtllib Kitchen.mtl
o Cone.001
v -3.162151 0.100000 0.001927
v -3.162151 1.220000 -0.325673
v -3.088407 0.100000 -0.005337
v -3.152319 1.220000 -0.326642
v -3.017497 0.100000 -0.026847
v -3.142864 1.220000 -0.329510
v -2.952146 0.100000 -0.061778
v -3.134151 1.220000 -0.334167
v -2.894865 0.100000 -0.108787
v -3.126513 1.220000 -0.340435
v -2.847856 0.100000 -0.166068
v -3.120245 1.220000 -0.348073
v -2.812925 0.100000 -0.231419
v -3.115588 1.220000 -0.356786
v -2.791414 0.100000 -0.302329
v -3.112720 1.220000 -0.366241
v -2.784151 0.100000 -0.376073
v -3.111751 1.220000 -0.376073
v -2.791414 0.100000 -0.449818
v -3.112720 1.220000 -0.385906
v -2.812925 0.100000 -0.520728
v -3.115588 1.220000 -0.395361
v -2.847856 0.100000 -0.586079
v -3.120245 1.220000 -0.404074
v -2.894865 0.100000 -0.643360
v -3.126513 1.220000 -0.411712
v -2.952146 0.100000 -0.690369
v -3.134151 1.220000 -0.417980
v -3.017497 0.100000 -0.725300
v -3.142864 1.220000 -0.422637
v -3.088407 0.100000 -0.746810
v -3.152319 1.220000 -0.425505
v -3.162151 0.100000 -0.754073
v -3.162151 1.220000 -0.426473
v -3.235895 0.100000 -0.746810
v -3.171984 1.220000 -0.425505
v -3.306806 0.100000 -0.725300
v -3.181439 1.220000 -0.422637
v -3.372157 0.100000 -0.690369
v -3.190152 1.220000 -0.417980
v -3.429438 0.100000 -0.643360
v -3.197789 1.220000 -0.411712
v -3.476447 0.100000 -0.586079
v -3.204057 1.220000 -0.404074
v -3.511378 0.100000 -0.520728
v -3.208715 1.220000 -0.395361
v -3.532888 0.100000 -0.449818
v -3.211583 1.220000 -0.385906
v -3.540151 0.100000 -0.376073
v -3.212551 1.220000 -0.376073
v -3.532888 0.100000 -0.302329
v -3.211583 1.220000 -0.366241
v -3.511378 0.100000 -0.231419
v -3.208715 1.220000 -0.356786
v -3.476447 0.100000 -0.166068
v -3.204057 1.220000 -0.348073
v -3.429438 0.100000 -0.108787
v -3.197789 1.220000 -0.340435
v -3.372157 0.100000 -0.061778
v -3.190152 1.220000 -0.334167
v -3.306806 0.100000 -0.026847
v -3.181439 1.220000 -0.329510
v -3.235895 0.100000 -0.005337
v -3.171984 1.220000 -0.326642
v -3.162151 0.087663 0.164257
v -3.056738 0.087663 0.153875
v -2.955376 0.087663 0.123127
v -2.861959 0.087663 0.073195
v -2.780080 0.087663 0.005998
v -2.712883 0.087663 -0.075882
v -2.662951 0.087663 -0.169298
v -2.632203 0.087663 -0.270660
v -2.621820 0.087663 -0.376073
v -2.632203 0.087663 -0.481487
v -2.662951 0.087663 -0.582849
v -2.712883 0.087663 -0.676265
v -2.780080 0.087663 -0.758145
v -2.861959 0.087663 -0.825342
v -2.955376 0.087663 -0.875274
v -3.056738 0.087663 -0.906022
v -3.162151 0.087663 -0.916404
v -3.267565 0.087663 -0.906022
v -3.368927 0.087663 -0.875274
v -3.462343 0.087663 -0.825342
v -3.544223 0.087663 -0.758145
v -3.611420 0.087663 -0.676265
v -3.661352 0.087663 -0.582849
v -3.692100 0.087663 -0.481487
v -3.702482 0.087663 -0.376073
v -3.692100 0.087663 -0.270660
v -3.661352 0.087663 -0.169298
v -3.611420 0.087663 -0.075882
v -3.544223 0.087663 0.005998
v -3.462343 0.087663 0.073195
v -3.368927 0.087663 0.123127
v -3.267565 0.087663 0.153875
v -3.162151 0.000337 0.164257
v -3.056738 0.000337 0.153875
v -2.955376 0.000337 0.123127
v -2.861959 0.000337 0.073195
v -2.780080 0.000337 0.005998
v -2.712883 0.000337 -0.075882
v -2.662951 0.000337 -0.169298
v -2.632203 0.000337 -0.270660
v -2.621820 0.000337 -0.376073
v -2.632203 0.000337 -0.481487
v -2.662951 0.000337 -0.582849
v -2.712883 0.000337 -0.676265
v -2.780080 0.000337 -0.758145
v -2.861959 0.000337 -0.825342
v -2.955376 0.000337 -0.875274
v -3.056738 0.000337 -0.906022
v -3.162151 0.000337 -0.916404
v -3.267565 0.000337 -0.906022
v -3.368927 0.000337 -0.875274
v -3.462343 0.000337 -0.825342
v -3.544223 0.000337 -0.758145
v -3.611420 0.000337 -0.676265
v -3.661352 0.000337 -0.582849
v -3.692100 0.000337 -0.481487
v -3.702482 0.000337 -0.376073
v -3.692100 0.000337 -0.270660
v -3.661352 0.000337 -0.169298
v -3.611420 0.000337 -0.075882
v -3.544223 0.000337 0.005998
v -3.462343 0.000337 0.073195
v -3.368927 0.000337 0.123127
v -3.267565 0.000337 0.153875
v -3.162151 0.389470 -0.082743
v -3.104925 0.389470 -0.088380
v -3.049899 0.389470 -0.105072
v -2.999186 0.389470 -0.132178
v -2.954736 0.389470 -0.168658
v -2.918256 0.389470 -0.213108
v -2.891150 0.389470 -0.263821
v -2.874457 0.389470 -0.318848
v -2.868821 0.389470 -0.376073
v -2.874457 0.389470 -0.433299
v -2.891150 0.389470 -0.488326
v -2.918256 0.389470 -0.539039
v -2.954736 0.389470 -0.583489
v -2.999186 0.389470 -0.619969
v -3.049899 0.389470 -0.647075
v -3.104925 0.389470 -0.663767
v -3.162151 0.389470 -0.669404
v -3.219377 0.389470 -0.663767
v -3.274404 0.389470 -0.647075
v -3.325117 0.389470 -0.619969
v -3.369567 0.389470 -0.583489
v -3.406046 0.389470 -0.539039
v -3.433153 0.389470 -0.488326
v -3.449845 0.389470 -0.433299
v -3.455482 0.389470 -0.376073
v -3.449845 0.389470 -0.318848
v -3.433153 0.389470 -0.263821
v -3.406046 0.389470 -0.213108
v -3.369567 0.389470 -0.168658
v -3.325117 0.389470 -0.132178
v -3.274404 0.389470 -0.105072
v -3.219377 0.389470 -0.088380
v -3.162151 0.558555 -0.132201
v -3.114574 0.558555 -0.136887
v -3.068825 0.558555 -0.150765
v -3.026663 0.558555 -0.173301
v -2.989707 0.558555 -0.203629
v -2.959379 0.558555 -0.240585
v -2.936842 0.558555 -0.282747
v -2.922965 0.558555 -0.328496
v -2.918279 0.558555 -0.376073
v -2.922965 0.558555 -0.423651
v -2.936842 0.558555 -0.469399
v -2.959379 0.558555 -0.511562
v -2.989707 0.558555 -0.548517
v -3.026663 0.558555 -0.578846
v -3.068825 0.558555 -0.601382
v -3.114574 0.558555 -0.615260
v -3.162151 0.558555 -0.619946
v -3.209728 0.558555 -0.615260
v -3.255477 0.558555 -0.601382
v -3.297640 0.558555 -0.578846
v -3.334595 0.558555 -0.548517
v -3.364924 0.558555 -0.511562
v -3.387460 0.558555 -0.469399
v -3.401338 0.558555 -0.423651
v -3.406024 0.558555 -0.376073
v -3.401338 0.558555 -0.328496
v -3.387460 0.558555 -0.282747
v -3.364924 0.558555 -0.240585
v -3.334595 0.558555 -0.203629
v -3.297640 0.558555 -0.173301
v -3.255477 0.558555 -0.150765
v -3.209728 0.558555 -0.136887
v -3.162151 0.735048 -0.183825
v -3.124645 0.735048 -0.187519
v -3.088581 0.735048 -0.198459
v -3.055344 0.735048 -0.216225
v -3.026211 0.735048 -0.240133
v -3.002302 0.735048 -0.269266
v -2.984537 0.735048 -0.302503
v -2.973597 0.735048 -0.338568
v -2.969903 0.735048 -0.376073
v -2.973597 0.735048 -0.413579
v -2.984537 0.735048 -0.449644
v -3.002302 0.735048 -0.482881
v -3.026211 0.735048 -0.512014
v -3.055344 0.735048 -0.535922
v -3.088581 0.735048 -0.553688
v -3.124645 0.735048 -0.564628
v -3.162151 0.735048 -0.568322
v -3.199657 0.735048 -0.564628
v -3.235722 0.735048 -0.553688
v -3.268959 0.735048 -0.535922
v -3.298092 0.735048 -0.512014
v -3.322000 0.735048 -0.482881
v -3.339766 0.735048 -0.449644
v -3.350706 0.735048 -0.413579
v -3.354400 0.735048 -0.376073
v -3.350706 0.735048 -0.338568
v -3.339766 0.735048 -0.302503
v -3.322000 0.735048 -0.269266
v -3.298092 0.735048 -0.240133
v -3.268959 0.735048 -0.216225
v -3.235722 0.735048 -0.198459
v -3.199657 0.735048 -0.187519
v -3.162151 0.885030 -0.227695
v -3.133204 0.885030 -0.230546
v -3.105369 0.885030 -0.238989
v -3.079716 0.885030 -0.252701
v -3.057232 0.885030 -0.271154
v -3.038779 0.885030 -0.293639
v -3.025067 0.885030 -0.319291
v -3.016623 0.885030 -0.347126
v -3.013772 0.885030 -0.376073
v -3.016623 0.885030 -0.405021
v -3.025067 0.885030 -0.432856
v -3.038779 0.885030 -0.458508
v -3.057232 0.885030 -0.480993
v -3.079716 0.885030 -0.499446
v -3.105369 0.885030 -0.513158
v -3.133204 0.885030 -0.521601
v -3.162151 0.885030 -0.524452
v -3.191099 0.885030 -0.521601
v -3.218934 0.885030 -0.513158
v -3.244586 0.885030 -0.499446
v -3.267071 0.885030 -0.480993
v -3.285524 0.885030 -0.458508
v -3.299236 0.885030 -0.432856
v -3.307679 0.885030 -0.405021
v -3.310530 0.885030 -0.376073
v -3.307679 0.885030 -0.347126
v -3.299236 0.885030 -0.319291
v -3.285524 0.885030 -0.293639
v -3.267071 0.885030 -0.271154
v -3.244586 0.885030 -0.252701
v -3.218934 0.885030 -0.238989
v -3.191099 0.885030 -0.230546
v 8.030000 0.000000 -9.030000
v 8.030000 0.030000 -9.000000
v 8.000000 0.030000 -9.030000
v 8.030000 0.770000 -9.000000
v 8.000000 0.770000 -9.030000
v 8.030000 -0.000000 -10.969999
v 8.000000 0.030000 -10.969999
v 8.030000 0.030000 -11.000000
v 8.030000 0.770000 -11.000000
v 8.000000 0.770000 -10.969999
v 9.969999 0.000000 -9.030000
v 10.000000 0.030000 -9.030000
v 9.969999 0.030000 -9.000000
v 9.969999 0.770000 -9.000000
v 10.000000 0.770000 -9.030000
v 9.969999 -0.000000 -10.969999
v 9.969999 0.030000 -11.000000
v 10.000000 0.030000 -10.969999
v 9.969999 0.800000 -10.969999
v 10.000000 0.770000 -10.969999
v 9.969999 0.770000 -11.000000
v 8.030000 0.800000 -9.030000
v 8.030000 0.830000 -9.000000
v 8.000000 0.830000 -9.030000
v 8.030000 1.000000 -9.000000
v 8.030000 1.030000 -9.030000
v 8.000000 1.000000 -9.030000
v 8.030000 0.800000 -10.969999
v 8.000000 0.830000 -10.969999
v 8.030000 0.830000 -11.000000
v 8.030000 1.030000 -10.969999
v 8.030000 1.000000 -11.000000
v 8.000000 1.000000 -10.969999
v 9.969999 0.800000 -9.030000
v 10.000000 0.830000 -9.030000
v 9.969999 0.830000 -9.000000
v 9.969999 1.030000 -9.030000
v 9.969999 1.000000 -9.000000
v 10.000000 1.000000 -9.030000
v 9.969999 0.830000 -11.000000
v 10.000000 0.830000 -10.969999
v 9.969999 1.030000 -10.969999
v 10.000000 1.000000 -10.969999
v 9.969999 1.000000 -11.000000
v 8.849999 0.180000 -10.999999
v 8.879999 0.150000 -10.999999
v 9.849999 0.620000 -11.000000
v 9.820000 0.650000 -11.000000
v 9.820000 0.620000 -11.030000
v 9.849999 0.180000 -11.000000
v 9.820000 0.180000 -11.030000
v 9.820000 0.150000 -11.000000
v 8.879999 0.180000 -11.030000
v 8.879999 0.650000 -11.000000
v 8.879999 0.620000 -11.030000
v 8.849999 0.620000 -11.000000
v 8.150000 0.180000 -10.999999
v 8.179999 0.150000 -11.000000
v 8.749999 0.620000 -11.000000
v 8.719999 0.650000 -11.000000
v 8.719999 0.620000 -11.030000
v 8.749999 0.180000 -11.000000
v 8.719999 0.180000 -11.030000
v 8.719999 0.150000 -11.000000
v 8.179999 0.180000 -11.030000
v 8.179999 0.650000 -11.000000
v 8.179999 0.620000 -11.030000
v 8.150000 0.620000 -11.000000
v 8.000000 0.197261 -9.739508
v 8.000000 0.602739 -9.739508
v 8.000000 0.602739 -10.639396
v 8.000000 0.197261 -10.639396
v 9.997972 0.602739 -10.639396
v 9.968574 0.573340 -10.609997
v 9.968574 0.226660 -10.609996
v 9.997972 0.197261 -10.639396
v 9.968574 0.226660 -9.768908
v 9.997972 0.197261 -9.739508
v 9.997972 0.602739 -9.739508
v 9.968574 0.573340 -9.768908
v 8.031425 0.573340 -9.768908
v 8.031425 0.226660 -9.768908
v 8.031425 0.226660 -10.609996
v 8.031425 0.573340 -10.609997
v 9.150000 0.080000 -9.000000
v 9.120000 0.050000 -9.000000
v 8.049999 0.320000 -9.000000
v 8.080000 0.350000 -9.000000
v 8.080000 0.320000 -8.969999
v 8.049999 0.080000 -9.000000
v 8.080000 0.080000 -8.969999
v 8.080000 0.050000 -9.000000
v 9.120000 0.080000 -8.969999
v 9.120000 0.350000 -9.000000
v 9.120000 0.320000 -8.969999
v 9.150000 0.320000 -9.000000
v 9.950000 0.587929 -8.843168
v 9.920000 0.559739 -8.832908
v 8.049999 0.907425 -8.959455
v 8.080000 0.935616 -8.969716
v 8.080000 0.917686 -8.931265
v 8.049999 0.587929 -8.843168
v 8.080000 0.598190 -8.814978
v 8.080000 0.559739 -8.832908
v 9.920000 0.598190 -8.814978
v 9.920000 0.935616 -8.969716
v 9.920000 0.917686 -8.931265
v 9.950000 0.907425 -8.959455
v 9.934999 0.505430 -9.025977
v 8.065000 0.853116 -9.152524
v 8.065000 0.505430 -9.025977
v 9.934999 0.853116 -9.152524
v 9.847281 0.819857 -8.899134
v 9.848349 0.704788 -8.857251
v 9.762516 0.622712 -8.827378
v 9.640062 0.621708 -8.827013
v 9.552719 0.702364 -8.856369
v 9.551650 0.817433 -8.898251
v 9.637483 0.899509 -8.928124
v 9.759936 0.900513 -8.928490
v 9.802444 0.829335 -8.817449
v 9.847281 0.840378 -8.842752
v 9.803188 0.749296 -8.788317
v 9.848349 0.725309 -8.800870
v 9.743484 0.692205 -8.767538
v 9.762516 0.643233 -8.770997
v 9.658309 0.691507 -8.767283
v 9.640062 0.642229 -8.770631
v 9.597554 0.747609 -8.787703
v 9.552719 0.722885 -8.799988
v 9.596811 0.827649 -8.816835
v 9.551650 0.837954 -8.841869
v 9.656514 0.884739 -8.837614
v 9.637483 0.920030 -8.871742
v 9.741691 0.885438 -8.837869
v 9.759936 0.921035 -8.872108
v 9.700000 0.771371 -8.849561
v 8.747848 0.842247 -8.916445
v 8.815496 0.778677 -8.893308
v 8.815496 0.688776 -8.860586
v 8.747848 0.625206 -8.837449
v 8.652176 0.625206 -8.837449
v 8.584527 0.688776 -8.860586
v 8.584527 0.778677 -8.893308
v 8.652176 0.842247 -8.916445
v 8.741375 0.854926 -8.835926
v 8.747848 0.862768 -8.860064
v 8.799871 0.799957 -8.815919
v 8.815496 0.799199 -8.836926
v 8.799871 0.722219 -8.787624
v 8.815496 0.709297 -8.804205
v 8.741375 0.667251 -8.767617
v 8.747848 0.645728 -8.781067
v 8.658648 0.667251 -8.767617
v 8.652177 0.645728 -8.781067
v 8.600152 0.722219 -8.787624
v 8.584527 0.709297 -8.804205
v 8.600152 0.799957 -8.815919
v 8.584527 0.799199 -8.836926
v 8.658648 0.854926 -8.835926
v 8.652176 0.862768 -8.860064
v 8.724354 0.840094 -8.790227
v 8.675671 0.840094 -8.790227
v 8.675671 0.707987 -8.742144
v 8.724354 0.707987 -8.742144
v 9.147841 0.842247 -8.916445
v 9.215490 0.778677 -8.893308
v 9.215490 0.688776 -8.860586
v 9.147841 0.625206 -8.837449
v 9.052171 0.625206 -8.837449
v 8.984521 0.688776 -8.860586
v 8.984521 0.778677 -8.893308
v 9.052171 0.842247 -8.916445
v 9.141369 0.854926 -8.835926
v 9.147841 0.862768 -8.860064
v 9.199865 0.799957 -8.815919
v 9.215490 0.799199 -8.836926
v 9.199865 0.722219 -8.787624
v 9.215490 0.709297 -8.804205
v 9.141369 0.667251 -8.767617
v 9.147841 0.645728 -8.781067
v 9.058642 0.667251 -8.767617
v 9.052171 0.645728 -8.781067
v 9.000146 0.722219 -8.787624
v 8.984521 0.709297 -8.804205
v 9.000146 0.799957 -8.815919
v 8.984521 0.799199 -8.836926
v 9.058642 0.854926 -8.835926
v 9.052171 0.862768 -8.860064
v 9.124348 0.840094 -8.790227
v 9.075665 0.840094 -8.790227
v 9.075665 0.707987 -8.742144
v 9.124348 0.707987 -8.742144
v 8.347838 0.842247 -8.916445
v 8.415487 0.778677 -8.893308
v 8.415487 0.688776 -8.860586
v 8.347838 0.625206 -8.837449
v 8.252167 0.625206 -8.837449
v 8.184518 0.688776 -8.860586
v 8.184518 0.778677 -8.893308
v 8.252167 0.842247 -8.916445
v 8.341366 0.854926 -8.835926
v 8.347838 0.862768 -8.860064
v 8.399862 0.799957 -8.815919
v 8.415487 0.799199 -8.836926
v 8.399862 0.722219 -8.787624
v 8.415487 0.709297 -8.804205
v 8.341366 0.667251 -8.767617
v 8.347838 0.645728 -8.781067
v 8.258639 0.667251 -8.767617
v 8.252167 0.645728 -8.781067
v 8.200143 0.722219 -8.787624
v 8.184518 0.709297 -8.804205
v 8.200143 0.799957 -8.815919
v 8.184518 0.799199 -8.836926
v 8.258639 0.854926 -8.835926
v 8.252167 0.862768 -8.860064
v 8.324345 0.840094 -8.790227
v 8.275661 0.840094 -8.790227
v 8.275661 0.707987 -8.742144
v 8.324345 0.707987 -8.742144
v 9.780789 0.803596 -8.861290
v 9.781376 0.740476 -8.838316
v 9.734293 0.695453 -8.821929
v 9.667122 0.694903 -8.821728
v 9.619209 0.739146 -8.837831
v 9.618624 0.802266 -8.860806
v 9.665707 0.847289 -8.877192
v 9.732878 0.847840 -8.877393
v 8.127000 0.930000 -9.127000
v 8.127000 0.930000 -10.872999
v 9.872999 0.930000 -9.127000
v 9.872999 0.930000 -10.872999
v 9.393785 1.090000 -9.510795
v 9.298326 1.090000 -9.606255
v 9.489244 1.090000 -9.606255
v 9.393785 1.090000 -9.701714
v 9.298326 1.157499 -9.606255
v 9.393785 1.157499 -9.701714
v 9.393785 1.167499 -9.510795
v 9.346054 1.200000 -9.558524
v 9.441514 1.200000 -9.653984
v 9.489244 1.167499 -9.606255
v 9.131882 1.200000 -9.813878
v 9.186229 1.200000 -9.868226
v 9.131882 1.164999 -9.813878
v 9.186229 1.164999 -9.868226
v 9.489215 1.077499 -10.393801
v 9.393755 1.077499 -10.298342
v 9.393755 1.077499 -10.489261
v 9.298295 1.077499 -10.393801
v 9.393755 1.157499 -10.298342
v 9.298295 1.157499 -10.393801
v 9.489215 1.167499 -10.393801
v 9.441483 1.200000 -10.346071
v 9.346025 1.200000 -10.441530
v 9.393755 1.167499 -10.489261
v 9.186161 1.200000 -10.131896
v 9.131812 1.200000 -10.186244
v 9.186161 1.164999 -10.131896
v 9.131812 1.164999 -10.186244
v 8.606203 1.077499 -10.489213
v 8.701662 1.077499 -10.393754
v 8.510745 1.077499 -10.393754
v 8.606203 1.077499 -10.298294
v 8.701662 1.157499 -10.393754
v 8.606203 1.157499 -10.298294
v 8.606203 1.167499 -10.489213
v 8.653934 1.200000 -10.441483
v 8.558474 1.200000 -10.346025
v 8.510745 1.167499 -10.393754
v 8.868132 1.200000 -10.186134
v 8.813785 1.200000 -10.131785
v 8.868132 1.164999 -10.186134
v 8.813785 1.164999 -10.131785
v 8.510774 1.090000 -9.606207
v 8.606233 1.090000 -9.701667
v 8.606233 1.090000 -9.510748
v 8.701693 1.090000 -9.606207
v 8.606233 1.157499 -9.701667
v 8.701693 1.157499 -9.606207
v 8.510774 1.167499 -9.606207
v 8.558504 1.200000 -9.653936
v 8.653964 1.200000 -9.558477
v 8.606233 1.167499 -9.510748
v 8.813852 1.200000 -9.868115
v 8.868202 1.200000 -9.813767
v 8.813852 1.164999 -9.868115
v 8.868202 1.164999 -9.813767
v 8.792654 1.139999 -10.055561
v 8.497954 1.090000 -10.134525
v 8.792654 1.139999 -9.944448
v 8.497954 1.090000 -9.865483
v 8.848209 1.139999 -9.848221
v 8.632474 1.090000 -9.632485
v 8.944436 1.139999 -9.792664
v 8.865472 1.090000 -9.497964
v 9.055550 1.139999 -9.792664
v 9.134514 1.090000 -9.497964
v 9.151776 1.139999 -9.848221
v 9.367512 1.090000 -9.632485
v 9.207334 1.139999 -9.944448
v 9.502033 1.090000 -9.865483
v 9.207334 1.139999 -10.055561
v 9.502033 1.090000 -10.134525
v 9.151776 1.139999 -10.151788
v 9.367512 1.089999 -10.367523
v 9.055550 1.139999 -10.207345
v 9.134516 1.089999 -10.502045
v 8.944436 1.139999 -10.207345
v 8.865472 1.089999 -10.502045
v 8.848209 1.139999 -10.151788
v 8.632474 1.089999 -10.367523
v 8.877701 1.139999 -10.456405
v 8.665885 1.139999 -10.334112
v 9.122285 1.139999 -10.456405
v 9.334103 1.139999 -10.334112
v 9.456393 1.139999 -10.122296
v 9.456393 1.139999 -9.877712
v 9.334101 1.139999 -9.665896
v 9.122285 1.139999 -9.543605
v 8.877701 1.139999 -9.543605
v 8.665885 1.139999 -9.665896
v 8.543592 1.139999 -9.877712
v 8.543592 1.139999 -10.122296
v 8.999994 1.173999 -10.000004
v 8.999994 1.174000 -10.084690
v 8.926653 1.174000 -10.042347
v 9.073335 1.174000 -10.042347
v 9.073335 1.174000 -9.957662
v 8.999994 1.174000 -9.915318
v 8.926653 1.174000 -9.957662
v 8.127000 1.075000 -9.127000
v 8.151999 1.100000 -9.151999
v 8.151999 1.100000 -10.848000
v 8.127000 1.075000 -10.872999
v 9.848000 1.100000 -10.848000
v 9.872999 1.075000 -10.872999
v 9.848000 1.100000 -9.151999
v 9.872999 1.075000 -9.127000
v 9.624402 1.090000 -9.932460
v 9.489402 1.090000 -9.932460
v 9.624401 1.090000 -10.067459
v 9.489402 1.090000 -10.067460
v 9.489402 1.157499 -9.932460
v 9.489402 1.157499 -10.067460
v 9.624402 1.167499 -9.932460
v 9.556901 1.200000 -9.932459
v 9.556901 1.200000 -10.067459
v 9.624401 1.167499 -10.067459
v 9.323690 1.207688 -9.944726
v 9.323690 1.207688 -10.055349
v 9.323690 1.157311 -9.944726
v 9.323690 1.157311 -10.055349
v 9.067501 1.077499 -10.624318
v 9.067500 1.077499 -10.489318
v 8.932501 1.077499 -10.624318
v 8.932500 1.077499 -10.489318
v 9.067500 1.157499 -10.489318
v 8.932500 1.157499 -10.489318
v 9.067501 1.167499 -10.624318
v 9.067500 1.200000 -10.556817
v 8.932501 1.200000 -10.556818
v 8.932501 1.167499 -10.624318
v 9.055274 1.207688 -10.323627
v 8.944648 1.207688 -10.323626
v 9.055274 1.157311 -10.323627
v 8.944648 1.157311 -10.323626
v 8.375650 1.077499 -10.067401
v 8.510651 1.077499 -10.067402
v 8.375651 1.077499 -9.932402
v 8.510651 1.077499 -9.932401
v 8.510651 1.157499 -10.067402
v 8.510651 1.157499 -9.932401
v 8.375650 1.167499 -10.067401
v 8.443151 1.200000 -10.067402
v 8.443151 1.200000 -9.932402
v 8.375651 1.167499 -9.932402
v 8.676403 1.207688 -10.055156
v 8.676404 1.207688 -9.944532
v 8.676403 1.157311 -10.055156
v 8.676404 1.157311 -9.944532
v 8.932551 1.090000 -9.375543
v 8.932551 1.090000 -9.510543
v 9.067552 1.090000 -9.375543
v 9.067552 1.090000 -9.510543
v 8.932551 1.157499 -9.510543
v 9.067552 1.157499 -9.510543
v 8.932551 1.167499 -9.375543
v 8.932552 1.200000 -9.443044
v 9.067553 1.200000 -9.443044
v 9.067552 1.167499 -9.375543
v 8.944821 1.207688 -9.676255
v 9.055447 1.207688 -9.676256
v 8.944821 1.157311 -9.676255
v 9.055447 1.157311 -9.676256
v 9.587193 1.097408 -9.274338
v 9.634195 1.116657 -9.299999
v 9.587193 1.097408 -9.325662
v 9.812775 1.097408 -9.274338
v 9.765773 1.116657 -9.299999
v 9.812775 1.097408 -9.325662
v 9.587193 1.097408 -9.354338
v 9.634195 1.116657 -9.380000
v 9.587193 1.097408 -9.405662
v 9.812775 1.097408 -9.354338
v 9.765773 1.116657 -9.380000
v 9.812775 1.097408 -9.405662
v 9.587193 1.097408 -9.194338
v 9.634195 1.116657 -9.219999
v 9.587193 1.097408 -9.245662
v 9.812775 1.097408 -9.194338
v 9.765773 1.116657 -9.219999
v 9.812775 1.097408 -9.245662
v 8.187194 1.097408 -9.274338
v 8.234196 1.116657 -9.299999
v 8.187194 1.097408 -9.325662
v 8.412775 1.097408 -9.274338
v 8.365773 1.116657 -9.299999
v 8.412775 1.097408 -9.325662
v 8.187194 1.097408 -9.354338
v 8.234196 1.116657 -9.380000
v 8.187194 1.097408 -9.405662
v 8.412775 1.097408 -9.354338
v 8.365773 1.116657 -9.380000
v 8.412775 1.097408 -9.405662
v 8.187194 1.097408 -9.194338
v 8.234196 1.116657 -9.219999
v 8.187194 1.097408 -9.245662
v 8.412775 1.097408 -9.194338
v 8.365773 1.116657 -9.219999
v 8.412775 1.097408 -9.245662
v 6.030000 0.000000 -9.030000
v 6.030000 0.030000 -9.000000
v 6.000000 0.030000 -9.030000
v 6.030000 0.770000 -9.000000
v 6.000000 0.770000 -9.030000
v 6.030000 -0.000000 -10.969999
v 6.000000 0.030000 -10.969999
v 6.030000 0.030000 -11.000000
v 6.030000 0.770000 -11.000000
v 6.000000 0.770000 -10.969999
v 7.970000 0.000000 -9.030000
v 8.000000 0.030000 -9.030000
v 7.970000 0.030000 -9.000000
v 7.970000 0.770000 -9.000000
v 8.000000 0.770000 -9.030000
v 7.970000 -0.000000 -10.969999
v 7.970000 0.030000 -11.000000
v 8.000000 0.030000 -10.969999
v 7.970000 0.800000 -10.969999
v 8.000000 0.770000 -10.969999
v 7.970000 0.770000 -11.000000
v 6.030000 0.800000 -9.030000
v 6.030000 0.830000 -9.000000
v 6.000000 0.830000 -9.030000
v 6.030000 1.000000 -9.000000
v 6.030000 1.030000 -9.030000
v 6.000000 1.000000 -9.030000
v 6.030000 0.800000 -10.969999
v 6.000000 0.830000 -10.969999
v 6.030000 0.830000 -11.000000
v 6.030000 1.030000 -10.969999
v 6.030000 1.000000 -11.000000
v 6.000000 1.000000 -10.969999
v 7.970000 0.800000 -9.030000
v 8.000000 0.830000 -9.030000
v 7.970000 0.830000 -9.000000
v 7.970000 1.030000 -9.030000
v 7.970000 1.000000 -9.000000
v 8.000000 1.000000 -9.030000
v 7.970000 0.830000 -11.000000
v 8.000000 0.830000 -10.969999
v 7.970000 1.030000 -10.969999
v 8.000000 1.000000 -10.969999
v 7.970000 1.000000 -11.000000
v 6.849999 0.180000 -10.999999
v 6.879999 0.150000 -10.999999
v 7.849999 0.620000 -11.000000
v 7.819999 0.650000 -11.000000
v 7.819999 0.620000 -11.030000
v 7.849999 0.180000 -11.000000
v 7.819999 0.180000 -11.030000
v 7.819999 0.150000 -11.000000
v 6.879999 0.180000 -11.030000
v 6.879999 0.650000 -11.000000
v 6.879999 0.620000 -11.030000
v 6.849999 0.620000 -11.000000
v 6.149999 0.180000 -10.999999
v 6.179999 0.150000 -11.000000
v 6.749999 0.620000 -11.000000
v 6.719999 0.650000 -11.000000
v 6.719999 0.620000 -11.030000
v 6.749999 0.180000 -11.000000
v 6.719999 0.180000 -11.030000
v 6.719999 0.150000 -11.000000
v 6.179999 0.180000 -11.030000
v 6.179999 0.650000 -11.000000
v 6.179999 0.620000 -11.030000
v 6.149999 0.620000 -11.000000
v 6.000000 0.197261 -9.739508
v 6.000000 0.602739 -9.739508
v 6.000000 0.602739 -10.639396
v 6.000000 0.197261 -10.639396
v 7.997973 0.602739 -10.639396
v 7.968573 0.573340 -10.609997
v 7.968573 0.226660 -10.609996
v 7.997973 0.197261 -10.639396
v 7.968573 0.226660 -9.768908
v 7.997973 0.197261 -9.739508
v 7.997973 0.602739 -9.739508
v 7.968573 0.573340 -9.768908
v 6.031426 0.573340 -9.768908
v 6.031426 0.226660 -9.768908
v 6.031426 0.226660 -10.609996
v 6.031426 0.573340 -10.609997
v 7.150000 0.080000 -9.000000
v 7.119999 0.050000 -9.000000
v 6.050000 0.320000 -9.000000
v 6.079999 0.350000 -9.000000
v 6.079999 0.320000 -8.969999
v 6.050000 0.080000 -9.000000
v 6.079999 0.080000 -8.969999
v 6.079999 0.050000 -9.000000
v 7.119999 0.080000 -8.969999
v 7.119999 0.350000 -9.000000
v 7.119999 0.320000 -8.969999
v 7.150000 0.320000 -9.000000
v 7.950000 0.587929 -8.843168
v 7.920000 0.559739 -8.832908
v 6.050000 0.907425 -8.959455
v 6.079999 0.935616 -8.969716
v 6.079999 0.917686 -8.931265
v 6.050000 0.587929 -8.843168
v 6.079999 0.598190 -8.814978
v 6.079999 0.559739 -8.832908
v 7.920000 0.598190 -8.814978
v 7.920000 0.935616 -8.969716
v 7.920000 0.917686 -8.931265
v 7.950000 0.907425 -8.959455
v 7.934999 0.505430 -9.025977
v 6.065000 0.853116 -9.152524
v 6.065000 0.505430 -9.025977
v 7.934999 0.853116 -9.152524
v 7.847281 0.819857 -8.899134
v 7.848349 0.704788 -8.857251
v 7.762516 0.622712 -8.827378
v 7.640062 0.621708 -8.827013
v 7.552719 0.702364 -8.856369
v 7.551650 0.817433 -8.898251
v 7.637483 0.899509 -8.928124
v 7.759936 0.900513 -8.928490
v 7.802444 0.829335 -8.817449
v 7.847281 0.840378 -8.842752
v 7.803188 0.749296 -8.788317
v 7.848349 0.725309 -8.800870
v 7.743485 0.692205 -8.767538
v 7.762516 0.643233 -8.770997
v 7.658309 0.691507 -8.767283
v 7.640062 0.642229 -8.770631
v 7.597554 0.747609 -8.787703
v 7.552719 0.722885 -8.799988
v 7.596811 0.827649 -8.816835
v 7.551650 0.837954 -8.841869
v 7.656514 0.884739 -8.837614
v 7.637483 0.920030 -8.871742
v 7.741691 0.885438 -8.837869
v 7.759936 0.921035 -8.872108
v 7.699999 0.771371 -8.849561
v 6.747847 0.842247 -8.916445
v 6.815497 0.778677 -8.893308
v 6.815497 0.688776 -8.860586
v 6.747847 0.625206 -8.837449
v 6.652176 0.625206 -8.837449
v 6.584527 0.688776 -8.860586
v 6.584527 0.778677 -8.893308
v 6.652176 0.842247 -8.916445
v 6.741375 0.854926 -8.835926
v 6.747847 0.862768 -8.860064
v 6.799872 0.799957 -8.815919
v 6.815497 0.799199 -8.836926
v 6.799872 0.722219 -8.787624
v 6.815497 0.709297 -8.804205
v 6.741375 0.667251 -8.767617
v 6.747847 0.645728 -8.781067
v 6.658648 0.667251 -8.767617
v 6.652176 0.645728 -8.781067
v 6.600152 0.722219 -8.787624
v 6.584527 0.709297 -8.804205
v 6.600152 0.799957 -8.815919
v 6.584527 0.799199 -8.836926
v 6.658648 0.854926 -8.835926
v 6.652176 0.862768 -8.860064
v 6.724353 0.840094 -8.790227
v 6.675670 0.840094 -8.790227
v 6.675670 0.707987 -8.742144
v 6.724353 0.707987 -8.742144
v 7.147841 0.842247 -8.916445
v 7.215491 0.778677 -8.893308
v 7.215491 0.688776 -8.860586
v 7.147841 0.625206 -8.837449
v 7.052170 0.625206 -8.837449
v 6.984521 0.688776 -8.860586
v 6.984521 0.778677 -8.893308
v 7.052170 0.842247 -8.916445
v 7.141369 0.854926 -8.835926
v 7.147841 0.862768 -8.860064
v 7.199866 0.799957 -8.815919
v 7.215491 0.799199 -8.836926
v 7.199866 0.722219 -8.787624
v 7.215491 0.709297 -8.804205
v 7.141369 0.667251 -8.767617
v 7.147841 0.645728 -8.781067
v 7.058642 0.667251 -8.767617
v 7.052170 0.645728 -8.781067
v 7.000146 0.722219 -8.787624
v 6.984521 0.709297 -8.804205
v 7.000146 0.799957 -8.815919
v 6.984521 0.799199 -8.836926
v 7.058642 0.854926 -8.835926
v 7.052170 0.862768 -8.860064
v 7.124347 0.840094 -8.790227
v 7.075664 0.840094 -8.790227
v 7.075664 0.707987 -8.742144
v 7.124347 0.707987 -8.742144
v 6.347838 0.842247 -8.916445
v 6.415488 0.778677 -8.893308
v 6.415488 0.688776 -8.860586
v 6.347838 0.625206 -8.837449
v 6.252167 0.625206 -8.837449
v 6.184518 0.688776 -8.860586
v 6.184518 0.778677 -8.893308
v 6.252167 0.842247 -8.916445
v 6.341366 0.854926 -8.835926
v 6.347838 0.862768 -8.860064
v 6.399863 0.799957 -8.815919
v 6.415488 0.799199 -8.836926
v 6.399863 0.722219 -8.787624
v 6.415488 0.709297 -8.804205
v 6.341366 0.667251 -8.767617
v 6.347838 0.645728 -8.781067
v 6.258639 0.667251 -8.767617
v 6.252167 0.645728 -8.781067
v 6.200143 0.722219 -8.787624
v 6.184518 0.709297 -8.804205
v 6.200143 0.799957 -8.815919
v 6.184518 0.799199 -8.836926
v 6.258639 0.854926 -8.835926
v 6.252167 0.862768 -8.860064
v 6.324344 0.840094 -8.790227
v 6.275661 0.840094 -8.790227
v 6.275661 0.707987 -8.742144
v 6.324344 0.707987 -8.742144
v 7.780789 0.803596 -8.861290
v 7.781376 0.740476 -8.838316
v 7.734293 0.695453 -8.821929
v 7.667121 0.694903 -8.821728
v 7.619210 0.739146 -8.837831
v 7.618623 0.802266 -8.860806
v 7.665706 0.847289 -8.877192
v 7.732878 0.847840 -8.877393
v 6.126999 0.930000 -9.127000
v 6.126999 0.930000 -10.872999
v 7.873000 0.930000 -9.127000
v 7.873000 0.930000 -10.872999
v 7.393785 1.090000 -9.510795
v 7.298325 1.090000 -9.606255
v 7.489243 1.090000 -9.606255
v 7.393785 1.090000 -9.701714
v 7.298325 1.157499 -9.606255
v 7.393785 1.157499 -9.701714
v 7.393785 1.167499 -9.510795
v 7.346054 1.200000 -9.558524
v 7.441514 1.200000 -9.653984
v 7.489243 1.167499 -9.606255
v 7.131882 1.200000 -9.813878
v 7.186229 1.200000 -9.868226
v 7.131882 1.164999 -9.813878
v 7.186229 1.164999 -9.868226
v 7.489214 1.077499 -10.393801
v 7.393754 1.077499 -10.298342
v 7.393754 1.077499 -10.489261
v 7.298295 1.077499 -10.393801
v 7.393754 1.157499 -10.298342
v 7.298295 1.157499 -10.393801
v 7.489214 1.167499 -10.393801
v 7.441483 1.200000 -10.346071
v 7.346025 1.200000 -10.441530
v 7.393754 1.167499 -10.489261
v 7.186161 1.200000 -10.131896
v 7.131812 1.200000 -10.186244
v 7.186161 1.164999 -10.131896
v 7.131812 1.164999 -10.186244
v 6.606203 1.077499 -10.489213
v 6.701663 1.077499 -10.393754
v 6.510745 1.077499 -10.393754
v 6.606203 1.077499 -10.298294
v 6.701663 1.157499 -10.393754
v 6.606203 1.157499 -10.298294
v 6.606203 1.167499 -10.489213
v 6.653934 1.200000 -10.441483
v 6.558474 1.200000 -10.346025
v 6.510745 1.167499 -10.393754
v 6.868132 1.200000 -10.186134
v 6.813784 1.200000 -10.131785
v 6.868132 1.164999 -10.186134
v 6.813784 1.164999 -10.131785
v 6.510773 1.090000 -9.606207
v 6.606233 1.090000 -9.701667
v 6.606233 1.090000 -9.510748
v 6.701693 1.090000 -9.606207
v 6.606233 1.157499 -9.701667
v 6.701693 1.157499 -9.606207
v 6.510773 1.167499 -9.606207
v 6.558504 1.200000 -9.653936
v 6.653964 1.200000 -9.558477
v 6.606233 1.167499 -9.510748
v 6.813853 1.200000 -9.868115
v 6.868202 1.200000 -9.813767
v 6.813853 1.164999 -9.868115
v 6.868202 1.164999 -9.813767
v 6.792654 1.139999 -10.055561
v 6.497954 1.090000 -10.134525
v 6.792654 1.139999 -9.944448
v 6.497954 1.090000 -9.865483
v 6.848209 1.139999 -9.848221
v 6.632474 1.090000 -9.632485
v 6.944437 1.139999 -9.792664
v 6.865472 1.090000 -9.497964
v 7.055550 1.139999 -9.792664
v 7.134514 1.090000 -9.497964
v 7.151776 1.139999 -9.848221
v 7.367512 1.090000 -9.632485
v 7.207334 1.139999 -9.944448
v 7.502034 1.090000 -9.865483
v 7.207334 1.139999 -10.055561
v 7.502034 1.090000 -10.134525
v 7.151776 1.139999 -10.151788
v 7.367512 1.089999 -10.367523
v 7.055550 1.139999 -10.207345
v 7.134516 1.089999 -10.502045
v 6.944437 1.139999 -10.207345
v 6.865472 1.089999 -10.502045
v 6.848209 1.139999 -10.151788
v 6.632474 1.089999 -10.367523
v 6.877701 1.139999 -10.456405
v 6.665885 1.139999 -10.334112
v 7.122285 1.139999 -10.456405
v 7.334102 1.139999 -10.334112
v 7.456393 1.139999 -10.122296
v 7.456393 1.139999 -9.877712
v 7.334101 1.139999 -9.665896
v 7.122285 1.139999 -9.543605
v 6.877701 1.139999 -9.543605
v 6.665885 1.139999 -9.665896
v 6.543593 1.139999 -9.877712
v 6.543593 1.139999 -10.122296
v 6.999994 1.173999 -10.000004
v 6.999994 1.174000 -10.084690
v 6.926653 1.174000 -10.042347
v 7.073334 1.174000 -10.042347
v 7.073334 1.174000 -9.957662
v 6.999994 1.174000 -9.915318
v 6.926653 1.174000 -9.957662
v 6.126999 1.075000 -9.127000
v 6.151999 1.100000 -9.151999
v 6.151999 1.100000 -10.848000
v 6.126999 1.075000 -10.872999
v 7.848000 1.100000 -10.848000
v 7.873000 1.075000 -10.872999
v 7.848000 1.100000 -9.151999
v 7.873000 1.075000 -9.127000
v 7.624402 1.090000 -9.932460
v 7.489401 1.090000 -9.932460
v 7.624401 1.090000 -10.067459
v 7.489402 1.090000 -10.067460
v 7.489401 1.157499 -9.932460
v 7.489402 1.157499 -10.067460
v 7.624402 1.167499 -9.932460
v 7.556901 1.200000 -9.932459
v 7.556901 1.200000 -10.067459
v 7.624401 1.167499 -10.067459
v 7.323691 1.207688 -9.944726
v 7.323690 1.207688 -10.055349
v 7.323691 1.157311 -9.944726
v 7.323690 1.157311 -10.055349
v 7.067501 1.077499 -10.624318
v 7.067501 1.077499 -10.489318
v 6.932500 1.077499 -10.624318
v 6.932500 1.077499 -10.489318
v 7.067501 1.157499 -10.489318
v 6.932500 1.157499 -10.489318
v 7.067501 1.167499 -10.624318
v 7.067500 1.200000 -10.556817
v 6.932501 1.200000 -10.556818
v 6.932500 1.167499 -10.624318
v 7.055274 1.207688 -10.323627
v 6.944648 1.207688 -10.323626
v 7.055274 1.157311 -10.323627
v 6.944648 1.157311 -10.323626
v 6.375650 1.077499 -10.067401
v 6.510651 1.077499 -10.067402
v 6.375651 1.077499 -9.932402
v 6.510651 1.077499 -9.932401
v 6.510651 1.157499 -10.067402
v 6.510651 1.157499 -9.932401
v 6.375650 1.167499 -10.067401
v 6.443151 1.200000 -10.067402
v 6.443151 1.200000 -9.932402
v 6.375651 1.167499 -9.932402
v 6.676403 1.207688 -10.055156
v 6.676404 1.207688 -9.944532
v 6.676403 1.157311 -10.055156
v 6.676404 1.157311 -9.944532
v 6.932551 1.090000 -9.375543
v 6.932552 1.090000 -9.510543
v 7.067552 1.090000 -9.375543
v 7.067552 1.090000 -9.510543
v 6.932552 1.157499 -9.510543
v 7.067552 1.157499 -9.510543
v 6.932551 1.167499 -9.375543
v 6.932552 1.200000 -9.443044
v 7.067553 1.200000 -9.443044
v 7.067552 1.167499 -9.375543
v 6.944821 1.207688 -9.676255
v 7.055446 1.207688 -9.676256
v 6.944821 1.157311 -9.676255
v 7.055446 1.157311 -9.676256
v 7.587194 1.097408 -9.274338
v 7.634196 1.116657 -9.299999
v 7.587194 1.097408 -9.325662
v 7.812775 1.097408 -9.274338
v 7.765773 1.116657 -9.299999
v 7.812775 1.097408 -9.325662
v 7.587194 1.097408 -9.354338
v 7.634196 1.116657 -9.380000
v 7.587194 1.097408 -9.405662
v 7.812775 1.097408 -9.354338
v 7.765773 1.116657 -9.380000
v 7.812775 1.097408 -9.405662
v 7.587194 1.097408 -9.194338
v 7.634196 1.116657 -9.219999
v 7.587194 1.097408 -9.245662
v 7.812775 1.097408 -9.194338
v 7.765773 1.116657 -9.219999
v 7.812775 1.097408 -9.245662
v 6.187194 1.097408 -9.274338
v 6.234196 1.116657 -9.299999
v 6.187194 1.097408 -9.325662
v 6.412775 1.097408 -9.274338
v 6.365773 1.116657 -9.299999
v 6.412775 1.097408 -9.325662
v 6.187194 1.097408 -9.354338
v 6.234196 1.116657 -9.380000
v 6.187194 1.097408 -9.405662
v 6.412775 1.097408 -9.354338
v 6.365773 1.116657 -9.380000
v 6.412775 1.097408 -9.405662
v 6.187194 1.097408 -9.194338
v 6.234196 1.116657 -9.219999
v 6.187194 1.097408 -9.245662
v 6.412775 1.097408 -9.194338
v 6.365773 1.116657 -9.219999
v 6.412775 1.097408 -9.245662
v -7.970001 0.000000 -9.030000
v -7.970001 0.030000 -9.000000
v -8.000000 0.030000 -9.030000
v -7.970001 0.770000 -9.000000
v -8.000000 0.770000 -9.030000
v -7.970001 -0.000000 -10.969999
v -8.000000 0.030000 -10.969999
v -7.970001 0.030000 -11.000000
v -7.970001 0.770000 -11.000000
v -8.000000 0.770000 -10.969999
v -6.030001 0.000000 -9.030000
v -6.000000 0.030000 -9.030000
v -6.030001 0.030000 -9.000000
v -6.030001 0.770000 -9.000000
v -6.000000 0.770000 -9.030000
v -6.030001 -0.000000 -10.969999
v -6.030001 0.030000 -11.000000
v -6.000000 0.030000 -10.969999
v -6.030001 0.800000 -10.969999
v -6.000000 0.770000 -10.969999
v -6.030001 0.770000 -11.000000
v -7.970001 0.800000 -9.030000
v -7.970001 0.830000 -9.000000
v -8.000000 0.830000 -9.030000
v -7.970001 1.000000 -9.000000
v -7.970001 1.030000 -9.030000
v -8.000000 1.000000 -9.030000
v -7.970001 0.800000 -10.969999
v -8.000000 0.830000 -10.969999
v -7.970001 0.830000 -11.000000
v -7.970001 1.030000 -10.969999
v -7.970001 1.000000 -11.000000
v -8.000000 1.000000 -10.969999
v -6.030001 0.800000 -9.030000
v -6.000000 0.830000 -9.030000
v -6.030001 0.830000 -9.000000
v -6.030001 1.030000 -9.030000
v -6.030001 1.000000 -9.000000
v -6.000000 1.000000 -9.030000
v -6.030001 0.830000 -11.000000
v -6.000000 0.830000 -10.969999
v -6.030001 1.030000 -10.969999
v -6.000000 1.000000 -10.969999
v -6.030001 1.000000 -11.000000
v -7.150001 0.180000 -10.999999
v -7.120001 0.150000 -10.999999
v -6.150001 0.620000 -11.000000
v -6.180001 0.650000 -11.000000
v -6.180001 0.620000 -11.030000
v -6.150001 0.180000 -11.000000
v -6.180001 0.180000 -11.030000
v -6.180001 0.150000 -11.000000
v -7.120001 0.180000 -11.030000
v -7.120001 0.650000 -11.000000
v -7.120001 0.620000 -11.030000
v -7.150001 0.620000 -11.000000
v -7.850001 0.180000 -10.999999
v -7.820001 0.150000 -11.000000
v -7.250001 0.620000 -11.000000
v -7.280001 0.650000 -11.000000
v -7.280001 0.620000 -11.030000
v -7.250001 0.180000 -11.000000
v -7.280001 0.180000 -11.030000
v -7.280001 0.150000 -11.000000
v -7.820001 0.180000 -11.030000
v -7.820001 0.650000 -11.000000
v -7.820001 0.620000 -11.030000
v -7.850001 0.620000 -11.000000
v -8.000000 0.197261 -9.739508
v -8.000000 0.602739 -9.739508
v -8.000000 0.602739 -10.639396
v -8.000000 0.197261 -10.639396
v -6.002027 0.602739 -10.639396
v -6.031427 0.573340 -10.609997
v -6.031427 0.226660 -10.609996
v -6.002027 0.197261 -10.639396
v -6.031427 0.226660 -9.768908
v -6.002027 0.197261 -9.739508
v -6.002027 0.602739 -9.739508
v -6.031427 0.573340 -9.768908
v -7.968574 0.573340 -9.768908
v -7.968574 0.226660 -9.768908
v -7.968574 0.226660 -10.609996
v -7.968574 0.573340 -10.609997
v -6.850000 0.080000 -9.000000
v -6.880000 0.050000 -9.000000
v -7.950000 0.320000 -9.000000
v -7.920001 0.350000 -9.000000
v -7.920001 0.320000 -8.969999
v -7.950000 0.080000 -9.000000
v -7.920001 0.080000 -8.969999
v -7.920001 0.050000 -9.000000
v -6.880000 0.080000 -8.969999
v -6.880000 0.350000 -9.000000
v -6.880000 0.320000 -8.969999
v -6.850000 0.320000 -9.000000
v -6.050000 0.587929 -8.843168
v -6.080000 0.559739 -8.832908
v -7.950000 0.907425 -8.959455
v -7.920001 0.935616 -8.969716
v -7.920001 0.917686 -8.931265
v -7.950000 0.587929 -8.843168
v -7.920001 0.598190 -8.814978
v -7.920001 0.559739 -8.832908
v -6.080000 0.598190 -8.814978
v -6.080000 0.935616 -8.969716
v -6.080000 0.917686 -8.931265
v -6.050000 0.907425 -8.959455
v -6.065001 0.505430 -9.025977
v -7.935000 0.853116 -9.152524
v -7.935000 0.505430 -9.025977
v -6.065001 0.853116 -9.152524
v -6.152719 0.819857 -8.899134
v -6.151651 0.704788 -8.857251
v -6.237484 0.622712 -8.827378
v -6.359938 0.621708 -8.827013
v -6.447281 0.702364 -8.856369
v -6.448350 0.817433 -8.898251
v -6.362517 0.899509 -8.928124
v -6.240064 0.900513 -8.928490
v -6.197556 0.829335 -8.817449
v -6.152719 0.840378 -8.842752
v -6.196812 0.749296 -8.788317
v -6.151651 0.725309 -8.800870
v -6.256515 0.692205 -8.767538
v -6.237484 0.643233 -8.770997
v -6.341691 0.691507 -8.767283
v -6.359938 0.642229 -8.770631
v -6.402446 0.747609 -8.787703
v -6.447281 0.722885 -8.799988
v -6.403189 0.827649 -8.816835
v -6.448350 0.837954 -8.841869
v -6.343486 0.884739 -8.837614
v -6.362517 0.920030 -8.871742
v -6.258309 0.885438 -8.837869
v -6.240064 0.921035 -8.872108
v -6.300001 0.771371 -8.849561
v -7.252153 0.842247 -8.916445
v -7.184503 0.778677 -8.893308
v -7.184503 0.688776 -8.860586
v -7.252153 0.625206 -8.837449
v -7.347824 0.625206 -8.837449
v -7.415473 0.688776 -8.860586
v -7.415473 0.778677 -8.893308
v -7.347824 0.842247 -8.916445
v -7.258625 0.854926 -8.835926
v -7.252153 0.862768 -8.860064
v -7.200128 0.799957 -8.815919
v -7.184503 0.799199 -8.836926
v -7.200128 0.722219 -8.787624
v -7.184503 0.709297 -8.804205
v -7.258625 0.667251 -8.767617
v -7.252153 0.645728 -8.781067
v -7.341352 0.667251 -8.767617
v -7.347824 0.645728 -8.781067
v -7.399848 0.722219 -8.787624
v -7.415473 0.709297 -8.804205
v -7.399848 0.799957 -8.815919
v -7.415473 0.799199 -8.836926
v -7.341352 0.854926 -8.835926
v -7.347824 0.862768 -8.860064
v -7.275647 0.840094 -8.790227
v -7.324330 0.840094 -8.790227
v -7.324330 0.707987 -8.742144
v -7.275647 0.707987 -8.742144
v -6.852159 0.842247 -8.916445
v -6.784510 0.778677 -8.893308
v -6.784510 0.688776 -8.860586
v -6.852159 0.625206 -8.837449
v -6.947830 0.625206 -8.837449
v -7.015479 0.688776 -8.860586
v -7.015479 0.778677 -8.893308
v -6.947830 0.842247 -8.916445
v -6.858631 0.854926 -8.835926
v -6.852159 0.862768 -8.860064
v -6.800135 0.799957 -8.815919
v -6.784510 0.799199 -8.836926
v -6.800135 0.722219 -8.787624
v -6.784510 0.709297 -8.804205
v -6.858631 0.667251 -8.767617
v -6.852159 0.645728 -8.781067
v -6.941358 0.667251 -8.767617
v -6.947830 0.645728 -8.781067
v -6.999854 0.722219 -8.787624
v -7.015479 0.709297 -8.804205
v -6.999854 0.799957 -8.815919
v -7.015479 0.799199 -8.836926
v -6.941358 0.854926 -8.835926
v -6.947830 0.862768 -8.860064
v -6.875653 0.840094 -8.790227
v -6.924336 0.840094 -8.790227
v -6.924336 0.707987 -8.742144
v -6.875653 0.707987 -8.742144
v -7.652162 0.842247 -8.916445
v -7.584512 0.778677 -8.893308
v -7.584512 0.688776 -8.860586
v -7.652162 0.625206 -8.837449
v -7.747833 0.625206 -8.837449
v -7.815482 0.688776 -8.860586
v -7.815482 0.778677 -8.893308
v -7.747833 0.842247 -8.916445
v -7.658634 0.854926 -8.835926
v -7.652162 0.862768 -8.860064
v -7.600137 0.799957 -8.815919
v -7.584512 0.799199 -8.836926
v -7.600137 0.722219 -8.787624
v -7.584512 0.709297 -8.804205
v -7.658634 0.667251 -8.767617
v -7.652162 0.645728 -8.781067
v -7.741361 0.667251 -8.767617
v -7.747833 0.645728 -8.781067
v -7.799857 0.722219 -8.787624
v -7.815482 0.709297 -8.804205
v -7.799857 0.799957 -8.815919
v -7.815482 0.799199 -8.836926
v -7.741361 0.854926 -8.835926
v -7.747833 0.862768 -8.860064
v -7.675656 0.840094 -8.790227
v -7.724339 0.840094 -8.790227
v -7.724339 0.707987 -8.742144
v -7.675656 0.707987 -8.742144
v -6.219211 0.803596 -8.861290
v -6.218624 0.740476 -8.838316
v -6.265707 0.695453 -8.821929
v -6.332879 0.694903 -8.821728
v -6.380791 0.739146 -8.837831
v -6.381377 0.802266 -8.860806
v -6.334294 0.847289 -8.877192
v -6.267122 0.847840 -8.877393
v -7.873001 0.930000 -9.127000
v -7.873001 0.930000 -10.872999
v -6.127000 0.930000 -9.127000
v -6.127000 0.930000 -10.872999
v -6.606215 1.090000 -9.510795
v -6.701675 1.090000 -9.606255
v -6.510757 1.090000 -9.606255
v -6.606215 1.090000 -9.701714
v -6.701675 1.157499 -9.606255
v -6.606215 1.157499 -9.701714
v -6.606215 1.167499 -9.510795
v -6.653946 1.200000 -9.558524
v -6.558486 1.200000 -9.653984
v -6.510757 1.167499 -9.606255
v -6.868118 1.200000 -9.813878
v -6.813771 1.200000 -9.868226
v -6.868118 1.164999 -9.813878
v -6.813771 1.164999 -9.868226
v -6.510786 1.077499 -10.393801
v -6.606246 1.077499 -10.298342
v -6.606246 1.077499 -10.489261
v -6.701705 1.077499 -10.393801
v -6.606246 1.157499 -10.298342
v -6.701705 1.157499 -10.393801
v -6.510786 1.167499 -10.393801
v -6.558517 1.200000 -10.346071
v -6.653975 1.200000 -10.441530
v -6.606246 1.167499 -10.489261
v -6.813839 1.200000 -10.131896
v -6.868188 1.200000 -10.186244
v -6.813839 1.164999 -10.131896
v -6.868188 1.164999 -10.186244
v -7.393797 1.077499 -10.489213
v -7.298337 1.077499 -10.393754
v -7.489255 1.077499 -10.393754
v -7.393797 1.077499 -10.298294
v -7.298337 1.157499 -10.393754
v -7.393797 1.157499 -10.298294
v -7.393797 1.167499 -10.489213
v -7.346066 1.200000 -10.441483
v -7.441526 1.200000 -10.346025
v -7.489255 1.167499 -10.393754
v -7.131868 1.200000 -10.186134
v -7.186216 1.200000 -10.131785
v -7.131868 1.164999 -10.186134
v -7.186216 1.164999 -10.131785
v -7.489227 1.090000 -9.606207
v -7.393767 1.090000 -9.701667
v -7.393767 1.090000 -9.510748
v -7.298307 1.090000 -9.606207
v -7.393767 1.157499 -9.701667
v -7.298307 1.157499 -9.606207
v -7.489227 1.167499 -9.606207
v -7.441496 1.200000 -9.653936
v -7.346036 1.200000 -9.558477
v -7.393767 1.167499 -9.510748
v -7.186147 1.200000 -9.868115
v -7.131798 1.200000 -9.813767
v -7.186147 1.164999 -9.868115
v -7.131798 1.164999 -9.813767
v -7.207346 1.139999 -10.055561
v -7.502046 1.090000 -10.134525
v -7.207346 1.139999 -9.944448
v -7.502046 1.090000 -9.865483
v -7.151791 1.139999 -9.848221
v -7.367526 1.090000 -9.632485
v -7.055563 1.139999 -9.792664
v -7.134528 1.090000 -9.497964
v -6.944450 1.139999 -9.792664
v -6.865486 1.090000 -9.497964
v -6.848224 1.139999 -9.848221
v -6.632488 1.090000 -9.632485
v -6.792666 1.139999 -9.944448
v -6.497966 1.090000 -9.865483
v -6.792666 1.139999 -10.055561
v -6.497966 1.090000 -10.134525
v -6.848224 1.139999 -10.151788
v -6.632488 1.089999 -10.367523
v -6.944450 1.139999 -10.207345
v -6.865484 1.089999 -10.502045
v -7.055563 1.139999 -10.207345
v -7.134528 1.089999 -10.502045
v -7.151791 1.139999 -10.151788
v -7.367526 1.089999 -10.367523
v -7.122299 1.139999 -10.456405
v -7.334115 1.139999 -10.334112
v -6.877715 1.139999 -10.456405
v -6.665898 1.139999 -10.334112
v -6.543607 1.139999 -10.122296
v -6.543607 1.139999 -9.877712
v -6.665899 1.139999 -9.665896
v -6.877715 1.139999 -9.543605
v -7.122299 1.139999 -9.543605
v -7.334115 1.139999 -9.665896
v -7.456407 1.139999 -9.877712
v -7.456407 1.139999 -10.122296
v -7.000006 1.173999 -10.000004
v -7.000006 1.174000 -10.084690
v -7.073347 1.174000 -10.042347
v -6.926666 1.174000 -10.042347
v -6.926666 1.174000 -9.957662
v -7.000006 1.174000 -9.915318
v -7.073347 1.174000 -9.957662
v -7.873001 1.075000 -9.127000
v -7.848001 1.100000 -9.151999
v -7.848001 1.100000 -10.848000
v -7.873001 1.075000 -10.872999
v -6.152000 1.100000 -10.848000
v -6.127000 1.075000 -10.872999
v -6.152000 1.100000 -9.151999
v -6.127000 1.075000 -9.127000
v -6.375598 1.090000 -9.932460
v -6.510599 1.090000 -9.932460
v -6.375599 1.090000 -10.067459
v -6.510598 1.090000 -10.067460
v -6.510599 1.157499 -9.932460
v -6.510598 1.157499 -10.067460
v -6.375598 1.167499 -9.932460
v -6.443099 1.200000 -9.932459
v -6.443099 1.200000 -10.067459
v -6.375599 1.167499 -10.067459
v -6.676310 1.207688 -9.944726
v -6.676310 1.207688 -10.055349
v -6.676310 1.157311 -9.944726
v -6.676310 1.157311 -10.055349
v -6.932499 1.077499 -10.624318
v -6.932500 1.077499 -10.489318
v -7.067500 1.077499 -10.624318
v -7.067500 1.077499 -10.489318
v -6.932500 1.157499 -10.489318
v -7.067500 1.157499 -10.489318
v -6.932499 1.167499 -10.624318
v -6.932500 1.200000 -10.556817
v -7.067499 1.200000 -10.556818
v -7.067500 1.167499 -10.624318
v -6.944726 1.207688 -10.323627
v -7.055352 1.207688 -10.323626
v -6.944726 1.157311 -10.323627
v -7.055352 1.157311 -10.323626
v -7.624350 1.077499 -10.067401
v -7.489349 1.077499 -10.067402
v -7.624349 1.077499 -9.932402
v -7.489349 1.077499 -9.932401
v -7.489349 1.157499 -10.067402
v -7.489349 1.157499 -9.932401
v -7.624350 1.167499 -10.067401
v -7.556849 1.200000 -10.067402
v -7.556849 1.200000 -9.932402
v -7.624349 1.167499 -9.932402
v -7.323597 1.207688 -10.055156
v -7.323596 1.207688 -9.944532
v -7.323597 1.157311 -10.055156
v -7.323596 1.157311 -9.944532
v -7.067449 1.090000 -9.375543
v -7.067448 1.090000 -9.510543
v -6.932448 1.090000 -9.375543
v -6.932448 1.090000 -9.510543
v -7.067448 1.157499 -9.510543
v -6.932448 1.157499 -9.510543
v -7.067449 1.167499 -9.375543
v -7.067448 1.200000 -9.443044
v -6.932447 1.200000 -9.443044
v -6.932448 1.167499 -9.375543
v -7.055179 1.207688 -9.676255
v -6.944554 1.207688 -9.676256
v -7.055179 1.157311 -9.676255
v -6.944554 1.157311 -9.676256
v -6.412807 1.097408 -9.274338
v -6.365805 1.116657 -9.299999
v -6.412807 1.097408 -9.325662
v -6.187225 1.097408 -9.274338
v -6.234227 1.116657 -9.299999
v -6.187225 1.097408 -9.325662
v -6.412807 1.097408 -9.354338
v -6.365805 1.116657 -9.380000
v -6.412807 1.097408 -9.405662
v -6.187225 1.097408 -9.354338
v -6.234227 1.116657 -9.380000
v -6.187225 1.097408 -9.405662
v -6.412807 1.097408 -9.194338
v -6.365805 1.116657 -9.219999
v -6.412807 1.097408 -9.245662
v -6.187225 1.097408 -9.194338
v -6.234227 1.116657 -9.219999
v -6.187225 1.097408 -9.245662
v -7.812806 1.097408 -9.274338
v -7.765804 1.116657 -9.299999
v -7.812806 1.097408 -9.325662
v -7.587225 1.097408 -9.274338
v -7.634227 1.116657 -9.299999
v -7.587225 1.097408 -9.325662
v -7.812806 1.097408 -9.354338
v -7.765804 1.116657 -9.380000
v -7.812806 1.097408 -9.405662
v -7.587225 1.097408 -9.354338
v -7.634227 1.116657 -9.380000
v -7.587225 1.097408 -9.405662
v -7.812806 1.097408 -9.194338
v -7.765804 1.116657 -9.219999
v -7.812806 1.097408 -9.245662
v -7.587225 1.097408 -9.194338
v -7.634227 1.116657 -9.219999
v -7.587225 1.097408 -9.245662
v -9.970001 0.000000 -9.030000
v -9.970001 0.030000 -9.000000
v -10.000000 0.030000 -9.030000
v -9.970001 0.770000 -9.000000
v -10.000000 0.770000 -9.030000
v -9.970001 -0.000000 -10.969999
v -10.000000 0.030000 -10.969999
v -9.970001 0.030000 -11.000000
v -9.970001 0.770000 -11.000000
v -10.000000 0.770000 -10.969999
v -8.030001 0.000000 -9.030000
v -8.000000 0.030000 -9.030000
v -8.030001 0.030000 -9.000000
v -8.030001 0.770000 -9.000000
v -8.000000 0.770000 -9.030000
v -8.030001 -0.000000 -10.969999
v -8.030001 0.030000 -11.000000
v -8.000000 0.030000 -10.969999
v -8.030001 0.800000 -10.969999
v -8.000000 0.770000 -10.969999
v -8.030001 0.770000 -11.000000
v -9.970001 0.800000 -9.030000
v -9.970001 0.830000 -9.000000
v -10.000000 0.830000 -9.030000
v -9.970001 1.000000 -9.000000
v -9.970001 1.030000 -9.030000
v -10.000000 1.000000 -9.030000
v -9.970001 0.800000 -10.969999
v -10.000000 0.830000 -10.969999
v -9.970001 0.830000 -11.000000
v -9.970001 1.030000 -10.969999
v -9.970001 1.000000 -11.000000
v -10.000000 1.000000 -10.969999
v -8.030001 0.800000 -9.030000
v -8.000000 0.830000 -9.030000
v -8.030001 0.830000 -9.000000
v -8.030001 1.030000 -9.030000
v -8.030001 1.000000 -9.000000
v -8.000000 1.000000 -9.030000
v -8.030001 0.830000 -11.000000
v -8.000000 0.830000 -10.969999
v -8.030001 1.030000 -10.969999
v -8.000000 1.000000 -10.969999
v -8.030001 1.000000 -11.000000
v -9.150001 0.180000 -10.999999
v -9.120001 0.150000 -10.999999
v -8.150001 0.620000 -11.000000
v -8.180000 0.650000 -11.000000
v -8.180000 0.620000 -11.030000
v -8.150001 0.180000 -11.000000
v -8.180000 0.180000 -11.030000
v -8.180000 0.150000 -11.000000
v -9.120001 0.180000 -11.030000
v -9.120001 0.650000 -11.000000
v -9.120001 0.620000 -11.030000
v -9.150001 0.620000 -11.000000
v -9.850000 0.180000 -10.999999
v -9.820001 0.150000 -11.000000
v -9.250001 0.620000 -11.000000
v -9.280001 0.650000 -11.000000
v -9.280001 0.620000 -11.030000
v -9.250001 0.180000 -11.000000
v -9.280001 0.180000 -11.030000
v -9.280001 0.150000 -11.000000
v -9.820002 0.180000 -11.030000
v -9.820001 0.650000 -11.000000
v -9.820002 0.620000 -11.030000
v -9.850000 0.620000 -11.000000
v -10.000000 0.197261 -9.739508
v -10.000000 0.602739 -9.739508
v -10.000000 0.602739 -10.639396
v -10.000000 0.197261 -10.639396
v -8.002028 0.602739 -10.639396
v -8.031427 0.573340 -10.609997
v -8.031427 0.226660 -10.609996
v -8.002028 0.197261 -10.639396
v -8.031427 0.226660 -9.768908
v -8.002028 0.197261 -9.739508
v -8.002028 0.602739 -9.739508
v -8.031427 0.573340 -9.768908
v -9.968575 0.573340 -9.768908
v -9.968575 0.226660 -9.768908
v -9.968575 0.226660 -10.609996
v -9.968575 0.573340 -10.609997
v -8.850000 0.080000 -9.000000
v -8.880000 0.050000 -9.000000
v -9.950001 0.320000 -9.000000
v -9.920000 0.350000 -9.000000
v -9.920000 0.320000 -8.969999
v -9.950001 0.080000 -9.000000
v -9.920000 0.080000 -8.969999
v -9.920000 0.050000 -9.000000
v -8.880000 0.080000 -8.969999
v -8.880000 0.350000 -9.000000
v -8.880000 0.320000 -8.969999
v -8.850000 0.320000 -9.000000
v -8.050000 0.587929 -8.843168
v -8.080000 0.559739 -8.832908
v -9.950001 0.907425 -8.959455
v -9.920000 0.935616 -8.969716
v -9.920000 0.917686 -8.931265
v -9.950001 0.587929 -8.843168
v -9.920000 0.598190 -8.814978
v -9.920000 0.559739 -8.832908
v -8.080000 0.598190 -8.814978
v -8.080000 0.935616 -8.969716
v -8.080000 0.917686 -8.931265
v -8.050000 0.907425 -8.959455
v -8.065001 0.505430 -9.025977
v -9.935000 0.853116 -9.152524
v -9.935000 0.505430 -9.025977
v -8.065001 0.853116 -9.152524
v -8.152719 0.819857 -8.899134
v -8.151651 0.704788 -8.857251
v -8.237484 0.622712 -8.827378
v -8.359938 0.621708 -8.827013
v -8.447281 0.702364 -8.856369
v -8.448350 0.817433 -8.898251
v -8.362517 0.899509 -8.928124
v -8.240064 0.900513 -8.928490
v -8.197556 0.829335 -8.817449
v -8.152719 0.840378 -8.842752
v -8.196812 0.749296 -8.788317
v -8.151651 0.725309 -8.800870
v -8.256516 0.692205 -8.767538
v -8.237484 0.643233 -8.770997
v -8.341692 0.691507 -8.767283
v -8.359938 0.642229 -8.770631
v -8.402446 0.747609 -8.787703
v -8.447281 0.722885 -8.799988
v -8.403189 0.827649 -8.816835
v -8.448350 0.837954 -8.841869
v -8.343486 0.884739 -8.837614
v -8.362517 0.920030 -8.871742
v -8.258309 0.885438 -8.837869
v -8.240064 0.921035 -8.872108
v -8.300001 0.771371 -8.849561
v -9.252153 0.842247 -8.916445
v -9.184504 0.778677 -8.893308
v -9.184504 0.688776 -8.860586
v -9.252153 0.625206 -8.837449
v -9.347824 0.625206 -8.837449
v -9.415473 0.688776 -8.860586
v -9.415473 0.778677 -8.893308
v -9.347824 0.842247 -8.916445
v -9.258625 0.854926 -8.835926
v -9.252153 0.862768 -8.860064
v -9.200129 0.799957 -8.815919
v -9.184504 0.799199 -8.836926
v -9.200129 0.722219 -8.787624
v -9.184504 0.709297 -8.804205
v -9.258625 0.667251 -8.767617
v -9.252153 0.645728 -8.781067
v -9.341352 0.667251 -8.767617
v -9.347824 0.645728 -8.781067
v -9.399848 0.722219 -8.787624
v -9.415473 0.709297 -8.804205
v -9.399848 0.799957 -8.815919
v -9.415473 0.799199 -8.836926
v -9.341352 0.854926 -8.835926
v -9.347824 0.862768 -8.860064
v -9.275646 0.840094 -8.790227
v -9.324329 0.840094 -8.790227
v -9.324329 0.707987 -8.742144
v -9.275646 0.707987 -8.742144
v -8.852159 0.842247 -8.916445
v -8.784510 0.778677 -8.893308
v -8.784510 0.688776 -8.860586
v -8.852159 0.625206 -8.837449
v -8.947830 0.625206 -8.837449
v -9.015479 0.688776 -8.860586
v -9.015479 0.778677 -8.893308
v -8.947830 0.842247 -8.916445
v -8.858631 0.854926 -8.835926
v -8.852159 0.862768 -8.860064
v -8.800135 0.799957 -8.815919
v -8.784510 0.799199 -8.836926
v -8.800135 0.722219 -8.787624
v -8.784510 0.709297 -8.804205
v -8.858631 0.667251 -8.767617
v -8.852159 0.645728 -8.781067
v -8.941358 0.667251 -8.767617
v -8.947830 0.645728 -8.781067
v -8.999854 0.722219 -8.787624
v -9.015479 0.709297 -8.804205
v -8.999854 0.799957 -8.815919
v -9.015479 0.799199 -8.836926
v -8.941358 0.854926 -8.835926
v -8.947830 0.862768 -8.860064
v -8.875652 0.840094 -8.790227
v -8.924335 0.840094 -8.790227
v -8.924335 0.707987 -8.742144
v -8.875652 0.707987 -8.742144
v -9.652163 0.842247 -8.916445
v -9.584513 0.778677 -8.893308
v -9.584513 0.688776 -8.860586
v -9.652163 0.625206 -8.837449
v -9.747833 0.625206 -8.837449
v -9.815482 0.688776 -8.860586
v -9.815482 0.778677 -8.893308
v -9.747833 0.842247 -8.916445
v -9.658634 0.854926 -8.835926
v -9.652163 0.862768 -8.860064
v -9.600138 0.799957 -8.815919
v -9.584513 0.799199 -8.836926
v -9.600138 0.722219 -8.787624
v -9.584513 0.709297 -8.804205
v -9.658634 0.667251 -8.767617
v -9.652163 0.645728 -8.781067
v -9.741361 0.667251 -8.767617
v -9.747833 0.645728 -8.781067
v -9.799857 0.722219 -8.787624
v -9.815482 0.709297 -8.804205
v -9.799857 0.799957 -8.815919
v -9.815482 0.799199 -8.836926
v -9.741361 0.854926 -8.835926
v -9.747833 0.862768 -8.860064
v -9.675655 0.840094 -8.790227
v -9.724339 0.840094 -8.790227
v -9.724339 0.707987 -8.742144
v -9.675655 0.707987 -8.742144
v -8.219211 0.803596 -8.861290
v -8.218624 0.740476 -8.838316
v -8.265707 0.695453 -8.821929
v -8.332878 0.694903 -8.821728
v -8.380791 0.739146 -8.837831
v -8.381376 0.802266 -8.860806
v -8.334293 0.847289 -8.877192
v -8.267122 0.847840 -8.877393
v -9.873001 0.930000 -9.127000
v -9.873001 0.930000 -10.872999
v -8.127001 0.930000 -9.127000
v -8.127001 0.930000 -10.872999
v -8.606215 1.090000 -9.510795
v -8.701675 1.090000 -9.606255
v -8.510757 1.090000 -9.606255
v -8.606215 1.090000 -9.701714
v -8.701675 1.157499 -9.606255
v -8.606215 1.157499 -9.701714
v -8.606215 1.167499 -9.510795
v -8.653946 1.200000 -9.558524
v -8.558486 1.200000 -9.653984
v -8.510757 1.167499 -9.606255
v -8.868118 1.200000 -9.813878
v -8.813771 1.200000 -9.868226
v -8.868118 1.164999 -9.813878
v -8.813771 1.164999 -9.868226
v -8.510786 1.077499 -10.393801
v -8.606245 1.077499 -10.298342
v -8.606245 1.077499 -10.489261
v -8.701705 1.077499 -10.393801
v -8.606245 1.157499 -10.298342
v -8.701705 1.157499 -10.393801
v -8.510786 1.167499 -10.393801
v -8.558517 1.200000 -10.346071
v -8.653975 1.200000 -10.441530
v -8.606245 1.167499 -10.489261
v -8.813839 1.200000 -10.131896
v -8.868189 1.200000 -10.186244
v -8.813839 1.164999 -10.131896
v -8.868189 1.164999 -10.186244
v -9.393797 1.077499 -10.489213
v -9.298338 1.077499 -10.393754
v -9.489256 1.077499 -10.393754
v -9.393797 1.077499 -10.298294
v -9.298338 1.157499 -10.393754
v -9.393797 1.157499 -10.298294
v -9.393797 1.167499 -10.489213
v -9.346066 1.200000 -10.441483
v -9.441526 1.200000 -10.346025
v -9.489256 1.167499 -10.393754
v -9.131868 1.200000 -10.186134
v -9.186216 1.200000 -10.131785
v -9.131868 1.164999 -10.186134
v -9.186216 1.164999 -10.131785
v -9.489227 1.090000 -9.606207
v -9.393766 1.090000 -9.701667
v -9.393766 1.090000 -9.510748
v -9.298307 1.090000 -9.606207
v -9.393766 1.157499 -9.701667
v -9.298307 1.157499 -9.606207
v -9.489227 1.167499 -9.606207
v -9.441496 1.200000 -9.653936
v -9.346037 1.200000 -9.558477
v -9.393766 1.167499 -9.510748
v -9.186148 1.200000 -9.868115
v -9.131798 1.200000 -9.813767
v -9.186148 1.164999 -9.868115
v -9.131798 1.164999 -9.813767
v -9.207346 1.139999 -10.055561
v -9.502047 1.090000 -10.134525
v -9.207346 1.139999 -9.944448
v -9.502047 1.090000 -9.865483
v -9.151791 1.139999 -9.848221
v -9.367526 1.090000 -9.632485
v -9.055563 1.139999 -9.792664
v -9.134527 1.090000 -9.497964
v -8.944450 1.139999 -9.792664
v -8.865486 1.090000 -9.497964
v -8.848224 1.139999 -9.848221
v -8.632488 1.090000 -9.632485
v -8.792665 1.139999 -9.944448
v -8.497967 1.090000 -9.865483
v -8.792665 1.139999 -10.055561
v -8.497967 1.090000 -10.134525
v -8.848224 1.139999 -10.151788
v -8.632488 1.089999 -10.367523
v -8.944450 1.139999 -10.207345
v -8.865484 1.089999 -10.502045
v -9.055563 1.139999 -10.207345
v -9.134527 1.089999 -10.502045
v -9.151791 1.139999 -10.151788
v -9.367526 1.089999 -10.367523
v -9.122299 1.139999 -10.456405
v -9.334114 1.139999 -10.334112
v -8.877715 1.139999 -10.456405
v -8.665897 1.139999 -10.334112
v -8.543607 1.139999 -10.122296
v -8.543607 1.139999 -9.877712
v -8.665899 1.139999 -9.665896
v -8.877715 1.139999 -9.543605
v -9.122299 1.139999 -9.543605
v -9.334114 1.139999 -9.665896
v -9.456408 1.139999 -9.877712
v -9.456408 1.139999 -10.122296
v -9.000006 1.173999 -10.000004
v -9.000006 1.174000 -10.084690
v -9.073347 1.174000 -10.042347
v -8.926666 1.174000 -10.042347
v -8.926666 1.174000 -9.957662
v -9.000006 1.174000 -9.915318
v -9.073347 1.174000 -9.957662
v -9.873001 1.075000 -9.127000
v -9.848001 1.100000 -9.151999
v -9.848001 1.100000 -10.848000
v -9.873001 1.075000 -10.872999
v -8.152000 1.100000 -10.848000
v -8.127001 1.075000 -10.872999
v -8.152000 1.100000 -9.151999
v -8.127001 1.075000 -9.127000
v -8.375599 1.090000 -9.932460
v -8.510599 1.090000 -9.932460
v -8.375599 1.090000 -10.067459
v -8.510598 1.090000 -10.067460
v -8.510599 1.157499 -9.932460
v -8.510598 1.157499 -10.067460
v -8.375599 1.167499 -9.932460
v -8.443099 1.200000 -9.932459
v -8.443099 1.200000 -10.067459
v -8.375599 1.167499 -10.067459
v -8.676310 1.207688 -9.944726
v -8.676310 1.207688 -10.055349
v -8.676310 1.157311 -9.944726
v -8.676310 1.157311 -10.055349
v -8.932499 1.077499 -10.624318
v -8.932500 1.077499 -10.489318
v -9.067499 1.077499 -10.624318
v -9.067499 1.077499 -10.489318
v -8.932500 1.157499 -10.489318
v -9.067499 1.157499 -10.489318
v -8.932499 1.167499 -10.624318
v -8.932500 1.200000 -10.556817
v -9.067499 1.200000 -10.556818
v -9.067499 1.167499 -10.624318
v -8.944727 1.207688 -10.323627
v -9.055351 1.207688 -10.323626
v -8.944727 1.157311 -10.323627
v -9.055351 1.157311 -10.323626
v -9.624350 1.077499 -10.067401
v -9.489349 1.077499 -10.067402
v -9.624349 1.077499 -9.932402
v -9.489349 1.077499 -9.932401
v -9.489349 1.157499 -10.067402
v -9.489349 1.157499 -9.932401
v -9.624350 1.167499 -10.067401
v -9.556849 1.200000 -10.067402
v -9.556849 1.200000 -9.932402
v -9.624349 1.167499 -9.932402
v -9.323597 1.207688 -10.055156
v -9.323596 1.207688 -9.944532
v -9.323597 1.157311 -10.055156
v -9.323596 1.157311 -9.944532
v -9.067449 1.090000 -9.375543
v -9.067448 1.090000 -9.510543
v -8.932448 1.090000 -9.375543
v -8.932448 1.090000 -9.510543
v -9.067448 1.157499 -9.510543
v -8.932448 1.157499 -9.510543
v -9.067449 1.167499 -9.375543
v -9.067448 1.200000 -9.443044
v -8.932447 1.200000 -9.443044
v -8.932448 1.167499 -9.375543
v -9.055180 1.207688 -9.676255
v -8.944553 1.207688 -9.676256
v -9.055180 1.157311 -9.676255
v -8.944553 1.157311 -9.676256
v -8.412807 1.097408 -9.274338
v -8.365805 1.116657 -9.299999
v -8.412807 1.097408 -9.325662
v -8.187225 1.097408 -9.274338
v -8.234227 1.116657 -9.299999
v -8.187225 1.097408 -9.325662
v -8.412807 1.097408 -9.354338
v -8.365805 1.116657 -9.380000
v -8.412807 1.097408 -9.405662
v -8.187225 1.097408 -9.354338
v -8.234227 1.116657 -9.380000
v -8.187225 1.097408 -9.405662
v -8.412807 1.097408 -9.194338
v -8.365805 1.116657 -9.219999
v -8.412807 1.097408 -9.245662
v -8.187225 1.097408 -9.194338
v -8.234227 1.116657 -9.219999
v -8.187225 1.097408 -9.245662
v -9.812806 1.097408 -9.274338
v -9.765804 1.116657 -9.299999
v -9.812806 1.097408 -9.325662
v -9.587225 1.097408 -9.274338
v -9.634228 1.116657 -9.299999
v -9.587225 1.097408 -9.325662
v -9.812806 1.097408 -9.354338
v -9.765804 1.116657 -9.380000
v -9.812806 1.097408 -9.405662
v -9.587225 1.097408 -9.354338
v -9.634228 1.116657 -9.380000
v -9.587225 1.097408 -9.405662
v -9.812806 1.097408 -9.194338
v -9.765804 1.116657 -9.219999
v -9.812806 1.097408 -9.245662
v -9.587225 1.097408 -9.194338
v -9.634228 1.116657 -9.219999
v -9.587225 1.097408 -9.245662
v 12.200000 0.000000 -2.998238
v 12.200000 0.800000 -2.998238
v 14.000000 -0.000000 -2.998238
v 14.000000 0.800000 -2.998238
v 12.200000 0.000000 -0.998238
v 12.200000 0.800000 -0.998238
v 14.000000 -0.000000 -0.998238
v 14.000000 0.800000 -0.998238
v 12.050000 1.000000 -2.998238
v 14.000000 1.000000 -2.998238
v 14.000000 1.000000 -0.998238
v 12.050000 1.000000 -0.998238
v 12.000000 0.950000 -0.998238
v 12.000000 0.950000 -2.998238
v 12.000000 0.850000 -0.998238
v 12.050000 0.800000 -0.998238
v 12.050000 0.800000 -2.998238
v 12.000000 0.850000 -2.998238
v 12.090000 0.100000 -2.858238
v 12.050000 0.140000 -2.858238
v 12.090000 0.140000 -2.898238
v 12.050000 0.360000 -2.858238
v 12.090000 0.400000 -2.858238
v 12.090000 0.360000 -2.898238
v 12.250000 0.100000 -2.858238
v 12.250000 0.140000 -2.898238
v 12.250000 0.360000 -2.898238
v 12.250000 0.400000 -2.858238
v 12.090000 0.100000 -1.138237
v 12.090000 0.140000 -1.098238
v 12.050000 0.140000 -1.138237
v 12.090000 0.400000 -1.138237
v 12.050000 0.360000 -1.138237
v 12.090000 0.360000 -1.098238
v 12.250000 0.140000 -1.098238
v 12.250000 0.100000 -1.138237
v 12.250000 0.400000 -1.138237
v 12.250000 0.360000 -1.098238
v 12.050000 0.440000 -2.858238
v 12.090000 0.440000 -2.898238
v 12.050000 0.660000 -2.858238
v 12.090000 0.700000 -2.858238
v 12.090000 0.660000 -2.898238
v 12.250000 0.440000 -2.898238
v 12.250000 0.660000 -2.898238
v 12.250000 0.700000 -2.858238
v 12.090000 0.440000 -1.098238
v 12.050000 0.440000 -1.138237
v 12.090000 0.700000 -1.138237
v 12.050000 0.660000 -1.138237
v 12.090000 0.660000 -1.098238
v 12.250000 0.440000 -1.098238
v 12.250000 0.700000 -1.138237
v 12.250000 0.660000 -1.098238
v 11.958097 0.550000 -1.998238
v 12.013205 0.603978 -2.052214
v 12.013205 0.550001 -2.074572
v 12.013205 0.496024 -2.052214
v 12.013205 0.473666 -1.998237
v 12.013205 0.496024 -1.944260
v 12.013205 0.550001 -1.921902
v 12.013205 0.603978 -1.944260
v 12.013205 0.626336 -1.998237
v 11.975914 0.591759 -2.039996
v 12.050494 0.591759 -2.039996
v 11.975914 0.550000 -2.057293
v 12.050494 0.550000 -2.057293
v 11.975914 0.508241 -2.039996
v 12.050494 0.508241 -2.039996
v 11.975914 0.490944 -1.998238
v 12.050494 0.490944 -1.998238
v 11.975914 0.508241 -1.956479
v 12.050494 0.508241 -1.956479
v 11.975914 0.550000 -1.939182
v 12.050494 0.550000 -1.939182
v 11.975914 0.591759 -1.956479
v 12.050494 0.591759 -1.956479
v 11.975914 0.609056 -1.998238
v 12.050494 0.609056 -1.998238
v 11.958097 0.250000 -1.998238
v 12.013205 0.303978 -2.052214
v 12.013205 0.250001 -2.074572
v 12.013205 0.196024 -2.052214
v 12.013205 0.173666 -1.998237
v 12.013205 0.196024 -1.944260
v 12.013205 0.250001 -1.921902
v 12.013205 0.303978 -1.944260
v 12.013205 0.326336 -1.998237
v 11.975914 0.291759 -2.039996
v 12.050494 0.291759 -2.039996
v 11.975914 0.250000 -2.057293
v 12.050494 0.250000 -2.057293
v 11.975914 0.208241 -2.039996
v 12.050494 0.208241 -2.039996
v 11.975914 0.190944 -1.998238
v 12.050494 0.190944 -1.998238
v 11.975914 0.208241 -1.956479
v 12.050494 0.208241 -1.956479
v 11.975914 0.250000 -1.939182
v 12.050494 0.250000 -1.939182
v 11.975914 0.291759 -1.956479
v 12.050494 0.291759 -1.956479
v 11.975914 0.309056 -1.998238
v 12.050494 0.309056 -1.998238
v -12.200000 0.000000 -0.998245
v -12.200000 0.800000 -0.998245
v -14.000000 -0.000000 -0.998245
v -14.000000 0.800000 -0.998245
v -12.200000 0.000000 -2.998245
v -12.200000 0.800000 -2.998245
v -14.000000 -0.000000 -2.998245
v -14.000000 0.800000 -2.998245
v -12.050000 1.000000 -0.998245
v -14.000000 1.000000 -0.998245
v -14.000000 1.000000 -2.998245
v -12.050000 1.000000 -2.998245
v -12.000000 0.950000 -2.998245
v -12.000000 0.950000 -0.998245
v -12.000000 0.850000 -2.998245
v -12.050000 0.800000 -2.998245
v -12.050000 0.800000 -0.998245
v -12.000000 0.850000 -0.998245
v -12.090000 0.100000 -1.138245
v -12.050000 0.140000 -1.138245
v -12.090000 0.140000 -1.098245
v -12.050000 0.360000 -1.138245
v -12.090000 0.400000 -1.138245
v -12.090000 0.360000 -1.098245
v -12.250000 0.100000 -1.138245
v -12.250000 0.140000 -1.098245
v -12.250000 0.360000 -1.098245
v -12.250000 0.400000 -1.138245
v -12.090000 0.100000 -2.858245
v -12.090000 0.140000 -2.898245
v -12.050000 0.140000 -2.858245
v -12.090000 0.400000 -2.858245
v -12.050000 0.360000 -2.858245
v -12.090000 0.360000 -2.898245
v -12.250000 0.140000 -2.898245
v -12.250000 0.100000 -2.858245
v -12.250000 0.400000 -2.858245
v -12.250000 0.360000 -2.898245
v -12.050000 0.440000 -1.138245
v -12.090000 0.440000 -1.098245
v -12.050000 0.660000 -1.138245
v -12.090000 0.700000 -1.138245
v -12.090000 0.660000 -1.098245
v -12.250000 0.440000 -1.098245
v -12.250000 0.660000 -1.098245
v -12.250000 0.700000 -1.138245
v -12.090000 0.440000 -2.898245
v -12.050000 0.440000 -2.858245
v -12.090000 0.700000 -2.858245
v -12.050000 0.660000 -2.858245
v -12.090000 0.660000 -2.898245
v -12.250000 0.440000 -2.898245
v -12.250000 0.700000 -2.858245
v -12.250000 0.660000 -2.898245
v -11.958097 0.550000 -1.998245
v -12.013205 0.603978 -1.944269
v -12.013205 0.550001 -1.921911
v -12.013205 0.496024 -1.944269
v -12.013205 0.473666 -1.998246
v -12.013205 0.496024 -2.052223
v -12.013205 0.550001 -2.074581
v -12.013205 0.603978 -2.052223
v -12.013205 0.626336 -1.998246
v -11.975914 0.591759 -1.956486
v -12.050494 0.591759 -1.956486
v -11.975914 0.550000 -1.939189
v -12.050494 0.550000 -1.939189
v -11.975914 0.508241 -1.956486
v -12.050494 0.508241 -1.956486
v -11.975914 0.490944 -1.998245
v -12.050494 0.490944 -1.998245
v -11.975914 0.508241 -2.040004
v -12.050494 0.508241 -2.040004
v -11.975914 0.550000 -2.057301
v -12.050494 0.550000 -2.057301
v -11.975914 0.591759 -2.040004
v -12.050494 0.591759 -2.040004
v -11.975914 0.609056 -1.998245
v -12.050494 0.609056 -1.998245
v -11.958097 0.250000 -1.998245
v -12.013205 0.303978 -1.944269
v -12.013205 0.250001 -1.921911
v -12.013205 0.196024 -1.944269
v -12.013205 0.173666 -1.998246
v -12.013205 0.196024 -2.052223
v -12.013205 0.250001 -2.074581
v -12.013205 0.303978 -2.052223
v -12.013205 0.326336 -1.998246
v -11.975914 0.291759 -1.956486
v -12.050494 0.291759 -1.956486
v -11.975914 0.250000 -1.939189
v -12.050494 0.250000 -1.939189
v -11.975914 0.208241 -1.956486
v -12.050494 0.208241 -1.956486
v -11.975914 0.190944 -1.998245
v -12.050494 0.190944 -1.998245
v -11.975914 0.208241 -2.040004
v -12.050494 0.208241 -2.040004
v -11.975914 0.250000 -2.057301
v -12.050494 0.250000 -2.057301
v -11.975914 0.291759 -2.040004
v -12.050494 0.291759 -2.040004
v -11.975914 0.309056 -1.998245
v -12.050494 0.309056 -1.998245
v 0.000000 0.000000 -9.198245
v 0.000000 0.800000 -9.198245
v 0.000000 -0.000000 -10.998245
v 0.000000 0.800000 -10.998245
v 2.000000 0.000000 -9.198245
v 2.000000 0.800000 -9.198245
v 2.000000 -0.000000 -10.998245
v 2.000000 0.800000 -10.998245
v 0.000000 1.000000 -9.048245
v 0.000000 1.000000 -10.998245
v 2.000000 1.000000 -10.998245
v 2.000000 1.000000 -9.048245
v 2.000000 0.950000 -8.998245
v 0.000000 0.950000 -8.998245
v 2.000000 0.850000 -8.998245
v 2.000000 0.800000 -9.048245
v 0.000000 0.800000 -9.048245
v 0.000000 0.850000 -8.998245
v 0.140000 0.100000 -9.088245
v 0.140000 0.140000 -9.048245
v 0.100000 0.140000 -9.088245
v 0.140000 0.360000 -9.048245
v 0.140000 0.400000 -9.088245
v 0.100000 0.360000 -9.088245
v 0.140000 0.100000 -9.248245
v 0.100000 0.140000 -9.248245
v 0.100000 0.360000 -9.248245
v 0.140000 0.400000 -9.248245
v 1.860000 0.100000 -9.088245
v 1.900000 0.140000 -9.088245
v 1.860000 0.140000 -9.048245
v 1.860000 0.400000 -9.088245
v 1.860000 0.360000 -9.048245
v 1.900000 0.360000 -9.088245
v 1.900000 0.140000 -9.248245
v 1.860000 0.100000 -9.248245
v 1.860000 0.400000 -9.248245
v 1.900000 0.360000 -9.248245
v 0.140000 0.440000 -9.048245
v 0.100000 0.440000 -9.088245
v 0.140000 0.660000 -9.048245
v 0.140000 0.700000 -9.088245
v 0.100000 0.660000 -9.088245
v 0.100000 0.440000 -9.248245
v 0.100000 0.660000 -9.248245
v 0.140000 0.700000 -9.248245
v 1.900000 0.440000 -9.088245
v 1.860000 0.440000 -9.048245
v 1.860000 0.700000 -9.088245
v 1.860000 0.660000 -9.048245
v 1.900000 0.660000 -9.088245
v 1.900000 0.440000 -9.248245
v 1.860000 0.700000 -9.248245
v 1.900000 0.660000 -9.248245
v 1.000000 0.550000 -8.956343
v 0.946023 0.603978 -9.011450
v 0.923665 0.550001 -9.011450
v 0.946023 0.496024 -9.011450
v 1.000000 0.473666 -9.011450
v 1.053977 0.496024 -9.011450
v 1.076336 0.550001 -9.011450
v 1.053977 0.603978 -9.011450
v 1.000000 0.626336 -9.011450
v 0.958241 0.591759 -8.974159
v 0.958241 0.591759 -9.048739
v 0.940944 0.550000 -8.974159
v 0.940944 0.550000 -9.048739
v 0.958241 0.508241 -8.974159
v 0.958241 0.508241 -9.048739
v 1.000000 0.490944 -8.974159
v 1.000000 0.490944 -9.048739
v 1.041759 0.508241 -8.974159
v 1.041759 0.508241 -9.048739
v 1.059056 0.550000 -8.974159
v 1.059056 0.550000 -9.048739
v 1.041759 0.591759 -8.974159
v 1.041759 0.591759 -9.048739
v 1.000000 0.609056 -8.974159
v 1.000000 0.609056 -9.048739
v 1.000000 0.250000 -8.956343
v 0.946023 0.303978 -9.011450
v 0.923665 0.250001 -9.011450
v 0.946023 0.196024 -9.011450
v 1.000000 0.173666 -9.011450
v 1.053977 0.196024 -9.011450
v 1.076336 0.250001 -9.011450
v 1.053977 0.303978 -9.011450
v 1.000000 0.326336 -9.011450
v 0.958241 0.291759 -8.974159
v 0.958241 0.291759 -9.048739
v 0.940944 0.250000 -8.974159
v 0.940944 0.250000 -9.048739
v 0.958241 0.208241 -8.974159
v 0.958241 0.208241 -9.048739
v 1.000000 0.190944 -8.974159
v 1.000000 0.190944 -9.048739
v 1.041759 0.208241 -8.974159
v 1.041759 0.208241 -9.048739
v 1.059056 0.250000 -8.974159
v 1.059056 0.250000 -9.048739
v 1.041759 0.291759 -8.974159
v 1.041759 0.291759 -9.048739
v 1.000000 0.309056 -8.974159
v 1.000000 0.309056 -9.048739
v -2.000000 0.000000 -9.198245
v -2.000000 0.800000 -9.198245
v -2.000000 -0.000000 -10.998245
v -2.000000 0.800000 -10.998245
v 0.000000 0.000000 -9.198245
v 0.000000 0.800000 -9.198245
v 0.000000 -0.000000 -10.998245
v 0.000000 0.800000 -10.998245
v -2.000000 1.000000 -9.048245
v -2.000000 1.000000 -10.998245
v 0.000000 1.000000 -10.998245
v 0.000000 1.000000 -9.048245
v 0.000000 0.950000 -8.998245
v -2.000000 0.950000 -8.998245
v 0.000000 0.850000 -8.998245
v 0.000000 0.800000 -9.048245
v -2.000000 0.800000 -9.048245
v -2.000000 0.850000 -8.998245
v -1.860000 0.100000 -9.088245
v -1.860000 0.140000 -9.048245
v -1.900000 0.140000 -9.088245
v -1.860000 0.360000 -9.048245
v -1.860000 0.400000 -9.088245
v -1.900000 0.360000 -9.088245
v -1.860000 0.100000 -9.248245
v -1.900000 0.140000 -9.248245
v -1.900000 0.360000 -9.248245
v -1.860000 0.400000 -9.248245
v -0.140000 0.100000 -9.088245
v -0.100000 0.140000 -9.088245
v -0.140000 0.140000 -9.048245
v -0.140000 0.400000 -9.088245
v -0.140000 0.360000 -9.048245
v -0.100000 0.360000 -9.088245
v -0.100000 0.140000 -9.248245
v -0.140000 0.100000 -9.248245
v -0.140000 0.400000 -9.248245
v -0.100000 0.360000 -9.248245
v -1.860000 0.440000 -9.048245
v -1.900000 0.440000 -9.088245
v -1.860000 0.660000 -9.048245
v -1.860000 0.700000 -9.088245
v -1.900000 0.660000 -9.088245
v -1.900000 0.440000 -9.248245
v -1.900000 0.660000 -9.248245
v -1.860000 0.700000 -9.248245
v -0.100000 0.440000 -9.088245
v -0.140000 0.440000 -9.048245
v -0.140000 0.700000 -9.088245
v -0.140000 0.660000 -9.048245
v -0.100000 0.660000 -9.088245
v -0.100000 0.440000 -9.248245
v -0.140000 0.700000 -9.248245
v -0.100000 0.660000 -9.248245
v -1.000000 0.550000 -8.956343
v -1.053977 0.603978 -9.011450
v -1.076335 0.550001 -9.011450
v -1.053977 0.496024 -9.011450
v -1.000000 0.473666 -9.011450
v -0.946023 0.496024 -9.011450
v -0.923664 0.550001 -9.011450
v -0.946023 0.603978 -9.011450
v -1.000000 0.626336 -9.011450
v -1.041759 0.591759 -8.974159
v -1.041759 0.591759 -9.048739
v -1.059056 0.550000 -8.974159
v -1.059056 0.550000 -9.048739
v -1.041759 0.508241 -8.974159
v -1.041759 0.508241 -9.048739
v -1.000000 0.490944 -8.974159
v -1.000000 0.490944 -9.048739
v -0.958242 0.508241 -8.974159
v -0.958242 0.508241 -9.048739
v -0.940944 0.550000 -8.974159
v -0.940944 0.550000 -9.048739
v -0.958242 0.591759 -8.974159
v -0.958242 0.591759 -9.048739
v -1.000000 0.609056 -8.974159
v -1.000000 0.609056 -9.048739
v -1.000000 0.250000 -8.956343
v -1.053977 0.303978 -9.011450
v -1.076335 0.250001 -9.011450
v -1.053977 0.196024 -9.011450
v -1.000000 0.173666 -9.011450
v -0.946023 0.196024 -9.011450
v -0.923664 0.250001 -9.011450
v -0.946023 0.303978 -9.011450
v -1.000000 0.326336 -9.011450
v -1.041759 0.291759 -8.974159
v -1.041759 0.291759 -9.048739
v -1.059056 0.250000 -8.974159
v -1.059056 0.250000 -9.048739
v -1.041759 0.208241 -8.974159
v -1.041759 0.208241 -9.048739
v -1.000000 0.190944 -8.974159
v -1.000000 0.190944 -9.048739
v -0.958242 0.208241 -8.974159
v -0.958242 0.208241 -9.048739
v -0.940944 0.250000 -8.974159
v -0.940944 0.250000 -9.048739
v -0.958242 0.291759 -8.974159
v -0.958242 0.291759 -9.048739
v -1.000000 0.309056 -8.974159
v -1.000000 0.309056 -9.048739
v -12.000000 0.000000 -9.198245
v -12.000000 0.800000 -9.198245
v -12.000000 -0.000000 -10.998245
v -12.000000 0.800000 -10.998245
v -10.000000 0.000000 -9.198245
v -10.000000 0.800000 -9.198245
v -10.000000 -0.000000 -10.998245
v -10.000000 0.800000 -10.998245
v -12.000000 1.000000 -9.048245
v -12.000000 1.000000 -10.998245
v -10.000000 1.000000 -10.998245
v -10.000000 1.000000 -9.048245
v -10.000000 0.950000 -8.998245
v -12.000000 0.950000 -8.998245
v -10.000000 0.850000 -8.998245
v -10.000000 0.800000 -9.048245
v -12.000000 0.800000 -9.048245
v -12.000000 0.850000 -8.998245
v -11.860000 0.100000 -9.088245
v -11.860000 0.140000 -9.048245
v -11.900000 0.140000 -9.088245
v -11.860000 0.360000 -9.048245
v -11.860000 0.400000 -9.088245
v -11.900000 0.360000 -9.088245
v -11.860000 0.100000 -9.248245
v -11.900000 0.140000 -9.248245
v -11.900000 0.360000 -9.248245
v -11.860000 0.400000 -9.248245
v -10.140000 0.100000 -9.088245
v -10.099999 0.140000 -9.088245
v -10.140000 0.140000 -9.048245
v -10.140000 0.400000 -9.088245
v -10.140000 0.360000 -9.048245
v -10.099999 0.360000 -9.088245
v -10.099999 0.140000 -9.248245
v -10.140000 0.100000 -9.248245
v -10.140000 0.400000 -9.248245
v -10.099999 0.360000 -9.248245
v -11.860000 0.440000 -9.048245
v -11.900000 0.440000 -9.088245
v -11.860000 0.660000 -9.048245
v -11.860000 0.700000 -9.088245
v -11.900000 0.660000 -9.088245
v -11.900000 0.440000 -9.248245
v -11.900000 0.660000 -9.248245
v -11.860000 0.700000 -9.248245
v -10.099999 0.440000 -9.088245
v -10.140000 0.440000 -9.048245
v -10.140000 0.700000 -9.088245
v -10.140000 0.660000 -9.048245
v -10.099999 0.660000 -9.088245
v -10.099999 0.440000 -9.248245
v -10.140000 0.700000 -9.248245
v -10.099999 0.660000 -9.248245
v -11.000000 0.550000 -8.956343
v -11.053977 0.603978 -9.011450
v -11.076335 0.550001 -9.011450
v -11.053977 0.496024 -9.011450
v -11.000000 0.473666 -9.011450
v -10.946023 0.496024 -9.011450
v -10.923664 0.550001 -9.011450
v -10.946023 0.603978 -9.011450
v -11.000000 0.626336 -9.011450
v -11.041759 0.591759 -8.974159
v -11.041759 0.591759 -9.048739
v -11.059056 0.550000 -8.974159
v -11.059056 0.550000 -9.048739
v -11.041759 0.508241 -8.974159
v -11.041759 0.508241 -9.048739
v -11.000000 0.490944 -8.974159
v -11.000000 0.490944 -9.048739
v -10.958241 0.508241 -8.974159
v -10.958241 0.508241 -9.048739
v -10.940945 0.550000 -8.974159
v -10.940945 0.550000 -9.048739
v -10.958241 0.591759 -8.974159
v -10.958241 0.591759 -9.048739
v -11.000000 0.609056 -8.974159
v -11.000000 0.609056 -9.048739
v -11.000000 0.250000 -8.956343
v -11.053977 0.303978 -9.011450
v -11.076335 0.250001 -9.011450
v -11.053977 0.196024 -9.011450
v -11.000000 0.173666 -9.011450
v -10.946023 0.196024 -9.011450
v -10.923664 0.250001 -9.011450
v -10.946023 0.303978 -9.011450
v -11.000000 0.326336 -9.011450
v -11.041759 0.291759 -8.974159
v -11.041759 0.291759 -9.048739
v -11.059056 0.250000 -8.974159
v -11.059056 0.250000 -9.048739
v -11.041759 0.208241 -8.974159
v -11.041759 0.208241 -9.048739
v -11.000000 0.190944 -8.974159
v -11.000000 0.190944 -9.048739
v -10.958241 0.208241 -8.974159
v -10.958241 0.208241 -9.048739
v -10.940945 0.250000 -8.974159
v -10.940945 0.250000 -9.048739
v -10.958241 0.291759 -8.974159
v -10.958241 0.291759 -9.048739
v -11.000000 0.309056 -8.974159
v -11.000000 0.309056 -9.048739
v 10.000000 0.000000 -9.198245
v 10.000000 0.800000 -9.198245
v 10.000000 -0.000000 -10.998245
v 10.000000 0.800000 -10.998245
v 12.000000 0.000000 -9.198245
v 12.000000 0.800000 -9.198245
v 12.000000 -0.000000 -10.998245
v 12.000000 0.800000 -10.998245
v 10.000000 1.000000 -9.048245
v 10.000000 1.000000 -10.998245
v 12.000000 1.000000 -10.998245
v 12.000000 1.000000 -9.048245
v 12.000000 0.950000 -8.998245
v 10.000000 0.950000 -8.998245
v 12.000000 0.850000 -8.998245
v 12.000000 0.800000 -9.048245
v 10.000000 0.800000 -9.048245
v 10.000000 0.850000 -8.998245
v 10.140000 0.100000 -9.088245
v 10.140000 0.140000 -9.048245
v 10.100000 0.140000 -9.088245
v 10.140000 0.360000 -9.048245
v 10.140000 0.400000 -9.088245
v 10.100000 0.360000 -9.088245
v 10.140000 0.100000 -9.248245
v 10.100000 0.140000 -9.248245
v 10.100000 0.360000 -9.248245
v 10.140000 0.400000 -9.248245
v 11.860000 0.100000 -9.088245
v 11.900001 0.140000 -9.088245
v 11.860000 0.140000 -9.048245
v 11.860000 0.400000 -9.088245
v 11.860000 0.360000 -9.048245
v 11.900001 0.360000 -9.088245
v 11.900001 0.140000 -9.248245
v 11.860000 0.100000 -9.248245
v 11.860000 0.400000 -9.248245
v 11.900001 0.360000 -9.248245
v 10.140000 0.440000 -9.048245
v 10.100000 0.440000 -9.088245
v 10.140000 0.660000 -9.048245
v 10.140000 0.700000 -9.088245
v 10.100000 0.660000 -9.088245
v 10.100000 0.440000 -9.248245
v 10.100000 0.660000 -9.248245
v 10.140000 0.700000 -9.248245
v 11.900001 0.440000 -9.088245
v 11.860000 0.440000 -9.048245
v 11.860000 0.700000 -9.088245
v 11.860000 0.660000 -9.048245
v 11.900001 0.660000 -9.088245
v 11.900001 0.440000 -9.248245
v 11.860000 0.700000 -9.248245
v 11.900001 0.660000 -9.248245
v 11.000000 0.550000 -8.956343
v 10.946023 0.603978 -9.011450
v 10.923665 0.550001 -9.011450
v 10.946023 0.496024 -9.011450
v 11.000000 0.473666 -9.011450
v 11.053977 0.496024 -9.011450
v 11.076336 0.550001 -9.011450
v 11.053977 0.603978 -9.011450
v 11.000000 0.626336 -9.011450
v 10.958241 0.591759 -8.974159
v 10.958241 0.591759 -9.048739
v 10.940944 0.550000 -8.974159
v 10.940944 0.550000 -9.048739
v 10.958241 0.508241 -8.974159
v 10.958241 0.508241 -9.048739
v 11.000000 0.490944 -8.974159
v 11.000000 0.490944 -9.048739
v 11.041759 0.508241 -8.974159
v 11.041759 0.508241 -9.048739
v 11.059055 0.550000 -8.974159
v 11.059055 0.550000 -9.048739
v 11.041759 0.591759 -8.974159
v 11.041759 0.591759 -9.048739
v 11.000000 0.609056 -8.974159
v 11.000000 0.609056 -9.048739
v 11.000000 0.250000 -8.956343
v 10.946023 0.303978 -9.011450
v 10.923665 0.250001 -9.011450
v 10.946023 0.196024 -9.011450
v 11.000000 0.173666 -9.011450
v 11.053977 0.196024 -9.011450
v 11.076336 0.250001 -9.011450
v 11.053977 0.303978 -9.011450
v 11.000000 0.326336 -9.011450
v 10.958241 0.291759 -8.974159
v 10.958241 0.291759 -9.048739
v 10.940944 0.250000 -8.974159
v 10.940944 0.250000 -9.048739
v 10.958241 0.208241 -8.974159
v 10.958241 0.208241 -9.048739
v 11.000000 0.190944 -8.974159
v 11.000000 0.190944 -9.048739
v 11.041759 0.208241 -8.974159
v 11.041759 0.208241 -9.048739
v 11.059055 0.250000 -8.974159
v 11.059055 0.250000 -9.048739
v 11.041759 0.291759 -8.974159
v 11.041759 0.291759 -9.048739
v 11.000000 0.309056 -8.974159
v 11.000000 0.309056 -9.048739
v 12.200000 0.000000 -6.998238
v 12.200000 0.800000 -6.998238
v 14.000000 -0.000000 -6.998238
v 14.000000 0.800000 -6.998238
v 12.200000 0.000000 -4.998238
v 12.200000 0.800000 -4.998238
v 14.000000 -0.000000 -4.998238
v 14.000000 0.800000 -4.998238
v 12.050000 1.000000 -6.998238
v 14.000000 1.000000 -6.998238
v 14.000000 1.000000 -4.998238
v 12.050000 1.000000 -4.998238
v 12.000000 0.950000 -4.998238
v 12.000000 0.950000 -6.998238
v 12.000000 0.850000 -4.998238
v 12.050000 0.800000 -4.998238
v 12.050000 0.800000 -6.998238
v 12.000000 0.850000 -6.998238
v 12.090000 0.100000 -6.858238
v 12.050000 0.140000 -6.858238
v 12.090000 0.140000 -6.898238
v 12.050000 0.360000 -6.858238
v 12.090000 0.400000 -6.858238
v 12.090000 0.360000 -6.898238
v 12.250000 0.100000 -6.858238
v 12.250000 0.140000 -6.898238
v 12.250000 0.360000 -6.898238
v 12.250000 0.400000 -6.858238
v 12.090000 0.100000 -5.138237
v 12.090000 0.140000 -5.098238
v 12.050000 0.140000 -5.138237
v 12.090000 0.400000 -5.138237
v 12.050000 0.360000 -5.138237
v 12.090000 0.360000 -5.098238
v 12.250000 0.140000 -5.098238
v 12.250000 0.100000 -5.138237
v 12.250000 0.400000 -5.138237
v 12.250000 0.360000 -5.098238
v 12.050000 0.440000 -6.858238
v 12.090000 0.440000 -6.898238
v 12.050000 0.660000 -6.858238
v 12.090000 0.700000 -6.858238
v 12.090000 0.660000 -6.898238
v 12.250000 0.440000 -6.898238
v 12.250000 0.660000 -6.898238
v 12.250000 0.700000 -6.858238
v 12.090000 0.440000 -5.098238
v 12.050000 0.440000 -5.138237
v 12.090000 0.700000 -5.138237
v 12.050000 0.660000 -5.138237
v 12.090000 0.660000 -5.098238
v 12.250000 0.440000 -5.098238
v 12.250000 0.700000 -5.138237
v 12.250000 0.660000 -5.098238
v 11.958097 0.550000 -5.998238
v 12.013205 0.603978 -6.052214
v 12.013205 0.550001 -6.074573
v 12.013205 0.496024 -6.052214
v 12.013205 0.473666 -5.998237
v 12.013205 0.496024 -5.944260
v 12.013205 0.550001 -5.921902
v 12.013205 0.603978 -5.944260
v 12.013205 0.626336 -5.998237
v 11.975914 0.591759 -6.039997
v 12.050494 0.591759 -6.039997
v 11.975914 0.550000 -6.057293
v 12.050494 0.550000 -6.057293
v 11.975914 0.508241 -6.039997
v 12.050494 0.508241 -6.039997
v 11.975914 0.490944 -5.998238
v 12.050494 0.490944 -5.998238
v 11.975914 0.508241 -5.956479
v 12.050494 0.508241 -5.956479
v 11.975914 0.550000 -5.939182
v 12.050494 0.550000 -5.939182
v 11.975914 0.591759 -5.956479
v 12.050494 0.591759 -5.956479
v 11.975914 0.609056 -5.998238
v 12.050494 0.609056 -5.998238
v 11.958097 0.250000 -5.998238
v 12.013205 0.303978 -6.052214
v 12.013205 0.250001 -6.074573
v 12.013205 0.196024 -6.052214
v 12.013205 0.173666 -5.998237
v 12.013205 0.196024 -5.944260
v 12.013205 0.250001 -5.921902
v 12.013205 0.303978 -5.944260
v 12.013205 0.326336 -5.998237
v 11.975914 0.291759 -6.039997
v 12.050494 0.291759 -6.039997
v 11.975914 0.250000 -6.057293
v 12.050494 0.250000 -6.057293
v 11.975914 0.208241 -6.039997
v 12.050494 0.208241 -6.039997
v 11.975914 0.190944 -5.998238
v 12.050494 0.190944 -5.998238
v 11.975914 0.208241 -5.956479
v 12.050494 0.208241 -5.956479
v 11.975914 0.250000 -5.939182
v 12.050494 0.250000 -5.939182
v 11.975914 0.291759 -5.956479
v 12.050494 0.291759 -5.956479
v 11.975914 0.309056 -5.998238
v 12.050494 0.309056 -5.998238
v 12.200000 0.000000 -8.998238
v 12.200000 0.800000 -8.998238
v 14.000000 -0.000000 -8.998238
v 14.000000 0.800000 -8.998238
v 12.200000 0.000000 -6.998238
v 12.200000 0.800000 -6.998238
v 14.000000 -0.000000 -6.998238
v 14.000000 0.800000 -6.998238
v 12.050000 1.000000 -8.998238
v 14.000000 1.000000 -8.998238
v 14.000000 1.000000 -6.998238
v 12.050000 1.000000 -6.998238
v 12.000000 0.950000 -6.998238
v 12.000000 0.950000 -8.998238
v 12.000000 0.850000 -6.998238
v 12.050000 0.800000 -6.998238
v 12.050000 0.800000 -8.998238
v 12.000000 0.850000 -8.998238
v 12.090000 0.100000 -8.858237
v 12.050000 0.140000 -8.858237
v 12.090000 0.140000 -8.898237
v 12.050000 0.360000 -8.858237
v 12.090000 0.400000 -8.858237
v 12.090000 0.360000 -8.898237
v 12.250000 0.100000 -8.858237
v 12.250000 0.140000 -8.898237
v 12.250000 0.360000 -8.898237
v 12.250000 0.400000 -8.858237
v 12.090000 0.100000 -7.138237
v 12.090000 0.140000 -7.098238
v 12.050000 0.140000 -7.138237
v 12.090000 0.400000 -7.138237
v 12.050000 0.360000 -7.138237
v 12.090000 0.360000 -7.098238
v 12.250000 0.140000 -7.098238
v 12.250000 0.100000 -7.138237
v 12.250000 0.400000 -7.138237
v 12.250000 0.360000 -7.098238
v 12.050000 0.440000 -8.858237
v 12.090000 0.440000 -8.898237
v 12.050000 0.660000 -8.858237
v 12.090000 0.700000 -8.858237
v 12.090000 0.660000 -8.898237
v 12.250000 0.440000 -8.898237
v 12.250000 0.660000 -8.898237
v 12.250000 0.700000 -8.858237
v 12.090000 0.440000 -7.098238
v 12.050000 0.440000 -7.138237
v 12.090000 0.700000 -7.138237
v 12.050000 0.660000 -7.138237
v 12.090000 0.660000 -7.098238
v 12.250000 0.440000 -7.098238
v 12.250000 0.700000 -7.138237
v 12.250000 0.660000 -7.098238
v 11.958097 0.550000 -7.998238
v 12.013205 0.603978 -8.052215
v 12.013205 0.550001 -8.074573
v 12.013205 0.496024 -8.052215
v 12.013205 0.473666 -7.998237
v 12.013205 0.496024 -7.944260
v 12.013205 0.550001 -7.921902
v 12.013205 0.603978 -7.944260
v 12.013205 0.626336 -7.998237
v 11.975914 0.591759 -8.039996
v 12.050494 0.591759 -8.039996
v 11.975914 0.550000 -8.057294
v 12.050494 0.550000 -8.057294
v 11.975914 0.508241 -8.039996
v 12.050494 0.508241 -8.039996
v 11.975914 0.490944 -7.998238
v 12.050494 0.490944 -7.998238
v 11.975914 0.508241 -7.956479
v 12.050494 0.508241 -7.956479
v 11.975914 0.550000 -7.939182
v 12.050494 0.550000 -7.939182
v 11.975914 0.591759 -7.956479
v 12.050494 0.591759 -7.956479
v 11.975914 0.609056 -7.998238
v 12.050494 0.609056 -7.998238
v 11.958097 0.250000 -7.998238
v 12.013205 0.303978 -8.052215
v 12.013205 0.250001 -8.074573
v 12.013205 0.196024 -8.052215
v 12.013205 0.173666 -7.998237
v 12.013205 0.196024 -7.944260
v 12.013205 0.250001 -7.921902
v 12.013205 0.303978 -7.944260
v 12.013205 0.326336 -7.998237
v 11.975914 0.291759 -8.039996
v 12.050494 0.291759 -8.039996
v 11.975914 0.250000 -8.057294
v 12.050494 0.250000 -8.057294
v 11.975914 0.208241 -8.039996
v 12.050494 0.208241 -8.039996
v 11.975914 0.190944 -7.998238
v 12.050494 0.190944 -7.998238
v 11.975914 0.208241 -7.956479
v 12.050494 0.208241 -7.956479
v 11.975914 0.250000 -7.939182
v 12.050494 0.250000 -7.939182
v 11.975914 0.291759 -7.956479
v 12.050494 0.291759 -7.956479
v 11.975914 0.309056 -7.998238
v 12.050494 0.309056 -7.998238
v 12.200000 0.000000 3.001762
v 12.200000 0.800000 3.001762
v 14.000000 -0.000000 3.001762
v 14.000000 0.800000 3.001762
v 12.200000 0.000000 5.001762
v 12.200000 0.800000 5.001762
v 14.000000 -0.000000 5.001762
v 14.000000 0.800000 5.001762
v 12.050000 1.000000 3.001762
v 14.000000 1.000000 3.001762
v 14.000000 1.000000 5.001762
v 12.050000 1.000000 5.001762
v 12.000000 0.950000 5.001762
v 12.000000 0.950000 3.001762
v 12.000000 0.850000 5.001762
v 12.050000 0.800000 5.001762
v 12.050000 0.800000 3.001762
v 12.000000 0.850000 3.001762
v 12.090000 0.100000 3.141762
v 12.050000 0.140000 3.141762
v 12.090000 0.140000 3.101762
v 12.050000 0.360000 3.141762
v 12.090000 0.400000 3.141762
v 12.090000 0.360000 3.101762
v 12.250000 0.100000 3.141762
v 12.250000 0.140000 3.101762
v 12.250000 0.360000 3.101762
v 12.250000 0.400000 3.141762
v 12.090000 0.100000 4.861763
v 12.090000 0.140000 4.901762
v 12.050000 0.140000 4.861763
v 12.090000 0.400000 4.861763
v 12.050000 0.360000 4.861763
v 12.090000 0.360000 4.901762
v 12.250000 0.140000 4.901762
v 12.250000 0.100000 4.861763
v 12.250000 0.400000 4.861763
v 12.250000 0.360000 4.901762
v 12.050000 0.440000 3.141762
v 12.090000 0.440000 3.101762
v 12.050000 0.660000 3.141762
v 12.090000 0.700000 3.141762
v 12.090000 0.660000 3.101762
v 12.250000 0.440000 3.101762
v 12.250000 0.660000 3.101762
v 12.250000 0.700000 3.141762
v 12.090000 0.440000 4.901762
v 12.050000 0.440000 4.861763
v 12.090000 0.700000 4.861763
v 12.050000 0.660000 4.861763
v 12.090000 0.660000 4.901762
v 12.250000 0.440000 4.901762
v 12.250000 0.700000 4.861763
v 12.250000 0.660000 4.901762
v 11.958097 0.550000 4.001762
v 12.013205 0.603978 3.947786
v 12.013205 0.550001 3.925428
v 12.013205 0.496024 3.947786
v 12.013205 0.473666 4.001763
v 12.013205 0.496024 4.055740
v 12.013205 0.550001 4.078098
v 12.013205 0.603978 4.055740
v 12.013205 0.626336 4.001763
v 11.975914 0.591759 3.960004
v 12.050494 0.591759 3.960004
v 11.975914 0.550000 3.942707
v 12.050494 0.550000 3.942707
v 11.975914 0.508241 3.960004
v 12.050494 0.508241 3.960004
v 11.975914 0.490944 4.001762
v 12.050494 0.490944 4.001762
v 11.975914 0.508241 4.043521
v 12.050494 0.508241 4.043521
v 11.975914 0.550000 4.060818
v 12.050494 0.550000 4.060818
v 11.975914 0.591759 4.043521
v 12.050494 0.591759 4.043521
v 11.975914 0.609056 4.001762
v 12.050494 0.609056 4.001762
v 11.958097 0.250000 4.001762
v 12.013205 0.303978 3.947786
v 12.013205 0.250001 3.925428
v 12.013205 0.196024 3.947786
v 12.013205 0.173666 4.001763
v 12.013205 0.196024 4.055740
v 12.013205 0.250001 4.078098
v 12.013205 0.303978 4.055740
v 12.013205 0.326336 4.001763
v 11.975914 0.291759 3.960004
v 12.050494 0.291759 3.960004
v 11.975914 0.250000 3.942707
v 12.050494 0.250000 3.942707
v 11.975914 0.208241 3.960004
v 12.050494 0.208241 3.960004
v 11.975914 0.190944 4.001762
v 12.050494 0.190944 4.001762
v 11.975914 0.208241 4.043521
v 12.050494 0.208241 4.043521
v 11.975914 0.250000 4.060818
v 12.050494 0.250000 4.060818
v 11.975914 0.291759 4.043521
v 12.050494 0.291759 4.043521
v 11.975914 0.309056 4.001762
v 12.050494 0.309056 4.001762
v 12.200000 0.000000 1.001762
v 12.200000 0.800000 1.001762
v 14.000000 -0.000000 1.001762
v 14.000000 0.800000 1.001762
v 12.200000 0.000000 3.001762
v 12.200000 0.800000 3.001762
v 14.000000 -0.000000 3.001762
v 14.000000 0.800000 3.001762
v 12.050000 1.000000 1.001762
v 14.000000 1.000000 1.001762
v 14.000000 1.000000 3.001762
v 12.050000 1.000000 3.001762
v 12.000000 0.950000 3.001762
v 12.000000 0.950000 1.001762
v 12.000000 0.850000 3.001762
v 12.050000 0.800000 3.001762
v 12.050000 0.800000 1.001762
v 12.000000 0.850000 1.001762
v 12.090000 0.100000 1.141762
v 12.050000 0.140000 1.141762
v 12.090000 0.140000 1.101762
v 12.050000 0.360000 1.141762
v 12.090000 0.400000 1.141762
v 12.090000 0.360000 1.101762
v 12.250000 0.100000 1.141762
v 12.250000 0.140000 1.101762
v 12.250000 0.360000 1.101762
v 12.250000 0.400000 1.141762
v 12.090000 0.100000 2.861763
v 12.090000 0.140000 2.901762
v 12.050000 0.140000 2.861763
v 12.090000 0.400000 2.861763
v 12.050000 0.360000 2.861763
v 12.090000 0.360000 2.901762
v 12.250000 0.140000 2.901762
v 12.250000 0.100000 2.861763
v 12.250000 0.400000 2.861763
v 12.250000 0.360000 2.901762
v 12.050000 0.440000 1.141762
v 12.090000 0.440000 1.101762
v 12.050000 0.660000 1.141762
v 12.090000 0.700000 1.141762
v 12.090000 0.660000 1.101762
v 12.250000 0.440000 1.101762
v 12.250000 0.660000 1.101762
v 12.250000 0.700000 1.141762
v 12.090000 0.440000 2.901762
v 12.050000 0.440000 2.861763
v 12.090000 0.700000 2.861763
v 12.050000 0.660000 2.861763
v 12.090000 0.660000 2.901762
v 12.250000 0.440000 2.901762
v 12.250000 0.700000 2.861763
v 12.250000 0.660000 2.901762
v 11.958097 0.550000 2.001762
v 12.013205 0.603978 1.947786
v 12.013205 0.550001 1.925428
v 12.013205 0.496024 1.947786
v 12.013205 0.473666 2.001763
v 12.013205 0.496024 2.055740
v 12.013205 0.550001 2.078098
v 12.013205 0.603978 2.055740
v 12.013205 0.626336 2.001763
v 11.975914 0.591759 1.960004
v 12.050494 0.591759 1.960004
v 11.975914 0.550000 1.942707
v 12.050494 0.550000 1.942707
v 11.975914 0.508241 1.960004
v 12.050494 0.508241 1.960004
v 11.975914 0.490944 2.001762
v 12.050494 0.490944 2.001762
v 11.975914 0.508241 2.043521
v 12.050494 0.508241 2.043521
v 11.975914 0.550000 2.060818
v 12.050494 0.550000 2.060818
v 11.975914 0.591759 2.043521
v 12.050494 0.591759 2.043521
v 11.975914 0.609056 2.001762
v 12.050494 0.609056 2.001762
v 11.958097 0.250000 2.001762
v 12.013205 0.303978 1.947786
v 12.013205 0.250001 1.925428
v 12.013205 0.196024 1.947786
v 12.013205 0.173666 2.001763
v 12.013205 0.196024 2.055740
v 12.013205 0.250001 2.078098
v 12.013205 0.303978 2.055740
v 12.013205 0.326336 2.001763
v 11.975914 0.291759 1.960004
v 12.050494 0.291759 1.960004
v 11.975914 0.250000 1.942707
v 12.050494 0.250000 1.942707
v 11.975914 0.208241 1.960004
v 12.050494 0.208241 1.960004
v 11.975914 0.190944 2.001762
v 12.050494 0.190944 2.001762
v 11.975914 0.208241 2.043521
v 12.050494 0.208241 2.043521
v 11.975914 0.250000 2.060818
v 12.050494 0.250000 2.060818
v 11.975914 0.291759 2.043521
v 12.050494 0.291759 2.043521
v 11.975914 0.309056 2.001762
v 12.050494 0.309056 2.001762
v 12.200000 0.000000 -0.998238
v 12.200000 0.800000 -0.998238
v 14.000000 -0.000000 -0.998238
v 14.000000 0.800000 -0.998238
v 12.200000 0.000000 1.001762
v 12.200000 0.800000 1.001762
v 14.000000 -0.000000 1.001762
v 14.000000 0.800000 1.001762
v 12.050000 1.000000 -0.998238
v 14.000000 1.000000 -0.998238
v 14.000000 1.000000 1.001762
v 12.050000 1.000000 1.001762
v 12.000000 0.950000 1.001762
v 12.000000 0.950000 -0.998238
v 12.000000 0.850000 1.001762
v 12.050000 0.800000 1.001762
v 12.050000 0.800000 -0.998238
v 12.000000 0.850000 -0.998238
v 12.090000 0.100000 -0.858238
v 12.050000 0.140000 -0.858238
v 12.090000 0.140000 -0.898238
v 12.050000 0.360000 -0.858238
v 12.090000 0.400000 -0.858238
v 12.090000 0.360000 -0.898238
v 12.250000 0.100000 -0.858238
v 12.250000 0.140000 -0.898238
v 12.250000 0.360000 -0.898238
v 12.250000 0.400000 -0.858238
v 12.090000 0.100000 0.861762
v 12.090000 0.140000 0.901763
v 12.050000 0.140000 0.861762
v 12.090000 0.400000 0.861762
v 12.050000 0.360000 0.861762
v 12.090000 0.360000 0.901763
v 12.250000 0.140000 0.901763
v 12.250000 0.100000 0.861762
v 12.250000 0.400000 0.861762
v 12.250000 0.360000 0.901763
v 12.050000 0.440000 -0.858238
v 12.090000 0.440000 -0.898238
v 12.050000 0.660000 -0.858238
v 12.090000 0.700000 -0.858238
v 12.090000 0.660000 -0.898238
v 12.250000 0.440000 -0.898238
v 12.250000 0.660000 -0.898238
v 12.250000 0.700000 -0.858238
v 12.090000 0.440000 0.901763
v 12.050000 0.440000 0.861762
v 12.090000 0.700000 0.861762
v 12.050000 0.660000 0.861762
v 12.090000 0.660000 0.901763
v 12.250000 0.440000 0.901763
v 12.250000 0.700000 0.861762
v 12.250000 0.660000 0.901763
v 11.958097 0.550000 0.001762
v 12.013205 0.603978 -0.052214
v 12.013205 0.550001 -0.074572
v 12.013205 0.496024 -0.052214
v 12.013205 0.473666 0.001763
v 12.013205 0.496024 0.055740
v 12.013205 0.550001 0.078098
v 12.013205 0.603978 0.055740
v 12.013205 0.626336 0.001763
v 11.975914 0.591759 -0.039996
v 12.050494 0.591759 -0.039996
v 11.975914 0.550000 -0.057293
v 12.050494 0.550000 -0.057293
v 11.975914 0.508241 -0.039996
v 12.050494 0.508241 -0.039996
v 11.975914 0.490944 0.001762
v 12.050494 0.490944 0.001762
v 11.975914 0.508241 0.043521
v 12.050494 0.508241 0.043521
v 11.975914 0.550000 0.060818
v 12.050494 0.550000 0.060818
v 11.975914 0.591759 0.043521
v 12.050494 0.591759 0.043521
v 11.975914 0.609056 0.001762
v 12.050494 0.609056 0.001762
v 11.958097 0.250000 0.001762
v 12.013205 0.303978 -0.052214
v 12.013205 0.250001 -0.074572
v 12.013205 0.196024 -0.052214
v 12.013205 0.173666 0.001763
v 12.013205 0.196024 0.055740
v 12.013205 0.250001 0.078098
v 12.013205 0.303978 0.055740
v 12.013205 0.326336 0.001763
v 11.975914 0.291759 -0.039996
v 12.050494 0.291759 -0.039996
v 11.975914 0.250000 -0.057293
v 12.050494 0.250000 -0.057293
v 11.975914 0.208241 -0.039996
v 12.050494 0.208241 -0.039996
v 11.975914 0.190944 0.001762
v 12.050494 0.190944 0.001762
v 11.975914 0.208241 0.043521
v 12.050494 0.208241 0.043521
v 11.975914 0.250000 0.060818
v 12.050494 0.250000 0.060818
v 11.975914 0.291759 0.043521
v 12.050494 0.291759 0.043521
v 11.975914 0.309056 0.001762
v 12.050494 0.309056 0.001762
v 12.200000 0.000000 -4.998238
v 12.200000 0.800000 -4.998238
v 14.000000 -0.000000 -4.998238
v 14.000000 0.800000 -4.998238
v 12.200000 0.000000 -2.998238
v 12.200000 0.800000 -2.998238
v 14.000000 -0.000000 -2.998238
v 14.000000 0.800000 -2.998238
v 12.050000 1.000000 -4.998238
v 14.000000 1.000000 -4.998238
v 14.000000 1.000000 -2.998238
v 12.050000 1.000000 -2.998238
v 12.000000 0.950000 -2.998238
v 12.000000 0.950000 -4.998238
v 12.000000 0.850000 -2.998238
v 12.050000 0.800000 -2.998238
v 12.050000 0.800000 -4.998238
v 12.000000 0.850000 -4.998238
v 12.090000 0.100000 -4.858238
v 12.050000 0.140000 -4.858238
v 12.090000 0.140000 -4.898238
v 12.050000 0.360000 -4.858238
v 12.090000 0.400000 -4.858238
v 12.090000 0.360000 -4.898238
v 12.250000 0.100000 -4.858238
v 12.250000 0.140000 -4.898238
v 12.250000 0.360000 -4.898238
v 12.250000 0.400000 -4.858238
v 12.090000 0.100000 -3.138237
v 12.090000 0.140000 -3.098238
v 12.050000 0.140000 -3.138237
v 12.090000 0.400000 -3.138237
v 12.050000 0.360000 -3.138237
v 12.090000 0.360000 -3.098238
v 12.250000 0.140000 -3.098238
v 12.250000 0.100000 -3.138237
v 12.250000 0.400000 -3.138237
v 12.250000 0.360000 -3.098238
v 12.050000 0.440000 -4.858238
v 12.090000 0.440000 -4.898238
v 12.050000 0.660000 -4.858238
v 12.090000 0.700000 -4.858238
v 12.090000 0.660000 -4.898238
v 12.250000 0.440000 -4.898238
v 12.250000 0.660000 -4.898238
v 12.250000 0.700000 -4.858238
v 12.090000 0.440000 -3.098238
v 12.050000 0.440000 -3.138237
v 12.090000 0.700000 -3.138237
v 12.050000 0.660000 -3.138237
v 12.090000 0.660000 -3.098238
v 12.250000 0.440000 -3.098238
v 12.250000 0.700000 -3.138237
v 12.250000 0.660000 -3.098238
v 11.958097 0.550000 -3.998238
v 12.013205 0.603978 -4.052214
v 12.013205 0.550001 -4.074573
v 12.013205 0.496024 -4.052214
v 12.013205 0.473666 -3.998237
v 12.013205 0.496024 -3.944260
v 12.013205 0.550001 -3.921902
v 12.013205 0.603978 -3.944260
v 12.013205 0.626336 -3.998237
v 11.975914 0.591759 -4.039997
v 12.050494 0.591759 -4.039997
v 11.975914 0.550000 -4.057293
v 12.050494 0.550000 -4.057293
v 11.975914 0.508241 -4.039997
v 12.050494 0.508241 -4.039997
v 11.975914 0.490944 -3.998238
v 12.050494 0.490944 -3.998238
v 11.975914 0.508241 -3.956479
v 12.050494 0.508241 -3.956479
v 11.975914 0.550000 -3.939182
v 12.050494 0.550000 -3.939182
v 11.975914 0.591759 -3.956479
v 12.050494 0.591759 -3.956479
v 11.975914 0.609056 -3.998238
v 12.050494 0.609056 -3.998238
v 11.958097 0.250000 -3.998238
v 12.013205 0.303978 -4.052214
v 12.013205 0.250001 -4.074573
v 12.013205 0.196024 -4.052214
v 12.013205 0.173666 -3.998237
v 12.013205 0.196024 -3.944260
v 12.013205 0.250001 -3.921902
v 12.013205 0.303978 -3.944260
v 12.013205 0.326336 -3.998237
v 11.975914 0.291759 -4.039997
v 12.050494 0.291759 -4.039997
v 11.975914 0.250000 -4.057293
v 12.050494 0.250000 -4.057293
v 11.975914 0.208241 -4.039997
v 12.050494 0.208241 -4.039997
v 11.975914 0.190944 -3.998238
v 12.050494 0.190944 -3.998238
v 11.975914 0.208241 -3.956479
v 12.050494 0.208241 -3.956479
v 11.975914 0.250000 -3.939182
v 12.050494 0.250000 -3.939182
v 11.975914 0.291759 -3.956479
v 12.050494 0.291759 -3.956479
v 11.975914 0.309056 -3.998238
v 12.050494 0.309056 -3.998238
v -12.200000 0.000000 3.001755
v -12.200000 0.800000 3.001755
v -14.000000 -0.000000 3.001755
v -14.000000 0.800000 3.001755
v -12.200000 0.000000 1.001755
v -12.200000 0.800000 1.001755
v -14.000000 -0.000000 1.001755
v -14.000000 0.800000 1.001755
v -12.050000 1.000000 3.001755
v -14.000000 1.000000 3.001755
v -14.000000 1.000000 1.001755
v -12.050000 1.000000 1.001755
v -12.000000 0.950000 1.001755
v -12.000000 0.950000 3.001755
v -12.000000 0.850000 1.001755
v -12.050000 0.800000 1.001755
v -12.050000 0.800000 3.001755
v -12.000000 0.850000 3.001755
v -12.090000 0.100000 2.861755
v -12.050000 0.140000 2.861755
v -12.090000 0.140000 2.901755
v -12.050000 0.360000 2.861755
v -12.090000 0.400000 2.861755
v -12.090000 0.360000 2.901755
v -12.250000 0.100000 2.861755
v -12.250000 0.140000 2.901755
v -12.250000 0.360000 2.901755
v -12.250000 0.400000 2.861755
v -12.090000 0.100000 1.141755
v -12.090000 0.140000 1.101755
v -12.050000 0.140000 1.141755
v -12.090000 0.400000 1.141755
v -12.050000 0.360000 1.141755
v -12.090000 0.360000 1.101755
v -12.250000 0.140000 1.101755
v -12.250000 0.100000 1.141755
v -12.250000 0.400000 1.141755
v -12.250000 0.360000 1.101755
v -12.050000 0.440000 2.861755
v -12.090000 0.440000 2.901755
v -12.050000 0.660000 2.861755
v -12.090000 0.700000 2.861755
v -12.090000 0.660000 2.901755
v -12.250000 0.440000 2.901755
v -12.250000 0.660000 2.901755
v -12.250000 0.700000 2.861755
v -12.090000 0.440000 1.101755
v -12.050000 0.440000 1.141755
v -12.090000 0.700000 1.141755
v -12.050000 0.660000 1.141755
v -12.090000 0.660000 1.101755
v -12.250000 0.440000 1.101755
v -12.250000 0.700000 1.141755
v -12.250000 0.660000 1.101755
v -11.958097 0.550000 2.001755
v -12.013205 0.603978 2.055732
v -12.013205 0.550001 2.078089
v -12.013205 0.496024 2.055732
v -12.013205 0.473666 2.001754
v -12.013205 0.496024 1.947777
v -12.013205 0.550001 1.925419
v -12.013205 0.603978 1.947777
v -12.013205 0.626336 2.001754
v -11.975914 0.591759 2.043514
v -12.050494 0.591759 2.043514
v -11.975914 0.550000 2.060811
v -12.050494 0.550000 2.060811
v -11.975914 0.508241 2.043514
v -12.050494 0.508241 2.043514
v -11.975914 0.490944 2.001755
v -12.050494 0.490944 2.001755
v -11.975914 0.508241 1.959996
v -12.050494 0.508241 1.959996
v -11.975914 0.550000 1.942699
v -12.050494 0.550000 1.942699
v -11.975914 0.591759 1.959996
v -12.050494 0.591759 1.959996
v -11.975914 0.609056 2.001755
v -12.050494 0.609056 2.001755
v -11.958097 0.250000 2.001755
v -12.013205 0.303978 2.055732
v -12.013205 0.250001 2.078089
v -12.013205 0.196024 2.055732
v -12.013205 0.173666 2.001754
v -12.013205 0.196024 1.947777
v -12.013205 0.250001 1.925419
v -12.013205 0.303978 1.947777
v -12.013205 0.326336 2.001754
v -11.975914 0.291759 2.043514
v -12.050494 0.291759 2.043514
v -11.975914 0.250000 2.060811
v -12.050494 0.250000 2.060811
v -11.975914 0.208241 2.043514
v -12.050494 0.208241 2.043514
v -11.975914 0.190944 2.001755
v -12.050494 0.190944 2.001755
v -11.975914 0.208241 1.959996
v -12.050494 0.208241 1.959996
v -11.975914 0.250000 1.942699
v -12.050494 0.250000 1.942699
v -11.975914 0.291759 1.959996
v -12.050494 0.291759 1.959996
v -11.975914 0.309056 2.001755
v -12.050494 0.309056 2.001755
v -12.200000 0.000000 5.001755
v -12.200000 0.800000 5.001755
v -14.000000 -0.000000 5.001755
v -14.000000 0.800000 5.001755
v -12.200000 0.000000 3.001755
v -12.200000 0.800000 3.001755
v -14.000000 -0.000000 3.001755
v -14.000000 0.800000 3.001755
v -12.050000 1.000000 5.001755
v -14.000000 1.000000 5.001755
v -14.000000 1.000000 3.001755
v -12.050000 1.000000 3.001755
v -12.000000 0.950000 3.001755
v -12.000000 0.950000 5.001755
v -12.000000 0.850000 3.001755
v -12.050000 0.800000 3.001755
v -12.050000 0.800000 5.001755
v -12.000000 0.850000 5.001755
v -12.090000 0.100000 4.861755
v -12.050000 0.140000 4.861755
v -12.090000 0.140000 4.901755
v -12.050000 0.360000 4.861755
v -12.090000 0.400000 4.861755
v -12.090000 0.360000 4.901755
v -12.250000 0.100000 4.861755
v -12.250000 0.140000 4.901755
v -12.250000 0.360000 4.901755
v -12.250000 0.400000 4.861755
v -12.090000 0.100000 3.141755
v -12.090000 0.140000 3.101755
v -12.050000 0.140000 3.141755
v -12.090000 0.400000 3.141755
v -12.050000 0.360000 3.141755
v -12.090000 0.360000 3.101755
v -12.250000 0.140000 3.101755
v -12.250000 0.100000 3.141755
v -12.250000 0.400000 3.141755
v -12.250000 0.360000 3.101755
v -12.050000 0.440000 4.861755
v -12.090000 0.440000 4.901755
v -12.050000 0.660000 4.861755
v -12.090000 0.700000 4.861755
v -12.090000 0.660000 4.901755
v -12.250000 0.440000 4.901755
v -12.250000 0.660000 4.901755
v -12.250000 0.700000 4.861755
v -12.090000 0.440000 3.101755
v -12.050000 0.440000 3.141755
v -12.090000 0.700000 3.141755
v -12.050000 0.660000 3.141755
v -12.090000 0.660000 3.101755
v -12.250000 0.440000 3.101755
v -12.250000 0.700000 3.141755
v -12.250000 0.660000 3.101755
v -11.958097 0.550000 4.001755
v -12.013205 0.603978 4.055731
v -12.013205 0.550001 4.078089
v -12.013205 0.496024 4.055731
v -12.013205 0.473666 4.001754
v -12.013205 0.496024 3.947777
v -12.013205 0.550001 3.925419
v -12.013205 0.603978 3.947777
v -12.013205 0.626336 4.001754
v -11.975914 0.591759 4.043514
v -12.050494 0.591759 4.043514
v -11.975914 0.550000 4.060811
v -12.050494 0.550000 4.060811
v -11.975914 0.508241 4.043514
v -12.050494 0.508241 4.043514
v -11.975914 0.490944 4.001755
v -12.050494 0.490944 4.001755
v -11.975914 0.508241 3.959996
v -12.050494 0.508241 3.959996
v -11.975914 0.550000 3.942699
v -12.050494 0.550000 3.942699
v -11.975914 0.591759 3.959996
v -12.050494 0.591759 3.959996
v -11.975914 0.609056 4.001755
v -12.050494 0.609056 4.001755
v -11.958097 0.250000 4.001755
v -12.013205 0.303978 4.055731
v -12.013205 0.250001 4.078089
v -12.013205 0.196024 4.055731
v -12.013205 0.173666 4.001754
v -12.013205 0.196024 3.947777
v -12.013205 0.250001 3.925419
v -12.013205 0.303978 3.947777
v -12.013205 0.326336 4.001754
v -11.975914 0.291759 4.043514
v -12.050494 0.291759 4.043514
v -11.975914 0.250000 4.060811
v -12.050494 0.250000 4.060811
v -11.975914 0.208241 4.043514
v -12.050494 0.208241 4.043514
v -11.975914 0.190944 4.001755
v -12.050494 0.190944 4.001755
v -11.975914 0.208241 3.959996
v -12.050494 0.208241 3.959996
v -11.975914 0.250000 3.942699
v -12.050494 0.250000 3.942699
v -11.975914 0.291759 3.959996
v -12.050494 0.291759 3.959996
v -11.975914 0.309056 4.001755
v -12.050494 0.309056 4.001755
v -12.200000 0.000000 -6.998245
v -12.200000 0.800000 -6.998245
v -14.000000 -0.000000 -6.998245
v -14.000000 0.800000 -6.998245
v -12.200000 0.000000 -8.998245
v -12.200000 0.800000 -8.998245
v -14.000000 -0.000000 -8.998245
v -14.000000 0.800000 -8.998245
v -12.050000 1.000000 -6.998245
v -14.000000 1.000000 -6.998245
v -14.000000 1.000000 -8.998245
v -12.050000 1.000000 -8.998245
v -12.000000 0.950000 -8.998245
v -12.000000 0.950000 -6.998245
v -12.000000 0.850000 -8.998245
v -12.050000 0.800000 -8.998245
v -12.050000 0.800000 -6.998245
v -12.000000 0.850000 -6.998245
v -12.090000 0.100000 -7.138245
v -12.050000 0.140000 -7.138245
v -12.090000 0.140000 -7.098245
v -12.050000 0.360000 -7.138245
v -12.090000 0.400000 -7.138245
v -12.090000 0.360000 -7.098245
v -12.250000 0.100000 -7.138245
v -12.250000 0.140000 -7.098245
v -12.250000 0.360000 -7.098245
v -12.250000 0.400000 -7.138245
v -12.090000 0.100000 -8.858246
v -12.090000 0.140000 -8.898246
v -12.050000 0.140000 -8.858246
v -12.090000 0.400000 -8.858246
v -12.050000 0.360000 -8.858246
v -12.090000 0.360000 -8.898246
v -12.250000 0.140000 -8.898246
v -12.250000 0.100000 -8.858246
v -12.250000 0.400000 -8.858246
v -12.250000 0.360000 -8.898246
v -12.050000 0.440000 -7.138245
v -12.090000 0.440000 -7.098245
v -12.050000 0.660000 -7.138245
v -12.090000 0.700000 -7.138245
v -12.090000 0.660000 -7.098245
v -12.250000 0.440000 -7.098245
v -12.250000 0.660000 -7.098245
v -12.250000 0.700000 -7.138245
v -12.090000 0.440000 -8.898246
v -12.050000 0.440000 -8.858246
v -12.090000 0.700000 -8.858246
v -12.050000 0.660000 -8.858246
v -12.090000 0.660000 -8.898246
v -12.250000 0.440000 -8.898246
v -12.250000 0.700000 -8.858246
v -12.250000 0.660000 -8.898246
v -11.958097 0.550000 -7.998245
v -12.013205 0.603978 -7.944269
v -12.013205 0.550001 -7.921911
v -12.013205 0.496024 -7.944269
v -12.013205 0.473666 -7.998246
v -12.013205 0.496024 -8.052223
v -12.013205 0.550001 -8.074581
v -12.013205 0.603978 -8.052223
v -12.013205 0.626336 -7.998246
v -11.975914 0.591759 -7.956486
v -12.050494 0.591759 -7.956486
v -11.975914 0.550000 -7.939189
v -12.050494 0.550000 -7.939189
v -11.975914 0.508241 -7.956486
v -12.050494 0.508241 -7.956486
v -11.975914 0.490944 -7.998245
v -12.050494 0.490944 -7.998245
v -11.975914 0.508241 -8.040004
v -12.050494 0.508241 -8.040004
v -11.975914 0.550000 -8.057301
v -12.050494 0.550000 -8.057301
v -11.975914 0.591759 -8.040004
v -12.050494 0.591759 -8.040004
v -11.975914 0.609056 -7.998245
v -12.050494 0.609056 -7.998245
v -11.958097 0.250000 -7.998245
v -12.013205 0.303978 -7.944269
v -12.013205 0.250001 -7.921911
v -12.013205 0.196024 -7.944269
v -12.013205 0.173666 -7.998246
v -12.013205 0.196024 -8.052223
v -12.013205 0.250001 -8.074581
v -12.013205 0.303978 -8.052223
v -12.013205 0.326336 -7.998246
v -11.975914 0.291759 -7.956486
v -12.050494 0.291759 -7.956486
v -11.975914 0.250000 -7.939189
v -12.050494 0.250000 -7.939189
v -11.975914 0.208241 -7.956486
v -12.050494 0.208241 -7.956486
v -11.975914 0.190944 -7.998245
v -12.050494 0.190944 -7.998245
v -11.975914 0.208241 -8.040004
v -12.050494 0.208241 -8.040004
v -11.975914 0.250000 -8.057301
v -12.050494 0.250000 -8.057301
v -11.975914 0.291759 -8.040004
v -12.050494 0.291759 -8.040004
v -11.975914 0.309056 -7.998245
v -12.050494 0.309056 -7.998245
v -12.200000 0.000000 -4.998245
v -12.200000 0.800000 -4.998245
v -14.000000 -0.000000 -4.998245
v -14.000000 0.800000 -4.998245
v -12.200000 0.000000 -6.998245
v -12.200000 0.800000 -6.998245
v -14.000000 -0.000000 -6.998245
v -14.000000 0.800000 -6.998245
v -12.050000 1.000000 -4.998245
v -14.000000 1.000000 -4.998245
v -14.000000 1.000000 -6.998245
v -12.050000 1.000000 -6.998245
v -12.000000 0.950000 -6.998245
v -12.000000 0.950000 -4.998245
v -12.000000 0.850000 -6.998245
v -12.050000 0.800000 -6.998245
v -12.050000 0.800000 -4.998245
v -12.000000 0.850000 -4.998245
v -12.090000 0.100000 -5.138245
v -12.050000 0.140000 -5.138245
v -12.090000 0.140000 -5.098245
v -12.050000 0.360000 -5.138245
v -12.090000 0.400000 -5.138245
v -12.090000 0.360000 -5.098245
v -12.250000 0.100000 -5.138245
v -12.250000 0.140000 -5.098245
v -12.250000 0.360000 -5.098245
v -12.250000 0.400000 -5.138245
v -12.090000 0.100000 -6.858245
v -12.090000 0.140000 -6.898245
v -12.050000 0.140000 -6.858245
v -12.090000 0.400000 -6.858245
v -12.050000 0.360000 -6.858245
v -12.090000 0.360000 -6.898245
v -12.250000 0.140000 -6.898245
v -12.250000 0.100000 -6.858245
v -12.250000 0.400000 -6.858245
v -12.250000 0.360000 -6.898245
v -12.050000 0.440000 -5.138245
v -12.090000 0.440000 -5.098245
v -12.050000 0.660000 -5.138245
v -12.090000 0.700000 -5.138245
v -12.090000 0.660000 -5.098245
v -12.250000 0.440000 -5.098245
v -12.250000 0.660000 -5.098245
v -12.250000 0.700000 -5.138245
v -12.090000 0.440000 -6.898245
v -12.050000 0.440000 -6.858245
v -12.090000 0.700000 -6.858245
v -12.050000 0.660000 -6.858245
v -12.090000 0.660000 -6.898245
v -12.250000 0.440000 -6.898245
v -12.250000 0.700000 -6.858245
v -12.250000 0.660000 -6.898245
v -11.958097 0.550000 -5.998245
v -12.013205 0.603978 -5.944269
v -12.013205 0.550001 -5.921911
v -12.013205 0.496024 -5.944269
v -12.013205 0.473666 -5.998246
v -12.013205 0.496024 -6.052223
v -12.013205 0.550001 -6.074581
v -12.013205 0.603978 -6.052223
v -12.013205 0.626336 -5.998246
v -11.975914 0.591759 -5.956486
v -12.050494 0.591759 -5.956486
v -11.975914 0.550000 -5.939189
v -12.050494 0.550000 -5.939189
v -11.975914 0.508241 -5.956486
v -12.050494 0.508241 -5.956486
v -11.975914 0.490944 -5.998245
v -12.050494 0.490944 -5.998245
v -11.975914 0.508241 -6.040004
v -12.050494 0.508241 -6.040004
v -11.975914 0.550000 -6.057301
v -12.050494 0.550000 -6.057301
v -11.975914 0.591759 -6.040004
v -12.050494 0.591759 -6.040004
v -11.975914 0.609056 -5.998245
v -12.050494 0.609056 -5.998245
v -11.958097 0.250000 -5.998245
v -12.013205 0.303978 -5.944269
v -12.013205 0.250001 -5.921911
v -12.013205 0.196024 -5.944269
v -12.013205 0.173666 -5.998246
v -12.013205 0.196024 -6.052223
v -12.013205 0.250001 -6.074581
v -12.013205 0.303978 -6.052223
v -12.013205 0.326336 -5.998246
v -11.975914 0.291759 -5.956486
v -12.050494 0.291759 -5.956486
v -11.975914 0.250000 -5.939189
v -12.050494 0.250000 -5.939189
v -11.975914 0.208241 -5.956486
v -12.050494 0.208241 -5.956486
v -11.975914 0.190944 -5.998245
v -12.050494 0.190944 -5.998245
v -11.975914 0.208241 -6.040004
v -12.050494 0.208241 -6.040004
v -11.975914 0.250000 -6.057301
v -12.050494 0.250000 -6.057301
v -11.975914 0.291759 -6.040004
v -12.050494 0.291759 -6.040004
v -11.975914 0.309056 -5.998245
v -12.050494 0.309056 -5.998245
v -12.200000 0.000000 -2.998245
v -12.200000 0.800000 -2.998245
v -14.000000 -0.000000 -2.998245
v -14.000000 0.800000 -2.998245
v -12.200000 0.000000 -4.998245
v -12.200000 0.800000 -4.998245
v -14.000000 -0.000000 -4.998245
v -14.000000 0.800000 -4.998245
v -12.050000 1.000000 -2.998245
v -14.000000 1.000000 -2.998245
v -14.000000 1.000000 -4.998245
v -12.050000 1.000000 -4.998245
v -12.000000 0.950000 -4.998245
v -12.000000 0.950000 -2.998245
v -12.000000 0.850000 -4.998245
v -12.050000 0.800000 -4.998245
v -12.050000 0.800000 -2.998245
v -12.000000 0.850000 -2.998245
v -12.090000 0.100000 -3.138245
v -12.050000 0.140000 -3.138245
v -12.090000 0.140000 -3.098245
v -12.050000 0.360000 -3.138245
v -12.090000 0.400000 -3.138245
v -12.090000 0.360000 -3.098245
v -12.250000 0.100000 -3.138245
v -12.250000 0.140000 -3.098245
v -12.250000 0.360000 -3.098245
v -12.250000 0.400000 -3.138245
v -12.090000 0.100000 -4.858245
v -12.090000 0.140000 -4.898245
v -12.050000 0.140000 -4.858245
v -12.090000 0.400000 -4.858245
v -12.050000 0.360000 -4.858245
v -12.090000 0.360000 -4.898245
v -12.250000 0.140000 -4.898245
v -12.250000 0.100000 -4.858245
v -12.250000 0.400000 -4.858245
v -12.250000 0.360000 -4.898245
v -12.050000 0.440000 -3.138245
v -12.090000 0.440000 -3.098245
v -12.050000 0.660000 -3.138245
v -12.090000 0.700000 -3.138245
v -12.090000 0.660000 -3.098245
v -12.250000 0.440000 -3.098245
v -12.250000 0.660000 -3.098245
v -12.250000 0.700000 -3.138245
v -12.090000 0.440000 -4.898245
v -12.050000 0.440000 -4.858245
v -12.090000 0.700000 -4.858245
v -12.050000 0.660000 -4.858245
v -12.090000 0.660000 -4.898245
v -12.250000 0.440000 -4.898245
v -12.250000 0.700000 -4.858245
v -12.250000 0.660000 -4.898245
v -11.958097 0.550000 -3.998245
v -12.013205 0.603978 -3.944268
v -12.013205 0.550001 -3.921911
v -12.013205 0.496024 -3.944268
v -12.013205 0.473666 -3.998246
v -12.013205 0.496024 -4.052223
v -12.013205 0.550001 -4.074581
v -12.013205 0.603978 -4.052223
v -12.013205 0.626336 -3.998246
v -11.975914 0.591759 -3.956486
v -12.050494 0.591759 -3.956486
v -11.975914 0.550000 -3.939189
v -12.050494 0.550000 -3.939189
v -11.975914 0.508241 -3.956486
v -12.050494 0.508241 -3.956486
v -11.975914 0.490944 -3.998245
v -12.050494 0.490944 -3.998245
v -11.975914 0.508241 -4.040004
v -12.050494 0.508241 -4.040004
v -11.975914 0.550000 -4.057301
v -12.050494 0.550000 -4.057301
v -11.975914 0.591759 -4.040004
v -12.050494 0.591759 -4.040004
v -11.975914 0.609056 -3.998245
v -12.050494 0.609056 -3.998245
v -11.958097 0.250000 -3.998245
v -12.013205 0.303978 -3.944268
v -12.013205 0.250001 -3.921911
v -12.013205 0.196024 -3.944268
v -12.013205 0.173666 -3.998246
v -12.013205 0.196024 -4.052223
v -12.013205 0.250001 -4.074581
v -12.013205 0.303978 -4.052223
v -12.013205 0.326336 -3.998246
v -11.975914 0.291759 -3.956486
v -12.050494 0.291759 -3.956486
v -11.975914 0.250000 -3.939189
v -12.050494 0.250000 -3.939189
v -11.975914 0.208241 -3.956486
v -12.050494 0.208241 -3.956486
v -11.975914 0.190944 -3.998245
v -12.050494 0.190944 -3.998245
v -11.975914 0.208241 -4.040004
v -12.050494 0.208241 -4.040004
v -11.975914 0.250000 -4.057301
v -12.050494 0.250000 -4.057301
v -11.975914 0.291759 -4.040004
v -12.050494 0.291759 -4.040004
v -11.975914 0.309056 -3.998245
v -12.050494 0.309056 -3.998245
v -12.200000 0.000000 1.001755
v -12.200000 0.800000 1.001755
v -14.000000 -0.000000 1.001755
v -14.000000 0.800000 1.001755
v -12.200000 0.000000 -0.998245
v -12.200000 0.800000 -0.998245
v -14.000000 -0.000000 -0.998245
v -14.000000 0.800000 -0.998245
v -12.050000 1.000000 1.001755
v -14.000000 1.000000 1.001755
v -14.000000 1.000000 -0.998245
v -12.050000 1.000000 -0.998245
v -12.000000 0.950000 -0.998245
v -12.000000 0.950000 1.001755
v -12.000000 0.850000 -0.998245
v -12.050000 0.800000 -0.998245
v -12.050000 0.800000 1.001755
v -12.000000 0.850000 1.001755
v -12.090000 0.100000 0.861755
v -12.050000 0.140000 0.861755
v -12.090000 0.140000 0.901755
v -12.050000 0.360000 0.861755
v -12.090000 0.400000 0.861755
v -12.090000 0.360000 0.901755
v -12.250000 0.100000 0.861755
v -12.250000 0.140000 0.901755
v -12.250000 0.360000 0.901755
v -12.250000 0.400000 0.861755
v -12.090000 0.100000 -0.858245
v -12.090000 0.140000 -0.898245
v -12.050000 0.140000 -0.858245
v -12.090000 0.400000 -0.858245
v -12.050000 0.360000 -0.858245
v -12.090000 0.360000 -0.898245
v -12.250000 0.140000 -0.898245
v -12.250000 0.100000 -0.858245
v -12.250000 0.400000 -0.858245
v -12.250000 0.360000 -0.898245
v -12.050000 0.440000 0.861755
v -12.090000 0.440000 0.901755
v -12.050000 0.660000 0.861755
v -12.090000 0.700000 0.861755
v -12.090000 0.660000 0.901755
v -12.250000 0.440000 0.901755
v -12.250000 0.660000 0.901755
v -12.250000 0.700000 0.861755
v -12.090000 0.440000 -0.898245
v -12.050000 0.440000 -0.858245
v -12.090000 0.700000 -0.858245
v -12.050000 0.660000 -0.858245
v -12.090000 0.660000 -0.898245
v -12.250000 0.440000 -0.898245
v -12.250000 0.700000 -0.858245
v -12.250000 0.660000 -0.898245
v -11.958097 0.550000 0.001755
v -12.013205 0.603978 0.055731
v -12.013205 0.550001 0.078089
v -12.013205 0.496024 0.055731
v -12.013205 0.473666 0.001754
v -12.013205 0.496024 -0.052223
v -12.013205 0.550001 -0.074581
v -12.013205 0.603978 -0.052223
v -12.013205 0.626336 0.001754
v -11.975914 0.591759 0.043514
v -12.050494 0.591759 0.043514
v -11.975914 0.550000 0.060811
v -12.050494 0.550000 0.060811
v -11.975914 0.508241 0.043514
v -12.050494 0.508241 0.043514
v -11.975914 0.490944 0.001755
v -12.050494 0.490944 0.001755
v -11.975914 0.508241 -0.040004
v -12.050494 0.508241 -0.040004
v -11.975914 0.550000 -0.057301
v -12.050494 0.550000 -0.057301
v -11.975914 0.591759 -0.040004
v -12.050494 0.591759 -0.040004
v -11.975914 0.609056 0.001755
v -12.050494 0.609056 0.001755
v -11.958097 0.250000 0.001755
v -12.013205 0.303978 0.055731
v -12.013205 0.250001 0.078089
v -12.013205 0.196024 0.055731
v -12.013205 0.173666 0.001754
v -12.013205 0.196024 -0.052223
v -12.013205 0.250001 -0.074581
v -12.013205 0.303978 -0.052223
v -12.013205 0.326336 0.001754
v -11.975914 0.291759 0.043514
v -12.050494 0.291759 0.043514
v -11.975914 0.250000 0.060811
v -12.050494 0.250000 0.060811
v -11.975914 0.208241 0.043514
v -12.050494 0.208241 0.043514
v -11.975914 0.190944 0.001755
v -12.050494 0.190944 0.001755
v -11.975914 0.208241 -0.040004
v -12.050494 0.208241 -0.040004
v -11.975914 0.250000 -0.057301
v -12.050494 0.250000 -0.057301
v -11.975914 0.291759 -0.040004
v -12.050494 0.291759 -0.040004
v -11.975914 0.309056 0.001755
v -12.050494 0.309056 0.001755
v 4.000000 0.000000 -9.198245
v 4.000000 0.800000 -9.198245
v 4.000000 -0.000000 -10.998245
v 4.000000 0.800000 -10.998245
v 6.000000 0.000000 -9.198245
v 6.000000 0.800000 -9.198245
v 6.000000 -0.000000 -10.998245
v 6.000000 0.800000 -10.998245
v 4.000000 1.000000 -9.048245
v 4.000000 1.000000 -10.998245
v 6.000000 1.000000 -10.998245
v 6.000000 1.000000 -9.048245
v 6.000000 0.950000 -8.998245
v 4.000000 0.950000 -8.998245
v 6.000000 0.850000 -8.998245
v 6.000000 0.800000 -9.048245
v 4.000000 0.800000 -9.048245
v 4.000000 0.850000 -8.998245
v 4.140000 0.100000 -9.088245
v 4.140000 0.140000 -9.048245
v 4.100000 0.140000 -9.088245
v 4.140000 0.360000 -9.048245
v 4.140000 0.400000 -9.088245
v 4.100000 0.360000 -9.088245
v 4.140000 0.100000 -9.248245
v 4.100000 0.140000 -9.248245
v 4.100000 0.360000 -9.248245
v 4.140000 0.400000 -9.248245
v 5.860000 0.100000 -9.088245
v 5.900000 0.140000 -9.088245
v 5.860000 0.140000 -9.048245
v 5.860000 0.400000 -9.088245
v 5.860000 0.360000 -9.048245
v 5.900000 0.360000 -9.088245
v 5.900000 0.140000 -9.248245
v 5.860000 0.100000 -9.248245
v 5.860000 0.400000 -9.248245
v 5.900000 0.360000 -9.248245
v 4.140000 0.440000 -9.048245
v 4.100000 0.440000 -9.088245
v 4.140000 0.660000 -9.048245
v 4.140000 0.700000 -9.088245
v 4.100000 0.660000 -9.088245
v 4.100000 0.440000 -9.248245
v 4.100000 0.660000 -9.248245
v 4.140000 0.700000 -9.248245
v 5.900000 0.440000 -9.088245
v 5.860000 0.440000 -9.048245
v 5.860000 0.700000 -9.088245
v 5.860000 0.660000 -9.048245
v 5.900000 0.660000 -9.088245
v 5.900000 0.440000 -9.248245
v 5.860000 0.700000 -9.248245
v 5.900000 0.660000 -9.248245
v 5.000000 0.550000 -8.956343
v 4.946023 0.603978 -9.011450
v 4.923665 0.550001 -9.011450
v 4.946023 0.496024 -9.011450
v 5.000000 0.473666 -9.011450
v 5.053977 0.496024 -9.011450
v 5.076335 0.550001 -9.011450
v 5.053977 0.603978 -9.011450
v 5.000000 0.626336 -9.011450
v 4.958241 0.591759 -8.974159
v 4.958241 0.591759 -9.048739
v 4.940944 0.550000 -8.974159
v 4.940944 0.550000 -9.048739
v 4.958241 0.508241 -8.974159
v 4.958241 0.508241 -9.048739
v 5.000000 0.490944 -8.974159
v 5.000000 0.490944 -9.048739
v 5.041759 0.508241 -8.974159
v 5.041759 0.508241 -9.048739
v 5.059055 0.550000 -8.974159
v 5.059055 0.550000 -9.048739
v 5.041759 0.591759 -8.974159
v 5.041759 0.591759 -9.048739
v 5.000000 0.609056 -8.974159
v 5.000000 0.609056 -9.048739
v 5.000000 0.250000 -8.956343
v 4.946023 0.303978 -9.011450
v 4.923665 0.250001 -9.011450
v 4.946023 0.196024 -9.011450
v 5.000000 0.173666 -9.011450
v 5.053977 0.196024 -9.011450
v 5.076335 0.250001 -9.011450
v 5.053977 0.303978 -9.011450
v 5.000000 0.326336 -9.011450
v 4.958241 0.291759 -8.974159
v 4.958241 0.291759 -9.048739
v 4.940944 0.250000 -8.974159
v 4.940944 0.250000 -9.048739
v 4.958241 0.208241 -8.974159
v 4.958241 0.208241 -9.048739
v 5.000000 0.190944 -8.974159
v 5.000000 0.190944 -9.048739
v 5.041759 0.208241 -8.974159
v 5.041759 0.208241 -9.048739
v 5.059055 0.250000 -8.974159
v 5.059055 0.250000 -9.048739
v 5.041759 0.291759 -8.974159
v 5.041759 0.291759 -9.048739
v 5.000000 0.309056 -8.974159
v 5.000000 0.309056 -9.048739
v 2.000000 0.000000 -9.198245
v 2.000000 0.800000 -9.198245
v 2.000000 -0.000000 -10.998245
v 2.000000 0.800000 -10.998245
v 4.000000 0.000000 -9.198245
v 4.000000 0.800000 -9.198245
v 4.000000 -0.000000 -10.998245
v 4.000000 0.800000 -10.998245
v 2.000000 1.000000 -9.048245
v 2.000000 1.000000 -10.998245
v 4.000000 1.000000 -10.998245
v 4.000000 1.000000 -9.048245
v 4.000000 0.950000 -8.998245
v 2.000000 0.950000 -8.998245
v 4.000000 0.850000 -8.998245
v 4.000000 0.800000 -9.048245
v 2.000000 0.800000 -9.048245
v 2.000000 0.850000 -8.998245
v 2.140000 0.100000 -9.088245
v 2.140000 0.140000 -9.048245
v 2.100000 0.140000 -9.088245
v 2.140000 0.360000 -9.048245
v 2.140000 0.400000 -9.088245
v 2.100000 0.360000 -9.088245
v 2.140000 0.100000 -9.248245
v 2.100000 0.140000 -9.248245
v 2.100000 0.360000 -9.248245
v 2.140000 0.400000 -9.248245
v 3.860000 0.100000 -9.088245
v 3.900000 0.140000 -9.088245
v 3.860000 0.140000 -9.048245
v 3.860000 0.400000 -9.088245
v 3.860000 0.360000 -9.048245
v 3.900000 0.360000 -9.088245
v 3.900000 0.140000 -9.248245
v 3.860000 0.100000 -9.248245
v 3.860000 0.400000 -9.248245
v 3.900000 0.360000 -9.248245
v 2.140000 0.440000 -9.048245
v 2.100000 0.440000 -9.088245
v 2.140000 0.660000 -9.048245
v 2.140000 0.700000 -9.088245
v 2.100000 0.660000 -9.088245
v 2.100000 0.440000 -9.248245
v 2.100000 0.660000 -9.248245
v 2.140000 0.700000 -9.248245
v 3.900000 0.440000 -9.088245
v 3.860000 0.440000 -9.048245
v 3.860000 0.700000 -9.088245
v 3.860000 0.660000 -9.048245
v 3.900000 0.660000 -9.088245
v 3.900000 0.440000 -9.248245
v 3.860000 0.700000 -9.248245
v 3.900000 0.660000 -9.248245
v 3.000000 0.550000 -8.956343
v 2.946023 0.603978 -9.011450
v 2.923665 0.550001 -9.011450
v 2.946023 0.496024 -9.011450
v 3.000000 0.473666 -9.011450
v 3.053977 0.496024 -9.011450
v 3.076335 0.550001 -9.011450
v 3.053977 0.603978 -9.011450
v 3.000000 0.626336 -9.011450
v 2.958241 0.591759 -8.974159
v 2.958241 0.591759 -9.048739
v 2.940944 0.550000 -8.974159
v 2.940944 0.550000 -9.048739
v 2.958241 0.508241 -8.974159
v 2.958241 0.508241 -9.048739
v 3.000000 0.490944 -8.974159
v 3.000000 0.490944 -9.048739
v 3.041759 0.508241 -8.974159
v 3.041759 0.508241 -9.048739
v 3.059056 0.550000 -8.974159
v 3.059056 0.550000 -9.048739
v 3.041759 0.591759 -8.974159
v 3.041759 0.591759 -9.048739
v 3.000000 0.609056 -8.974159
v 3.000000 0.609056 -9.048739
v 3.000000 0.250000 -8.956343
v 2.946023 0.303978 -9.011450
v 2.923665 0.250001 -9.011450
v 2.946023 0.196024 -9.011450
v 3.000000 0.173666 -9.011450
v 3.053977 0.196024 -9.011450
v 3.076335 0.250001 -9.011450
v 3.053977 0.303978 -9.011450
v 3.000000 0.326336 -9.011450
v 2.958241 0.291759 -8.974159
v 2.958241 0.291759 -9.048739
v 2.940944 0.250000 -8.974159
v 2.940944 0.250000 -9.048739
v 2.958241 0.208241 -8.974159
v 2.958241 0.208241 -9.048739
v 3.000000 0.190944 -8.974159
v 3.000000 0.190944 -9.048739
v 3.041759 0.208241 -8.974159
v 3.041759 0.208241 -9.048739
v 3.059056 0.250000 -8.974159
v 3.059056 0.250000 -9.048739
v 3.041759 0.291759 -8.974159
v 3.041759 0.291759 -9.048739
v 3.000000 0.309056 -8.974159
v 3.000000 0.309056 -9.048739
v -4.000000 0.000000 -9.198245
v -4.000000 0.800000 -9.198245
v -4.000000 -0.000000 -10.998245
v -4.000000 0.800000 -10.998245
v -2.000000 0.000000 -9.198245
v -2.000000 0.800000 -9.198245
v -2.000000 -0.000000 -10.998245
v -2.000000 0.800000 -10.998245
v -4.000000 1.000000 -9.048245
v -4.000000 1.000000 -10.998245
v -2.000000 1.000000 -10.998245
v -2.000000 1.000000 -9.048245
v -2.000000 0.950000 -8.998245
v -4.000000 0.950000 -8.998245
v -2.000000 0.850000 -8.998245
v -2.000000 0.800000 -9.048245
v -4.000000 0.800000 -9.048245
v -4.000000 0.850000 -8.998245
v -3.860000 0.100000 -9.088245
v -3.860000 0.140000 -9.048245
v -3.900000 0.140000 -9.088245
v -3.860000 0.360000 -9.048245
v -3.860000 0.400000 -9.088245
v -3.900000 0.360000 -9.088245
v -3.860000 0.100000 -9.248245
v -3.900000 0.140000 -9.248245
v -3.900000 0.360000 -9.248245
v -3.860000 0.400000 -9.248245
v -2.140000 0.100000 -9.088245
v -2.100000 0.140000 -9.088245
v -2.140000 0.140000 -9.048245
v -2.140000 0.400000 -9.088245
v -2.140000 0.360000 -9.048245
v -2.100000 0.360000 -9.088245
v -2.100000 0.140000 -9.248245
v -2.140000 0.100000 -9.248245
v -2.140000 0.400000 -9.248245
v -2.100000 0.360000 -9.248245
v -3.860000 0.440000 -9.048245
v -3.900000 0.440000 -9.088245
v -3.860000 0.660000 -9.048245
v -3.860000 0.700000 -9.088245
v -3.900000 0.660000 -9.088245
v -3.900000 0.440000 -9.248245
v -3.900000 0.660000 -9.248245
v -3.860000 0.700000 -9.248245
v -2.100000 0.440000 -9.088245
v -2.140000 0.440000 -9.048245
v -2.140000 0.700000 -9.088245
v -2.140000 0.660000 -9.048245
v -2.100000 0.660000 -9.088245
v -2.100000 0.440000 -9.248245
v -2.140000 0.700000 -9.248245
v -2.100000 0.660000 -9.248245
v -3.000000 0.550000 -8.956343
v -3.053977 0.603978 -9.011450
v -3.076335 0.550001 -9.011450
v -3.053977 0.496024 -9.011450
v -3.000000 0.473666 -9.011450
v -2.946023 0.496024 -9.011450
v -2.923665 0.550001 -9.011450
v -2.946023 0.603978 -9.011450
v -3.000000 0.626336 -9.011450
v -3.041759 0.591759 -8.974159
v -3.041759 0.591759 -9.048739
v -3.059056 0.550000 -8.974159
v -3.059056 0.550000 -9.048739
v -3.041759 0.508241 -8.974159
v -3.041759 0.508241 -9.048739
v -3.000000 0.490944 -8.974159
v -3.000000 0.490944 -9.048739
v -2.958241 0.508241 -8.974159
v -2.958241 0.508241 -9.048739
v -2.940944 0.550000 -8.974159
v -2.940944 0.550000 -9.048739
v -2.958241 0.591759 -8.974159
v -2.958241 0.591759 -9.048739
v -3.000000 0.609056 -8.974159
v -3.000000 0.609056 -9.048739
v -3.000000 0.250000 -8.956343
v -3.053977 0.303978 -9.011450
v -3.076335 0.250001 -9.011450
v -3.053977 0.196024 -9.011450
v -3.000000 0.173666 -9.011450
v -2.946023 0.196024 -9.011450
v -2.923665 0.250001 -9.011450
v -2.946023 0.303978 -9.011450
v -3.000000 0.326336 -9.011450
v -3.041759 0.291759 -8.974159
v -3.041759 0.291759 -9.048739
v -3.059056 0.250000 -8.974159
v -3.059056 0.250000 -9.048739
v -3.041759 0.208241 -8.974159
v -3.041759 0.208241 -9.048739
v -3.000000 0.190944 -8.974159
v -3.000000 0.190944 -9.048739
v -2.958241 0.208241 -8.974159
v -2.958241 0.208241 -9.048739
v -2.940944 0.250000 -8.974159
v -2.940944 0.250000 -9.048739
v -2.958241 0.291759 -8.974159
v -2.958241 0.291759 -9.048739
v -3.000000 0.309056 -8.974159
v -3.000000 0.309056 -9.048739
v -6.000000 0.000000 -9.198245
v -6.000000 0.800000 -9.198245
v -6.000000 -0.000000 -10.998245
v -6.000000 0.800000 -10.998245
v -4.000000 0.000000 -9.198245
v -4.000000 0.800000 -9.198245
v -4.000000 -0.000000 -10.998245
v -4.000000 0.800000 -10.998245
v -6.000000 1.000000 -9.048245
v -6.000000 1.000000 -10.998245
v -4.000000 1.000000 -10.998245
v -4.000000 1.000000 -9.048245
v -4.000000 0.950000 -8.998245
v -6.000000 0.950000 -8.998245
v -4.000000 0.850000 -8.998245
v -4.000000 0.800000 -9.048245
v -6.000000 0.800000 -9.048245
v -6.000000 0.850000 -8.998245
v -5.860000 0.100000 -9.088245
v -5.860000 0.140000 -9.048245
v -5.900000 0.140000 -9.088245
v -5.860000 0.360000 -9.048245
v -5.860000 0.400000 -9.088245
v -5.900000 0.360000 -9.088245
v -5.860000 0.100000 -9.248245
v -5.900000 0.140000 -9.248245
v -5.900000 0.360000 -9.248245
v -5.860000 0.400000 -9.248245
v -4.140000 0.100000 -9.088245
v -4.100000 0.140000 -9.088245
v -4.140000 0.140000 -9.048245
v -4.140000 0.400000 -9.088245
v -4.140000 0.360000 -9.048245
v -4.100000 0.360000 -9.088245
v -4.100000 0.140000 -9.248245
v -4.140000 0.100000 -9.248245
v -4.140000 0.400000 -9.248245
v -4.100000 0.360000 -9.248245
v -5.860000 0.440000 -9.048245
v -5.900000 0.440000 -9.088245
v -5.860000 0.660000 -9.048245
v -5.860000 0.700000 -9.088245
v -5.900000 0.660000 -9.088245
v -5.900000 0.440000 -9.248245
v -5.900000 0.660000 -9.248245
v -5.860000 0.700000 -9.248245
v -4.100000 0.440000 -9.088245
v -4.140000 0.440000 -9.048245
v -4.140000 0.700000 -9.088245
v -4.140000 0.660000 -9.048245
v -4.100000 0.660000 -9.088245
v -4.100000 0.440000 -9.248245
v -4.140000 0.700000 -9.248245
v -4.100000 0.660000 -9.248245
v -5.000000 0.550000 -8.956343
v -5.053977 0.603978 -9.011450
v -5.076335 0.550001 -9.011450
v -5.053977 0.496024 -9.011450
v -5.000000 0.473666 -9.011450
v -4.946023 0.496024 -9.011450
v -4.923665 0.550001 -9.011450
v -4.946023 0.603978 -9.011450
v -5.000000 0.626336 -9.011450
v -5.041759 0.591759 -8.974159
v -5.041759 0.591759 -9.048739
v -5.059056 0.550000 -8.974159
v -5.059056 0.550000 -9.048739
v -5.041759 0.508241 -8.974159
v -5.041759 0.508241 -9.048739
v -5.000000 0.490944 -8.974159
v -5.000000 0.490944 -9.048739
v -4.958241 0.508241 -8.974159
v -4.958241 0.508241 -9.048739
v -4.940945 0.550000 -8.974159
v -4.940945 0.550000 -9.048739
v -4.958241 0.591759 -8.974159
v -4.958241 0.591759 -9.048739
v -5.000000 0.609056 -8.974159
v -5.000000 0.609056 -9.048739
v -5.000000 0.250000 -8.956343
v -5.053977 0.303978 -9.011450
v -5.076335 0.250001 -9.011450
v -5.053977 0.196024 -9.011450
v -5.000000 0.173666 -9.011450
v -4.946023 0.196024 -9.011450
v -4.923665 0.250001 -9.011450
v -4.946023 0.303978 -9.011450
v -5.000000 0.326336 -9.011450
v -5.041759 0.291759 -8.974159
v -5.041759 0.291759 -9.048739
v -5.059056 0.250000 -8.974159
v -5.059056 0.250000 -9.048739
v -5.041759 0.208241 -8.974159
v -5.041759 0.208241 -9.048739
v -5.000000 0.190944 -8.974159
v -5.000000 0.190944 -9.048739
v -4.958241 0.208241 -8.974159
v -4.958241 0.208241 -9.048739
v -4.940945 0.250000 -8.974159
v -4.940945 0.250000 -9.048739
v -4.958241 0.291759 -8.974159
v -4.958241 0.291759 -9.048739
v -5.000000 0.309056 -8.974159
v -5.000000 0.309056 -9.048739
v 12.000000 0.000000 -10.798249
v 12.000000 0.800000 -10.798249
v 12.000000 -0.000000 -8.998249
v 12.000000 0.800000 -8.998249
v 14.000000 -0.000000 -8.998249
v 14.000000 0.800000 -8.998249
v 12.000000 1.000000 -10.948249
v 12.000000 1.000000 -8.998249
v 14.000000 1.000000 -8.998249
v 14.000000 1.000000 -10.998248
v 12.050000 1.000000 -10.998249
v 12.200001 0.800000 -10.998249
v 12.200001 0.000000 -10.998249
v 12.200001 0.000000 -10.798249
v 12.200001 0.800000 -10.798249
v 14.000000 0.000000 -10.998249
v 14.000000 0.800000 -10.998248
v 12.000000 0.850000 -10.998249
v 12.000000 0.800000 -10.948250
v 12.050000 0.800000 -10.998249
v 12.000000 0.950000 -10.998249
v -12.000000 0.000000 -9.198249
v -12.000000 0.800000 -9.198249
v -12.000000 -0.000000 -10.998249
v -12.000000 0.800000 -10.998249
v -14.000000 -0.000000 -10.998249
v -14.000000 0.800000 -10.998249
v -12.000000 1.000000 -9.048249
v -12.000000 1.000000 -10.998249
v -14.000000 1.000000 -10.998249
v -14.000000 1.000000 -8.998249
v -12.050000 1.000000 -8.998249
v -12.200000 0.800000 -8.998249
v -12.200000 0.000000 -8.998249
v -12.200000 0.000000 -9.198249
v -12.200000 0.800000 -9.198249
v -14.000000 0.000000 -8.998249
v -14.000000 0.800000 -8.998249
v -12.000000 0.850000 -8.998249
v -12.000000 0.800000 -9.048249
v -12.050000 0.800000 -8.998249
v -12.000000 0.950000 -8.998249
v 12.200000 0.000000 7.001762
v 12.200000 0.800000 7.001762
v 14.000000 -0.000000 7.001762
v 14.000000 0.800000 7.001762
v 12.200000 0.000000 9.001762
v 12.200000 0.800000 9.001762
v 14.000000 -0.000000 9.001762
v 14.000000 0.800000 9.001762
v 12.050000 1.000000 7.001762
v 14.000000 1.000000 7.001762
v 14.000000 1.000000 9.001762
v 12.050000 1.000000 9.001762
v 12.000000 0.950000 9.001762
v 12.000000 0.950000 7.001762
v 12.000000 0.850000 9.001762
v 12.050000 0.800000 9.001762
v 12.050000 0.800000 7.001762
v 12.000000 0.850000 7.001762
v 12.090000 0.100000 7.141762
v 12.050000 0.140000 7.141762
v 12.090000 0.140000 7.101762
v 12.050000 0.360000 7.141762
v 12.090000 0.400000 7.141762
v 12.090000 0.360000 7.101762
v 12.250000 0.100000 7.141762
v 12.250000 0.140000 7.101762
v 12.250000 0.360000 7.101762
v 12.250000 0.400000 7.141762
v 12.090000 0.100000 8.861762
v 12.090000 0.140000 8.901763
v 12.050000 0.140000 8.861762
v 12.090000 0.400000 8.861762
v 12.050000 0.360000 8.861762
v 12.090000 0.360000 8.901763
v 12.250000 0.140000 8.901763
v 12.250000 0.100000 8.861762
v 12.250000 0.400000 8.861762
v 12.250000 0.360000 8.901763
v 12.050000 0.440000 7.141762
v 12.090000 0.440000 7.101762
v 12.050000 0.660000 7.141762
v 12.090000 0.700000 7.141762
v 12.090000 0.660000 7.101762
v 12.250000 0.440000 7.101762
v 12.250000 0.660000 7.101762
v 12.250000 0.700000 7.141762
v 12.090000 0.440000 8.901763
v 12.050000 0.440000 8.861762
v 12.090000 0.700000 8.861762
v 12.050000 0.660000 8.861762
v 12.090000 0.660000 8.901763
v 12.250000 0.440000 8.901763
v 12.250000 0.700000 8.861762
v 12.250000 0.660000 8.901763
v 11.958097 0.550000 8.001762
v 12.013205 0.603978 7.947786
v 12.013205 0.550001 7.925427
v 12.013205 0.496024 7.947786
v 12.013205 0.473666 8.001762
v 12.013205 0.496024 8.055739
v 12.013205 0.550001 8.078098
v 12.013205 0.603978 8.055739
v 12.013205 0.626336 8.001762
v 11.975914 0.591759 7.960003
v 12.050494 0.591759 7.960003
v 11.975914 0.550000 7.942707
v 12.050494 0.550000 7.942707
v 11.975914 0.508241 7.960003
v 12.050494 0.508241 7.960003
v 11.975914 0.490944 8.001762
v 12.050494 0.490944 8.001762
v 11.975914 0.508241 8.043521
v 12.050494 0.508241 8.043521
v 11.975914 0.550000 8.060818
v 12.050494 0.550000 8.060818
v 11.975914 0.591759 8.043521
v 12.050494 0.591759 8.043521
v 11.975914 0.609056 8.001762
v 12.050494 0.609056 8.001762
v 11.958097 0.250000 8.001762
v 12.013205 0.303978 7.947786
v 12.013205 0.250001 7.925427
v 12.013205 0.196024 7.947786
v 12.013205 0.173666 8.001762
v 12.013205 0.196024 8.055739
v 12.013205 0.250001 8.078098
v 12.013205 0.303978 8.055739
v 12.013205 0.326336 8.001762
v 11.975914 0.291759 7.960003
v 12.050494 0.291759 7.960003
v 11.975914 0.250000 7.942707
v 12.050494 0.250000 7.942707
v 11.975914 0.208241 7.960003
v 12.050494 0.208241 7.960003
v 11.975914 0.190944 8.001762
v 12.050494 0.190944 8.001762
v 11.975914 0.208241 8.043521
v 12.050494 0.208241 8.043521
v 11.975914 0.250000 8.060818
v 12.050494 0.250000 8.060818
v 11.975914 0.291759 8.043521
v 12.050494 0.291759 8.043521
v 11.975914 0.309056 8.001762
v 12.050494 0.309056 8.001762
v 12.200000 0.000000 5.001762
v 12.200000 0.800000 5.001762
v 14.000000 -0.000000 5.001762
v 14.000000 0.800000 5.001762
v 12.200000 0.000000 7.001762
v 12.200000 0.800000 7.001762
v 14.000000 -0.000000 7.001762
v 14.000000 0.800000 7.001762
v 12.050000 1.000000 5.001762
v 14.000000 1.000000 5.001762
v 14.000000 1.000000 7.001762
v 12.050000 1.000000 7.001762
v 12.000000 0.950000 7.001762
v 12.000000 0.950000 5.001762
v 12.000000 0.850000 7.001762
v 12.050000 0.800000 7.001762
v 12.050000 0.800000 5.001762
v 12.000000 0.850000 5.001762
v 12.090000 0.100000 5.141762
v 12.050000 0.140000 5.141762
v 12.090000 0.140000 5.101762
v 12.050000 0.360000 5.141762
v 12.090000 0.400000 5.141762
v 12.090000 0.360000 5.101762
v 12.250000 0.100000 5.141762
v 12.250000 0.140000 5.101762
v 12.250000 0.360000 5.101762
v 12.250000 0.400000 5.141762
v 12.090000 0.100000 6.861763
v 12.090000 0.140000 6.901762
v 12.050000 0.140000 6.861763
v 12.090000 0.400000 6.861763
v 12.050000 0.360000 6.861763
v 12.090000 0.360000 6.901762
v 12.250000 0.140000 6.901762
v 12.250000 0.100000 6.861763
v 12.250000 0.400000 6.861763
v 12.250000 0.360000 6.901762
v 12.050000 0.440000 5.141762
v 12.090000 0.440000 5.101762
v 12.050000 0.660000 5.141762
v 12.090000 0.700000 5.141762
v 12.090000 0.660000 5.101762
v 12.250000 0.440000 5.101762
v 12.250000 0.660000 5.101762
v 12.250000 0.700000 5.141762
v 12.090000 0.440000 6.901762
v 12.050000 0.440000 6.861763
v 12.090000 0.700000 6.861763
v 12.050000 0.660000 6.861763
v 12.090000 0.660000 6.901762
v 12.250000 0.440000 6.901762
v 12.250000 0.700000 6.861763
v 12.250000 0.660000 6.901762
v 11.958097 0.550000 6.001762
v 12.013205 0.603978 5.947786
v 12.013205 0.550001 5.925427
v 12.013205 0.496024 5.947786
v 12.013205 0.473666 6.001763
v 12.013205 0.496024 6.055740
v 12.013205 0.550001 6.078098
v 12.013205 0.603978 6.055740
v 12.013205 0.626336 6.001763
v 11.975914 0.591759 5.960003
v 12.050494 0.591759 5.960003
v 11.975914 0.550000 5.942707
v 12.050494 0.550000 5.942707
v 11.975914 0.508241 5.960003
v 12.050494 0.508241 5.960003
v 11.975914 0.490944 6.001762
v 12.050494 0.490944 6.001762
v 11.975914 0.508241 6.043521
v 12.050494 0.508241 6.043521
v 11.975914 0.550000 6.060818
v 12.050494 0.550000 6.060818
v 11.975914 0.591759 6.043521
v 12.050494 0.591759 6.043521
v 11.975914 0.609056 6.001762
v 12.050494 0.609056 6.001762
v 11.958097 0.250000 6.001762
v 12.013205 0.303978 5.947786
v 12.013205 0.250001 5.925427
v 12.013205 0.196024 5.947786
v 12.013205 0.173666 6.001763
v 12.013205 0.196024 6.055740
v 12.013205 0.250001 6.078098
v 12.013205 0.303978 6.055740
v 12.013205 0.326336 6.001763
v 11.975914 0.291759 5.960003
v 12.050494 0.291759 5.960003
v 11.975914 0.250000 5.942707
v 12.050494 0.250000 5.942707
v 11.975914 0.208241 5.960003
v 12.050494 0.208241 5.960003
v 11.975914 0.190944 6.001762
v 12.050494 0.190944 6.001762
v 11.975914 0.208241 6.043521
v 12.050494 0.208241 6.043521
v 11.975914 0.250000 6.060818
v 12.050494 0.250000 6.060818
v 11.975914 0.291759 6.043521
v 12.050494 0.291759 6.043521
v 11.975914 0.309056 6.001762
v 12.050494 0.309056 6.001762
v -12.200000 0.000000 7.001755
v -12.200000 0.800000 7.001755
v -14.000000 -0.000000 7.001755
v -14.000000 0.800000 7.001755
v -12.200000 0.000000 5.001755
v -12.200000 0.800000 5.001755
v -14.000000 -0.000000 5.001755
v -14.000000 0.800000 5.001755
v -12.050000 1.000000 7.001755
v -14.000000 1.000000 7.001755
v -14.000000 1.000000 5.001755
v -12.050000 1.000000 5.001755
v -12.000000 0.950000 5.001755
v -12.000000 0.950000 7.001755
v -12.000000 0.850000 5.001755
v -12.050000 0.800000 5.001755
v -12.050000 0.800000 7.001755
v -12.000000 0.850000 7.001755
v -12.090000 0.100000 6.861755
v -12.050000 0.140000 6.861755
v -12.090000 0.140000 6.901755
v -12.050000 0.360000 6.861755
v -12.090000 0.400000 6.861755
v -12.090000 0.360000 6.901755
v -12.250000 0.100000 6.861755
v -12.250000 0.140000 6.901755
v -12.250000 0.360000 6.901755
v -12.250000 0.400000 6.861755
v -12.090000 0.100000 5.141755
v -12.090000 0.140000 5.101755
v -12.050000 0.140000 5.141755
v -12.090000 0.400000 5.141755
v -12.050000 0.360000 5.141755
v -12.090000 0.360000 5.101755
v -12.250000 0.140000 5.101755
v -12.250000 0.100000 5.141755
v -12.250000 0.400000 5.141755
v -12.250000 0.360000 5.101755
v -12.050000 0.440000 6.861755
v -12.090000 0.440000 6.901755
v -12.050000 0.660000 6.861755
v -12.090000 0.700000 6.861755
v -12.090000 0.660000 6.901755
v -12.250000 0.440000 6.901755
v -12.250000 0.660000 6.901755
v -12.250000 0.700000 6.861755
v -12.090000 0.440000 5.101755
v -12.050000 0.440000 5.141755
v -12.090000 0.700000 5.141755
v -12.050000 0.660000 5.141755
v -12.090000 0.660000 5.101755
v -12.250000 0.440000 5.101755
v -12.250000 0.700000 5.141755
v -12.250000 0.660000 5.101755
v -11.958097 0.550000 6.001755
v -12.013205 0.603978 6.055731
v -12.013205 0.550001 6.078089
v -12.013205 0.496024 6.055731
v -12.013205 0.473666 6.001754
v -12.013205 0.496024 5.947777
v -12.013205 0.550001 5.925419
v -12.013205 0.603978 5.947777
v -12.013205 0.626336 6.001754
v -11.975914 0.591759 6.043514
v -12.050494 0.591759 6.043514
v -11.975914 0.550000 6.060811
v -12.050494 0.550000 6.060811
v -11.975914 0.508241 6.043514
v -12.050494 0.508241 6.043514
v -11.975914 0.490944 6.001755
v -12.050494 0.490944 6.001755
v -11.975914 0.508241 5.959996
v -12.050494 0.508241 5.959996
v -11.975914 0.550000 5.942699
v -12.050494 0.550000 5.942699
v -11.975914 0.591759 5.959996
v -12.050494 0.591759 5.959996
v -11.975914 0.609056 6.001755
v -12.050494 0.609056 6.001755
v -11.958097 0.250000 6.001755
v -12.013205 0.303978 6.055731
v -12.013205 0.250001 6.078089
v -12.013205 0.196024 6.055731
v -12.013205 0.173666 6.001754
v -12.013205 0.196024 5.947777
v -12.013205 0.250001 5.925419
v -12.013205 0.303978 5.947777
v -12.013205 0.326336 6.001754
v -11.975914 0.291759 6.043514
v -12.050494 0.291759 6.043514
v -11.975914 0.250000 6.060811
v -12.050494 0.250000 6.060811
v -11.975914 0.208241 6.043514
v -12.050494 0.208241 6.043514
v -11.975914 0.190944 6.001755
v -12.050494 0.190944 6.001755
v -11.975914 0.208241 5.959996
v -12.050494 0.208241 5.959996
v -11.975914 0.250000 5.942699
v -12.050494 0.250000 5.942699
v -11.975914 0.291759 5.959996
v -12.050494 0.291759 5.959996
v -11.975914 0.309056 6.001755
v -12.050494 0.309056 6.001755
v -12.200000 0.000000 9.001755
v -12.200000 0.800000 9.001755
v -14.000000 -0.000000 9.001755
v -14.000000 0.800000 9.001755
v -12.200000 0.000000 7.001755
v -12.200000 0.800000 7.001755
v -14.000000 -0.000000 7.001755
v -14.000000 0.800000 7.001755
v -12.050000 1.000000 9.001755
v -14.000000 1.000000 9.001755
v -14.000000 1.000000 7.001755
v -12.050000 1.000000 7.001755
v -12.000000 0.950000 7.001755
v -12.000000 0.950000 9.001755
v -12.000000 0.850000 7.001755
v -12.050000 0.800000 7.001755
v -12.050000 0.800000 9.001755
v -12.000000 0.850000 9.001755
v -12.090000 0.100000 8.861754
v -12.050000 0.140000 8.861754
v -12.090000 0.140000 8.901754
v -12.050000 0.360000 8.861754
v -12.090000 0.400000 8.861754
v -12.090000 0.360000 8.901754
v -12.250000 0.100000 8.861754
v -12.250000 0.140000 8.901754
v -12.250000 0.360000 8.901754
v -12.250000 0.400000 8.861754
v -12.090000 0.100000 7.141755
v -12.090000 0.140000 7.101755
v -12.050000 0.140000 7.141755
v -12.090000 0.400000 7.141755
v -12.050000 0.360000 7.141755
v -12.090000 0.360000 7.101755
v -12.250000 0.140000 7.101755
v -12.250000 0.100000 7.141755
v -12.250000 0.400000 7.141755
v -12.250000 0.360000 7.101755
v -12.050000 0.440000 8.861754
v -12.090000 0.440000 8.901754
v -12.050000 0.660000 8.861754
v -12.090000 0.700000 8.861754
v -12.090000 0.660000 8.901754
v -12.250000 0.440000 8.901754
v -12.250000 0.660000 8.901754
v -12.250000 0.700000 8.861754
v -12.090000 0.440000 7.101755
v -12.050000 0.440000 7.141755
v -12.090000 0.700000 7.141755
v -12.050000 0.660000 7.141755
v -12.090000 0.660000 7.101755
v -12.250000 0.440000 7.101755
v -12.250000 0.700000 7.141755
v -12.250000 0.660000 7.101755
v -11.958097 0.550000 8.001755
v -12.013205 0.603978 8.055732
v -12.013205 0.550001 8.078090
v -12.013205 0.496024 8.055732
v -12.013205 0.473666 8.001755
v -12.013205 0.496024 7.947777
v -12.013205 0.550001 7.925419
v -12.013205 0.603978 7.947777
v -12.013205 0.626336 8.001755
v -11.975914 0.591759 8.043513
v -12.050494 0.591759 8.043513
v -11.975914 0.550000 8.060811
v -12.050494 0.550000 8.060811
v -11.975914 0.508241 8.043513
v -12.050494 0.508241 8.043513
v -11.975914 0.490944 8.001755
v -12.050494 0.490944 8.001755
v -11.975914 0.508241 7.959996
v -12.050494 0.508241 7.959996
v -11.975914 0.550000 7.942699
v -12.050494 0.550000 7.942699
v -11.975914 0.591759 7.959996
v -12.050494 0.591759 7.959996
v -11.975914 0.609056 8.001755
v -12.050494 0.609056 8.001755
v -11.958097 0.250000 8.001755
v -12.013205 0.303978 8.055732
v -12.013205 0.250001 8.078090
v -12.013205 0.196024 8.055732
v -12.013205 0.173666 8.001755
v -12.013205 0.196024 7.947777
v -12.013205 0.250001 7.925419
v -12.013205 0.303978 7.947777
v -12.013205 0.326336 8.001755
v -11.975914 0.291759 8.043513
v -12.050494 0.291759 8.043513
v -11.975914 0.250000 8.060811
v -12.050494 0.250000 8.060811
v -11.975914 0.208241 8.043513
v -12.050494 0.208241 8.043513
v -11.975914 0.190944 8.001755
v -12.050494 0.190944 8.001755
v -11.975914 0.208241 7.959996
v -12.050494 0.208241 7.959996
v -11.975914 0.250000 7.942699
v -12.050494 0.250000 7.942699
v -11.975914 0.291759 7.959996
v -12.050494 0.291759 7.959996
v -11.975914 0.309056 8.001755
v -12.050494 0.309056 8.001755
v -12.000000 0.000000 9.201751
v -12.000000 0.800000 9.201751
v -11.999999 -0.000000 11.001750
v -11.999999 0.800000 11.001751
v -13.999999 -0.000000 11.001752
v -13.999999 0.800000 11.001752
v -12.000001 1.000000 9.051750
v -11.999999 1.000000 11.001751
v -13.999999 1.000000 11.001752
v -14.000001 1.000000 9.001752
v -12.050000 1.000000 9.001751
v -12.200001 0.800000 9.001751
v -12.200001 0.000000 9.001751
v -12.200001 0.000000 9.201751
v -12.200001 0.800000 9.201751
v -14.000001 0.000000 9.001752
v -14.000001 0.800000 9.001752
v -12.000001 0.850000 9.001751
v -12.000001 0.800000 9.051750
v -12.050000 0.800000 9.001751
v -12.000001 0.950000 9.001751
v 12.000000 0.000000 10.801751
v 12.000000 0.800000 10.801751
v 12.000000 -0.000000 9.001751
v 12.000000 0.800000 9.001751
v 14.000000 -0.000000 9.001751
v 14.000000 0.800000 9.001751
v 12.000000 1.000000 10.951751
v 12.000000 1.000000 9.001751
v 14.000000 1.000000 9.001751
v 14.000000 1.000000 11.001751
v 12.050000 1.000000 11.001751
v 12.200000 0.800000 11.001751
v 12.200000 0.000000 11.001751
v 12.200000 0.000000 10.801751
v 12.200000 0.800000 10.801751
v 14.000000 0.000000 11.001751
v 14.000000 0.800000 11.001751
v 12.000000 0.850000 11.001751
v 12.000000 0.800000 10.951751
v 12.050000 0.800000 11.001751
v 12.000000 0.950000 11.001751
v 3.000000 2.000000 11.150000
v 2.999627 2.100000 11.050000
v 2.999627 1.900000 11.050000
v 3.000000 2.000000 11.336388
v 3.000000 2.100000 11.436405
v 3.000000 1.900000 11.436370
v 4.000000 2.000000 11.150000
v 4.000000 2.100000 11.049999
v 4.000000 1.900000 11.049999
v 4.000000 2.000000 11.450000
v 4.000000 1.900000 11.550000
v 4.000000 2.100000 11.550000
v 3.000000 2.000000 11.263612
v 3.000000 1.900000 11.163629
v 3.000000 2.100000 11.163593
v 3.000000 2.000000 11.450000
v 2.999628 1.900000 11.550000
v 3.000000 2.100000 11.550000
v 14.455538 2.000000 11.499999
v 14.505537 2.100000 11.549999
v 14.505537 1.900000 11.549999
v 13.500000 2.000000 11.150000
v 13.500000 2.100000 11.050000
v 13.500000 1.900000 11.050000
v 13.500000 2.000000 11.450000
v 13.500000 1.900000 11.550000
v 13.500000 2.100000 11.550000
v 14.055537 2.000000 11.100000
v 14.005537 1.900000 11.050000
v 14.005537 2.100000 11.050000
v 4.000000 1.000000 11.050000
v 4.000000 1.000000 11.550000
v 13.500000 1.000000 11.050000
v 13.500000 1.000000 11.550000
v 3.000000 1.000000 11.163788
v 14.005537 1.000000 11.050000
v 3.001761 1.000000 11.550000
v 14.505537 1.000000 11.549999
v 3.000000 1.000000 11.049999
v 3.000000 1.000000 11.436212
v 13.500000 1.000000 11.450000
v 4.000000 1.000000 11.450000
v 13.500000 3.000000 11.450000
v 4.000000 3.000000 11.450000
v 13.300000 1.200000 11.450000
v 4.200000 1.200000 11.450000
v 13.300000 2.800000 11.450000
v 4.200000 2.800000 11.450000
v 13.500000 1.000000 11.150000
v 4.000000 1.000000 11.150000
v 13.500000 3.000000 11.150000
v 4.000000 3.000000 11.150000
v 13.300000 1.200000 11.150000
v 4.200000 1.200000 11.150000
v 13.300000 2.800000 11.150000
v 4.200000 2.800000 11.150000
v 4.000000 3.000000 11.049999
v 4.000000 3.000000 11.549999
v 13.500000 3.000000 11.049999
v 13.500000 3.000000 11.549999
v 14.505537 3.000000 11.549999
v 3.000000 3.000000 11.163435
v 3.000000 3.000000 11.049999
v 14.005537 3.000000 11.050000
v 3.000000 3.000000 11.436564
v 3.000000 3.000000 11.549999
v 4.000000 4.500000 11.549999
v 4.000000 -0.500000 11.050000
v 4.000000 4.500000 11.049999
v 4.000000 -0.500000 11.550000
v 13.500000 4.500000 11.549999
v 13.500000 4.500000 11.049999
v 13.500000 -0.500000 11.550000
v 13.500000 -0.500000 11.050000
v 3.000000 4.400000 11.163275
v 3.000000 4.500000 11.049999
v 2.999627 -0.500000 11.050000
v 3.000000 -0.400000 11.163276
v 14.005537 4.500000 11.050000
v 14.005537 -0.500000 11.050000
v 14.505537 4.500000 11.549999
v 14.505537 -0.500000 11.550000
v 3.000000 4.500000 11.549999
v 3.000000 4.400000 11.436724
v 3.000000 -0.400000 11.436724
v 2.999628 -0.498333 11.551121
v 4.200000 1.200000 11.350000
v 4.200000 1.200000 11.250000
v 4.200000 2.800000 11.250000
v 4.200000 2.800000 11.349999
v 13.300000 2.800000 11.250000
v 13.300000 2.800000 11.349999
v 13.300000 1.200000 11.250000
v 13.300000 1.200000 11.350000
v 3.000000 3.000000 11.436564
v 3.000000 3.000000 11.163436
v 3.000000 1.900000 11.436193
v 3.000000 1.900000 11.163808
v 3.000000 2.000000 11.264870
v 3.000000 2.000000 11.335131
v 3.000000 2.100000 11.436193
v 3.000000 2.100000 11.163808
v 3.000000 4.400000 11.163276
v 3.000000 -0.400000 11.163277
v 3.000000 4.400000 11.436724
v 14.505537 3.000000 11.549999
v -3.000000 2.000000 11.150000
v -3.000000 2.100000 11.050000
v -3.002677 1.900000 11.049999
v -3.000000 2.000000 11.336388
v -3.000000 2.100000 11.436405
v -3.000000 1.900000 11.436370
v -4.000000 2.000000 11.150000
v -4.000000 2.100000 11.049999
v -4.000000 1.900000 11.049999
v -4.000000 2.000000 11.450000
v -4.000000 1.900000 11.550000
v -4.000000 2.100000 11.550000
v -3.000000 2.000000 11.263612
v -3.000000 1.900000 11.163629
v -3.000000 2.100000 11.163593
v -3.000000 2.000000 11.450000
v -3.002677 1.900000 11.550000
v -3.000000 2.100000 11.550000
v -14.450001 2.000000 11.499999
v -14.500000 2.100000 11.549999
v -14.500000 1.900000 11.549999
v -13.500000 2.000000 11.150000
v -13.500000 2.100000 11.050000
v -13.500000 1.900000 11.050000
v -13.500000 2.000000 11.450000
v -13.500000 1.900000 11.550000
v -13.500000 2.100000 11.550000
v -14.050000 2.000000 11.100000
v -14.000000 1.900000 11.050000
v -14.000000 2.100000 11.050000
v -4.000000 1.000000 11.050000
v -4.000000 1.000000 11.550000
v -13.500000 1.000000 11.050000
v -13.500000 1.000000 11.550000
v -3.000000 1.000000 11.163788
v -14.000000 1.000000 11.050000
v -3.001761 1.000000 11.550000
v -14.500000 1.000000 11.549999
v -3.000000 1.000000 11.049999
v -3.000000 1.000000 11.436212
v -13.500000 1.000000 11.450000
v -4.000000 1.000000 11.450000
v -13.500000 3.000000 11.450000
v -4.000000 3.000000 11.450000
v -13.300000 1.200000 11.450000
v -4.200000 1.200000 11.450000
v -13.300000 2.800000 11.450000
v -4.200000 2.800000 11.450000
v -13.500000 1.000000 11.150000
v -4.000000 1.000000 11.150000
v -13.500000 3.000000 11.150000
v -4.000000 3.000000 11.150000
v -13.300000 1.200000 11.150000
v -4.200000 1.200000 11.150000
v -13.300000 2.800000 11.150000
v -4.200000 2.800000 11.150000
v -4.000000 3.000000 11.049999
v -4.000000 3.000000 11.549999
v -13.500000 3.000000 11.049999
v -13.500000 3.000000 11.549999
v -14.500000 3.000000 11.549999
v -3.000000 3.000000 11.163435
v -3.002677 3.000000 11.049999
v -14.000000 3.000000 11.050000
v -3.000000 3.000000 11.436564
v -3.000000 3.000000 11.549999
v -4.000000 4.500000 11.549999
v -4.000000 -0.500000 11.050000
v -4.000000 4.500000 11.049999
v -4.000000 -0.500000 11.550000
v -13.500000 4.500000 11.549999
v -13.500000 4.500000 11.049999
v -13.500000 -0.500000 11.550000
v -13.500000 -0.500000 11.050000
v -3.000000 4.400000 11.163275
v -3.000000 4.500000 11.049999
v -3.002677 -0.500000 11.050000
v -3.000000 -0.400000 11.163276
v -14.000000 4.500000 11.050000
v -14.000000 -0.500000 11.050000
v -14.500000 4.500000 11.549999
v -14.500000 -0.500000 11.550000
v -3.000000 4.500000 11.549999
v -3.000000 4.400000 11.436724
v -3.000000 -0.400000 11.436724
v -3.002677 -0.498333 11.551121
v -4.200000 1.200000 11.350000
v -4.200000 1.200000 11.250000
v -4.200000 2.800000 11.250000
v -4.200000 2.800000 11.349999
v -13.300000 2.800000 11.250000
v -13.300000 2.800000 11.349999
v -13.300000 1.200000 11.250000
v -13.300000 1.200000 11.350000
v -3.000000 3.000000 11.436564
v -3.000000 3.000000 11.163436
v -3.000000 1.900000 11.436193
v -3.000000 1.900000 11.163808
v -3.000000 2.000000 11.264870
v -3.000000 2.000000 11.335131
v -3.000000 2.100000 11.436193
v -3.000000 2.100000 11.163808
v -3.000000 4.400000 11.163276
v -3.000000 -0.400000 11.163277
v -3.000000 4.400000 11.436724
v -14.500000 3.000000 11.549999
v 3.995914 5.379447 11.549999
v 3.995914 5.379447 11.049999
v 13.482894 4.882256 11.549999
v 13.482894 4.882256 11.049999
v 2.992050 5.331920 11.163275
v 2.995900 5.410104 11.049999
v 13.987745 4.856088 11.050000
v 14.487061 4.829920 11.549999
v 2.995901 5.410104 11.549999
v 2.992051 5.331920 11.436724
v 2.992050 5.331920 11.163276
v 2.992051 5.331920 11.436724
v -3.993122 5.798135 11.549999
v -3.993122 5.798135 11.049999
v -13.480103 6.295327 11.549999
v -13.480103 6.295327 11.049999
v -2.999726 5.645936 11.163275
v -2.995229 5.769406 11.049999
v -13.979418 6.321495 11.050000
v -14.478733 6.347662 11.549999
v -2.995229 5.769406 11.549999
v -2.999726 5.645936 11.436724
v -2.999726 5.645936 11.163276
v -2.999726 5.645936 11.436724
v -2.000000 3.000000 11.049999
v -2.000000 3.000000 11.549999
v 2.000000 3.000000 11.049999
v 2.000000 3.000000 11.549999
v 3.099256 3.000000 11.436564
v 2.999256 3.000000 11.549999
v -3.105355 3.000000 11.163435
v 3.099255 3.000000 11.163436
v 2.999255 3.000000 11.050000
v -3.105354 3.000000 11.436564
v -3.005354 3.000000 11.549999
v -2.000000 2.000000 11.450000
v -2.000000 1.900000 11.049999
v -2.000000 2.100000 11.550000
v -1.992803 5.730232 11.549999
v -2.000000 -0.500000 11.050000
v -2.000000 2.000000 11.150000
v -2.000000 2.100000 11.049999
v -1.992803 5.730232 11.049999
v -2.000000 1.900000 11.550000
v -2.000000 -0.500000 11.550000
v 2.000000 2.000000 11.150000
v 2.000000 2.000000 11.450000
v 2.000000 2.100000 11.050000
v 2.000000 1.900000 11.050000
v 2.000000 2.100000 11.550000
v 1.997454 5.451206 11.549999
v 1.997453 5.451206 11.049999
v 2.000000 1.900000 11.550000
v 2.000000 -0.500000 11.550000
v 2.000000 -0.500000 11.050000
v -3.005355 2.000000 11.150000
v -3.105355 2.000000 11.264869
v 3.099256 1.900000 11.436193
v -3.105355 1.900000 11.163807
v -3.105354 1.900000 11.436193
v 3.099255 1.900000 11.163808
v 3.099255 2.000000 11.264870
v 2.999255 2.000000 11.150001
v 3.099255 2.000000 11.335131
v 2.999256 2.000000 11.450000
v -3.005354 2.100000 11.550000
v -3.105354 2.100000 11.436193
v 2.999256 2.100000 11.550000
v 3.099256 2.100000 11.436193
v 3.099255 2.100000 11.163808
v -3.005355 2.100000 11.049999
v -3.105355 2.100000 11.163807
v -3.105355 2.000000 11.335131
v -3.005354 2.000000 11.450000
v -3.102697 5.700233 11.163275
v -3.105355 -0.400000 11.163276
v 3.087297 5.281694 11.163276
v 3.099255 -0.400000 11.163277
v 3.087297 5.281694 11.436724
v 3.099256 -0.400000 11.436724
v -3.102697 5.700233 11.436724
v -3.105354 -0.400000 11.436724
v 2.000000 -0.500000 11.150001
v 2.000000 -0.500000 11.450000
v -2.000000 -0.500000 11.450000
v -2.000000 -0.500000 11.150000
v 2.000000 3.000000 11.150000
v 2.000000 3.000000 11.450000
v -2.000000 3.000000 11.450000
v -2.000000 3.000000 11.150000
v 1.800000 -0.500000 11.150001
v 1.800000 -0.500000 11.450000
v -1.800000 -0.500000 11.150000
v -1.800000 -0.500000 11.450000
v 1.800000 2.800000 11.150000
v 1.800000 2.800000 11.450000
v -1.800000 2.800000 11.150000
v -1.800000 2.800000 11.450000
v -2.692060 0.100000 0.881939
v -2.692060 1.220000 0.554339
v -2.618315 0.100000 0.874676
v -2.682227 1.220000 0.553370
v -2.547405 0.100000 0.853165
v -2.672772 1.220000 0.550502
v -2.482054 0.100000 0.818234
v -2.664059 1.220000 0.545845
v -2.424773 0.100000 0.771225
v -2.656421 1.220000 0.539577
v -2.377764 0.100000 0.713944
v -2.650153 1.220000 0.531939
v -2.342833 0.100000 0.648593
v -2.645496 1.220000 0.523226
v -2.321323 0.100000 0.577683
v -2.642628 1.220000 0.513771
v -2.314059 0.100000 0.503939
v -2.641659 1.220000 0.503939
v -2.321323 0.100000 0.430195
v -2.642628 1.220000 0.494106
v -2.342833 0.100000 0.359284
v -2.645496 1.220000 0.484651
v -2.377764 0.100000 0.293933
v -2.650153 1.220000 0.475938
v -2.424773 0.100000 0.236652
v -2.656421 1.220000 0.468301
v -2.482054 0.100000 0.189643
v -2.664059 1.220000 0.462033
v -2.547405 0.100000 0.154712
v -2.672772 1.220000 0.457375
v -2.618315 0.100000 0.133202
v -2.682227 1.220000 0.454507
v -2.692060 0.100000 0.125939
v -2.692060 1.220000 0.453539
v -2.765804 0.100000 0.133202
v -2.701892 1.220000 0.454507
v -2.836714 0.100000 0.154712
v -2.711347 1.220000 0.457375
v -2.902065 0.100000 0.189643
v -2.720060 1.220000 0.462033
v -2.959346 0.100000 0.236652
v -2.727698 1.220000 0.468301
v -3.006355 0.100000 0.293933
v -2.733966 1.220000 0.475938
v -3.041286 0.100000 0.359284
v -2.738623 1.220000 0.484651
v -3.062796 0.100000 0.430195
v -2.741491 1.220000 0.494106
v -3.070060 0.100000 0.503939
v -2.742460 1.220000 0.503939
v -3.062796 0.100000 0.577683
v -2.741491 1.220000 0.513771
v -3.041286 0.100000 0.648593
v -2.738623 1.220000 0.523226
v -3.006355 0.100000 0.713944
v -2.733966 1.220000 0.531939
v -2.959346 0.100000 0.771225
v -2.727698 1.220000 0.539577
v -2.902065 0.100000 0.818234
v -2.720060 1.220000 0.545845
v -2.836714 0.100000 0.853165
v -2.711347 1.220000 0.550502
v -2.765804 0.100000 0.874676
v -2.701892 1.220000 0.553370
v -2.692060 0.087663 1.044270
v -2.586646 0.087663 1.033887
v -2.485284 0.087663 1.003139
v -2.391868 0.087663 0.953207
v -2.309988 0.087663 0.886010
v -2.242791 0.087663 0.804131
v -2.192859 0.087663 0.710714
v -2.162111 0.087663 0.609352
v -2.151729 0.087663 0.503939
v -2.162111 0.087663 0.398525
v -2.192859 0.087663 0.297163
v -2.242791 0.087663 0.203747
v -2.309988 0.087663 0.121867
v -2.391868 0.087663 0.054670
v -2.485284 0.087663 0.004738
v -2.586646 0.087663 -0.026010
v -2.692060 0.087663 -0.036392
v -2.797473 0.087663 -0.026010
v -2.898835 0.087663 0.004738
v -2.992251 0.087663 0.054670
v -3.074131 0.087663 0.121867
v -3.141328 0.087663 0.203747
v -3.191260 0.087663 0.297163
v -3.222008 0.087663 0.398525
v -3.232390 0.087663 0.503939
v -3.222008 0.087663 0.609352
v -3.191260 0.087663 0.710714
v -3.141328 0.087663 0.804131
v -3.074131 0.087663 0.886010
v -2.992251 0.087663 0.953207
v -2.898835 0.087663 1.003139
v -2.797473 0.087663 1.033887
v -2.692060 0.000337 1.044270
v -2.586646 0.000337 1.033887
v -2.485284 0.000337 1.003139
v -2.391868 0.000337 0.953207
v -2.309988 0.000337 0.886010
v -2.242791 0.000337 0.804131
v -2.192859 0.000337 0.710714
v -2.162111 0.000337 0.609352
v -2.151729 0.000337 0.503939
v -2.162111 0.000337 0.398525
v -2.192859 0.000337 0.297163
v -2.242791 0.000337 0.203747
v -2.309988 0.000337 0.121867
v -2.391868 0.000337 0.054670
v -2.485284 0.000337 0.004738
v -2.586646 0.000337 -0.026010
v -2.692060 0.000337 -0.036392
v -2.797473 0.000337 -0.026010
v -2.898835 0.000337 0.004738
v -2.992251 0.000337 0.054670
v -3.074131 0.000337 0.121867
v -3.141328 0.000337 0.203747
v -3.191260 0.000337 0.297163
v -3.222008 0.000337 0.398525
v -3.232390 0.000337 0.503939
v -3.222008 0.000337 0.609352
v -3.191260 0.000337 0.710714
v -3.141328 0.000337 0.804131
v -3.074131 0.000337 0.886010
v -2.992251 0.000337 0.953207
v -2.898835 0.000337 1.003139
v -2.797473 0.000337 1.033887
v -2.692060 0.389470 0.797269
v -2.634834 0.389470 0.791633
v -2.579807 0.389470 0.774940
v -2.529094 0.389470 0.747834
v -2.484644 0.389470 0.711354
v -2.448164 0.389470 0.666904
v -2.421058 0.389470 0.616191
v -2.404366 0.389470 0.561165
v -2.398729 0.389470 0.503939
v -2.404366 0.389470 0.446713
v -2.421058 0.389470 0.391686
v -2.448164 0.389470 0.340973
v -2.484644 0.389470 0.296523
v -2.529094 0.389470 0.260044
v -2.579807 0.389470 0.232937
v -2.634834 0.389470 0.216245
v -2.692060 0.389470 0.210609
v -2.749285 0.389470 0.216245
v -2.804312 0.389470 0.232937
v -2.855025 0.389470 0.260044
v -2.899475 0.389470 0.296523
v -2.935955 0.389470 0.340973
v -2.963061 0.389470 0.391686
v -2.979753 0.389470 0.446713
v -2.985390 0.389470 0.503939
v -2.979753 0.389470 0.561165
v -2.963061 0.389470 0.616191
v -2.935955 0.389470 0.666904
v -2.899475 0.389470 0.711354
v -2.855025 0.389470 0.747834
v -2.804312 0.389470 0.774940
v -2.749285 0.389470 0.791633
v -2.692060 0.558555 0.747811
v -2.644482 0.558555 0.743125
v -2.598733 0.558555 0.729248
v -2.556571 0.558555 0.706711
v -2.519616 0.558555 0.676383
v -2.489287 0.558555 0.639427
v -2.466751 0.558555 0.597265
v -2.452873 0.558555 0.551516
v -2.448187 0.558555 0.503939
v -2.452873 0.558555 0.456362
v -2.466751 0.558555 0.410613
v -2.489287 0.558555 0.368450
v -2.519616 0.558555 0.331495
v -2.556571 0.558555 0.301166
v -2.598733 0.558555 0.278630
v -2.644482 0.558555 0.264752
v -2.692060 0.558555 0.260066
v -2.739637 0.558555 0.264752
v -2.785386 0.558555 0.278630
v -2.827548 0.558555 0.301166
v -2.864503 0.558555 0.331495
v -2.894832 0.558555 0.368450
v -2.917368 0.558555 0.410613
v -2.931246 0.558555 0.456362
v -2.935932 0.558555 0.503939
v -2.931246 0.558555 0.551516
v -2.917368 0.558555 0.597265
v -2.894832 0.558555 0.639427
v -2.864503 0.558555 0.676383
v -2.827548 0.558555 0.706711
v -2.785386 0.558555 0.729248
v -2.739637 0.558555 0.743125
v -2.692060 0.735048 0.696187
v -2.654554 0.735048 0.692493
v -2.618489 0.735048 0.681553
v -2.585252 0.735048 0.663788
v -2.556119 0.735048 0.639879
v -2.532211 0.735048 0.610746
v -2.514445 0.735048 0.577509
v -2.503505 0.735048 0.541445
v -2.499811 0.735048 0.503939
v -2.503505 0.735048 0.466433
v -2.514445 0.735048 0.430368
v -2.532211 0.735048 0.397131
v -2.556119 0.735048 0.367998
v -2.585252 0.735048 0.344090
v -2.618489 0.735048 0.326324
v -2.654554 0.735048 0.315384
v -2.692060 0.735048 0.311690
v -2.729565 0.735048 0.315384
v -2.765630 0.735048 0.326324
v -2.798867 0.735048 0.344090
v -2.828000 0.735048 0.367998
v -2.851908 0.735048 0.397131
v -2.869674 0.735048 0.430368
v -2.880614 0.735048 0.466433
v -2.884308 0.735048 0.503939
v -2.880614 0.735048 0.541445
v -2.869674 0.735048 0.577509
v -2.851908 0.735048 0.610746
v -2.828000 0.735048 0.639879
v -2.798867 0.735048 0.663788
v -2.765630 0.735048 0.681553
v -2.729565 0.735048 0.692493
v -2.692060 0.885030 0.652318
v -2.663112 0.885030 0.649467
v -2.635277 0.885030 0.641023
v -2.609625 0.885030 0.627311
v -2.587140 0.885030 0.608858
v -2.568687 0.885030 0.586374
v -2.554975 0.885030 0.560721
v -2.546532 0.885030 0.532886
v -2.543681 0.885030 0.503939
v -2.546532 0.885030 0.474991
v -2.554975 0.885030 0.447157
v -2.568687 0.885030 0.421504
v -2.587140 0.885030 0.399019
v -2.609625 0.885030 0.380566
v -2.635277 0.885030 0.366855
v -2.663112 0.885030 0.358411
v -2.692060 0.885030 0.355560
v -2.721007 0.885030 0.358411
v -2.748842 0.885030 0.366855
v -2.774494 0.885030 0.380566
v -2.796979 0.885030 0.399019
v -2.815432 0.885030 0.421504
v -2.829144 0.885030 0.447157
v -2.837587 0.885030 0.474991
v -2.840438 0.885030 0.503939
v -2.837587 0.885030 0.532886
v -2.829144 0.885030 0.560721
v -2.815432 0.885030 0.586374
v -2.796979 0.885030 0.608858
v -2.774494 0.885030 0.627311
v -2.748842 0.885030 0.641023
v -2.721007 0.885030 0.649467
v -1.249686 0.001582 -2.031890
v -1.249686 0.001582 -2.031890
v -1.249686 0.001582 -2.031890
v -1.102339 0.308912 -1.965284
v -1.102339 0.308912 -1.965284
v -1.102339 0.308912 -1.965284
v -1.102339 0.308912 -1.965284
v -1.095536 0.001582 -1.913604
v -1.095536 0.001582 -1.913604
v -1.095536 0.001582 -1.913604
v -1.198006 0.308912 -2.038693
v -1.198006 0.308912 -2.038693
v -1.198006 0.308912 -2.038693
v -1.198006 0.308912 -2.038693
v -1.131400 0.001582 -2.186040
v -1.131400 0.001582 -2.186040
v -1.131400 0.001582 -2.186040
v -1.124597 0.308912 -2.134360
v -1.124597 0.308912 -2.134360
v -1.124597 0.308912 -2.134360
v -1.124597 0.308912 -2.134360
v -0.977250 0.001582 -2.067754
v -0.977250 0.001582 -2.067754
v -0.977250 0.001582 -2.067754
v -1.028930 0.308912 -2.060951
v -1.028930 0.308912 -2.060951
v -1.028930 0.308912 -2.060951
v -1.028930 0.308912 -2.060951
v -1.249686 1.354119 -2.031890
v -1.249686 1.354119 -2.031890
v -1.249686 1.354119 -2.031890
v -1.095536 1.354119 -1.913604
v -1.095536 1.354119 -1.913604
v -1.095536 1.354119 -1.913604
v -0.977250 1.354119 -2.067754
v -0.977250 1.354119 -2.067754
v -0.977250 1.354119 -2.067754
v -1.131400 1.354119 -2.186040
v -1.131400 1.354119 -2.186040
v -1.131400 1.354119 -2.186040
v -2.666795 0.001582 -0.185119
v -2.666795 0.001582 -0.185119
v -2.666795 0.001582 -0.185119
v -2.462831 0.308912 -0.192297
v -2.462831 0.308912 -0.192297
v -2.462831 0.308912 -0.192297
v -2.462831 0.308912 -0.192297
v -2.512645 0.001582 -0.066833
v -2.512645 0.001582 -0.066833
v -2.512645 0.001582 -0.066833
v -2.558498 0.308912 -0.265706
v -2.558498 0.308912 -0.265706
v -2.558498 0.308912 -0.265706
v -2.558498 0.308912 -0.265706
v -2.548509 0.001582 -0.339269
v -2.548509 0.001582 -0.339269
v -2.548509 0.001582 -0.339269
v -2.485088 0.308912 -0.361373
v -2.485088 0.308912 -0.361373
v -2.485088 0.308912 -0.361373
v -2.485088 0.308912 -0.361373
v -2.394359 0.001582 -0.220983
v -2.394359 0.001582 -0.220983
v -2.394359 0.001582 -0.220983
v -2.389421 0.308912 -0.287964
v -2.389421 0.308912 -0.287964
v -2.389421 0.308912 -0.287964
v -2.389421 0.308912 -0.287964
v -2.610178 1.354119 -0.258903
v -2.610178 1.354119 -0.258903
v -2.610178 1.354119 -0.258903
v -2.456028 1.354119 -0.140617
v -2.456028 1.354119 -0.140617
v -2.456028 1.354119 -0.140617
v -2.337741 1.354119 -0.294767
v -2.337741 1.354119 -0.294767
v -2.337741 1.354119 -0.294767
v -2.491891 1.354119 -0.413053
v -2.491891 1.354119 -0.413053
v -2.491891 1.354119 -0.413053
v -2.886458 0.355667 -0.044928
v -2.886458 0.355667 -0.044928
v -2.886458 0.355667 -0.044928
v -2.284961 0.574110 -0.698154
v -2.284961 0.574110 -0.698154
v -2.284961 0.574110 -0.698154
v -2.284961 0.574110 -0.698154
v -2.808591 0.355667 0.014822
v -2.808591 0.355667 0.014822
v -2.808591 0.355667 0.014822
v -2.333286 0.574110 -0.735236
v -2.333286 0.574110 -0.735236
v -2.333286 0.574110 -0.735236
v -2.333286 0.574110 -0.735236
v -2.847426 0.113913 -0.095794
v -2.847426 0.113913 -0.095794
v -2.847426 0.113913 -0.095794
v -2.309063 0.402427 -0.766804
v -2.309063 0.402427 -0.766804
v -2.309063 0.402427 -0.766804
v -2.309063 0.402427 -0.766804
v -2.769559 0.113913 -0.036043
v -2.769559 0.113913 -0.036043
v -2.769559 0.113913 -0.036043
v -2.260738 0.402427 -0.729722
v -2.260738 0.402427 -0.729722
v -2.260738 0.402427 -0.729722
v -2.260738 0.402427 -0.729722
v -1.006337 1.253167 -2.495095
v -1.006337 1.253167 -2.495095
v -1.006337 1.253167 -2.495095
v -0.928470 1.253167 -2.435344
v -0.928470 1.253167 -2.435344
v -0.928470 1.253167 -2.435344
v -0.889438 1.011414 -2.486210
v -0.889438 1.011414 -2.486210
v -0.889438 1.011414 -2.486210
v -0.967305 1.011414 -2.545961
v -0.967305 1.011414 -2.545961
v -0.967305 1.011414 -2.545961
v -2.954091 1.003408 -0.092867
v -2.954091 1.003408 -0.092867
v -2.954091 1.003408 -0.092867
v -2.335878 0.855725 -0.750302
v -2.335878 0.855725 -0.750302
v -2.335878 0.855725 -0.750302
v -2.335878 0.855725 -0.750302
v -2.876898 1.003846 -0.032250
v -2.876898 1.003846 -0.032250
v -2.876898 1.003846 -0.032250
v -2.383785 0.855454 -0.787922
v -2.383785 0.855454 -0.787922
v -2.383785 0.855454 -0.787922
v -2.383785 0.855454 -0.787922
v -2.962002 0.724011 -0.081385
v -2.962002 0.724011 -0.081385
v -2.962002 0.724011 -0.081385
v -2.388695 0.650039 -0.780796
v -2.388695 0.650039 -0.780796
v -2.388695 0.650039 -0.780796
v -2.388695 0.650039 -0.780796
v -2.884808 0.724448 -0.020768
v -2.884808 0.724448 -0.020768
v -2.884808 0.724448 -0.020768
v -2.340787 0.650311 -0.743176
v -2.340787 0.650311 -0.743176
v -2.340787 0.650311 -0.743176
v -2.340787 0.650311 -0.743176
v -0.981321 0.610223 -2.602301
v -0.981321 0.610223 -2.602301
v -0.981321 0.610223 -2.602301
v -0.904127 0.610661 -2.541684
v -0.904127 0.610661 -2.541684
v -0.904127 0.610661 -2.541684
v -0.912038 0.331263 -2.530202
v -0.912038 0.331263 -2.530202
v -0.912038 0.331263 -2.530202
v -0.989232 0.330825 -2.590818
v -0.989232 0.330825 -2.590818
v -0.989232 0.330825 -2.590818
v 1.718715 0.001582 -2.182237
v 1.718715 0.001582 -2.182237
v 1.718715 0.001582 -2.182237
v 1.729769 0.308912 -2.020913
v 1.729769 0.308912 -2.020913
v 1.729769 0.308912 -2.020913
v 1.729769 0.308912 -2.020913
v 1.687462 0.001582 -1.990464
v 1.687462 0.001582 -1.990464
v 1.687462 0.001582 -1.990464
v 1.749165 0.308912 -2.139930
v 1.749165 0.308912 -2.139930
v 1.749165 0.308912 -2.139930
v 1.749165 0.308912 -2.139930
v 1.910489 0.001582 -2.150983
v 1.910489 0.001582 -2.150983
v 1.910489 0.001582 -2.150983
v 1.868181 0.308912 -2.120533
v 1.868181 0.308912 -2.120533
v 1.868181 0.308912 -2.120533
v 1.868181 0.308912 -2.120533
v 1.879235 0.001582 -1.959210
v 1.879235 0.001582 -1.959210
v 1.879235 0.001582 -1.959210
v 1.848785 0.308912 -2.001517
v 1.848785 0.308912 -2.001517
v 1.848785 0.308912 -2.001517
v 1.848785 0.308912 -2.001517
v 1.718715 1.354119 -2.182237
v 1.718715 1.354119 -2.182237
v 1.718715 1.354119 -2.182237
v 1.687462 1.354119 -1.990464
v 1.687462 1.354119 -1.990464
v 1.687462 1.354119 -1.990464
v 1.879235 1.354119 -1.959210
v 1.879235 1.354119 -1.959210
v 1.879235 1.354119 -1.959210
v 1.910489 1.354119 -2.150983
v 1.910489 1.354119 -2.150983
v 1.910489 1.354119 -2.150983
v -0.578797 0.001582 -2.556667
v -0.578797 0.001582 -2.556667
v -0.578797 0.001582 -2.556667
v -0.475951 0.308912 -2.380384
v -0.475951 0.308912 -2.380384
v -0.475951 0.308912 -2.380384
v -0.475951 0.308912 -2.380384
v -0.610051 0.001582 -2.364893
v -0.610051 0.001582 -2.364893
v -0.610051 0.001582 -2.364893
v -0.456555 0.308912 -2.499400
v -0.456555 0.308912 -2.499400
v -0.456555 0.308912 -2.499400
v -0.456555 0.308912 -2.499400
v -0.387024 0.001582 -2.525413
v -0.387024 0.001582 -2.525413
v -0.387024 0.001582 -2.525413
v -0.337539 0.308912 -2.480004
v -0.337539 0.308912 -2.480004
v -0.337539 0.308912 -2.480004
v -0.337539 0.308912 -2.480004
v -0.418277 0.001582 -2.333640
v -0.418277 0.001582 -2.333640
v -0.418277 0.001582 -2.333640
v -0.356935 0.308912 -2.360987
v -0.356935 0.308912 -2.360987
v -0.356935 0.308912 -2.360987
v -0.356935 0.308912 -2.360987
v -0.487005 1.354119 -2.541707
v -0.487005 1.354119 -2.541707
v -0.487005 1.354119 -2.541707
v -0.518259 1.354119 -2.349934
v -0.518259 1.354119 -2.349934
v -0.518259 1.354119 -2.349934
v -0.326485 1.354119 -2.318680
v -0.326485 1.354119 -2.318680
v -0.326485 1.354119 -2.318680
v -0.295232 1.354119 -2.510454
v -0.295232 1.354119 -2.510454
v -0.295232 1.354119 -2.510454
v -0.806248 0.355667 -2.683833
v -0.806248 0.355667 -2.683833
v -0.806248 0.355667 -2.683833
v 0.053851 0.574110 -2.463080
v 0.053851 0.574110 -2.463080
v 0.053851 0.574110 -2.463080
v 0.053851 0.574110 -2.463080
v -0.822036 0.355667 -2.586961
v -0.822036 0.355667 -2.586961
v -0.822036 0.355667 -2.586961
v 0.063649 0.574110 -2.523200
v 0.063649 0.574110 -2.523200
v 0.063649 0.574110 -2.523200
v 0.063649 0.574110 -2.523200
v -0.742968 0.113913 -2.673520
v -0.742968 0.113913 -2.673520
v -0.742968 0.113913 -2.673520
v 0.102921 0.402427 -2.516800
v 0.102921 0.402427 -2.516800
v 0.102921 0.402427 -2.516800
v 0.102921 0.402427 -2.516800
v -0.758755 0.113913 -2.576648
v -0.758755 0.113913 -2.576648
v -0.758755 0.113913 -2.576648
v 0.093123 0.402427 -2.456680
v 0.093123 0.402427 -2.456680
v 0.093123 0.402427 -2.456680
v 0.093123 0.402427 -2.456680
v 2.241930 1.253167 -2.187066
v 2.241930 1.253167 -2.187066
v 2.241930 1.253167 -2.187066
v 2.226143 1.253167 -2.090194
v 2.226143 1.253167 -2.090194
v 2.226143 1.253167 -2.090194
v 2.289424 1.011414 -2.079881
v 2.289424 1.011414 -2.079881
v 2.289424 1.011414 -2.079881
v 2.305211 1.011414 -2.176753
v 2.305211 1.011414 -2.176753
v 2.305211 1.011414 -2.176753
v -0.796024 1.003408 -2.766100
v -0.796024 1.003408 -2.766100
v -0.796024 1.003408 -2.766100
v 0.075695 0.855725 -2.532613
v 0.075695 0.855725 -2.532613
v 0.075695 0.855725 -2.532613
v 0.075695 0.855725 -2.532613
v -0.812893 1.003846 -2.669411
v -0.812893 1.003846 -2.669411
v -0.812893 1.003846 -2.669411
v 0.086164 0.855454 -2.592619
v 0.086164 0.855454 -2.592619
v 0.086164 0.855454 -2.592619
v 0.086164 0.855454 -2.592619
v -0.809882 0.724011 -2.767635
v -0.809882 0.724011 -2.767635
v -0.809882 0.724011 -2.767635
v 0.077563 0.650039 -2.593572
v 0.077563 0.650039 -2.593572
v 0.077563 0.650039 -2.593572
v 0.077563 0.650039 -2.593572
v -0.826751 0.724448 -2.670946
v -0.826751 0.724448 -2.670946
v -0.826751 0.724448 -2.670946
v 0.067094 0.650311 -2.533566
v 0.067094 0.650311 -2.533566
v 0.067094 0.650311 -2.533566
v 0.067094 0.650311 -2.533566
v 2.348210 0.610223 -2.215761
v 2.348210 0.610223 -2.215761
v 2.348210 0.610223 -2.215761
v 2.331341 0.610661 -2.119073
v 2.331341 0.610661 -2.119073
v 2.331341 0.610661 -2.119073
v 2.317483 0.331263 -2.120608
v 2.317483 0.331263 -2.120608
v 2.317483 0.331263 -2.120608
v 2.334352 0.330825 -2.217297
v 2.334352 0.330825 -2.217297
v 2.334352 0.330825 -2.217297
v -0.774085 0.100000 -2.677597
v -0.774085 1.220000 -3.005197
v -0.700341 0.100000 -2.684860
v -0.764252 1.220000 -3.006166
v -0.629430 0.100000 -2.706371
v -0.754798 1.220000 -3.009033
v -0.564079 0.100000 -2.741302
v -0.746084 1.220000 -3.013691
v -0.506799 0.100000 -2.788311
v -0.738447 1.220000 -3.019959
v -0.459789 0.100000 -2.845592
v -0.732179 1.220000 -3.027596
v -0.424858 0.100000 -2.910943
v -0.727521 1.220000 -3.036310
v -0.403348 0.100000 -2.981853
v -0.724653 1.220000 -3.045764
v -0.396085 0.100000 -3.055597
v -0.723685 1.220000 -3.055597
v -0.403348 0.100000 -3.129341
v -0.724653 1.220000 -3.065430
v -0.424858 0.100000 -3.200251
v -0.727521 1.220000 -3.074884
v -0.459789 0.100000 -3.265603
v -0.732179 1.220000 -3.083598
v -0.506799 0.100000 -3.322883
v -0.738447 1.220000 -3.091235
v -0.564079 0.100000 -3.369893
v -0.746084 1.220000 -3.097503
v -0.629430 0.100000 -3.404824
v -0.754798 1.220000 -3.102161
v -0.700341 0.100000 -3.426334
v -0.764252 1.220000 -3.105029
v -0.774085 0.100000 -3.433597
v -0.774085 1.220000 -3.105997
v -0.847829 0.100000 -3.426334
v -0.783917 1.220000 -3.105029
v -0.918739 0.100000 -3.404824
v -0.793372 1.220000 -3.102161
v -0.984090 0.100000 -3.369893
v -0.802086 1.220000 -3.097503
v -1.041371 0.100000 -3.322883
v -0.809723 1.220000 -3.091235
v -1.088380 0.100000 -3.265603
v -0.815991 1.220000 -3.083598
v -1.123311 0.100000 -3.200251
v -0.820648 1.220000 -3.074884
v -1.144822 0.100000 -3.129341
v -0.823516 1.220000 -3.065430
v -1.152085 0.100000 -3.055597
v -0.824485 1.220000 -3.055597
v -1.144822 0.100000 -2.981853
v -0.823516 1.220000 -3.045764
v -1.123311 0.100000 -2.910943
v -0.820648 1.220000 -3.036310
v -1.088380 0.100000 -2.845592
v -0.815991 1.220000 -3.027596
v -1.041371 0.100000 -2.788311
v -0.809723 1.220000 -3.019959
v -0.984090 0.100000 -2.741302
v -0.802086 1.220000 -3.013691
v -0.918739 0.100000 -2.706371
v -0.793372 1.220000 -3.009033
v -0.847829 0.100000 -2.684860
v -0.783917 1.220000 -3.006166
v -0.774085 0.087663 -2.515266
v -0.668671 0.087663 -2.525649
v -0.567309 0.087663 -2.556396
v -0.473893 0.087663 -2.606328
v -0.392013 0.087663 -2.673525
v -0.324816 0.087663 -2.755405
v -0.274884 0.087663 -2.848821
v -0.244136 0.087663 -2.950184
v -0.233754 0.087663 -3.055597
v -0.244136 0.087663 -3.161011
v -0.274884 0.087663 -3.262373
v -0.324816 0.087663 -3.355789
v -0.392013 0.087663 -3.437669
v -0.473893 0.087663 -3.504866
v -0.567309 0.087663 -3.554798
v -0.668671 0.087663 -3.585546
v -0.774085 0.087663 -3.595928
v -0.879498 0.087663 -3.585546
v -0.980861 0.087663 -3.554798
v -1.074277 0.087663 -3.504866
v -1.156157 0.087663 -3.437669
v -1.223354 0.087663 -3.355789
v -1.273285 0.087663 -3.262373
v -1.304033 0.087663 -3.161011
v -1.314416 0.087663 -3.055597
v -1.304033 0.087663 -2.950184
v -1.273285 0.087663 -2.848821
v -1.223354 0.087663 -2.755405
v -1.156157 0.087663 -2.673525
v -1.074277 0.087663 -2.606328
v -0.980861 0.087663 -2.556396
v -0.879498 0.087663 -2.525649
v -0.774085 0.000337 -2.515266
v -0.668671 0.000337 -2.525649
v -0.567309 0.000337 -2.556396
v -0.473893 0.000337 -2.606328
v -0.392013 0.000337 -2.673525
v -0.324816 0.000337 -2.755405
v -0.274884 0.000337 -2.848821
v -0.244136 0.000337 -2.950184
v -0.233754 0.000337 -3.055597
v -0.244136 0.000337 -3.161011
v -0.274884 0.000337 -3.262373
v -0.324816 0.000337 -3.355789
v -0.392013 0.000337 -3.437669
v -0.473893 0.000337 -3.504866
v -0.567309 0.000337 -3.554798
v -0.668671 0.000337 -3.585546
v -0.774085 0.000337 -3.595928
v -0.879498 0.000337 -3.585546
v -0.980861 0.000337 -3.554798
v -1.074277 0.000337 -3.504866
v -1.156157 0.000337 -3.437669
v -1.223354 0.000337 -3.355789
v -1.273285 0.000337 -3.262373
v -1.304033 0.000337 -3.161011
v -1.314416 0.000337 -3.055597
v -1.304033 0.000337 -2.950184
v -1.273285 0.000337 -2.848821
v -1.223354 0.000337 -2.755405
v -1.156157 0.000337 -2.673525
v -1.074277 0.000337 -2.606328
v -0.980861 0.000337 -2.556396
v -0.879498 0.000337 -2.525649
v -0.774085 0.389470 -2.762267
v -0.716859 0.389470 -2.767903
v -0.661832 0.389470 -2.784595
v -0.611119 0.389470 -2.811702
v -0.566669 0.389470 -2.848181
v -0.530190 0.389470 -2.892632
v -0.503083 0.389470 -2.943345
v -0.486391 0.389470 -2.998371
v -0.480755 0.389470 -3.055597
v -0.486391 0.389470 -3.112823
v -0.503083 0.389470 -3.167850
v -0.530190 0.389470 -3.218563
v -0.566669 0.389470 -3.263013
v -0.611119 0.389470 -3.299492
v -0.661832 0.389470 -3.326599
v -0.716859 0.389470 -3.343291
v -0.774085 0.389470 -3.348927
v -0.831311 0.389470 -3.343291
v -0.886337 0.389470 -3.326599
v -0.937050 0.389470 -3.299492
v -0.981501 0.389470 -3.263013
v -1.017980 0.389470 -3.218563
v -1.045087 0.389470 -3.167850
v -1.061779 0.389470 -3.112823
v -1.067415 0.389470 -3.055597
v -1.061779 0.389470 -2.998371
v -1.045087 0.389470 -2.943345
v -1.017980 0.389470 -2.892632
v -0.981501 0.389470 -2.848181
v -0.937050 0.389470 -2.811702
v -0.886337 0.389470 -2.784595
v -0.831311 0.389470 -2.767903
v -0.774085 0.558555 -2.811724
v -0.726508 0.558555 -2.816410
v -0.680759 0.558555 -2.830288
v -0.638596 0.558555 -2.852824
v -0.601641 0.558555 -2.883153
v -0.571312 0.558555 -2.920109
v -0.548776 0.558555 -2.962271
v -0.534898 0.558555 -3.008020
v -0.530212 0.558555 -3.055597
v -0.534898 0.558555 -3.103174
v -0.548776 0.558555 -3.148923
v -0.571312 0.558555 -3.191086
v -0.601641 0.558555 -3.228041
v -0.638596 0.558555 -3.258370
v -0.680759 0.558555 -3.280906
v -0.726508 0.558555 -3.294784
v -0.774085 0.558555 -3.299470
v -0.821662 0.558555 -3.294784
v -0.867411 0.558555 -3.280906
v -0.909573 0.558555 -3.258370
v -0.946529 0.558555 -3.228041
v -0.976857 0.558555 -3.191086
v -0.999394 0.558555 -3.148923
v -1.013272 0.558555 -3.103174
v -1.017957 0.558555 -3.055597
v -1.013272 0.558555 -3.008020
v -0.999394 0.558555 -2.962271
v -0.976857 0.558555 -2.920109
v -0.946529 0.558555 -2.883153
v -0.909573 0.558555 -2.852824
v -0.867411 0.558555 -2.830288
v -0.821662 0.558555 -2.816410
v -0.774085 0.735048 -2.863348
v -0.736579 0.735048 -2.867043
v -0.700514 0.735048 -2.877983
v -0.667277 0.735048 -2.895748
v -0.638145 0.735048 -2.919657
v -0.614236 0.735048 -2.948789
v -0.596470 0.735048 -2.982027
v -0.585530 0.735048 -3.018091
v -0.581836 0.735048 -3.055597
v -0.585530 0.735048 -3.093103
v -0.596470 0.735048 -3.129167
v -0.614236 0.735048 -3.162405
v -0.638145 0.735048 -3.191537
v -0.667277 0.735048 -3.215446
v -0.700514 0.735048 -3.233212
v -0.736579 0.735048 -3.244152
v -0.774085 0.735048 -3.247846
v -0.811591 0.735048 -3.244152
v -0.847655 0.735048 -3.233212
v -0.880892 0.735048 -3.215446
v -0.910025 0.735048 -3.191537
v -0.933934 0.735048 -3.162405
v -0.951699 0.735048 -3.129167
v -0.962639 0.735048 -3.093103
v -0.966333 0.735048 -3.055597
v -0.962639 0.735048 -3.018091
v -0.951699 0.735048 -2.982027
v -0.933934 0.735048 -2.948789
v -0.910025 0.735048 -2.919657
v -0.880892 0.735048 -2.895748
v -0.847655 0.735048 -2.877983
v -0.811591 0.735048 -2.867043
v -0.774085 0.885030 -2.907218
v -0.745138 0.885030 -2.910069
v -0.717303 0.885030 -2.918513
v -0.691650 0.885030 -2.932225
v -0.669165 0.885030 -2.950677
v -0.650712 0.885030 -2.973162
v -0.637001 0.885030 -2.998815
v -0.628557 0.885030 -3.026650
v -0.625706 0.885030 -3.055597
v -0.628557 0.885030 -3.084544
v -0.637001 0.885030 -3.112379
v -0.650712 0.885030 -3.138032
v -0.669165 0.885030 -3.160517
v -0.691650 0.885030 -3.178970
v -0.717303 0.885030 -3.192681
v -0.745138 0.885030 -3.201125
v -0.774085 0.885030 -3.203976
v -0.803032 0.885030 -3.201125
v -0.830867 0.885030 -3.192681
v -0.856520 0.885030 -3.178970
v -0.879004 0.885030 -3.160517
v -0.897457 0.885030 -3.138032
v -0.911169 0.885030 -3.112379
v -0.919613 0.885030 -3.084544
v -0.922464 0.885030 -3.055597
v -0.919613 0.885030 -3.026650
v -0.911169 0.885030 -2.998815
v -0.897457 0.885030 -2.973162
v -0.879004 0.885030 -2.950677
v -0.856520 0.885030 -2.932225
v -0.830867 0.885030 -2.918513
v -0.803032 0.885030 -2.910069
v 2.669478 0.001582 0.504876
v 2.669478 0.001582 0.504876
v 2.669478 0.001582 0.504876
v 2.526944 0.308912 0.581241
v 2.526944 0.308912 0.581241
v 2.526944 0.308912 0.581241
v 2.526944 0.308912 0.581241
v 2.481800 0.001582 0.555182
v 2.481800 0.001582 0.555182
v 2.481800 0.001582 0.555182
v 2.643419 0.308912 0.550021
v 2.643419 0.308912 0.550021
v 2.643419 0.308912 0.550021
v 2.643419 0.308912 0.550021
v 2.719784 0.001582 0.692555
v 2.719784 0.001582 0.692555
v 2.719784 0.001582 0.692555
v 2.674639 0.308912 0.666496
v 2.674639 0.308912 0.666496
v 2.674639 0.308912 0.666496
v 2.674639 0.308912 0.666496
v 2.532105 0.001582 0.742860
v 2.532105 0.001582 0.742860
v 2.532105 0.001582 0.742860
v 2.558164 0.308912 0.697716
v 2.558164 0.308912 0.697716
v 2.558164 0.308912 0.697716
v 2.558164 0.308912 0.697716
v 2.669478 1.354119 0.504876
v 2.669478 1.354119 0.504876
v 2.669478 1.354119 0.504876
v 2.481800 1.354119 0.555182
v 2.481800 1.354119 0.555182
v 2.481800 1.354119 0.555182
v 2.532105 1.354119 0.742860
v 2.532105 1.354119 0.742860
v 2.532105 1.354119 0.742860
v 2.719784 1.354119 0.692555
v 2.719784 1.354119 0.692555
v 2.719784 1.354119 0.692555
v 2.066803 0.001582 -1.743577
v 2.066803 0.001582 -1.743577
v 2.066803 0.001582 -1.743577
v 1.948347 0.308912 -1.577381
v 1.948347 0.308912 -1.577381
v 1.948347 0.308912 -1.577381
v 1.948347 0.308912 -1.577381
v 1.879124 0.001582 -1.693272
v 1.879124 0.001582 -1.693272
v 1.879124 0.001582 -1.693272
v 2.064822 0.308912 -1.608601
v 2.064822 0.308912 -1.608601
v 2.064822 0.308912 -1.608601
v 2.064822 0.308912 -1.608601
v 2.117108 0.001582 -1.555899
v 2.117108 0.001582 -1.555899
v 2.117108 0.001582 -1.555899
v 2.096042 0.308912 -1.492126
v 2.096042 0.308912 -1.492126
v 2.096042 0.308912 -1.492126
v 2.096042 0.308912 -1.492126
v 1.929430 0.001582 -1.505594
v 1.929430 0.001582 -1.505594
v 1.929430 0.001582 -1.505594
v 1.979567 0.308912 -1.460906
v 1.979567 0.308912 -1.460906
v 1.979567 0.308912 -1.460906
v 1.979567 0.308912 -1.460906
v 2.090881 1.354119 -1.653745
v 2.090881 1.354119 -1.653745
v 2.090881 1.354119 -1.653745
v 1.903203 1.354119 -1.603440
v 1.903203 1.354119 -1.603440
v 1.903203 1.354119 -1.603440
v 1.953508 1.354119 -1.415762
v 1.953508 1.354119 -1.415762
v 1.953508 1.354119 -1.415762
v 2.141186 1.354119 -1.466067
v 2.141186 1.354119 -1.466067
v 2.141186 1.354119 -1.466067
v 2.089279 0.355667 -2.003193
v 2.089279 0.355667 -2.003193
v 2.089279 0.355667 -2.003193
v 2.241434 0.574110 -1.128349
v 2.241434 0.574110 -1.128349
v 2.241434 0.574110 -1.128349
v 2.241434 0.574110 -1.128349
v 1.994476 0.355667 -1.977781
v 1.994476 0.355667 -1.977781
v 1.994476 0.355667 -1.977781
v 2.300270 0.574110 -1.144120
v 2.300270 0.574110 -1.144120
v 2.300270 0.574110 -1.144120
v 2.300270 0.574110 -1.144120
v 2.105879 0.113913 -1.941263
v 2.105879 0.113913 -1.941263
v 2.105879 0.113913 -1.941263
v 2.310571 0.402427 -1.105686
v 2.310571 0.402427 -1.105686
v 2.310571 0.402427 -1.105686
v 2.310571 0.402427 -1.105686
v 2.011075 0.113913 -1.915852
v 2.011075 0.113913 -1.915852
v 2.011075 0.113913 -1.915852
v 2.251736 0.402427 -1.089915
v 2.251736 0.402427 -1.089915
v 2.251736 0.402427 -1.089915
v 2.251736 0.402427 -1.089915
v 2.888867 1.253167 0.979898
v 2.888867 1.253167 0.979898
v 2.888867 1.253167 0.979898
v 2.794064 1.253167 1.005309
v 2.794064 1.253167 1.005309
v 2.794064 1.253167 1.005309
v 2.810663 1.011414 1.067239
v 2.810663 1.011414 1.067239
v 2.810663 1.011414 1.067239
v 2.905467 1.011414 1.041828
v 2.905467 1.011414 1.041828
v 2.905467 1.011414 1.041828
v 2.168482 1.003408 -2.027674
v 2.168482 1.003408 -2.027674
v 2.168482 1.003408 -2.027674
v 2.313801 0.855725 -1.137005
v 2.313801 0.855725 -1.137005
v 2.313801 0.855725 -1.137005
v 2.313801 0.855725 -1.137005
v 2.073401 1.003846 -2.003325
v 2.073401 1.003846 -2.003325
v 2.073401 1.003846 -2.003325
v 2.372809 0.855454 -1.152117
v 2.372809 0.855454 -1.152117
v 2.372809 0.855454 -1.152117
v 2.372809 0.855454 -1.152117
v 2.164187 0.724011 -2.040940
v 2.164187 0.724011 -2.040940
v 2.164187 0.724011 -2.040940
v 2.370144 0.650039 -1.160350
v 2.370144 0.650039 -1.160350
v 2.370144 0.650039 -1.160350
v 2.370144 0.650039 -1.160350
v 2.069106 0.724448 -2.016590
v 2.069106 0.724448 -2.016590
v 2.069106 0.724448 -2.016590
v 2.311136 0.650311 -1.145238
v 2.311136 0.650311 -1.145238
v 2.311136 0.650311 -1.145238
v 2.311136 0.650311 -1.145238
v 2.958699 0.610223 1.065001
v 2.958699 0.610223 1.065001
v 2.958699 0.610223 1.065001
v 2.863618 0.610661 1.089350
v 2.863618 0.610661 1.089350
v 2.863618 0.610661 1.089350
v 2.859323 0.331263 1.076085
v 2.859323 0.331263 1.076085
v 2.859323 0.331263 1.076085
v 2.954404 0.330825 1.051735
v 2.954404 0.330825 1.051735
v 2.954404 0.330825 1.051735
v 2.337924 0.100000 1.690497
v 2.337924 1.220000 1.362897
v 2.411668 0.100000 1.683233
v 2.347756 1.220000 1.361928
v 2.482578 0.100000 1.661723
v 2.357211 1.220000 1.359060
v 2.547929 0.100000 1.626792
v 2.365924 1.220000 1.354403
v 2.605210 0.100000 1.579783
v 2.373562 1.220000 1.348135
v 2.652219 0.100000 1.522502
v 2.379830 1.220000 1.340497
v 2.687150 0.100000 1.457151
v 2.384487 1.220000 1.331784
v 2.708660 0.100000 1.386241
v 2.387355 1.220000 1.322329
v 2.715924 0.100000 1.312497
v 2.388324 1.220000 1.312497
v 2.708660 0.100000 1.238752
v 2.387355 1.220000 1.302664
v 2.687150 0.100000 1.167842
v 2.384487 1.220000 1.293209
v 2.652219 0.100000 1.102491
v 2.379830 1.220000 1.284496
v 2.605210 0.100000 1.045210
v 2.373562 1.220000 1.276858
v 2.547929 0.100000 0.998201
v 2.365924 1.220000 1.270591
v 2.482578 0.100000 0.963270
v 2.357211 1.220000 1.265933
v 2.411668 0.100000 0.941760
v 2.347756 1.220000 1.263065
v 2.337924 0.100000 0.934497
v 2.337924 1.220000 1.262097
v 2.264179 0.100000 0.941760
v 2.328091 1.220000 1.263065
v 2.193269 0.100000 0.963270
v 2.318636 1.220000 1.265933
v 2.127918 0.100000 0.998201
v 2.309923 1.220000 1.270591
v 2.070637 0.100000 1.045210
v 2.302285 1.220000 1.276858
v 2.023628 0.100000 1.102491
v 2.296017 1.220000 1.284496
v 1.988697 0.100000 1.167842
v 2.291360 1.220000 1.293209
v 1.967187 0.100000 1.238752
v 2.288492 1.220000 1.302664
v 1.959924 0.100000 1.312497
v 2.287524 1.220000 1.312497
v 1.967187 0.100000 1.386241
v 2.288492 1.220000 1.322329
v 1.988697 0.100000 1.457151
v 2.291360 1.220000 1.331784
v 2.023628 0.100000 1.522502
v 2.296017 1.220000 1.340497
v 2.070637 0.100000 1.579783
v 2.302285 1.220000 1.348135
v 2.127918 0.100000 1.626792
v 2.309923 1.220000 1.354403
v 2.193269 0.100000 1.661723
v 2.318636 1.220000 1.359060
v 2.264179 0.100000 1.683233
v 2.328091 1.220000 1.361928
v 2.337924 0.087663 1.852828
v 2.443337 0.087663 1.842445
v 2.544699 0.087663 1.811697
v 2.638115 0.087663 1.761765
v 2.719995 0.087663 1.694568
v 2.787192 0.087663 1.612688
v 2.837124 0.087663 1.519272
v 2.867872 0.087663 1.417910
v 2.878254 0.087663 1.312497
v 2.867872 0.087663 1.207083
v 2.837124 0.087663 1.105721
v 2.787192 0.087663 1.012305
v 2.719995 0.087663 0.930425
v 2.638115 0.087663 0.863228
v 2.544699 0.087663 0.813296
v 2.443337 0.087663 0.782548
v 2.337924 0.087663 0.772166
v 2.232510 0.087663 0.782548
v 2.131148 0.087663 0.813296
v 2.037732 0.087663 0.863228
v 1.955852 0.087663 0.930425
v 1.888655 0.087663 1.012305
v 1.838723 0.087663 1.105721
v 1.807975 0.087663 1.207083
v 1.797593 0.087663 1.312497
v 1.807975 0.087663 1.417910
v 1.838723 0.087663 1.519272
v 1.888655 0.087663 1.612688
v 1.955852 0.087663 1.694568
v 2.037732 0.087663 1.761765
v 2.131148 0.087663 1.811697
v 2.232510 0.087663 1.842445
v 2.337924 0.000337 1.852828
v 2.443337 0.000337 1.842445
v 2.544699 0.000337 1.811697
v 2.638115 0.000337 1.761765
v 2.719995 0.000337 1.694568
v 2.787192 0.000337 1.612688
v 2.837124 0.000337 1.519272
v 2.867872 0.000337 1.417910
v 2.878254 0.000337 1.312497
v 2.867872 0.000337 1.207083
v 2.837124 0.000337 1.105721
v 2.787192 0.000337 1.012305
v 2.719995 0.000337 0.930425
v 2.638115 0.000337 0.863228
v 2.544699 0.000337 0.813296
v 2.443337 0.000337 0.782548
v 2.337924 0.000337 0.772166
v 2.232510 0.000337 0.782548
v 2.131148 0.000337 0.813296
v 2.037732 0.000337 0.863228
v 1.955852 0.000337 0.930425
v 1.888655 0.000337 1.012305
v 1.838723 0.000337 1.105721
v 1.807975 0.000337 1.207083
v 1.797593 0.000337 1.312497
v 1.807975 0.000337 1.417910
v 1.838723 0.000337 1.519272
v 1.888655 0.000337 1.612688
v 1.955852 0.000337 1.694568
v 2.037732 0.000337 1.761765
v 2.131148 0.000337 1.811697
v 2.232510 0.000337 1.842445
v 2.337924 0.389470 1.605827
v 2.395149 0.389470 1.600191
v 2.450176 0.389470 1.583498
v 2.500889 0.389470 1.556392
v 2.545339 0.389470 1.519912
v 2.581819 0.389470 1.475462
v 2.608925 0.389470 1.424749
v 2.625618 0.389470 1.369723
v 2.631254 0.389470 1.312497
v 2.625618 0.389470 1.255271
v 2.608925 0.389470 1.200244
v 2.581819 0.389470 1.149531
v 2.545339 0.389470 1.105081
v 2.500889 0.389470 1.068602
v 2.450176 0.389470 1.041495
v 2.395149 0.389470 1.024803
v 2.337924 0.389470 1.019166
v 2.280698 0.389470 1.024803
v 2.225671 0.389470 1.041495
v 2.174958 0.389470 1.068602
v 2.130508 0.389470 1.105081
v 2.094028 0.389470 1.149531
v 2.066922 0.389470 1.200244
v 2.050230 0.389470 1.255271
v 2.044593 0.389470 1.312497
v 2.050230 0.389470 1.369723
v 2.066922 0.389470 1.424749
v 2.094028 0.389470 1.475462
v 2.130508 0.389470 1.519912
v 2.174958 0.389470 1.556392
v 2.225671 0.389470 1.583498
v 2.280698 0.389470 1.600191
v 2.337924 0.558555 1.556369
v 2.385501 0.558555 1.551683
v 2.431250 0.558555 1.537806
v 2.473412 0.558555 1.515269
v 2.510367 0.558555 1.484941
v 2.540696 0.558555 1.447985
v 2.563232 0.558555 1.405823
v 2.577110 0.558555 1.360074
v 2.581796 0.558555 1.312497
v 2.577110 0.558555 1.264920
v 2.563232 0.558555 1.219171
v 2.540696 0.558555 1.177008
v 2.510367 0.558555 1.140053
v 2.473412 0.558555 1.109724
v 2.431250 0.558555 1.087188
v 2.385501 0.558555 1.073310
v 2.337924 0.558555 1.068624
v 2.290346 0.558555 1.073310
v 2.244597 0.558555 1.087188
v 2.202435 0.558555 1.109724
v 2.165480 0.558555 1.140053
v 2.135151 0.558555 1.177008
v 2.112615 0.558555 1.219171
v 2.098737 0.558555 1.264920
v 2.094051 0.558555 1.312497
v 2.098737 0.558555 1.360074
v 2.112615 0.558555 1.405823
v 2.135151 0.558555 1.447985
v 2.165480 0.558555 1.484941
v 2.202435 0.558555 1.515269
v 2.244597 0.558555 1.537806
v 2.290346 0.558555 1.551683
v 2.337924 0.735048 1.504745
v 2.375429 0.735048 1.501051
v 2.411494 0.735048 1.490111
v 2.444731 0.735048 1.472345
v 2.473864 0.735048 1.448437
v 2.497772 0.735048 1.419304
v 2.515538 0.735048 1.386067
v 2.526478 0.735048 1.350003
v 2.530172 0.735048 1.312497
v 2.526478 0.735048 1.274991
v 2.515538 0.735048 1.238926
v 2.497772 0.735048 1.205689
v 2.473864 0.735048 1.176556
v 2.444731 0.735048 1.152648
v 2.411494 0.735048 1.134882
v 2.375429 0.735048 1.123942
v 2.337924 0.735048 1.120248
v 2.300418 0.735048 1.123942
v 2.264353 0.735048 1.134882
v 2.231116 0.735048 1.152648
v 2.201983 0.735048 1.176556
v 2.178075 0.735048 1.205689
v 2.160309 0.735048 1.238926
v 2.149369 0.735048 1.274991
v 2.145675 0.735048 1.312497
v 2.149369 0.735048 1.350003
v 2.160309 0.735048 1.386067
v 2.178075 0.735048 1.419304
v 2.201983 0.735048 1.448437
v 2.231116 0.735048 1.472345
v 2.264353 0.735048 1.490111
v 2.300418 0.735048 1.501051
v 2.337924 0.885030 1.460876
v 2.366871 0.885030 1.458025
v 2.394706 0.885030 1.449581
v 2.420358 0.885030 1.435869
v 2.442843 0.885030 1.417416
v 2.461296 0.885030 1.394932
v 2.475008 0.885030 1.369279
v 2.483451 0.885030 1.341444
v 2.486302 0.885030 1.312497
v 2.483451 0.885030 1.283549
v 2.475008 0.885030 1.255715
v 2.461296 0.885030 1.230062
v 2.442843 0.885030 1.207577
v 2.420358 0.885030 1.189124
v 2.394706 0.885030 1.175412
v 2.366871 0.885030 1.166969
v 2.337924 0.885030 1.164118
v 2.308976 0.885030 1.166969
v 2.281141 0.885030 1.175412
v 2.255489 0.885030 1.189124
v 2.233004 0.885030 1.207577
v 2.214551 0.885030 1.230062
v 2.200839 0.885030 1.255715
v 2.192396 0.885030 1.283549
v 2.189545 0.885030 1.312497
v 2.192396 0.885030 1.341444
v 2.200839 0.885030 1.369279
v 2.214551 0.885030 1.394932
v 2.233004 0.885030 1.417416
v 2.255489 0.885030 1.435869
v 2.281141 0.885030 1.449581
v 2.308976 0.885030 1.458025
v -0.602258 0.870737 -2.068655
v -0.039457 0.870737 -2.315756
v -0.602258 1.485395 -2.068655
v -0.039457 1.485395 -2.315756
v -0.742958 1.331730 -2.006879
v -0.742958 1.024402 -2.006879
v -0.461558 0.717073 -2.130430
v -0.180157 0.717073 -2.253981
v 0.101243 1.024402 -2.377532
v 0.101243 1.331730 -2.377532
v -0.180157 1.639059 -2.253981
v -0.461558 1.639059 -2.130430
v -0.461558 1.024402 -2.130430
v -0.461558 1.331730 -2.130430
v -0.180157 1.024402 -2.253981
v -0.180157 1.331730 -2.253981
v -0.473346 1.677682 -2.125254
v -0.168369 1.677682 -2.259156
v 0.136608 1.344605 -2.393059
v 0.136608 1.011527 -2.393059
v -0.168369 0.678450 -2.259156
v -0.473346 0.678450 -2.125254
v -0.778322 1.011527 -1.991352
v -0.778322 1.344605 -1.991352
v -0.015881 1.511143 -2.326108
v -0.625834 1.511143 -2.058303
v -0.015881 0.844989 -2.326108
v -0.625834 0.844989 -2.058303
v -14.400001 2.000000 -0.409511
v -14.500000 2.100000 -0.409511
v -14.500000 1.900000 -0.409511
v -14.213613 2.000000 -0.319023
v -14.113595 2.100000 -0.319023
v -14.113630 1.900000 -0.319023
v -14.400001 2.000000 -3.000000
v -14.500001 2.100000 -3.000000
v -14.500001 1.900000 -3.000000
v -14.100000 2.000000 -3.000000
v -14.000001 1.900000 -3.000000
v -14.000001 2.100000 -3.000000
v -14.286389 2.000000 -0.319022
v -14.386372 1.900000 -0.319022
v -14.386407 2.100000 -0.319022
v -14.100000 2.000000 -0.409511
v -14.000000 1.900000 -0.409511
v -14.000000 2.100000 -0.409511
v -14.100001 2.000000 -11.031533
v -14.000001 2.100000 -11.031533
v -14.000001 1.900000 -11.031533
v -14.286388 2.000000 -11.131534
v -14.386406 2.100000 -11.131534
v -14.386371 1.900000 -11.131534
v -14.400001 2.000000 -8.500000
v -14.500001 2.100000 -8.500000
v -14.500001 1.900000 -8.500000
v -14.100001 2.000000 -8.500000
v -14.000001 1.900000 -8.500000
v -14.000001 2.100000 -8.500000
v -14.213613 2.000000 -11.131534
v -14.113595 2.100000 -11.131534
v -14.113630 1.900000 -11.131534
v -14.400001 2.000000 -11.366969
v -14.500000 1.900000 -11.445391
v -14.500001 2.100000 -11.445391
v -14.500001 1.000000 -3.000000
v -14.000000 1.000000 -3.000000
v -14.500001 1.000000 -8.500000
v -14.000001 1.000000 -8.500000
v -14.113790 1.000000 -11.131534
v -14.386212 1.000000 -0.319022
v -14.500000 1.000000 -11.445391
v -14.000000 1.000000 -0.409511
v -14.000001 1.000000 -11.031533
v -14.500000 1.000000 -0.409511
v -14.386211 1.000000 -11.131534
v -14.113789 1.000000 -0.319023
v -14.100000 1.000000 -8.500000
v -14.100000 1.000000 -3.000000
v -14.100001 3.000000 -8.500000
v -14.100000 3.000000 -3.000000
v -14.100000 1.200000 -8.300000
v -14.100000 1.200000 -3.200000
v -14.100001 2.800000 -8.300000
v -14.100000 2.800000 -3.200000
v -14.400001 1.000000 -8.500000
v -14.400001 1.000000 -3.000000
v -14.400002 3.000000 -8.500000
v -14.400001 3.000000 -3.000000
v -14.400001 1.200000 -8.300000
v -14.400001 1.200000 -3.200000
v -14.400002 2.800000 -8.300000
v -14.400001 2.800000 -3.200000
v -14.500001 3.000000 -3.000000
v -14.000001 3.000000 -3.000000
v -14.500001 3.000000 -8.500000
v -14.000001 3.000000 -8.500000
v -14.113437 3.000000 -11.131534
v -14.000001 3.000000 -11.031533
v -14.386566 3.000000 -0.319022
v -14.500000 3.000000 -0.409511
v -14.386565 3.000000 -11.131534
v -14.500001 3.000000 -11.445391
v -14.113436 3.000000 -0.319023
v -14.000000 3.000000 -0.409511
v -14.000001 4.500000 -3.000000
v -14.500000 -0.500000 -3.000000
v -14.500001 4.500000 -3.000000
v -14.000000 -0.500000 -3.000000
v -14.000001 4.500000 -8.500000
v -14.500001 4.500000 -8.500000
v -14.000001 -0.500000 -8.500000
v -14.500001 -0.500000 -8.500000
v -14.386725 4.400000 -0.319022
v -14.500000 4.500000 -0.409511
v -14.500000 -0.500000 -0.409511
v -14.386724 -0.400000 -0.319022
v -14.500001 4.500000 -11.445391
v -14.386724 4.400000 -11.131534
v -14.386724 -0.400000 -11.131534
v -14.500000 -0.500000 -11.445391
v -14.113277 4.400000 -11.131534
v -14.000001 4.500000 -11.031533
v -14.000001 -0.500000 -11.031533
v -14.113276 -0.400000 -11.131534
v -14.000000 4.500000 -0.409511
v -14.113276 4.400000 -0.319023
v -14.113276 -0.400000 -0.319023
v -14.000000 -0.500000 -0.409511
v -14.200001 1.200000 -3.200000
v -14.300000 1.200000 -3.200000
v -14.300000 2.800000 -3.200000
v -14.200001 2.800000 -3.200000
v -14.300001 2.800000 -8.300000
v -14.200001 2.800000 -8.300000
v -14.300001 1.200000 -8.300000
v -14.200001 1.200000 -8.300000
v -14.099999 2.000000 11.386391
v -13.999999 2.100000 11.386391
v -13.999999 1.900000 11.386391
v -14.286387 2.000000 11.486390
v -14.386405 2.100000 11.486390
v -14.386370 1.900000 11.486390
v -14.099999 2.000000 7.500000
v -13.999999 2.100000 7.500000
v -13.999999 1.900000 7.500000
v -14.400000 2.000000 7.500000
v -14.500000 1.900000 7.500000
v -14.500000 2.100000 7.500000
v -14.213611 2.000000 11.486391
v -14.113628 1.900000 11.486391
v -14.113593 2.100000 11.486391
v -14.400000 2.000000 11.465354
v -14.499999 1.900000 11.548850
v -14.499999 2.100000 11.548850
v -14.213613 2.000000 -0.499999
v -14.113594 2.100000 -0.499999
v -14.113629 1.900000 -0.499999
v -14.099999 2.000000 2.000000
v -14.000000 2.100000 2.000000
v -14.000000 1.900000 2.000000
v -14.400000 2.000000 2.000000
v -14.500000 1.900000 2.000000
v -14.500000 2.100000 2.000000
v -14.286387 2.000000 -0.500000
v -14.386405 2.100000 -0.500000
v -14.386370 1.900000 -0.500000
v -13.999999 1.000000 7.500000
v -14.500000 1.000000 7.500000
v -14.000000 1.000000 2.000000
v -14.500000 1.000000 2.000000
v -14.386211 1.000000 -0.500000
v -14.113788 1.000000 11.486391
v -14.500000 1.000000 11.548850
v -13.999999 1.000000 11.386391
v -14.113789 1.000000 -0.499999
v -14.386211 1.000000 11.486390
v -14.400000 1.000000 2.000000
v -14.400000 1.000000 7.500000
v -14.400000 3.000000 2.000000
v -14.400000 3.000000 7.500000
v -14.400000 1.000000 2.200000
v -14.400000 1.000000 7.300000
v -14.400000 2.800000 2.200000
v -14.400000 2.800000 7.300000
v -14.099999 1.000000 2.000000
v -14.099999 1.000000 7.500000
v -14.099999 3.000000 2.000000
v -14.099999 3.000000 7.500000
v -14.099999 1.000000 2.200000
v -14.099999 1.000000 7.300000
v -14.099999 2.800000 2.200000
v -14.099999 2.800000 7.300000
v -13.999999 3.000000 7.500000
v -14.499999 3.000000 7.500000
v -13.999999 3.000000 2.000000
v -14.499999 3.000000 2.000000
v -14.386564 3.000000 -0.500000
v -14.113434 3.000000 11.486391
v -13.999999 3.000000 11.386391
v -14.113436 3.000000 -0.499999
v -14.386564 3.000000 11.486390
v -14.499999 3.000000 11.548850
v -14.499999 4.500000 7.500000
v -14.000000 -0.500000 7.500000
v -13.999999 4.500000 7.500000
v -14.500000 -0.500000 7.500000
v -14.499999 4.500000 2.000000
v -13.999999 4.500000 2.000000
v -14.500000 -0.500000 2.000000
v -14.000000 -0.500000 2.000001
v -14.113275 4.400000 11.486391
v -13.999999 4.500000 11.386391
v -13.999999 -0.500000 11.386391
v -14.113276 -0.400000 11.486391
v -14.113276 4.400000 -0.499999
v -14.113276 -0.400000 -0.499999
v -14.386724 4.400000 -0.500000
v -14.386724 -0.400000 -0.500000
v -14.499999 4.500000 11.548850
v -14.386724 4.400000 11.486390
v -14.386724 -0.400000 11.486390
v -14.500000 -0.500000 11.548850
v -13.799999 1.000000 7.500000
v -14.700000 1.000000 7.500000
v -13.800000 1.000000 2.000000
v -14.700000 1.000000 2.000000
v -13.849999 1.200000 7.500000
v -13.799999 1.150000 7.500000
v -14.700000 1.150000 7.500000
v -14.650000 1.200000 7.500000
v -14.650000 1.200000 2.000000
v -14.700000 1.150000 2.000000
v -13.800000 1.150000 2.000000
v -13.849999 1.200000 2.000000
v -14.151004 1.940000 3.169706
v -14.108578 2.000000 3.183848
v -14.094436 1.980000 3.197990
v -14.052009 1.980000 3.155564
v -14.066151 2.000000 3.141422
v -14.080293 1.940000 3.098995
v -14.447989 1.980000 2.844437
v -14.433846 2.000000 2.858579
v -14.419704 1.940000 2.901005
v -14.348993 1.940000 2.830295
v -14.391420 2.000000 2.816152
v -14.405562 1.980000 2.802010
v -14.094436 1.348676 3.197990
v -14.151004 1.400000 3.169706
v -14.080293 1.400000 3.098995
v -14.052009 1.348676 3.155564
v -14.405562 1.348676 2.802010
v -14.348993 1.400000 2.830295
v -14.419704 1.400000 2.901005
v -14.447989 1.348676 2.844437
v -13.981298 1.288676 3.084853
v -13.993425 1.310290 3.068696
v -13.981298 1.280000 3.056569
v -13.981298 1.200000 3.084853
v -13.981298 1.200000 3.056569
v -14.306567 1.200000 2.731300
v -14.334851 1.200000 2.731300
v -14.334851 1.288676 2.731300
v -14.306567 1.280000 2.731300
v -14.318694 1.310290 2.743427
v -14.518700 1.288676 2.915148
v -14.506573 1.310290 2.931305
v -14.518700 1.280000 2.943432
v -14.518700 1.200000 2.915148
v -14.518700 1.200000 2.943432
v -14.193430 1.200000 3.268701
v -14.165146 1.200000 3.268701
v -14.165146 1.288676 3.268701
v -14.193430 1.280000 3.268701
v -14.181303 1.310290 3.256574
v -14.122720 1.360000 3.197990
v -14.122720 1.980000 3.197990
v -14.377278 1.980000 2.802010
v -14.052009 1.980000 3.127280
v -14.447989 1.980000 2.872721
v -14.052009 1.360000 3.127280
v -14.377278 1.360000 2.802010
v -14.447989 1.360000 2.872721
v -14.150297 1.427000 3.142129
v -14.150296 1.913000 3.142129
v -14.392127 1.913000 2.900298
v -14.392127 1.427000 2.900298
v -14.349701 1.913000 2.857872
v -14.107870 1.913000 3.099702
v -14.107870 1.427000 3.099702
v -14.349701 1.427000 2.857872
v -14.399999 1.200000 7.150002
v -14.249998 1.250000 7.150002
v -14.302652 1.760000 7.150002
v -14.270095 1.250000 7.075002
v -14.315695 1.760000 7.101329
v -14.324998 1.250000 7.020098
v -14.351325 1.760000 7.065698
v -14.399999 1.250000 7.000002
v -14.399999 1.760000 7.052656
v -14.474998 1.250000 7.020098
v -14.448671 1.760000 7.065698
v -14.529902 1.250000 7.075002
v -14.484303 1.760000 7.101329
v -14.549998 1.250000 7.150002
v -14.497344 1.760000 7.150002
v -14.529902 1.250000 7.225002
v -14.484303 1.760000 7.198675
v -14.474998 1.250000 7.279905
v -14.448671 1.760000 7.234305
v -14.399999 1.250000 7.300002
v -14.399999 1.760000 7.247347
v -14.324998 1.250000 7.279905
v -14.351325 1.760000 7.234305
v -14.270095 1.250000 7.225002
v -14.315695 1.760000 7.198675
v -14.302652 1.820000 7.150002
v -14.358862 1.890000 7.150002
v -14.364373 1.890000 7.129434
v -14.315695 1.820000 7.101329
v -14.379430 1.890000 7.114376
v -14.351325 1.820000 7.065698
v -14.399999 1.890000 7.108865
v -14.399999 1.820000 7.052656
v -14.420567 1.890000 7.114376
v -14.448671 1.820000 7.065698
v -14.435623 1.890000 7.129434
v -14.484303 1.820000 7.101329
v -14.441134 1.890000 7.150002
v -14.497344 1.820000 7.150002
v -14.435623 1.890000 7.170570
v -14.484303 1.820000 7.198675
v -14.420567 1.890000 7.185627
v -14.448671 1.820000 7.234305
v -14.399999 1.890000 7.191138
v -14.399999 1.820000 7.247347
v -14.379430 1.890000 7.185627
v -14.351325 1.820000 7.234305
v -14.364373 1.890000 7.170570
v -14.315695 1.820000 7.198675
v -14.399999 1.978508 7.150002
v -14.380524 1.973101 7.150002
v -14.383133 1.973101 7.140265
v -14.390261 1.973101 7.133136
v -14.399999 1.973101 7.130527
v -14.409736 1.973101 7.133136
v -14.416863 1.973101 7.140265
v -14.419473 1.973101 7.150002
v -14.416863 1.973101 7.159739
v -14.409736 1.973101 7.166867
v -14.399999 1.973101 7.169476
v -14.390261 1.973101 7.166867
v -14.383133 1.973101 7.159739
v -14.304012 1.200000 7.094584
v -14.289164 1.200000 7.150002
v -14.344581 1.200000 7.054016
v -14.399999 1.200000 7.039166
v -14.455416 1.200000 7.054016
v -14.495984 1.200000 7.094584
v -14.510834 1.200000 7.150002
v -14.495984 1.200000 7.205420
v -14.455416 1.200000 7.245988
v -14.399999 1.200000 7.260837
v -14.344581 1.200000 7.245988
v -14.304012 1.200000 7.205420
v -14.249998 1.733471 7.150002
v -14.270095 1.733471 7.075002
v -14.324998 1.733471 7.020098
v -14.399999 1.733471 7.000002
v -14.474998 1.733471 7.020098
v -14.529902 1.733471 7.075002
v -14.549998 1.733471 7.150002
v -14.529902 1.733471 7.225002
v -14.474998 1.733471 7.279905
v -14.399999 1.733471 7.300002
v -14.324998 1.733471 7.279905
v -14.270095 1.733471 7.225002
v -14.099998 1.200000 7.150002
v -13.949998 1.250000 7.150002
v -14.002652 1.760000 7.150002
v -13.970095 1.250000 7.075002
v -14.015695 1.760000 7.101329
v -14.024998 1.250000 7.020098
v -14.051325 1.760000 7.065698
v -14.099998 1.250000 7.000002
v -14.099998 1.760000 7.052656
v -14.174998 1.250000 7.020098
v -14.148671 1.760000 7.065698
v -14.229902 1.250000 7.075002
v -14.184302 1.760000 7.101329
v -14.249998 1.250000 7.150002
v -14.197344 1.760000 7.150002
v -14.229902 1.250000 7.225002
v -14.184302 1.760000 7.198675
v -14.174998 1.250000 7.279905
v -14.148671 1.760000 7.234305
v -14.099998 1.250000 7.300002
v -14.099998 1.760000 7.247347
v -14.024998 1.250000 7.279905
v -14.051325 1.760000 7.234305
v -13.970095 1.250000 7.225002
v -14.015695 1.760000 7.198675
v -14.002652 1.820000 7.150002
v -14.058862 1.890000 7.150002
v -14.064373 1.890000 7.129434
v -14.015694 1.820000 7.101329
v -14.079430 1.890000 7.114376
v -14.051325 1.820000 7.065698
v -14.099998 1.890000 7.108865
v -14.099998 1.820000 7.052656
v -14.120566 1.890000 7.114376
v -14.148671 1.820000 7.065698
v -14.135623 1.890000 7.129434
v -14.184302 1.820000 7.101329
v -14.141134 1.890000 7.150002
v -14.197344 1.820000 7.150002
v -14.135623 1.890000 7.170570
v -14.184302 1.820000 7.198675
v -14.120566 1.890000 7.185627
v -14.148671 1.820000 7.234305
v -14.099998 1.890000 7.191138
v -14.099998 1.820000 7.247347
v -14.079430 1.890000 7.185627
v -14.051325 1.820000 7.234305
v -14.064373 1.890000 7.170570
v -14.015695 1.820000 7.198675
v -14.099998 1.978508 7.150002
v -14.080523 1.973101 7.150002
v -14.083133 1.973101 7.140265
v -14.090261 1.973101 7.133136
v -14.099998 1.973101 7.130527
v -14.109735 1.973101 7.133136
v -14.116863 1.973101 7.140265
v -14.119473 1.973101 7.150002
v -14.116863 1.973101 7.159739
v -14.109735 1.973101 7.166867
v -14.099998 1.973101 7.169476
v -14.090261 1.973101 7.166867
v -14.083133 1.973101 7.159739
v -14.004012 1.200000 7.094584
v -13.989163 1.200000 7.150002
v -14.044580 1.200000 7.054016
v -14.099998 1.200000 7.039166
v -14.155416 1.200000 7.054016
v -14.195984 1.200000 7.094584
v -14.210834 1.200000 7.150002
v -14.195984 1.200000 7.205420
v -14.155416 1.200000 7.245988
v -14.099998 1.200000 7.260837
v -14.044580 1.200000 7.245988
v -14.004012 1.200000 7.205420
v -13.949998 1.733471 7.150002
v -13.970095 1.733471 7.075002
v -14.024998 1.733471 7.020098
v -14.099998 1.733471 7.000002
v -14.174998 1.733471 7.020098
v -14.229902 1.733471 7.075002
v -14.249998 1.733471 7.150002
v -14.229902 1.733471 7.225002
v -14.174998 1.733471 7.279905
v -14.099998 1.733471 7.300002
v -14.024998 1.733471 7.279905
v -13.970095 1.733471 7.225002
v -13.999999 6.635889 2.000000
v -14.499999 6.635889 2.000000
v -13.999999 6.635889 7.500000
v -14.499999 6.635889 7.500000
v -14.113276 6.535889 -0.319023
v -14.000000 6.635889 -0.409511
v -14.000001 6.635889 -11.031533
v -14.113277 6.535889 -11.131534
v -14.386724 6.535889 -11.131534
v -14.500001 6.635889 -11.445391
v -14.500000 6.635889 -0.409511
v -14.386725 6.535889 -0.319022
v -14.500001 6.635889 -8.500000
v -14.000001 6.635889 -8.500000
v -14.500001 6.635889 -3.000000
v -14.000001 6.635889 -3.000000
v -14.113275 6.535889 11.486391
v -13.999999 6.635889 11.386391
v -14.113276 6.535889 -0.499999
v -14.386724 6.535889 -0.500000
v -14.499999 6.635889 11.548850
v -14.386724 6.535889 11.486390
v 14.450001 2.000000 11.516609
v 14.500000 2.100000 11.566609
v 14.500000 1.900000 11.566609
v 14.050000 2.000000 11.116611
v 14.000000 1.900000 11.066610
v 14.000000 2.100000 11.066610
v 14.000000 1.000000 11.066610
v 14.500000 1.000000 11.566609
v 14.500000 3.000000 11.566610
v 14.000000 3.000000 11.066610
v 14.000000 4.500000 11.066610
v 14.000000 -0.500000 11.066610
v 14.500000 4.500000 11.566609
v 14.500000 -0.500000 11.566610
v 14.099999 2.000000 7.500001
v 14.000000 2.100000 7.500001
v 14.000000 1.900000 7.500001
v 14.400000 2.000000 7.500000
v 14.500000 1.900000 7.500000
v 14.500000 2.100000 7.500000
v 14.400000 2.000000 -0.392594
v 14.500000 2.100000 -0.392594
v 14.500000 1.900000 -0.392594
v 14.213613 2.000000 -0.499999
v 14.113595 2.100000 -0.499999
v 14.113630 1.900000 -0.499999
v 14.100000 2.000000 2.000000
v 14.000000 2.100000 2.000000
v 14.000000 1.900000 2.000000
v 14.400000 2.000000 2.000000
v 14.500000 1.900000 2.000000
v 14.500000 2.100000 2.000000
v 14.286388 2.000000 -0.500000
v 14.386406 2.100000 -0.500000
v 14.386371 1.900000 -0.500000
v 14.100000 2.000000 -0.392594
v 14.000000 1.900000 -0.392594
v 14.000000 2.100000 -0.392594
v 14.000000 1.000000 7.500000
v 14.500000 1.000000 7.500000
v 14.000000 1.000000 2.000000
v 14.500000 1.000000 2.000000
v 14.386211 1.000000 -0.500000
v 14.000000 1.000000 -0.392594
v 14.500000 1.000000 -0.392594
v 14.113790 1.000000 -0.499999
v 14.400000 1.000000 2.000000
v 14.400000 1.000000 7.499999
v 14.399999 3.000000 1.999999
v 14.399999 3.000000 7.500000
v 14.400000 1.000000 2.200000
v 14.400000 1.000000 7.300000
v 14.400000 2.800000 2.200000
v 14.400000 2.800000 7.300000
v 14.100000 1.000000 2.000000
v 14.100000 1.000000 7.499999
v 14.099999 3.000000 1.999999
v 14.099999 3.000000 7.500000
v 14.100000 1.000000 2.200000
v 14.100000 1.000000 7.300000
v 14.100000 2.800000 2.200000
v 14.100000 2.800000 7.300000
v 13.999999 3.000000 7.500000
v 14.499999 3.000000 7.500000
v 13.999999 3.000000 2.000000
v 14.499999 3.000000 1.999999
v 14.386563 3.000000 -0.500001
v 14.499999 3.000000 -0.392595
v 14.113435 3.000000 -0.500000
v 13.999999 3.000000 -0.392595
v 14.500000 3.000000 11.566610
v 14.499999 4.500000 7.500000
v 14.000000 -0.500000 7.500000
v 13.999999 4.500000 7.500001
v 14.500000 -0.500000 7.500000
v 14.499999 4.500000 2.000000
v 13.999999 4.500000 2.000000
v 14.500000 -0.500000 1.999999
v 14.000000 -0.500000 2.000000
v 13.999999 4.500000 -0.392594
v 14.113276 4.400000 -0.500000
v 14.113276 -0.400000 -0.500000
v 14.000000 -0.500000 -0.392594
v 14.386724 4.400000 -0.500000
v 14.499999 4.500000 -0.392594
v 14.500000 -0.500000 -0.392594
v 14.386724 -0.400000 -0.500000
v 13.799999 1.000000 7.500000
v 14.700000 1.000000 7.500000
v 13.800000 1.000000 2.000000
v 14.700000 1.000000 2.000000
v 13.849999 1.200000 7.500000
v 13.799999 1.150000 7.500000
v 14.700000 1.150000 7.500000
v 14.650000 1.200000 7.500000
v 14.650000 1.200000 2.000000
v 14.700000 1.150000 2.000000
v 13.800000 1.150000 2.000000
v 13.850000 1.200000 2.000000
v 14.286388 2.000000 -0.285190
v 14.386406 2.100000 -0.285190
v 14.386371 1.900000 -0.285190
v 14.099999 2.000000 -3.000000
v 14.000000 2.100000 -3.000000
v 14.000000 1.900000 -3.000000
v 14.400000 2.000000 -3.000000
v 14.500000 1.900000 -3.000000
v 14.500000 2.100000 -3.000000
v 14.213612 2.000000 -0.285189
v 14.113629 1.900000 -0.285189
v 14.113594 2.100000 -0.285189
v 14.450289 2.000000 -11.374658
v 14.499999 2.100000 -11.444640
v 14.499999 1.900000 -11.444640
v 14.213612 2.000000 -10.900847
v 14.113594 2.100000 -11.354438
v 14.113629 1.900000 -11.354438
v 14.100000 2.000000 -8.500001
v 14.000000 2.100000 -8.500001
v 14.000000 1.900000 -8.500001
v 14.400000 2.000000 -8.500001
v 14.500000 1.900000 -8.500001
v 14.500000 2.100000 -8.500001
v 14.286387 2.000000 -10.900847
v 14.386405 2.100000 -11.354438
v 14.386370 1.900000 -11.354438
v 14.099999 2.000000 -11.254439
v 13.999999 1.900000 -11.254439
v 13.999999 2.100000 -11.254439
v 14.000000 1.000000 -3.000000
v 14.500000 1.000000 -3.000000
v 14.000000 1.000000 -8.500001
v 14.500000 1.000000 -8.500001
v 14.386210 1.000000 -11.354438
v 14.113788 1.000000 -0.285189
v 13.999999 1.000000 -11.254439
v 14.499999 1.000000 -11.444640
v 14.113788 1.000000 -11.354438
v 14.386211 1.000000 -0.285190
v 14.400000 1.000000 -8.500001
v 14.400000 1.000000 -3.000000
v 14.399999 3.000000 -8.499999
v 14.399999 3.000000 -3.000001
v 14.400000 1.200000 -8.300000
v 14.400000 1.200000 -3.200000
v 14.400000 2.800000 -8.300000
v 14.400000 2.800000 -3.200000
v 14.100000 1.000000 -8.500001
v 14.100000 1.000000 -3.000000
v 14.099999 3.000000 -8.499999
v 14.099999 3.000000 -3.000001
v 14.100000 1.200000 -8.300000
v 14.100000 1.200000 -3.200000
v 14.100000 2.800000 -8.300000
v 14.100000 2.800000 -3.200000
v 13.999999 3.000000 -3.000001
v 14.499999 3.000000 -3.000001
v 13.999999 3.000000 -8.499999
v 14.499999 3.000000 -8.499999
v 14.386562 3.000000 -11.354438
v 14.499998 3.000000 -11.444640
v 14.113434 3.000000 -0.285190
v 14.113434 3.000000 -11.354438
v 13.999998 3.000000 -11.254439
v 14.386563 3.000000 -0.285191
v 14.499999 4.500000 -3.000000
v 14.000000 -0.500000 -2.999999
v 13.999999 4.500000 -3.000000
v 14.500000 -0.500000 -3.000000
v 14.499999 4.500000 -8.499999
v 13.999999 4.500000 -8.499999
v 14.500000 -0.500000 -8.500001
v 14.000000 -0.500000 -8.500001
v 14.113275 4.400000 -0.285189
v 14.113276 -0.400000 -0.285189
v 13.999998 4.500000 -11.254439
v 14.113275 4.400000 -11.354438
v 14.113276 -0.400000 -11.354438
v 13.999999 -0.500000 -11.254439
v 14.386722 4.400000 -11.354438
v 14.499998 4.500000 -11.444640
v 14.499999 -0.500000 -11.444640
v 14.386723 -0.400000 -11.354438
v 14.386723 4.400000 -0.285190
v 14.386724 -0.400000 -0.285190
v 14.300000 1.200000 -3.200000
v 14.200000 1.200000 -3.200000
v 14.200000 2.800000 -3.200000
v 14.300000 2.800000 -3.200000
v 14.200000 2.800000 -8.300000
v 14.300000 2.800000 -8.300000
v 14.200000 1.200000 -8.300000
v 14.300000 1.200000 -8.300000
v 14.000000 4.755056 11.066610
v 14.500000 4.755056 11.566609
v 14.499999 4.755056 7.500000
v 13.999999 4.755056 7.500001
v 14.499999 4.755056 2.000000
v 13.999999 4.755056 2.000000
v 13.999999 4.755056 -0.392594
v 14.113276 4.655056 -0.500000
v 14.386724 4.655056 -0.500000
v 14.499999 4.755056 -0.392594
v 14.499999 4.755056 -3.000000
v 13.999999 4.755056 -3.000000
v 14.499999 4.755056 -8.499999
v 13.999999 4.755056 -8.499999
v 14.113275 4.655056 -0.285189
v 13.999998 4.755056 -11.254439
v 14.113275 4.655056 -11.354438
v 14.386722 4.655056 -11.354438
v 14.499998 4.755056 -11.444640
v 14.386723 4.655056 -0.285190
v 14.432872 2.000000 -11.450002
v 14.482873 2.100000 -11.500001
v 14.482873 1.900000 -11.500001
v 14.032874 2.000000 -11.050001
v 13.982873 1.900000 -11.000001
v 13.982873 2.100000 -11.000001
v 13.982873 1.000000 -11.000001
v 14.482873 1.000000 -11.500001
v 14.482873 3.000000 -11.500001
v 13.982873 3.000000 -11.000001
v 13.957019 4.454131 -11.000001
v 13.982873 -0.500000 -11.000001
v 14.456332 4.427963 -11.500001
v 14.482873 -0.500000 -11.500001
v 3.996850 2.000000 -11.099999
v 3.996850 2.100000 -11.000000
v 3.996850 1.900000 -11.000000
v 3.996850 2.000000 -11.400000
v 3.996850 1.900000 -11.500000
v 3.996850 2.100000 -11.500000
v 3.996850 1.000000 -11.000000
v 3.996850 1.000000 -11.500000
v -0.012423 1.000000 -11.000000
v -0.012423 1.000000 -11.500000
v 3.996849 1.000000 -11.400000
v 3.996850 3.000000 -11.399999
v 3.796849 1.000000 -11.400000
v 3.796850 2.800000 -11.400000
v 3.996849 1.000000 -11.100000
v 3.996850 3.000000 -11.099999
v 3.796849 1.000000 -11.100000
v 3.796850 2.800000 -11.100000
v 3.996850 3.000000 -10.999999
v 3.996850 3.000000 -11.499999
v -0.012424 3.000000 -10.999999
v -0.012424 3.000000 -11.499999
v 14.482873 3.000000 -11.500001
v 3.984681 4.976759 -11.499999
v 3.996850 -0.500000 -11.000000
v 3.984682 4.976759 -10.999999
v 3.996850 -0.500000 -11.500000
v -0.019098 5.186588 -11.499999
v -0.019098 5.186588 -10.999999
v -0.012423 -0.500000 -11.500000
v -0.012423 -0.500000 -11.000000
v 3.996850 1.000000 -10.799999
v 3.996850 1.000000 -11.700000
v -0.012423 1.000000 -10.800000
v -0.012423 1.000000 -11.700000
v 3.996850 1.200000 -10.849999
v 3.996850 1.150000 -10.799999
v 3.996850 1.150000 -11.700000
v 3.996850 1.200000 -11.650000
v -0.012423 1.200000 -11.650000
v -0.012423 1.150000 -11.700000
v -0.012423 1.150000 -10.800000
v -0.012423 1.200000 -10.850000
v 13.970367 4.708838 -11.000001
v 14.469681 4.682670 -11.500001
v 3.998030 5.231465 -11.499999
v 3.998030 5.231465 -10.999999
v -0.005750 5.441295 -11.499999
v -0.005750 5.441295 -10.999999
v -14.457719 1.999995 -11.450000
v -14.507720 2.099995 -11.499999
v -14.507720 1.899995 -11.499999
v -14.057721 1.999995 -11.049999
v -14.007720 1.899995 -10.999999
v -14.007720 2.099995 -10.999999
v -14.007720 0.999995 -10.999999
v -14.507720 0.999995 -11.499999
v -14.507720 2.999995 -11.499999
v -14.007720 2.999995 -10.999999
v -13.995216 5.919041 -10.999999
v -14.007720 -0.500005 -10.999999
v -14.494530 5.945209 -11.499999
v -14.507720 -0.500005 -11.499999
v -4.021698 1.999999 -11.099999
v -4.021698 2.099998 -11.000000
v -4.021698 1.899999 -11.000000
v -4.021697 1.999999 -11.400000
v -4.021697 1.899999 -11.500000
v -4.021697 2.099999 -11.500000
v -4.021697 0.999999 -11.000000
v -4.021697 0.999999 -11.500000
v -4.021696 0.999999 -11.400000
v -4.021697 2.999999 -11.399999
v -3.821696 0.999999 -11.400000
v -3.821697 2.799999 -11.400000
v -4.021696 0.999999 -11.100000
v -4.021697 2.999999 -11.099999
v -3.821696 0.999999 -11.100000
v -3.821697 2.799999 -11.100000
v -4.021698 2.999999 -10.999999
v -4.021697 2.999999 -11.499999
v -14.507720 2.999995 -11.499999
v -4.022878 5.396416 -11.499999
v -4.021697 -0.500001 -11.000000
v -4.022878 5.396416 -10.999999
v -4.021696 -0.500001 -11.500000
v -4.021697 0.999999 -10.799999
v -4.021697 0.999999 -11.700000
v -4.021697 1.199999 -10.849999
v -4.021697 1.149999 -10.799999
v -4.021697 1.149999 -11.700000
v -4.021697 1.199999 -11.650000
v -13.981868 6.173747 -10.999999
v -14.481181 6.199915 -11.499999
v -4.009529 5.651122 -11.499999
v -4.009529 5.651123 -10.999999
vn 0.0941 0.2795 0.9555
vn 0.2787 0.2795 0.9188
vn 0.4526 0.2795 0.8468
vn 0.6091 0.2795 0.7422
vn 0.7422 0.2795 0.6091
vn 0.8468 0.2795 0.4526
vn 0.9188 0.2795 0.2787
vn 0.9555 0.2795 0.0941
vn 0.9555 0.2795 -0.0941
vn 0.9188 0.2795 -0.2787
vn 0.8468 0.2795 -0.4526
vn 0.7422 0.2795 -0.6091
vn 0.6091 0.2795 -0.7422
vn 0.4526 0.2795 -0.8468
vn 0.2787 0.2795 -0.9188
vn 0.0941 0.2795 -0.9555
vn -0.0941 0.2795 -0.9555
vn -0.2787 0.2795 -0.9188
vn -0.4526 0.2795 -0.8468
vn -0.6091 0.2795 -0.7422
vn -0.7422 0.2795 -0.6091
vn -0.8468 0.2795 -0.4526
vn -0.9188 0.2795 -0.2787
vn -0.9555 0.2795 -0.0941
vn -0.9555 0.2795 0.0941
vn -0.9188 0.2795 0.2787
vn -0.8468 0.2795 0.4526
vn -0.7422 0.2795 0.6091
vn -0.6091 0.2795 0.7422
vn -0.4526 0.2795 0.8468
vn -0.0000 1.0000 -0.0000
vn -0.2787 0.2795 0.9188
vn -0.0941 0.2795 0.9555
vn -0.0359 0.9971 -0.0672
vn -0.8819 -0.0000 0.4714
vn -0.0589 0.9971 0.0483
vn 0.0672 0.9971 0.0359
vn 0.0221 0.9971 -0.0729
vn -0.0758 0.9971 -0.0075
vn 0.0221 0.9971 0.0729
vn 0.0672 0.9971 -0.0359
vn -0.0483 0.9971 -0.0589
vn -0.0483 0.9971 0.0589
vn 0.0729 0.9971 0.0221
vn 0.0075 0.9971 -0.0758
vn -0.0758 0.9971 0.0075
vn 0.0359 0.9971 0.0672
vn 0.0589 0.9971 -0.0483
vn -0.0589 0.9971 -0.0483
vn -0.0359 0.9971 0.0672
vn 0.0758 0.9971 0.0075
vn -0.0075 0.9971 -0.0758
vn -0.0729 0.9971 0.0221
vn 0.0483 0.9971 0.0589
vn 0.0483 0.9971 -0.0589
vn -0.0672 0.9971 -0.0359
vn -0.0221 0.9971 0.0729
vn 0.0758 0.9971 -0.0075
vn -0.0221 0.9971 -0.0729
vn -0.0672 0.9971 0.0359
vn 0.0589 0.9971 0.0483
vn 0.0359 0.9971 -0.0672
vn -0.0729 0.9971 -0.0221
vn 0.0075 0.9971 0.0758
vn -0.0075 0.9971 0.0758
vn 0.0729 0.9971 -0.0221
vn -0.0000 -1.0000 -0.0000
vn 0.4714 -0.0000 -0.8819
vn 0.0980 -0.0000 0.9952
vn -0.7730 -0.0000 0.6344
vn 0.2903 -0.0000 -0.9569
vn 0.2903 -0.0000 0.9569
vn -0.6344 -0.0000 0.7730
vn 0.0980 -0.0000 -0.9952
vn 0.4714 -0.0000 0.8819
vn -0.4714 -0.0000 0.8819
vn -0.0980 -0.0000 -0.9952
vn 0.6344 -0.0000 0.7730
vn -0.2903 -0.0000 0.9569
vn -0.2903 -0.0000 -0.9569
vn 0.7730 -0.0000 0.6344
vn -0.0980 -0.0000 0.9952
vn -0.4714 -0.0000 -0.8819
vn 0.8819 -0.0000 0.4714
vn -0.6344 -0.0000 -0.7730
vn 0.9569 -0.0000 0.2903
vn -0.7730 -0.0000 -0.6344
vn 0.9952 -0.0000 0.0980
vn -0.8819 -0.0000 -0.4714
vn 0.9952 -0.0000 -0.0980
vn -0.9569 -0.0000 -0.2903
vn 0.9569 -0.0000 -0.2903
vn -0.9952 -0.0000 -0.0980
vn 0.8819 -0.0000 -0.4714
vn -0.9952 -0.0000 0.0980
vn 0.7730 -0.0000 -0.6344
vn -0.9569 -0.0000 0.2903
vn 0.6344 -0.0000 -0.7730
vn -0.3416 0.3416 -0.8756
vn -0.3416 -0.3416 -0.8756
vn 0.3416 -0.3416 -0.8756
vn 0.3416 0.3416 -0.8756
vn 0.3416 0.3416 0.8756
vn 0.3416 -0.3416 0.8756
vn -0.3416 -0.3416 0.8756
vn -0.3416 0.3416 0.8756
vn 0.3416 0.8756 -0.3416
vn 0.8756 0.3416 -0.3416
vn 0.4606 -0.7588 -0.4606
vn 0.7588 -0.4606 -0.4606
vn 0.3416 0.8756 0.3416
vn 0.8756 0.3416 0.3416
vn 0.4606 -0.7588 0.4606
vn 0.8756 -0.3416 0.3416
vn -0.3416 0.8756 -0.3416
vn -0.7588 0.4606 -0.4606
vn -0.4606 -0.7588 -0.4606
vn -0.7588 -0.4606 -0.4606
vn -0.3416 0.8756 0.3416
vn -0.7588 0.4606 0.4606
vn -0.4606 -0.7588 0.4606
vn -0.7588 -0.4606 0.4606
vn -0.8756 0.3416 0.3416
vn -0.8756 -0.3416 0.3416
vn -0.8756 -0.3416 -0.3416
vn -0.8756 0.3416 -0.3416
vn 0.8756 -0.3416 -0.3416
vn 0.4606 0.7588 -0.4606
vn 0.4606 0.7588 0.4606
vn -0.4606 0.7588 -0.4606
vn -0.4606 0.7588 0.4606
vn -0.0000 -0.0000 1.0000
vn -0.5774 0.5773 0.5773
vn -0.5774 -0.5773 0.5773
vn 0.5774 0.5774 0.5773
vn 0.5774 -0.5773 0.5773
vn -0.7071 -0.0000 0.7071
vn 0.7071 -0.0000 0.7071
vn -0.0000 0.7071 0.7071
vn -0.0000 -0.7071 0.7071
vn 0.5774 0.5773 0.5774
vn 0.5774 -0.5773 0.5774
vn -1.0000 -0.0036 -0.0043
vn -1.0000 0.0036 -0.0043
vn -1.0000 0.0069 -0.0027
vn -1.0000 -0.0069 -0.0027
vn -1.0000 0.0018 0.0024
vn -1.0000 0.0075 0.0011
vn -1.0000 -0.0018 0.0024
vn -1.0000 -0.0075 0.0011
vn 1.0000 -0.0000 -0.0000
vn -0.7071 -0.0000 -0.7071
vn -0.7071 -0.7071 -0.0000
vn -0.7071 0.7071 -0.0000
vn 0.6832 -0.0000 0.7303
vn 0.6832 -0.7303 -0.0000
vn 0.6832 0.7303 -0.0000
vn 0.6832 -0.0000 -0.7303
vn -1.0000 -0.0000 -0.0000
vn -0.0000 -0.0000 -1.0000
vn 0.5773 0.5774 -0.5774
vn 0.5773 -0.5774 -0.5774
vn -0.5773 0.5774 -0.5774
vn -0.5773 -0.5774 -0.5774
vn 0.7071 -0.0000 -0.7071
vn -0.0000 0.7071 -0.7071
vn -0.0000 -0.7071 -0.7071
vn -0.3416 0.0215 -0.9396
vn -0.3416 -0.6205 -0.7059
vn 0.3416 -0.6205 -0.7059
vn 0.3416 0.0215 -0.9396
vn 0.4515 0.5501 -0.7026
vn 0.7572 0.2628 -0.5980
vn 0.4515 -0.8730 -0.1846
vn 0.7572 -0.5857 -0.2892
vn -0.4515 0.5501 -0.7026
vn -0.7572 0.2628 -0.5980
vn -0.4515 -0.8730 -0.1846
vn -0.7572 -0.5857 -0.2892
vn 0.7071 0.6645 -0.2419
vn -0.9972 0.0256 0.0703
vn 0.7071 -0.6645 0.2419
vn 0.9972 0.0256 0.0703
vn -0.7071 0.6645 -0.2418
vn -0.0000 -0.9115 0.4113
vn -0.0000 0.9626 -0.2708
vn -0.7071 -0.6645 0.2418
vn -0.3746 -0.8713 0.3171
vn -0.7009 -0.6702 0.2439
vn -0.3907 0.8650 -0.3148
vn -0.0087 0.9397 -0.3420
vn 0.7009 0.6702 -0.2439
vn 1.0000 0.0082 -0.0030
vn 0.9272 -0.3520 0.1281
vn 0.7133 -0.6586 0.2397
vn 0.0087 -0.9397 0.3420
vn -1.0000 -0.0082 0.0030
vn -0.9272 0.3520 -0.1281
vn -0.3522 -0.1827 -0.9179
vn -0.3496 -0.4558 -0.8185
vn -0.1484 0.0122 -0.9889
vn 0.1423 0.0146 -0.9897
vn 0.3496 -0.1769 -0.9200
vn 0.3522 -0.4501 -0.8206
vn 0.1484 -0.6449 -0.7497
vn -0.1423 -0.6473 -0.7488
vn 0.3535 -0.9283 -0.1152
vn 0.8390 -0.4641 -0.2841
vn 0.3536 -0.9283 -0.1152
vn -0.8390 0.1729 -0.5160
vn -0.8329 -0.4778 -0.2791
vn -0.3390 -0.9340 -0.1131
vn -0.3536 0.6371 -0.6849
vn 0.8329 0.1866 -0.5210
vn 0.3390 0.6428 -0.6870
vn -0.0000 -0.9397 0.3420
vn 0.3626 -0.9319 -0.0007
vn -0.3626 -0.9319 -0.0007
vn -0.8755 0.2315 -0.4242
vn -0.3626 0.7134 -0.5996
vn -0.3827 0.8682 -0.3160
vn 0.3626 0.7135 -0.5996
vn -0.0000 0.9397 -0.3420
vn 0.8755 0.2315 -0.4242
vn 0.9239 0.3596 -0.1309
vn 0.8755 -0.4500 -0.1761
vn 0.9239 -0.3596 0.1309
vn 0.7071 -0.6645 0.2418
vn -0.7071 -0.6645 0.2419
vn -0.8755 -0.4500 -0.1761
vn -0.9239 -0.3596 0.1309
vn -0.2177 -0.9096 -0.3538
vn -0.7055 -0.4954 -0.5068
vn -0.7055 0.0537 -0.7067
vn -0.2177 0.4694 -0.8557
vn 0.2177 0.4694 -0.8557
vn 0.7055 0.0538 -0.7067
vn 0.7055 -0.4954 -0.5068
vn 0.2177 -0.9096 -0.3538
vn -0.0000 -0.3420 -0.9397
vn -0.0000 -0.9512 -0.3087
vn 0.9121 -0.1402 -0.3852
vn -0.9121 -0.1402 -0.3852
vn -0.0000 0.5302 -0.8479
vn -0.9239 0.3596 -0.1309
vn -0.3626 0.7135 -0.5996
vn 0.7071 0.6645 -0.2418
vn 0.7055 0.0537 -0.7067
vn 0.9121 -0.1402 -0.3853
vn -0.6926 -0.0175 0.7211
vn -0.6686 -0.0453 0.7422
vn 0.0200 0.9996 0.0200
vn 0.7423 -0.0454 -0.6685
vn 0.7211 -0.0175 -0.6926
vn 0.7691 -0.0834 -0.6336
vn -0.6339 -0.0832 0.7689
vn -0.3068 -0.9010 -0.3068
vn -0.1618 -0.9735 -0.1618
vn 0.7211 -0.0175 0.6926
vn 0.7422 -0.0454 0.6686
vn 0.0200 0.9996 -0.0200
vn -0.6685 -0.0454 -0.7423
vn -0.6926 -0.0176 -0.7211
vn -0.6337 -0.0834 -0.7691
vn 0.7690 -0.0832 0.6338
vn -0.3068 -0.9010 0.3068
vn -0.1618 -0.9735 0.1618
vn 0.6926 -0.0175 -0.7211
vn 0.6686 -0.0453 -0.7422
vn -0.0200 0.9996 -0.0200
vn -0.7423 -0.0454 0.6685
vn -0.7211 -0.0176 0.6926
vn -0.7691 -0.0834 0.6337
vn 0.6339 -0.0832 -0.7690
vn 0.3068 -0.9010 0.3068
vn 0.1618 -0.9735 0.1618
vn -0.7211 -0.0175 -0.6926
vn -0.7422 -0.0453 -0.6686
vn -0.0200 0.9996 0.0200
vn 0.6685 -0.0455 0.7423
vn 0.6926 -0.0176 0.7211
vn 0.6337 -0.0834 0.7691
vn -0.7689 -0.0832 -0.6339
vn 0.3068 -0.9010 -0.3068
vn 0.1618 -0.9735 -0.1618
vn 0.7021 -0.6868 0.1881
vn 0.5139 -0.6868 0.5139
vn 0.5139 -0.6868 -0.5139
vn 0.7021 -0.6868 -0.1881
vn 0.1881 -0.6868 -0.7020
vn -0.1881 -0.6868 -0.7020
vn -0.5139 -0.6868 -0.5139
vn -0.7020 -0.6868 -0.1881
vn -0.7020 -0.6868 0.1881
vn -0.5139 -0.6868 0.5139
vn -0.1881 -0.6868 0.7020
vn 0.1881 -0.6868 0.7020
vn -0.1710 -0.9690 0.1784
vn -0.0690 -0.9690 0.2373
vn -0.0000 -0.9743 0.2251
vn -0.1950 -0.9743 0.1126
vn 0.2401 -0.9690 -0.0589
vn 0.1710 -0.9690 -0.1784
vn 0.1950 -0.9743 -0.1126
vn -0.0690 -0.9690 -0.2373
vn -0.1710 -0.9690 -0.1784
vn -0.1950 -0.9743 -0.1126
vn -0.0000 -0.9743 -0.2251
vn -0.2401 -0.9690 0.0589
vn 0.2401 -0.9690 0.0589
vn 0.1950 -0.9743 0.1126
vn 0.0690 -0.9690 0.2373
vn 0.1710 -0.9690 0.1784
vn 0.0690 -0.9690 -0.2373
vn -0.2401 -0.9690 -0.0589
vn 0.7071 -0.7071 -0.0000
vn 0.0131 -0.0095 0.9999
vn 0.0327 -0.0238 0.9992
vn -0.0011 1.0000 -0.0000
vn 0.0331 -0.0241 -0.9992
vn 0.0132 -0.0096 -0.9999
vn 0.0605 -0.0440 -0.9972
vn 0.0597 -0.0434 0.9973
vn -0.4338 -0.9010 -0.0000
vn -0.2420 -0.9703 -0.0000
vn 0.9999 -0.0095 -0.0131
vn 0.9992 -0.0239 -0.0328
vn -0.0329 -0.9995 -0.0000
vn -0.0000 1.0000 0.0011
vn -0.9992 -0.0240 -0.0330
vn -0.9999 -0.0096 -0.0132
vn -0.9972 -0.0438 -0.0603
vn 0.9973 -0.0436 -0.0599
vn -0.0000 -0.9010 0.4338
vn -0.0000 -0.9703 0.2420
vn -0.0131 -0.0095 -0.9999
vn -0.0328 -0.0238 -0.9992
vn -0.0000 -0.9995 0.0330
vn 0.0011 1.0000 -0.0000
vn -0.0331 -0.0240 0.9992
vn -0.0132 -0.0096 0.9999
vn -0.0604 -0.0439 0.9972
vn -0.0598 -0.0435 -0.9973
vn 0.4338 -0.9010 -0.0000
vn 0.2420 -0.9703 -0.0000
vn -0.9999 -0.0095 0.0131
vn -0.9992 -0.0237 0.0327
vn 0.0329 -0.9995 -0.0000
vn -0.0000 1.0000 -0.0011
vn 0.9992 -0.0241 0.0331
vn 0.9999 -0.0097 0.0132
vn 0.9972 -0.0440 0.0605
vn -0.9973 -0.0434 0.0597
vn -0.0000 -0.9010 -0.4338
vn -0.0000 -0.9703 -0.2420
vn -0.0000 -0.9995 -0.0329
vn 0.3790 -0.9254 -0.0000
vn -0.0000 -0.8000 0.6000
vn -0.3790 -0.9254 -0.0000
vn -0.0000 -0.8000 -0.6000
vn -0.5774 0.5773 0.5774
vn -0.5774 -0.5773 0.5774
vn 0.5774 0.5774 -0.5773
vn 0.5774 -0.5774 -0.5773
vn -0.5774 0.5774 -0.5773
vn -0.5774 -0.5774 -0.5773
vn 0.1423 0.0145 -0.9897
vn -0.3535 0.6371 -0.6849
vn 0.3626 0.7134 -0.5996
vn -0.7055 0.0538 -0.7067
vn -0.9121 -0.1402 -0.3853
vn 0.7020 -0.6868 0.1881
vn 0.7020 -0.6868 -0.1881
vn 0.9992 -0.0238 -0.0328
vn -0.9992 -0.0238 0.0327
vn 0.9999 -0.0096 0.0133
vn -0.0000 -0.8000 -0.6001
vn 0.3390 0.6427 -0.6870
vn -0.6339 -0.0831 0.7689
vn 0.6832 -0.0000 0.7302
vn 0.4515 0.5500 -0.7026
vn -0.7071 0.6645 -0.2419
vn 0.7423 -0.0455 -0.6685
vn 0.7422 -0.0453 0.6686
vn 0.6926 -0.0176 -0.7211
vn -0.2400 -0.9690 0.0589
vn -0.2400 -0.9690 -0.0589
vn 0.9999 -0.0096 0.0132
vn 0.9239 0.3827 -0.0000
vn 0.9239 -0.3827 -0.0000
vn 0.3827 0.9239 -0.0000
vn -0.0000 0.3827 0.9239
vn 0.7588 0.4606 0.4606
vn 0.7588 -0.4606 0.4606
vn 0.4606 0.4606 -0.7588
vn 0.4606 -0.4606 -0.7588
vn -0.0000 0.9239 0.3827
vn -0.0000 0.9239 -0.3827
vn -0.0000 -0.9239 -0.3827
vn -0.0000 -0.9239 0.3827
vn 0.3416 -0.8756 0.3416
vn 0.3416 -0.8756 -0.3416
vn -0.0000 0.3827 -0.9239
vn 0.9574 -0.2042 -0.2042
vn 0.9574 -0.2888 -0.0000
vn -0.4205 -0.6416 -0.6416
vn -0.4204 -0.0000 -0.9073
vn -0.4204 -0.0000 0.9073
vn -0.4205 -0.6416 0.6416
vn -0.4204 0.9073 -0.0000
vn -0.4204 0.6416 0.6416
vn 0.4204 -0.0000 -0.9073
vn 0.4204 0.6416 -0.6416
vn 0.4205 -0.9073 -0.0000
vn 0.4205 -0.6416 -0.6416
vn 0.4204 0.6416 0.6416
vn 0.4204 -0.0000 0.9073
vn 0.4204 -0.6416 0.6416
vn 0.4204 0.9073 -0.0000
vn -0.4205 -0.9073 -0.0000
vn 0.9574 -0.2042 0.2042
vn -0.4204 0.6416 -0.6416
vn 0.9574 0.2042 -0.2042
vn 0.9574 -0.0000 -0.2888
vn 0.9574 0.2042 0.2042
vn 0.9574 0.2888 -0.0000
vn 0.9574 -0.0000 0.2888
vn 0.4204 -0.6416 -0.6416
vn -0.9239 0.3827 -0.0000
vn -0.9239 -0.3827 -0.0000
vn -0.3827 0.9239 -0.0000
vn -0.4606 0.4606 0.7588
vn -0.4606 -0.4606 0.7588
vn -0.3416 -0.8756 -0.3416
vn -0.3416 -0.8756 0.3416
vn -0.9574 -0.2042 0.2042
vn -0.9574 -0.2888 -0.0000
vn 0.4205 -0.6416 0.6416
vn -0.4204 -0.6416 -0.6416
vn -0.9574 -0.2042 -0.2042
vn -0.9574 0.2042 0.2042
vn -0.9574 -0.0000 0.2888
vn -0.9574 0.2042 -0.2042
vn -0.9574 0.2888 -0.0000
vn -0.9574 -0.0000 -0.2888
vn -0.0000 -0.3827 -0.9239
vn -0.3827 -0.9239 -0.0000
vn 0.3827 -0.9239 -0.0000
vn 0.7071 0.7071 -0.0000
vn -0.2042 -0.2042 -0.9574
vn -0.0000 -0.2888 -0.9574
vn -0.6416 -0.6416 0.4205
vn -0.9073 -0.0000 0.4204
vn 0.9073 -0.0000 0.4204
vn 0.6416 -0.6416 0.4205
vn -0.0000 0.9073 0.4204
vn 0.6416 0.6416 0.4204
vn -0.9073 -0.0000 -0.4204
vn -0.6416 0.6416 -0.4204
vn -0.0000 -0.9073 -0.4205
vn -0.6416 -0.6416 -0.4205
vn 0.6416 0.6416 -0.4204
vn 0.9073 -0.0000 -0.4204
vn 0.6416 -0.6416 -0.4204
vn -0.0000 0.9073 -0.4204
vn -0.0000 -0.9073 0.4205
vn 0.2042 -0.2042 -0.9574
vn -0.6416 0.6416 0.4204
vn -0.2042 0.2042 -0.9574
vn -0.2888 -0.0000 -0.9574
vn 0.2042 0.2042 -0.9574
vn -0.0000 0.2888 -0.9574
vn 0.2888 -0.0000 -0.9574
vn -0.9073 -0.0000 0.4205
vn -0.0000 -0.9073 -0.4204
vn -0.4204 -0.6416 0.6416
vn 0.4205 -0.0000 0.9073
vn 0.6416 -0.6416 0.4204
vn -0.5774 -0.5773 -0.5773
vn -0.5774 0.5773 -0.5773
vn 0.5774 -0.5774 0.5773
vn 0.5774 0.5773 -0.5773
vn 0.5774 -0.5773 -0.5773
vn 0.6218 0.5527 0.5548
vn 0.6245 0.5512 0.5534
vn 0.6218 0.5544 0.5532
vn 0.6244 0.5512 0.5534
vn 0.7298 -0.2255 0.6454
vn 0.7067 -0.3317 0.6249
vn 0.6246 -0.5522 0.5522
vn 0.6219 -0.5527 -0.5548
vn 0.6246 -0.5511 -0.5533
vn 0.7042 -0.3319 -0.6276
vn 0.7286 -0.2251 -0.6469
vn 0.6246 0.5510 -0.5533
vn 0.6220 0.5525 -0.5548
vn 0.6247 0.5511 -0.5532
vn 0.0701 0.5066 0.8593
vn 0.0783 0.4799 0.8738
vn 0.0706 0.5055 0.8599
vn 0.0792 0.4779 0.8749
vn 0.0790 -0.4778 0.8749
vn 0.0704 -0.5054 0.8600
vn 0.0783 -0.4799 0.8738
vn 0.0701 -0.5066 0.8593
vn 0.0426 0.4599 -0.8870
vn 0.0381 0.4890 -0.8715
vn 0.0429 0.4579 -0.8880
vn 0.0382 0.4873 -0.8724
vn 0.0382 -0.4873 -0.8724
vn 0.0429 -0.4579 -0.8880
vn 0.0381 -0.4890 -0.8715
vn 0.0426 -0.4599 -0.8870
vn 0.7488 -0.0000 0.6628
vn 0.7555 0.0092 0.6551
vn 0.7606 0.0019 0.6492
vn 0.7543 0.0018 0.6565
vn 0.7597 0.0004 0.6502
vn 0.9632 0.0328 -0.2668
vn 0.9443 0.0067 -0.3289
vn 0.9599 0.0087 -0.2802
vn 0.9334 0.0489 -0.3554
vn 0.7477 -0.0002 -0.6641
vn 0.7481 -0.0001 -0.6636
vn 0.9639 -0.0179 -0.2657
vn 0.9454 -0.0201 -0.3252
vn 0.0093 0.0062 -0.9999
vn 0.0063 0.0042 -1.0000
vn 0.7488 -0.0000 -0.6628
vn 0.7488 -0.0017 -0.6628
vn 0.0191 0.0127 -0.9997
vn 0.7578 -0.6252 -0.1866
vn 0.9328 0.1389 0.3325
vn 0.9391 0.0467 -0.3405
vn 0.7577 0.0053 -0.6526
vn 0.0017 1.0000 -0.0034
vn 0.0009 1.0000 -0.0018
vn 0.0008 1.0000 -0.0017
vn -0.9382 0.3458 -0.0117
vn -0.7395 -0.6391 -0.2115
vn -0.7396 -0.0059 -0.6730
vn -0.9329 -0.3514 0.0788
vn 0.7006 -0.7135 0.0020
vn 0.7006 -0.7136 -0.0003
vn 0.7006 -0.7123 0.0430
vn 0.7007 -0.7058 0.1047
vn 0.7486 -0.0001 0.6630
vn 0.7486 -0.0000 0.6630
vn 0.7606 0.0497 0.6473
vn 0.7563 0.0884 0.6482
vn -0.7322 -0.2259 -0.6425
vn -0.7505 0.0001 -0.6609
vn -0.7501 0.0001 -0.6613
vn -0.7106 -0.3321 -0.6203
vn -0.7486 -0.0000 0.6630
vn -0.7490 -0.0000 0.6626
vn -0.7486 -0.0020 0.6630
vn 0.9358 0.3525 0.0019
vn 0.7524 -0.6315 0.1874
vn 0.7566 -0.0015 0.6539
vn 0.9349 -0.3418 -0.0953
vn -0.7307 -0.2257 0.6443
vn -0.7077 -0.3325 0.6234
vn -0.6291 -0.5523 -0.5470
vn -0.6265 -0.5539 -0.5484
vn -0.6289 0.5524 0.5471
vn -0.7336 0.2315 0.6389
vn -0.7109 0.3372 0.6172
vn -0.6263 0.5540 0.5485
vn -0.7488 -0.0001 -0.6628
vn -0.7488 -0.0000 -0.6628
vn -0.7535 0.0001 -0.6574
vn -0.7338 0.2258 -0.6407
vn -0.7112 0.3323 -0.6195
vn -0.7535 0.0019 -0.6574
vn -0.6291 0.5523 -0.5470
vn -0.6265 0.5537 -0.5485
vn -0.6260 -0.5528 0.5499
vn -0.6260 -0.5529 0.5499
vn -0.7533 0.0114 0.6576
vn -1.0000 0.0001 -0.0007
vn -1.0000 0.0001 -0.0006
vn -0.7111 -0.7030 -0.0003
vn -0.7111 -0.7030 0.0072
vn -0.7111 -0.7030 0.0044
vn -0.6449 0.5489 0.5318
vn -0.6263 0.5597 0.5426
vn -0.6449 0.5498 0.5309
vn -0.6264 0.5597 0.5426
vn -0.7298 -0.2255 0.6454
vn -0.6245 -0.5523 0.5522
vn -0.7067 -0.3318 0.6249
vn -0.6248 -0.5522 -0.5520
vn -0.7430 -0.2256 -0.6301
vn -0.7120 -0.3327 -0.6184
vn -0.6266 0.5594 -0.5426
vn -0.6451 0.5488 -0.5317
vn -0.6266 0.5596 -0.5425
vn -0.6451 0.5495 -0.5309
vn -0.0705 0.5067 0.8592
vn -0.0794 0.4779 0.8748
vn -0.0708 0.5055 0.8599
vn -0.0788 0.4800 0.8737
vn -0.0796 -0.4779 0.8748
vn -0.0705 -0.5067 0.8592
vn -0.0788 -0.4800 0.8737
vn -0.0710 -0.5056 0.8599
vn -0.0427 0.4599 -0.8869
vn -0.0383 0.4873 -0.8724
vn -0.0430 0.4579 -0.8880
vn -0.0382 0.4890 -0.8714
vn -0.0383 -0.4873 -0.8724
vn -0.0427 -0.4599 -0.8869
vn -0.0382 -0.4890 -0.8714
vn -0.0430 -0.4579 -0.8880
vn -0.7488 -0.0000 0.6628
vn -0.7760 0.0086 0.6307
vn -0.7741 -0.0001 0.6331
vn -0.7760 -0.0004 0.6308
vn -0.7734 -0.0007 0.6339
vn -0.9695 0.0298 -0.2432
vn -0.9439 0.0453 -0.3270
vn -0.9666 0.0082 -0.2562
vn -0.9535 0.0061 -0.3014
vn -0.7615 -0.0005 -0.6482
vn -0.7669 -0.0004 -0.6418
vn -0.9701 -0.0160 -0.2423
vn -0.9542 -0.0183 -0.2985
vn -0.0063 0.0042 -1.0000
vn -0.0093 0.0062 -0.9999
vn -0.7674 0.0014 -0.6411
vn -0.7619 0.0006 -0.6477
vn -0.0191 0.0127 -0.9997
vn -0.0017 1.0000 -0.0034
vn -0.0008 1.0000 -0.0017
vn -0.7393 -0.6393 0.2117
vn -0.9383 0.1242 -0.3229
vn -0.9319 0.0322 0.3612
vn -0.7394 -0.0058 0.6732
vn -0.7431 -0.6692 0.0009
vn -0.7428 -0.6615 0.1036
vn -0.7430 -0.6679 0.0429
vn -0.7431 -0.6692 -0.0003
vn -0.7485 -0.0010 0.6631
vn -0.7485 -0.0001 0.6631
vn -0.7739 0.0516 0.6312
vn -0.7757 0.0886 0.6249
vn 0.7175 -0.2254 -0.6591
vn 0.7028 -0.3314 -0.6295
vn 0.7305 0.0004 -0.6829
vn 0.7365 0.0004 -0.6765
vn 0.7485 -0.0000 0.6631
vn 0.7485 -0.0010 0.6631
vn 0.7489 -0.0001 0.6626
vn 0.7489 -0.0000 0.6626
vn 0.7077 -0.3324 0.6234
vn 0.7306 -0.2257 0.6444
vn 0.6263 -0.5528 -0.5498
vn 0.6262 -0.5528 -0.5497
vn 0.6051 0.5562 0.5696
vn 0.6242 0.5456 0.5592
vn 0.6829 0.3382 0.6475
vn 0.7071 0.2297 0.6688
vn 0.7353 -0.0023 -0.6777
vn 0.7293 -0.0015 -0.6842
vn 0.7171 0.0001 -0.6970
vn 0.7171 0.0010 -0.6970
vn 0.6829 0.3330 -0.6502
vn 0.7071 0.2244 -0.6706
vn 0.6244 0.5455 -0.5590
vn 0.6053 0.5561 -0.5695
vn 0.6260 -0.5529 0.5499
vn 0.7169 0.0112 0.6971
vn 1.0000 -0.0006 0.0049
vn 1.0000 -0.0006 0.0054
vn 1.0000 -0.0009 0.0080
vn 0.6668 -0.7453 -0.0003
vn 0.6667 -0.7453 0.0045
vn 0.6667 -0.7452 0.0083
vn -0.0521 -0.9986 -0.0001
vn -0.0308 -0.9995 -0.0000
vn -0.0520 -0.9986 -0.0002
vn -0.0089 -1.0000 -0.0000
vn 0.7379 0.6749 -0.0001
vn 0.7379 0.6749 -0.0000
vn 0.7379 0.6749 -0.0012
vn -0.6727 0.7399 0.0010
vn -0.6727 0.7399 -0.0000
vn -0.6727 0.7399 -0.0001
vn -0.6728 0.7399 0.0001
vn -0.0523 -0.9986 -0.0000
vn -0.0287 -0.9996 -0.0000
vn -0.0052 -1.0000 -0.0000
vn -0.6914 0.7225 -0.0001
vn -0.6914 0.7225 -0.0000
vn -0.6914 0.7225 -0.0009
vn -0.6914 0.7224 0.0011
vn 0.7204 0.6936 0.0007
vn 0.7204 0.6935 -0.0010
vn 0.7204 0.6936 -0.0002
vn 0.7204 0.6936 -0.0001
vn -0.7073 -0.0374 0.7059
vn 0.7526 -0.6313 -0.1874
vn 0.9340 0.1307 0.3326
vn 0.9394 0.0387 -0.3407
vn 0.7568 -0.0016 -0.6536
vn -0.9353 0.3537 -0.0114
vn -0.7447 -0.6332 -0.2108
vn -0.7406 0.0010 -0.6720
vn -0.9361 -0.3427 0.0789
vn 0.7072 -0.0081 0.7069
vn 0.9329 0.3603 0.0011
vn 0.9381 -0.3332 -0.0948
vn 0.7576 -0.6255 0.1865
vn 0.7575 0.0052 0.6528
vn -0.9371 0.1321 -0.3231
vn -0.9316 0.0412 0.3611
vn -0.7445 -0.6334 0.2108
vn -0.7404 0.0009 0.6722
vn 1.0000 -0.0010 -0.0000
vn 1.0000 -0.0005 -0.0000
vn -1.0000 -0.0026 -0.0000
vn 0.7321 0.2253 -0.6429
vn 0.7438 -0.0008 -0.6684
vn 0.7439 -0.0008 -0.6683
vn 0.7092 0.3317 -0.6221
vn -0.7326 0.2255 0.6422
vn -0.7591 -0.0012 0.6510
vn -0.7596 -0.0012 0.6504
vn -0.7101 0.3322 0.6208
vn 0.7279 -0.0011 0.6857
vn 0.7349 -0.0016 0.6781
vn -0.7670 -0.0023 -0.6416
vn -0.7589 -0.0011 -0.6512
vn -0.7590 -0.0011 -0.6511
vn -0.7671 -0.0022 -0.6415
vn -0.0445 -0.9990 -0.0000
vn -0.0429 -0.9991 -0.0000
vn 0.0014 1.0000 -0.0029
vn -0.0012 -0.0005 -1.0000
vn -0.0194 -0.9998 -0.0000
vn -0.0156 -0.9999 -0.0000
vn -0.8670 -0.4983 -0.0000
vn -0.0017 1.0000 -0.0033
vn 0.6821 0.7313 -0.0031
vn 0.6821 0.7312 -0.0031
vn 0.6277 0.5519 -0.5490
vn -0.7321 0.2253 -0.6429
vn -0.7092 0.3317 -0.6221
vn -0.6283 0.5527 0.5474
vn 0.7274 0.2238 0.6487
vn 0.7059 0.3309 0.6262
vn 0.6277 0.5519 0.5490
vn -0.6283 -0.5527 -0.5475
vn -0.7352 -0.2259 -0.6391
vn -0.7116 -0.3324 -0.6190
vn 0.6233 -0.5460 0.5597
vn 0.7199 -0.2210 0.6579
vn 0.6994 -0.3274 0.6354
vn 0.6233 -0.5460 0.5598
vn -0.7669 -0.0023 0.6417
vn -0.7670 -0.0023 0.6417
vn -0.7528 -0.0001 0.6582
vn -0.7335 -0.2258 0.6411
vn -0.7105 -0.3323 0.6203
vn -0.7529 -0.0001 0.6582
vn -0.6283 -0.5527 0.5475
vn -0.6283 -0.5527 0.5476
vn -0.6277 0.5519 -0.5490
vn 0.7367 -0.0018 -0.6762
vn 0.7217 -0.2211 -0.6559
vn 0.6233 -0.5461 -0.5597
vn 0.6233 -0.5460 -0.5598
vn 0.7006 -0.3275 -0.6339
vn 0.7328 -0.0001 0.6804
vn 0.7361 -0.0004 -0.6769
vn -0.7560 -0.0004 -0.6546
vn -1.0000 -0.0052 -0.0000
vn 0.4153 -0.9097 -0.0000
vn 0.4154 -0.9097 -0.0000
vn -0.7038 0.7104 -0.0031
vn -0.7038 0.7103 -0.0030
vn 0.0011 -0.0005 -1.0000
vn 0.7927 -0.0352 0.6087
vn 0.7929 -0.0349 0.6084
vn 0.7927 -0.0353 0.6087
vn 0.7928 -0.0357 0.6084
vn 0.7931 -0.0352 0.6080
vn 0.7931 -0.0353 0.6080
vn 0.6084 -0.0352 -0.7929
vn -0.7929 -0.0352 -0.6084
vn -0.6045 0.1191 0.7877
vn -0.6044 0.1190 0.7877
vn -0.6044 0.1191 0.7877
vn 0.6044 0.1191 -0.7877
vn -0.7877 0.1191 -0.6044
vn 0.7877 0.1191 0.6045
vn 0.7877 0.1190 0.6044
vn 0.7877 0.1191 0.6044
vn -0.6087 -0.0352 0.7927
vn -0.6084 -0.0349 0.7929
vn -0.6087 -0.0353 0.7927
vn -0.6084 -0.0352 0.7929
vn -0.6084 -0.0352 0.7928
vn 0.6087 -0.0352 -0.7927
vn 0.6084 -0.0349 -0.7929
vn 0.6087 -0.0353 -0.7927
vn 0.6084 -0.0352 -0.7928
vn -0.5608 0.3892 0.7308
vn 0.5989 -0.1797 -0.7804
vn 0.5989 -0.1798 -0.7804
vn 0.5988 -0.1797 -0.7805
vn 0.7886 -0.0017 0.6150
vn 0.7888 -0.0020 0.6147
vn 0.7885 -0.0018 0.6150
vn 0.7882 -0.0019 0.6155
vn 0.7889 -0.0017 0.6145
vn 0.7886 -0.0024 0.6149
vn 0.1601 -0.9646 -0.2094
vn 0.1602 -0.9648 -0.2088
vn 0.1601 -0.9646 -0.2095
vn 0.1605 -0.9646 -0.2092
vn 0.1605 -0.9646 -0.2091
vn -0.7981 -0.0021 -0.6026
vn -0.7978 -0.0018 -0.6029
vn -0.7981 -0.0023 -0.6026
vn -0.7985 -0.0019 -0.6020
vn -0.1460 0.9708 0.1902
vn 0.1936 -0.9481 -0.2523
vn 0.1933 -0.9483 -0.2518
vn 0.1931 -0.9481 -0.2527
vn 0.1931 -0.9481 -0.2526
vn 0.5884 0.2563 -0.7668
vn -0.7810 0.0050 -0.6245
vn -0.7807 0.0047 -0.6248
vn -0.7812 0.0046 -0.6243
vn -0.7812 0.0052 -0.6243
vn 0.8053 0.0047 0.5928
vn 0.8053 0.0046 0.5928
vn 0.8053 0.0047 0.5929
vn 0.8050 0.0052 0.5933
vn 0.8054 0.0048 0.5927
vn 0.8052 0.0048 0.5929
vn -0.1793 0.9557 0.2336
vn -0.1792 0.9557 0.2336
vn 0.7814 0.0036 0.6240
vn 0.7814 0.0035 0.6241
vn 0.7814 0.0035 0.6240
vn 0.7815 0.0030 0.6239
vn 0.7811 0.0029 0.6244
vn 0.7813 0.0033 0.6241
vn -0.0821 -0.9904 0.1112
vn -0.0821 -0.9904 0.1116
vn -0.0816 -0.9904 0.1116
vn -0.0818 -0.9904 0.1113
vn -0.0818 -0.9904 0.1114
vn -0.0819 -0.9904 0.1114
vn -0.7913 -0.0021 -0.6114
vn -0.7910 -0.0028 -0.6118
vn -0.7917 -0.0027 -0.6109
vn -0.7910 -0.0024 -0.6118
vn -0.7914 -0.0026 -0.6113
vn -0.7917 -0.0022 -0.6109
vn 0.0969 0.9867 -0.1305
vn -0.0466 -0.9967 0.0671
vn -0.0467 -0.9967 0.0667
vn -0.0467 -0.9967 0.0672
vn -0.0469 -0.9967 0.0669
vn -0.0470 -0.9967 0.0669
vn -0.0469 -0.9967 0.0670
vn 0.6170 -0.0497 -0.7854
vn -0.7736 -0.0035 -0.6337
vn -0.7735 -0.0041 -0.6338
vn 0.7989 0.0018 0.6015
vn 0.7988 0.0018 0.6016
vn 0.7988 0.0017 0.6015
vn 0.7989 0.0021 0.6015
vn 0.7989 0.0021 0.6014
vn 0.7989 0.0020 0.6014
vn 0.0622 0.9943 -0.0863
vn -0.6170 0.0497 0.7854
vn -0.5884 -0.2563 0.7668
vn -0.1608 -0.0352 0.9864
vn -0.1608 -0.0353 0.9864
vn -0.1607 -0.0352 0.9864
vn 0.9864 -0.0352 0.1607
vn 0.9864 -0.0352 0.1608
vn 0.1607 -0.0352 -0.9864
vn -0.9799 0.1192 -0.1600
vn -0.9799 0.1194 -0.1597
vn -0.9800 0.1190 -0.1594
vn -0.9800 0.1191 -0.1594
vn 0.9800 0.1191 0.1597
vn 0.1597 0.1191 -0.9800
vn -0.1597 0.1191 0.9799
vn -0.1597 0.1191 0.9800
vn -0.1598 0.1191 0.9799
vn -0.1597 0.1194 0.9799
vn -0.1594 0.1191 0.9800
vn -0.1600 0.1192 0.9799
vn -0.9863 -0.0352 -0.1611
vn -0.9864 -0.0349 -0.1607
vn -0.9863 -0.0353 -0.1611
vn -0.1608 -0.0357 0.9863
vn -0.1603 -0.0352 0.9864
vn -0.1603 -0.0353 0.9864
vn 0.9864 -0.0353 0.1607
vn 0.9864 -0.0346 0.1608
vn 0.9865 -0.0353 0.1601
vn 0.9863 -0.0352 0.1614
vn -0.9091 0.3892 -0.1482
vn 0.9709 -0.1799 0.1578
vn 0.9708 -0.1802 0.1582
vn 0.9710 -0.1797 0.1578
vn 0.9710 -0.1794 0.1582
vn 0.9708 -0.1798 0.1586
vn 0.9709 -0.1795 0.1585
vn -0.1600 0.1193 0.9799
vn -0.1594 0.1189 0.9800
vn -0.1597 0.1190 0.9800
vn -0.9864 -0.0352 -0.1607
vn -0.1686 -0.0017 0.9857
vn -0.1682 -0.0020 0.9857
vn -0.1687 -0.0018 0.9857
vn -0.1689 -0.0019 0.9856
vn -0.1681 -0.0017 0.9858
vn -0.1686 -0.0022 0.9857
vn 0.2602 -0.9646 0.0425
vn 0.2602 -0.9646 0.0424
vn 0.2597 -0.9648 0.0423
vn 0.2601 -0.9646 0.0429
vn 0.2603 -0.9646 0.0419
vn 0.1532 -0.0021 -0.9882
vn 0.1536 -0.0017 -0.9881
vn 0.1532 -0.0023 -0.9882
vn 0.1526 -0.0019 -0.9883
vn -0.2367 0.9708 -0.0386
vn 0.3139 -0.9481 0.0512
vn 0.3138 -0.9481 0.0511
vn 0.3139 -0.9481 0.0511
vn 0.9540 0.2563 0.1555
vn 0.1806 0.0047 -0.9835
vn 0.1803 0.0052 -0.9836
vn -0.1412 0.0047 0.9900
vn -0.1411 0.0046 0.9900
vn -0.1409 0.0053 0.9900
vn -0.1413 0.0056 0.9899
vn -0.1412 0.0056 0.9900
vn -0.2906 0.9557 -0.0474
vn -0.1799 0.0036 0.9837
vn -0.1800 0.0035 0.9837
vn -0.1795 0.0030 0.9838
vn -0.1807 0.0029 0.9835
vn -0.1801 0.0036 0.9836
vn -0.1368 -0.9904 -0.0194
vn -0.1369 -0.9904 -0.0194
vn -0.1369 -0.9904 -0.0193
vn -0.1365 -0.9904 -0.0194
vn -0.1369 -0.9904 -0.0191
vn 0.1641 -0.0027 -0.9864
vn 0.1646 -0.0024 -0.9864
vn 0.1640 -0.0029 -0.9865
vn 0.1636 -0.0022 -0.9865
vn 0.1608 0.9867 0.0236
vn -0.0812 -0.9967 -0.0093
vn -0.0815 -0.9966 -0.0097
vn -0.0812 -0.9966 -0.0097
vn -0.0812 -0.9967 -0.0096
vn 0.9839 -0.0497 0.1719
vn 0.1922 -0.0035 -0.9814
vn 0.1923 -0.0041 -0.9813
vn -0.1517 0.0022 0.9884
vn -0.1514 0.0018 0.9885
vn -0.1519 0.0013 0.9884
vn -0.1517 0.0021 0.9884
vn -0.1518 0.0021 0.9884
vn 0.1055 0.9943 0.0139
vn -0.9839 0.0497 -0.1719
vn -0.9540 -0.2563 -0.1555
vn -0.9653 -0.0352 0.2587
vn -0.9653 -0.0353 0.2587
vn -0.9653 -0.0352 0.2588
vn 0.2587 -0.0352 0.9653
vn 0.9653 -0.0352 -0.2587
vn -0.2566 0.1193 -0.9591
vn -0.2570 0.1196 -0.9590
vn -0.2575 0.1190 -0.9589
vn -0.2575 0.1191 -0.9589
vn 0.2571 0.1191 0.9590
vn 0.9590 0.1191 -0.2571
vn -0.9590 0.1189 0.2573
vn -0.9591 0.1187 0.2570
vn -0.9591 0.1192 0.2567
vn -0.9590 0.1191 0.2571
vn -0.9590 0.1191 0.2570
vn -0.2588 -0.0352 -0.9653
vn -0.2587 -0.0353 -0.9653
vn -0.2587 -0.0352 -0.9653
vn 0.2588 -0.0352 0.9653
vn 0.2587 -0.0353 0.9653
vn -0.2385 0.3892 -0.8897
vn 0.2550 -0.1799 0.9501
vn 0.2547 -0.1800 0.9501
vn 0.2544 -0.1796 0.9503
vn 0.2547 -0.1797 0.9502
vn 0.2546 -0.1797 0.9502
vn -0.9591 0.1193 0.2568
vn -0.9591 0.1192 0.2568
vn -0.9679 -0.0016 0.2513
vn -0.9678 -0.0020 0.2518
vn -0.9679 -0.0016 0.2512
vn -0.9681 -0.0019 0.2506
vn -0.9677 -0.0017 0.2520
vn -0.9679 -0.0026 0.2514
vn 0.0678 -0.9646 0.2548
vn 0.0684 -0.9645 0.2551
vn 0.0683 -0.9646 0.2547
vn 0.0682 -0.9646 0.2547
vn 0.0683 -0.9646 0.2546
vn 0.9639 -0.0021 -0.2664
vn 0.9640 -0.0017 -0.2659
vn 0.9639 -0.0024 -0.2664
vn 0.9637 -0.0019 -0.2671
vn -0.0621 0.9708 -0.2316
vn 0.0823 -0.9481 0.3072
vn 0.0823 -0.9481 0.3071
vn 0.0824 -0.9481 0.3072
vn 0.2502 0.2563 0.9336
vn 0.9709 0.0047 -0.2394
vn 0.9708 0.0052 -0.2398
vn -0.9606 0.0043 0.2780
vn -0.9606 0.0046 0.2778
vn -0.9605 0.0043 0.2782
vn -0.9606 0.0052 0.2777
vn -0.9605 0.0050 0.2782
vn -0.9606 0.0049 0.2780
vn -0.0762 0.9557 -0.2844
vn -0.9707 0.0038 0.2402
vn -0.9707 0.0035 0.2404
vn -0.9707 0.0032 0.2401
vn -0.9707 0.0030 0.2403
vn -0.9708 0.0029 0.2397
vn -0.9708 0.0035 0.2400
vn -0.0386 -0.9904 -0.1327
vn -0.0386 -0.9904 -0.1328
vn -0.0385 -0.9904 -0.1327
vn 0.9668 -0.0021 -0.2557
vn 0.9669 -0.0028 -0.2553
vn 0.9667 -0.0027 -0.2561
vn 0.9669 -0.0024 -0.2552
vn 0.9667 -0.0030 -0.2558
vn 0.9666 -0.0022 -0.2563
vn 0.0446 0.9867 0.1563
vn -0.0242 -0.9967 -0.0781
vn -0.0246 -0.9966 -0.0783
vn -0.0249 -0.9967 -0.0779
vn 0.2476 -0.0497 0.9676
vn 0.9737 -0.0035 -0.2280
vn 0.9737 -0.0041 -0.2279
vn -0.9636 0.0013 0.2675
vn -0.9636 0.0018 0.2672
vn -0.9635 0.0022 0.2677
vn -0.9634 0.0021 0.2681
vn -0.9635 0.0018 0.2678
vn -0.9635 0.0024 0.2679
vn 0.0307 0.9943 0.1019
vn -0.2476 0.0497 -0.9676
vn -0.2502 -0.2563 -0.9336
vn -0.2503 -0.2563 -0.9336
vn -0.4020 -0.0000 -0.9156
vn -0.5050 -0.5050 -0.7000
vn -0.5799 0.2002 -0.7897
vn -0.5636 0.3070 -0.7669
vn -0.5051 0.5051 -0.6999
vn -0.5050 0.5051 -0.6999
vn 0.5051 0.5051 -0.6999
vn 0.5050 0.5051 -0.6999
vn 0.5636 0.3070 -0.7669
vn 0.5798 0.2002 -0.7897
vn 0.5050 -0.5050 -0.6999
vn 0.5050 -0.5050 -0.7000
vn 0.7307 -0.6121 -0.3023
vn 0.9118 0.2246 -0.3437
vn 0.7307 0.6122 -0.3022
vn 0.8750 0.3468 -0.3380
vn 0.5513 -0.5513 -0.6262
vn 0.6440 -0.2250 -0.7312
vn 0.6236 -0.3310 -0.7082
vn 0.5513 0.5512 -0.6263
vn -0.5845 -0.0000 -0.8114
vn -0.5844 -0.0000 -0.8115
vn -0.5838 -0.0000 -0.8119
vn -0.5835 0.0001 -0.8121
vn -0.5835 -0.0000 -0.8121
vn 0.5835 0.0001 -0.8121
vn 0.5838 -0.0000 -0.8119
vn 0.9405 0.0001 -0.3399
vn 0.6604 -0.0001 -0.7509
vn 0.6607 -0.0000 -0.7507
vn 0.9403 -0.0000 -0.3404
vn 0.9402 0.0001 -0.3406
vn 0.6613 -0.0000 -0.7501
vn 0.5844 -0.0000 -0.8114
vn 0.5845 -0.0000 -0.8114
vn 0.5841 -0.0001 -0.8117
vn 0.5842 -0.0001 -0.8116
vn 0.6610 0.0001 -0.7504
vn 0.5847 -0.0000 -0.8112
vn 0.5848 -0.0000 -0.8112
vn 0.6616 -0.0000 -0.7499
vn -0.2666 -0.0142 0.9637
vn -0.3744 0.0190 0.9271
vn -0.6016 -0.0404 0.7978
vn -0.6418 -0.0431 0.7657
vn -0.2506 0.0215 -0.9679
vn -0.6140 -0.0477 -0.7879
vn -0.5850 -0.0000 -0.8111
vn -0.3874 -0.0209 -0.9217
vn -0.0000 0.6332 -0.7740
vn 0.9405 0.0001 -0.3397
vn 0.9404 -0.0002 -0.3401
vn -0.5847 -0.0000 -0.8113
vn -0.5847 -0.0000 -0.8112
vn -0.5841 -0.0001 -0.8117
vn -0.5842 -0.0001 -0.8116
vn 0.3433 0.6860 -0.6415
vn 0.1747 0.2254 0.9585
vn 0.3958 -0.0691 0.9158
vn 0.3072 -0.1350 0.9420
vn 0.1747 -0.2254 0.9585
vn 0.5513 -0.5513 0.6262
vn 0.6236 -0.3310 0.7082
vn 0.6440 -0.2250 0.7312
vn 0.5513 0.5512 0.6263
vn -0.5119 -0.5699 0.6428
vn -0.5444 -0.4863 0.6835
vn -0.5443 -0.4863 0.6835
vn -0.6432 0.2270 0.7313
vn -0.5119 0.5700 0.6427
vn -0.5444 0.4864 0.6834
vn -0.6235 0.3313 0.7082
vn 0.5119 0.5700 0.6427
vn 0.6431 0.2270 0.7313
vn 0.6235 0.3313 0.7082
vn 0.5444 0.4864 0.6834
vn 0.5443 -0.4863 0.6835
vn 0.5119 -0.5699 0.6428
vn 0.4823 -0.0000 0.8760
vn 0.4817 -0.0000 0.8763
vn 0.4814 -0.0000 0.8765
vn 0.6604 -0.0001 0.7509
vn 0.6607 -0.0000 0.7507
vn -0.6613 0.0001 0.7501
vn -0.6613 -0.0000 0.7501
vn 0.6219 -0.0491 0.7815
vn 0.6219 0.0492 0.7815
vn -0.6607 -0.0000 0.7507
vn -0.6219 0.0492 0.7815
vn -0.6219 -0.0491 0.7815
vn 0.6613 -0.0000 0.7502
vn 0.6613 0.0001 0.7502
vn 0.6613 -0.0000 0.7501
vn 0.6610 0.0001 0.7504
vn 0.6444 -0.0406 0.7636
vn 0.6007 0.0403 0.7984
vn 0.6616 -0.0000 0.7499
vn 0.6013 -0.0404 0.7980
vn 0.6449 0.0405 0.7632
vn 0.2719 -0.0000 -0.9623
vn 0.4086 -0.0000 -0.9127
vn 0.6223 -0.0000 -0.7828
vn 0.5146 -0.0000 -0.8574
vn 0.6618 -0.0000 -0.7497
vn 0.0382 -0.6939 0.7190
vn -0.0382 -0.6939 0.7191
vn 0.0382 -0.6464 0.7621
vn -0.0382 -0.6463 0.7621
vn -0.6376 -0.0000 0.7703
vn 0.2022 -0.1807 0.9625
vn -0.6449 0.0405 0.7632
vn -0.6013 -0.0404 0.7980
vn -0.6007 0.0403 0.7984
vn -0.6443 -0.0405 0.7637
vn 0.4826 -0.0000 0.8758
vn 0.4821 -0.0001 0.8761
vn -0.0382 0.6463 0.7621
vn 0.0382 0.6464 0.7621
vn -0.0382 0.6939 0.7191
vn 0.0382 0.6939 0.7190
vn -0.0000 -0.8756 0.4831
vn 0.4831 -0.8756 -0.0000
vn -0.0000 -0.8756 -0.4831
vn -0.4831 -0.8756 -0.0000
vn 0.5367 -0.1195 0.8353
vn 0.8353 -0.1195 0.5367
vn 0.8607 -0.3416 0.3776
vn 0.3776 -0.3416 0.8607
vn -0.3103 -0.2436 -0.9189
vn -0.3827 -0.0000 -0.9239
vn -0.9239 -0.0000 -0.3827
vn -0.9189 -0.2436 -0.3103
vn -0.5367 -0.1196 -0.8353
vn -0.8353 -0.1195 -0.5367
vn -0.8607 -0.3416 -0.3776
vn -0.3776 -0.3416 -0.8607
vn -0.5682 -0.5952 0.5682
vn 0.3103 -0.2436 0.9189
vn 0.3827 -0.0000 0.9239
vn 0.9239 -0.0000 0.3827
vn 0.9189 -0.2436 0.3103
vn -0.3638 -0.8575 0.3638
vn -0.7041 -0.6743 0.2228
vn -0.2228 -0.6743 0.7041
vn -0.0206 -0.5344 0.8450
vn 0.3638 -0.8575 -0.3638
vn 0.7041 -0.6743 -0.2228
vn 0.2228 -0.6743 -0.7041
vn 0.3827 -0.0000 -0.9239
vn 0.4066 -0.2151 -0.8879
vn 0.8879 -0.2151 -0.4066
vn -0.4066 -0.2151 0.8879
vn -0.8879 -0.2151 0.4066
vn 0.2109 -0.4606 -0.8622
vn -0.8622 -0.4606 0.2109
vn 0.8622 -0.4606 -0.2109
vn -0.2109 -0.4606 0.8622
vn -0.1295 -0.3234 -0.9373
vn -0.9373 -0.3234 -0.1295
vn 0.9373 -0.3234 0.1295
vn 0.9997 -0.0000 0.0256
vn -0.0256 -0.0000 -0.9997
vn 0.5682 -0.5952 -0.5682
vn 0.5682 0.5952 -0.5682
vn 0.0256 -0.0000 0.9997
vn -0.5682 0.5952 0.5682
vn -0.9997 -0.0000 -0.0257
vn -0.9505 0.3107 -0.0000
vn -0.8232 0.3107 0.4753
vn -0.8660 -0.0000 0.5000
vn 0.3897 -0.8931 0.2250
vn 0.2250 -0.8931 0.3897
vn 0.4500 -0.8931 -0.0000
vn 0.3897 -0.8931 -0.2250
vn 0.2250 -0.8931 -0.3897
vn -0.0000 -0.8931 -0.4500
vn -0.2250 -0.8931 -0.3897
vn -0.3897 -0.8931 -0.2250
vn -0.4499 -0.8931 -0.0000
vn -0.0000 -0.8931 0.4500
vn -0.5000 -0.0000 0.8660
vn -0.2250 -0.8931 0.3897
vn -0.7872 0.6166 -0.0000
vn -0.6818 0.6166 0.3936
vn -0.3936 0.6166 0.6818
vn -0.4753 0.3107 0.8232
vn -0.0000 0.6166 0.7872
vn -0.0000 0.3107 0.9505
vn 0.3936 0.6166 0.6818
vn 0.4753 0.3107 0.8232
vn 0.5000 -0.0000 0.8660
vn 0.6818 0.6166 0.3936
vn 0.8232 0.3107 0.4753
vn 0.8660 -0.0000 0.5000
vn 0.7872 0.6166 -0.0000
vn 0.9505 0.3107 -0.0000
vn 0.6818 0.6166 -0.3936
vn 0.8232 0.3107 -0.4753
vn 0.8660 -0.0000 -0.5000
vn 0.3936 0.6166 -0.6818
vn 0.4753 0.3107 -0.8232
vn 0.5000 -0.0000 -0.8660
vn -0.0000 0.6166 -0.7872
vn -0.0000 0.3107 -0.9505
vn -0.3936 0.6166 -0.6818
vn -0.4753 0.3107 -0.8232
vn -0.5000 -0.0000 -0.8660
vn -0.6818 0.6166 -0.3936
vn -0.8232 0.3107 -0.4753
vn -0.8660 -0.0000 -0.5000
vn 0.8380 -0.2522 -0.4838
vn 0.9677 -0.2522 -0.0000
vn -0.6753 -0.6261 0.3899
vn -0.3899 -0.6261 0.6753
vn -0.0000 -0.6261 0.7797
vn 0.3899 -0.6261 0.6753
vn 0.6753 -0.6261 0.3899
vn 0.7797 -0.6261 -0.0000
vn 0.6753 -0.6261 -0.3899
vn 0.3899 -0.6261 -0.6753
vn -0.0000 -0.6261 -0.7797
vn -0.3899 -0.6261 -0.6753
vn -0.6753 -0.6261 -0.3899
vn -0.7797 -0.6261 -0.0000
vn 0.4839 -0.2522 0.8380
vn -0.0000 -0.2523 0.9677
vn -0.8380 -0.2522 -0.4838
vn -0.4838 -0.2522 -0.8380
vn -0.8380 -0.2522 0.4838
vn -0.9677 -0.2522 -0.0000
vn 0.4838 -0.2522 -0.8380
vn 0.8380 -0.2522 0.4838
vn -0.4838 -0.2523 0.8380
vn -0.0000 -0.2522 -0.9677
vn -0.2675 -0.9635 -0.0000
vn -0.2317 -0.9635 0.1338
vn -0.1338 -0.9635 0.2317
vn -0.0000 -0.9636 0.2675
vn 0.1338 -0.9636 0.2317
vn 0.2317 -0.9635 0.1338
vn 0.2675 -0.9635 -0.0000
vn 0.2317 -0.9635 -0.1337
vn 0.1338 -0.9636 -0.2317
vn -0.0000 -0.9636 -0.2675
vn -0.1338 -0.9636 -0.2317
vn -0.2317 -0.9635 -0.1338
vn -0.3897 -0.8931 0.2250
vn -0.4500 -0.8931 -0.0000
vn 0.4838 -0.2522 0.8380
vn -0.0000 -0.2522 0.9677
vn -0.4839 -0.2522 -0.8380
vn -0.4839 -0.2523 0.8380
vn -0.2317 -0.9636 0.1337
vn -0.1338 -0.9636 0.2317
vn -0.0000 -0.9635 0.2675
vn 0.1338 -0.9635 0.2317
vn -0.0000 -0.9635 -0.2675
vn -0.1338 -0.9636 -0.2316
vn -0.2317 -0.9636 -0.1337
vn 0.2331 -0.0107 0.9724
vn 0.3973 0.0150 0.9176
vn 0.2719 -0.0000 0.9623
vn 0.1828 -0.0000 0.9831
vn 0.2922 -0.0000 0.9564
vn 0.4086 -0.0000 0.9127
vn 0.6140 -0.0477 -0.7879
vn 0.2706 0.0073 -0.9627
vn 0.3637 0.0021 -0.9315
vn 0.5850 -0.0000 -0.8111
vn 0.6618 -0.0000 0.7497
vn 0.4829 -0.0000 0.8757
vn -0.0000 -0.6332 -0.7740
vn -0.0000 -0.6331 -0.7740
vn 0.3433 -0.6860 -0.6415
vn -0.3090 -0.0000 -0.9511
vn 0.2022 0.1807 0.9625
vn 0.9406 -0.0000 -0.3395
vn 0.6418 -0.0431 0.7657
vn 0.6016 -0.0405 0.7978
vn -0.8703 0.4923 0.0093
vn -0.8841 0.4671 0.0103
vn -0.8712 0.4908 0.0093
vn -0.8852 0.4651 0.0104
vn -0.8852 -0.4651 0.0104
vn -0.8712 -0.4908 0.0094
vn -0.8841 -0.4671 0.0103
vn -0.8703 -0.4923 0.0093
vn 0.8821 0.4709 0.0115
vn 0.8686 0.4955 0.0105
vn 0.8831 0.4690 0.0116
vn 0.8695 0.4939 0.0106
vn 0.8695 -0.4939 0.0105
vn 0.8831 -0.4690 0.0117
vn 0.8686 -0.4955 0.0105
vn 0.8821 -0.4709 0.0115
vn 0.5805 -0.5805 0.5710
vn 0.6864 0.2418 0.6858
vn 0.6636 0.3461 0.6633
vn 0.5805 0.5806 0.5709
vn -0.5805 0.5806 0.5709
vn -0.6636 0.3461 0.6632
vn -0.6864 0.2419 0.6858
vn -0.5805 -0.5805 0.5710
vn -0.5806 -0.5805 0.5709
vn 0.7129 0.0001 0.7013
vn 0.7129 -0.0000 0.7013
vn -0.7121 0.0001 0.7021
vn -0.7123 -0.0000 0.7018
vn -0.7124 -0.0000 0.7018
vn 0.7124 -0.0000 0.7018
vn 0.7121 0.0001 0.7021
vn -0.7129 0.0001 0.7012
vn -0.7129 -0.0000 0.7013
vn -0.7127 -0.0001 0.7015
vn -0.7126 -0.0001 0.7016
vn -0.7132 -0.0000 0.7010
vn 0.6229 -0.0000 0.7823
vn 0.2505 -0.0000 0.9681
vn 0.3826 -0.0000 0.9239
vn 0.7132 -0.0000 0.7010
vn 0.7131 -0.0000 0.7010
vn 0.7127 -0.0001 0.7015
vn 0.7126 -0.0001 0.7016
vn -0.0000 0.7557 0.6549
vn -0.5805 -0.5805 -0.5710
vn -0.6864 0.2419 -0.6858
vn -0.6636 0.3461 -0.6632
vn -0.5805 0.5806 -0.5709
vn 0.5805 0.5806 -0.5709
vn 0.6636 0.3461 -0.6632
vn 0.6864 0.2418 -0.6858
vn 0.5805 -0.5805 -0.5710
vn -0.5904 -0.6095 0.5291
vn 0.2354 0.3289 0.9146
vn 0.2101 0.3439 0.9152
vn -0.5905 0.6094 0.5291
vn -0.0000 0.0001 1.0000
vn -0.0000 -0.5801 0.8145
vn -0.0000 0.5800 0.8146
vn 0.8077 0.4356 0.3974
vn 0.7699 0.2773 0.5748
vn 0.7213 0.1654 0.6726
vn 0.8076 -0.4358 0.3974
vn -0.8017 0.5977 -0.0069
vn -0.8017 -0.5977 -0.0069
vn -0.7129 0.0001 -0.7012
vn -0.7129 -0.0000 -0.7013
vn -0.7123 -0.0000 -0.7018
vn -0.7121 0.0001 -0.7021
vn 0.7121 0.0001 -0.7021
vn 0.7124 -0.0000 -0.7018
vn 0.6215 -0.0001 0.7834
vn 0.6218 -0.0000 0.7832
vn 0.6604 0.0001 0.7509
vn 0.6224 -0.0000 0.7827
vn 0.7129 0.0001 -0.7013
vn 0.7127 -0.0001 -0.7015
vn 0.7126 -0.0001 -0.7015
vn 0.6221 0.0001 0.7829
vn 0.7132 -0.0000 -0.7010
vn 0.6227 -0.0000 0.7825
vn 0.6765 0.0320 -0.7358
vn 0.2929 -0.0140 -0.9561
vn 0.4238 0.0148 -0.9056
vn 0.7134 -0.0000 -0.7008
vn -0.2929 -0.0140 0.9560
vn 0.2727 -0.0014 0.9621
vn 0.4384 0.0070 0.8987
vn -0.4238 0.0149 0.9056
vn -0.0000 0.7557 -0.6549
vn 0.6615 -0.0000 0.7499
vn 0.6610 -0.0001 0.7504
vn -0.7132 -0.0000 -0.7010
vn -0.7131 -0.0000 -0.7010
vn -0.7127 -0.0001 -0.7015
vn -0.7126 -0.0001 -0.7016
vn 0.2385 0.0475 0.9700
vn -0.0000 -0.7557 0.6549
vn 0.2385 -0.0475 0.9700
vn -0.0000 -0.7557 -0.6549
vn -0.6765 0.0321 0.7358
vn -0.7134 -0.0000 0.7007
vn -0.2727 -0.0014 -0.9621
vn -0.4384 0.0070 -0.8987
vn 0.6765 0.0320 0.7358
vn 0.7134 -0.0000 0.7008
vn -0.6765 0.0321 -0.7358
vn -0.7134 -0.0000 -0.7007
vn 0.0059 0.4929 0.8700
vn 0.0068 0.4681 0.8837
vn 0.0063 0.4914 0.8709
vn 0.0073 0.4661 0.8847
vn 0.0073 -0.4661 0.8847
vn 0.0064 -0.4914 0.8709
vn 0.0068 -0.4681 0.8837
vn 0.0059 -0.4929 0.8700
vn 0.0075 0.4706 -0.8823
vn 0.0065 0.4949 -0.8689
vn 0.0079 0.4687 -0.8833
vn 0.0071 0.4934 -0.8698
vn 0.0070 -0.4934 -0.8698
vn 0.0081 -0.4687 -0.8833
vn 0.0064 -0.4949 -0.8689
vn 0.0075 -0.4706 -0.8823
vn -0.7061 0.0370 -0.7071
vn -0.0059 0.4930 0.8700
vn -0.0073 0.4661 0.8847
vn -0.0063 0.4914 0.8709
vn -0.0068 0.4681 0.8836
vn -0.0073 -0.4661 0.8847
vn -0.0059 -0.4930 0.8700
vn -0.0068 -0.4681 0.8836
vn -0.0064 -0.4914 0.8709
vn -0.0075 0.4707 -0.8823
vn -0.0071 0.4934 -0.8698
vn -0.0079 0.4687 -0.8833
vn -0.0065 0.4950 -0.8689
vn -0.0070 -0.4934 -0.8698
vn -0.0075 -0.4707 -0.8823
vn -0.0064 -0.4950 -0.8689
vn -0.0081 -0.4687 -0.8833
vn 0.7061 -0.0370 -0.7071
vt 0.583909 0.314157
vt 0.614639 0.314209
vt 0.614591 0.314463
vt 0.583854 0.314453
vt 0.614545 0.314717
vt 0.583807 0.314708
vt 0.614497 0.314971
vt 0.583760 0.314962
vt 0.614450 0.315225
vt 0.583713 0.315216
vt 0.614403 0.315479
vt 0.583666 0.315470
vt 0.614356 0.315732
vt 0.583619 0.315724
vt 0.614309 0.315986
vt 0.583572 0.315978
vt 0.614262 0.316240
vt 0.583525 0.316231
vt 0.614215 0.316494
vt 0.583478 0.316485
vt 0.614168 0.316748
vt 0.583431 0.316739
vt 0.614121 0.317002
vt 0.583384 0.316993
vt 0.614074 0.317256
vt 0.583337 0.317247
vt 0.614027 0.317510
vt 0.583290 0.317501
vt 0.613980 0.317764
vt 0.583243 0.317755
vt 0.613933 0.318018
vt 0.583196 0.318009
vt 0.613886 0.318272
vt 0.583149 0.318263
vt 0.613839 0.318526
vt 0.583102 0.318517
vt 0.613792 0.318780
vt 0.583055 0.318771
vt 0.613745 0.319033
vt 0.583008 0.319025
vt 0.613698 0.319287
vt 0.582961 0.319278
vt 0.613651 0.319541
vt 0.582914 0.319532
vt 0.613604 0.319795
vt 0.582867 0.319786
vt 0.613557 0.320049
vt 0.582820 0.320040
vt 0.613510 0.320303
vt 0.582772 0.320294
vt 0.613463 0.320557
vt 0.582726 0.320548
vt 0.613416 0.320811
vt 0.582678 0.320802
vt 0.613369 0.321065
vt 0.582631 0.321056
vt 0.613322 0.321319
vt 0.582584 0.321310
vt 0.613275 0.321573
vt 0.582537 0.321564
vt 0.613227 0.321827
vt 0.582490 0.321818
vt 0.610366 0.319177
vt 0.611244 0.319558
vt 0.610225 0.319938
vt 0.607351 0.320303
vt 0.602729 0.320639
vt 0.596540 0.320933
vt 0.589020 0.321173
vt 0.580458 0.321351
vt 0.571183 0.321459
vt 0.561552 0.321494
vt 0.551935 0.321453
vt 0.542702 0.321340
vt 0.534206 0.321157
vt 0.526776 0.320912
vt 0.520696 0.320615
vt 0.516200 0.320277
vt 0.513460 0.319910
vt 0.512583 0.319529
vt 0.513601 0.319149
vt 0.516476 0.318784
vt 0.521097 0.318448
vt 0.527287 0.318154
vt 0.534807 0.317914
vt 0.543369 0.317736
vt 0.552644 0.317628
vt 0.562275 0.317593
vt 0.571891 0.317634
vt 0.581125 0.317747
vt 0.589620 0.317930
vt 0.597051 0.318175
vt 0.603131 0.318472
vt 0.607627 0.318810
vt 0.613180 0.322081
vt 0.582443 0.322072
vt 0.613133 0.322335
vt 0.582388 0.322368
vt 0.511020 0.318750
vt 0.510973 0.319004
vt 0.510644 0.320781
vt 0.510597 0.321035
vt 0.510550 0.321289
vt 0.511631 0.315449
vt 0.511584 0.315703
vt 0.511208 0.317734
vt 0.511161 0.317988
vt 0.510785 0.320019
vt 0.510738 0.320273
vt 0.511820 0.314433
vt 0.511773 0.314687
vt 0.511396 0.316718
vt 0.511349 0.316972
vt 0.510926 0.319258
vt 0.510503 0.321543
vt 0.511537 0.315957
vt 0.511114 0.318242
vt 0.510691 0.320527
vt 0.511725 0.314941
vt 0.511302 0.317226
vt 0.510879 0.319512
vt 0.510455 0.321797
vt 0.511490 0.316211
vt 0.511067 0.318496
vt 0.511678 0.315195
vt 0.511255 0.317480
vt 0.510832 0.319766
vt 0.510409 0.322051
vt 0.511443 0.316464
vt 0.511867 0.314179
vt 0.510361 0.322305
vt 0.536971 0.322058
vt 0.536927 0.322293
vt 0.537017 0.321805
vt 0.537064 0.321551
vt 0.537111 0.321297
vt 0.537158 0.321043
vt 0.537206 0.320789
vt 0.537252 0.320535
vt 0.537300 0.320281
vt 0.537347 0.320027
vt 0.537394 0.319773
vt 0.537441 0.319519
vt 0.537488 0.319265
vt 0.537535 0.319011
vt 0.537582 0.318757
vt 0.537629 0.318503
vt 0.537676 0.318250
vt 0.537723 0.317996
vt 0.537770 0.317742
vt 0.537817 0.317488
vt 0.537864 0.317234
vt 0.537911 0.316980
vt 0.537958 0.316726
vt 0.538005 0.316472
vt 0.538052 0.316218
vt 0.538099 0.315964
vt 0.538146 0.315710
vt 0.538193 0.315456
vt 0.538240 0.315203
vt 0.538287 0.314949
vt 0.538334 0.314695
vt 0.538381 0.314442
vt 0.538425 0.314207
vt 0.515463 0.884387
vt 0.568555 0.884376
vt 0.568397 0.886015
vt 0.515286 0.886230
vt 0.515624 0.882723
vt 0.568712 0.882750
vt 0.515785 0.881053
vt 0.568872 0.881082
vt 0.515946 0.879382
vt 0.569033 0.879412
vt 0.516107 0.877712
vt 0.569194 0.877741
vt 0.516267 0.876041
vt 0.569355 0.876071
vt 0.516429 0.874371
vt 0.569516 0.874400
vt 0.516589 0.872700
vt 0.569677 0.872730
vt 0.516751 0.871030
vt 0.569838 0.871059
vt 0.516911 0.869359
vt 0.569999 0.869389
vt 0.517072 0.867689
vt 0.570160 0.867718
vt 0.517233 0.866018
vt 0.570321 0.866048
vt 0.517394 0.864348
vt 0.570481 0.864377
vt 0.517555 0.862677
vt 0.570643 0.862707
vt 0.517716 0.861007
vt 0.570804 0.861036
vt 0.517877 0.859336
vt 0.570964 0.859366
vt 0.518038 0.857666
vt 0.571126 0.857695
vt 0.518199 0.855995
vt 0.571286 0.856025
vt 0.518360 0.854325
vt 0.571447 0.854354
vt 0.518520 0.852654
vt 0.571608 0.852684
vt 0.518682 0.850984
vt 0.571769 0.851013
vt 0.518842 0.849313
vt 0.571930 0.849343
vt 0.519004 0.847643
vt 0.572091 0.847672
vt 0.519165 0.845972
vt 0.572252 0.846002
vt 0.519326 0.844302
vt 0.572413 0.844331
vt 0.519486 0.842631
vt 0.572574 0.842661
vt 0.519647 0.840961
vt 0.572735 0.840990
vt 0.519808 0.839290
vt 0.572896 0.839320
vt 0.519969 0.837620
vt 0.573056 0.837649
vt 0.520130 0.835949
vt 0.573217 0.835982
vt 0.520290 0.834285
vt 0.573374 0.834355
vt 0.520468 0.832443
vt 0.573532 0.832717
vt 0.552486 0.322064
vt 0.568681 0.322068
vt 0.568622 0.322383
vt 0.552422 0.322411
vt 0.552533 0.321809
vt 0.568728 0.321814
vt 0.552580 0.321555
vt 0.568775 0.321560
vt 0.552627 0.321301
vt 0.568822 0.321306
vt 0.552674 0.321047
vt 0.568869 0.321052
vt 0.552721 0.320793
vt 0.568916 0.320798
vt 0.552768 0.320539
vt 0.568963 0.320544
vt 0.552815 0.320285
vt 0.569010 0.320290
vt 0.552862 0.320032
vt 0.569057 0.320036
vt 0.552909 0.319778
vt 0.569104 0.319782
vt 0.552956 0.319524
vt 0.569151 0.319528
vt 0.553003 0.319270
vt 0.569198 0.319274
vt 0.553050 0.319016
vt 0.569245 0.319021
vt 0.553097 0.318762
vt 0.569292 0.318767
vt 0.553144 0.318508
vt 0.569339 0.318513
vt 0.553191 0.318254
vt 0.569386 0.318259
vt 0.553238 0.318000
vt 0.569433 0.318005
vt 0.553285 0.317746
vt 0.569480 0.317751
vt 0.553332 0.317492
vt 0.569527 0.317497
vt 0.553379 0.317238
vt 0.569574 0.317243
vt 0.553427 0.316985
vt 0.569622 0.316989
vt 0.553473 0.316731
vt 0.569669 0.316735
vt 0.553521 0.316477
vt 0.569716 0.316481
vt 0.553567 0.316223
vt 0.569763 0.316227
vt 0.553615 0.315969
vt 0.569810 0.315974
vt 0.553661 0.315715
vt 0.569857 0.315720
vt 0.553709 0.315461
vt 0.569904 0.315466
vt 0.553756 0.315207
vt 0.569951 0.315212
vt 0.553803 0.314953
vt 0.569998 0.314958
vt 0.553850 0.314699
vt 0.570045 0.314704
vt 0.553897 0.314444
vt 0.570092 0.314449
vt 0.553961 0.314098
vt 0.570150 0.314134
vt 0.574833 0.843754
vt 0.588595 0.843758
vt 0.588540 0.844054
vt 0.574774 0.844069
vt 0.574880 0.843500
vt 0.588642 0.843504
vt 0.574927 0.843246
vt 0.588689 0.843250
vt 0.574974 0.842992
vt 0.588736 0.842996
vt 0.575021 0.842738
vt 0.588783 0.842742
vt 0.575068 0.842484
vt 0.588830 0.842488
vt 0.575115 0.842230
vt 0.588877 0.842234
vt 0.575162 0.841976
vt 0.588924 0.841980
vt 0.575209 0.841722
vt 0.588972 0.841726
vt 0.575256 0.841468
vt 0.589019 0.841472
vt 0.575303 0.841214
vt 0.589066 0.841218
vt 0.575350 0.840960
vt 0.589113 0.840964
vt 0.575397 0.840707
vt 0.589159 0.840711
vt 0.575444 0.840453
vt 0.589207 0.840457
vt 0.575491 0.840199
vt 0.589254 0.840203
vt 0.575538 0.839945
vt 0.589301 0.839949
vt 0.575585 0.839691
vt 0.589348 0.839695
vt 0.575632 0.839437
vt 0.589395 0.839441
vt 0.575679 0.839183
vt 0.589442 0.839187
vt 0.575726 0.838929
vt 0.589489 0.838933
vt 0.575774 0.838675
vt 0.589536 0.838679
vt 0.575820 0.838421
vt 0.589583 0.838425
vt 0.575868 0.838167
vt 0.589630 0.838171
vt 0.575915 0.837913
vt 0.589677 0.837917
vt 0.575962 0.837660
vt 0.589724 0.837663
vt 0.576009 0.837406
vt 0.589771 0.837409
vt 0.576056 0.837152
vt 0.589818 0.837156
vt 0.576103 0.836898
vt 0.589865 0.836902
vt 0.576150 0.836644
vt 0.589912 0.836648
vt 0.576197 0.836390
vt 0.589959 0.836394
vt 0.576244 0.836135
vt 0.590006 0.836139
vt 0.576302 0.835820
vt 0.590061 0.835843
vt 0.229666 0.530145
vt 0.229666 0.608689
vt 0.143709 0.608689
vt 0.143709 0.530145
vt 0.143709 0.511336
vt 0.143709 0.514520
vt 0.142380 0.514520
vt 0.143709 0.624314
vt 0.143709 0.627498
vt 0.142380 0.624314
vt 0.229666 0.511336
vt 0.230996 0.514520
vt 0.229666 0.514520
vt 0.229666 0.627498
vt 0.229666 0.624314
vt 0.230996 0.624314
vt 0.142380 0.608689
vt 0.142380 0.530145
vt 0.230996 0.608689
vt 0.230996 0.530145
vt 0.484210 0.881127
vt 0.484210 0.894040
vt 0.448381 0.894040
vt 0.448381 0.881127
vt 0.484764 0.881127
vt 0.484764 0.894040
vt 0.484210 0.945426
vt 0.448381 0.945426
vt 0.447827 0.881127
vt 0.447827 0.894040
vt 0.448381 0.878849
vt 0.448381 0.925290
vt 0.448381 0.927569
vt 0.447827 0.925290
vt 0.484210 0.878849
vt 0.484210 0.927569
vt 0.484210 0.925290
vt 0.484764 0.925290
vt 0.181371 0.546066
vt 0.181371 0.592768
vt 0.223020 0.592768
vt 0.223020 0.546066
vt 0.223020 0.527257
vt 0.223020 0.530441
vt 0.224349 0.530441
vt 0.223020 0.624018
vt 0.223020 0.627202
vt 0.224349 0.624018
vt 0.181371 0.527257
vt 0.180042 0.530441
vt 0.181371 0.530441
vt 0.181371 0.627202
vt 0.181371 0.624018
vt 0.180042 0.624018
vt 0.224349 0.592768
vt 0.224349 0.546066
vt 0.180042 0.546066
vt 0.180042 0.592768
vt 0.150355 0.546066
vt 0.150355 0.592768
vt 0.174281 0.592768
vt 0.174281 0.546066
vt 0.174281 0.527257
vt 0.174281 0.530441
vt 0.175611 0.530441
vt 0.174281 0.624018
vt 0.174281 0.627202
vt 0.175611 0.624018
vt 0.150355 0.527257
vt 0.149026 0.530441
vt 0.150355 0.530441
vt 0.150355 0.627202
vt 0.150355 0.624018
vt 0.149026 0.624018
vt 0.175611 0.592768
vt 0.175611 0.546066
vt 0.149026 0.546066
vt 0.149026 0.592768
vt 0.230906 0.590936
vt 0.230906 0.547898
vt 0.142380 0.590936
vt 0.142380 0.547898
vt 0.143772 0.551019
vt 0.143772 0.587815
vt 0.229603 0.572190
vt 0.229603 0.535394
vt 0.230906 0.532273
vt 0.230906 0.575311
vt 0.229603 0.566644
vt 0.230906 0.563523
vt 0.229603 0.556565
vt 0.230906 0.559686
vt 0.143772 0.572190
vt 0.143772 0.535394
vt 0.142380 0.532273
vt 0.142380 0.575311
vt 0.143772 0.566644
vt 0.142380 0.563523
vt 0.143772 0.556565
vt 0.142380 0.559686
vt 0.229603 0.551019
vt 0.229603 0.587815
vt 0.192005 0.535452
vt 0.192005 0.560926
vt 0.145924 0.560926
vt 0.145924 0.535452
vt 0.145924 0.516643
vt 0.145924 0.519827
vt 0.144595 0.519827
vt 0.145924 0.592176
vt 0.145924 0.595360
vt 0.144595 0.592176
vt 0.192005 0.516643
vt 0.193334 0.519827
vt 0.192005 0.519827
vt 0.192005 0.595360
vt 0.192005 0.592176
vt 0.193334 0.592176
vt 0.144595 0.560926
vt 0.144595 0.535452
vt 0.193334 0.535452
vt 0.193334 0.560926
vt 0.483286 0.863520
vt 0.483286 0.887788
vt 0.449304 0.887788
vt 0.449304 0.863520
vt 0.449304 0.811492
vt 0.449304 0.814412
vt 0.448750 0.813633
vt 0.449304 0.903413
vt 0.449304 0.904775
vt 0.448750 0.902633
vt 0.483286 0.811492
vt 0.483841 0.813633
vt 0.483286 0.814412
vt 0.483286 0.904775
vt 0.483286 0.903413
vt 0.483841 0.902633
vt 0.449304 0.879145
vt 0.448750 0.878365
vt 0.483286 0.879145
vt 0.483841 0.878365
vt 0.483286 0.938257
vt 0.449304 0.938257
vt 0.449304 0.936895
vt 0.483286 0.936895
vt 0.449304 0.806296
vt 0.483841 0.887008
vt 0.483841 0.862740
vt 0.483841 0.857545
vt 0.483841 0.881813
vt 0.448750 0.887008
vt 0.449304 0.889150
vt 0.448750 0.881813
vt 0.448750 0.862740
vt 0.448750 0.857545
vt 0.483841 0.808437
vt 0.483286 0.889150
vt 0.483286 0.883954
vt 0.449304 0.883954
vt 0.483286 0.827117
vt 0.449304 0.827117
vt 0.449304 0.821921
vt 0.483286 0.821921
vt 0.400037 0.943171
vt 0.400037 0.951820
vt 0.403907 0.917826
vt 0.403907 0.909177
vt 0.400151 0.779211
vt 0.400151 0.787860
vt 0.394726 0.787437
vt 0.394726 0.778787
vt 0.390856 0.821431
vt 0.390856 0.812781
vt 0.390856 0.828406
vt 0.390856 0.837056
vt 0.390808 0.885554
vt 0.390808 0.876905
vt 0.390808 0.908155
vt 0.390808 0.916804
vt 0.394611 0.951397
vt 0.394611 0.942748
vt 0.403907 0.877927
vt 0.403907 0.886576
vt 0.403954 0.838078
vt 0.403954 0.829429
vt 0.403954 0.813804
vt 0.403954 0.822453
vt 0.401920 0.881922
vt 0.401953 0.848188
vt 0.400151 0.803485
vt 0.399308 0.824125
vt 0.394726 0.803062
vt 0.395534 0.823831
vt 0.392842 0.847477
vt 0.392809 0.881211
vt 0.394611 0.920147
vt 0.395454 0.905273
vt 0.400037 0.920570
vt 0.399228 0.905567
vt 0.395454 0.886393
vt 0.392809 0.869928
vt 0.393776 0.872472
vt 0.395862 0.885456
vt 0.401953 0.847331
vt 0.401920 0.870414
vt 0.400961 0.872855
vt 0.400987 0.854651
vt 0.399228 0.886595
vt 0.398838 0.885616
vt 0.399308 0.830865
vt 0.398901 0.841666
vt 0.392842 0.846844
vt 0.393802 0.854268
vt 0.395534 0.830664
vt 0.395924 0.841507
vt 0.165533 0.868258
vt 0.165533 0.873054
vt 0.167593 0.873054
vt 0.167593 0.868258
vt 0.169050 0.832388
vt 0.169050 0.837184
vt 0.167593 0.822327
vt 0.167593 0.817531
vt 0.165533 0.822327
vt 0.165533 0.817531
vt 0.164077 0.837184
vt 0.164077 0.832388
vt 0.164077 0.858196
vt 0.164077 0.853400
vt 0.169050 0.858196
vt 0.169050 0.853400
vt 0.169050 0.920012
vt 0.167593 0.934870
vt 0.167454 0.933037
vt 0.168713 0.920189
vt 0.169050 0.899000
vt 0.168713 0.902020
vt 0.167593 0.884143
vt 0.167454 0.889173
vt 0.165533 0.884143
vt 0.165673 0.889173
vt 0.164077 0.899000
vt 0.164413 0.902020
vt 0.164077 0.920012
vt 0.164413 0.920189
vt 0.165533 0.934870
vt 0.165673 0.933037
vt 0.166039 0.929570
vt 0.167087 0.929570
vt 0.165673 0.901787
vt 0.165673 0.857923
vt 0.166039 0.867444
vt 0.166039 0.898320
vt 0.167454 0.857923
vt 0.167454 0.901787
vt 0.167087 0.898320
vt 0.167087 0.867444
vt 0.166039 0.898694
vt 0.167087 0.898694
vt 0.174146 0.868258
vt 0.174146 0.873054
vt 0.176206 0.873054
vt 0.176206 0.868258
vt 0.177663 0.832388
vt 0.177663 0.837184
vt 0.176206 0.822327
vt 0.176206 0.817531
vt 0.174146 0.822327
vt 0.174146 0.817531
vt 0.172689 0.837184
vt 0.172689 0.832388
vt 0.172689 0.858196
vt 0.172689 0.853400
vt 0.177663 0.858196
vt 0.177663 0.853400
vt 0.177663 0.920012
vt 0.176206 0.934870
vt 0.176067 0.933037
vt 0.177326 0.920189
vt 0.177663 0.899000
vt 0.177326 0.902020
vt 0.176206 0.884143
vt 0.176067 0.889173
vt 0.174146 0.884143
vt 0.174285 0.889173
vt 0.172689 0.899000
vt 0.173026 0.902020
vt 0.172689 0.920012
vt 0.173026 0.920189
vt 0.174146 0.934870
vt 0.174285 0.933037
vt 0.174652 0.929570
vt 0.175700 0.929570
vt 0.174285 0.901787
vt 0.174285 0.857923
vt 0.174652 0.867444
vt 0.174652 0.898320
vt 0.176067 0.857923
vt 0.176067 0.901787
vt 0.175700 0.898320
vt 0.175700 0.867444
vt 0.174652 0.898694
vt 0.175700 0.898694
vt 0.156920 0.868258
vt 0.156920 0.873054
vt 0.158980 0.873054
vt 0.158980 0.868258
vt 0.160437 0.832388
vt 0.160437 0.837184
vt 0.158980 0.822327
vt 0.158980 0.817531
vt 0.156920 0.822327
vt 0.156920 0.817531
vt 0.155463 0.837184
vt 0.155463 0.832388
vt 0.155463 0.858196
vt 0.155463 0.853400
vt 0.160437 0.858196
vt 0.160437 0.853400
vt 0.160437 0.920012
vt 0.158980 0.934870
vt 0.158841 0.933037
vt 0.160100 0.920189
vt 0.160437 0.899000
vt 0.160100 0.902020
vt 0.158980 0.884143
vt 0.158841 0.889173
vt 0.156920 0.884143
vt 0.157059 0.889173
vt 0.155463 0.899000
vt 0.155800 0.902020
vt 0.155463 0.920012
vt 0.155800 0.920189
vt 0.156920 0.934870
vt 0.157059 0.933037
vt 0.157426 0.929570
vt 0.158474 0.929570
vt 0.157059 0.901787
vt 0.157059 0.857923
vt 0.157426 0.867444
vt 0.157426 0.898320
vt 0.158841 0.857923
vt 0.158841 0.901787
vt 0.158474 0.898320
vt 0.158474 0.867444
vt 0.157426 0.898694
vt 0.158474 0.898694
vt 0.467703 0.919877
vt 0.471309 0.918508
vt 0.471283 0.921304
vt 0.469223 0.916513
vt 0.466246 0.916488
vt 0.464124 0.918449
vt 0.464098 0.921245
vt 0.466184 0.923240
vt 0.469160 0.923265
vt 0.450172 0.904348
vt 0.482418 0.904348
vt 0.482418 0.915362
vt 0.450172 0.915362
vt 0.481957 0.935118
vt 0.450634 0.935118
vt 0.417183 0.827398
vt 0.417513 0.817523
vt 0.416854 0.814485
vt 0.416854 0.764267
vt 0.416195 0.764267
vt 0.415047 0.764837
vt 0.415422 0.764837
vt 0.417513 0.793977
vt 0.416854 0.817523
vt 0.416854 0.793977
vt 0.416195 0.793977
vt 0.416195 0.814485
vt 0.416525 0.827398
vt 0.415047 0.827398
vt 0.415047 0.816764
vt 0.415422 0.816764
vt 0.415422 0.827398
vt 0.416854 0.863241
vt 0.417513 0.863241
vt 0.417183 0.865710
vt 0.416525 0.865710
vt 0.416524 0.827398
vt 0.416854 0.817523
vt 0.416195 0.814484
vt 0.415422 0.865710
vt 0.415047 0.865710
vt 0.416195 0.764267
vt 0.416854 0.764267
vt 0.415421 0.764837
vt 0.415046 0.764837
vt 0.416854 0.790179
vt 0.417512 0.817523
vt 0.417512 0.790179
vt 0.416854 0.814485
vt 0.416195 0.790179
vt 0.417183 0.827398
vt 0.415421 0.827398
vt 0.415421 0.816764
vt 0.415046 0.816764
vt 0.415046 0.827398
vt 0.417512 0.863241
vt 0.416854 0.863241
vt 0.416524 0.865710
vt 0.417183 0.865710
vt 0.411090 0.827398
vt 0.410761 0.817523
vt 0.411419 0.814485
vt 0.415046 0.865710
vt 0.415421 0.865710
vt 0.411419 0.764267
vt 0.412078 0.764267
vt 0.413227 0.764837
vt 0.412852 0.764837
vt 0.410761 0.790179
vt 0.411419 0.817523
vt 0.411419 0.790179
vt 0.412078 0.790179
vt 0.412078 0.814484
vt 0.411749 0.827398
vt 0.413227 0.827398
vt 0.413227 0.816764
vt 0.412852 0.816764
vt 0.412852 0.827398
vt 0.411419 0.863241
vt 0.410761 0.863241
vt 0.411090 0.865710
vt 0.411749 0.865710
vt 0.411749 0.827398
vt 0.411420 0.817523
vt 0.412078 0.814485
vt 0.412852 0.865710
vt 0.413227 0.865710
vt 0.412078 0.764267
vt 0.411420 0.764267
vt 0.412852 0.764837
vt 0.413227 0.764837
vt 0.411420 0.793977
vt 0.410761 0.817523
vt 0.410761 0.793977
vt 0.411420 0.814485
vt 0.412078 0.793977
vt 0.411090 0.827398
vt 0.412852 0.827398
vt 0.412852 0.816764
vt 0.413227 0.816764
vt 0.413227 0.827398
vt 0.410761 0.863241
vt 0.411420 0.863241
vt 0.411749 0.865710
vt 0.411090 0.865710
vt 0.413227 0.865710
vt 0.412852 0.865710
vt 0.164443 0.638200
vt 0.166465 0.640415
vt 0.171884 0.640415
vt 0.170403 0.638200
vt 0.180727 0.638200
vt 0.181269 0.640415
vt 0.192648 0.638200
vt 0.192106 0.640415
vt 0.202971 0.638200
vt 0.201491 0.640415
vt 0.208932 0.638200
vt 0.206910 0.640415
vt 0.201491 0.640415
vt 0.192648 0.638200
vt 0.037658 0.771736
vt 0.037023 0.771736
vt 0.036655 0.867954
vt 0.037140 0.867954
vt 0.179962 0.640415
vt 0.184226 0.640415
vt 0.181269 0.718540
vt 0.171884 0.718540
vt 0.189149 0.640415
vt 0.192106 0.718540
vt 0.193413 0.640415
vt 0.201491 0.718540
vt 0.195874 0.640415
vt 0.206910 0.718540
vt 0.201491 0.718540
vt 0.177501 0.640415
vt 0.166465 0.718540
vt 0.035285 0.771736
vt 0.035652 0.771736
vt 0.036171 0.867954
vt 0.038026 0.771736
vt 0.036288 0.771736
vt 0.036621 0.885724
vt 0.036621 0.885724
vt 0.036159 0.885724
vt 0.037082 0.885724
vt 0.450634 0.964136
vt 0.450172 0.962237
vt 0.481957 0.964136
vt 0.482418 0.962237
vt 0.417979 0.827398
vt 0.418445 0.817523
vt 0.417514 0.814485
vt 0.417514 0.764267
vt 0.416370 0.764253
vt 0.418445 0.793977
vt 0.417514 0.793977
vt 0.416370 0.829734
vt 0.416370 0.814428
vt 0.418445 0.863241
vt 0.417979 0.865710
vt 0.413671 0.827398
vt 0.413671 0.817523
vt 0.413671 0.814484
vt 0.416370 0.866294
vt 0.413671 0.764267
vt 0.414602 0.764267
vt 0.414518 0.764253
vt 0.413755 0.764253
vt 0.413671 0.790179
vt 0.414602 0.817523
vt 0.414602 0.790179
vt 0.414602 0.814484
vt 0.414602 0.827398
vt 0.414518 0.829734
vt 0.414518 0.814428
vt 0.413755 0.814428
vt 0.413755 0.829734
vt 0.414602 0.863241
vt 0.413671 0.863241
vt 0.413671 0.865710
vt 0.414602 0.865710
vt 0.410294 0.827398
vt 0.409829 0.817523
vt 0.410760 0.814485
vt 0.413755 0.866294
vt 0.414518 0.866294
vt 0.410760 0.764267
vt 0.411904 0.764253
vt 0.411904 0.764253
vt 0.409829 0.790179
vt 0.409829 0.817523
vt 0.409829 0.790179
vt 0.410760 0.790179
vt 0.411904 0.829734
vt 0.411904 0.814428
vt 0.411904 0.814428
vt 0.411904 0.829734
vt 0.409829 0.863241
vt 0.409829 0.863241
vt 0.410294 0.865710
vt 0.414603 0.827398
vt 0.414603 0.817523
vt 0.414603 0.814485
vt 0.411904 0.866294
vt 0.411904 0.866294
vt 0.414603 0.764267
vt 0.413671 0.764267
vt 0.413756 0.764253
vt 0.414519 0.764253
vt 0.414603 0.793977
vt 0.413671 0.817523
vt 0.413671 0.793977
vt 0.413671 0.814485
vt 0.413671 0.827398
vt 0.413756 0.829734
vt 0.413756 0.814428
vt 0.414519 0.814428
vt 0.414519 0.829734
vt 0.413671 0.863241
vt 0.414603 0.863241
vt 0.414603 0.865710
vt 0.413671 0.865710
vt 0.414519 0.866294
vt 0.413756 0.866294
vt 0.477140 0.908237
vt 0.478008 0.911617
vt 0.480438 0.911617
vt 0.481306 0.908237
vt 0.481306 0.944360
vt 0.480438 0.947741
vt 0.478008 0.947741
vt 0.477140 0.944360
vt 0.451284 0.908237
vt 0.452152 0.911617
vt 0.454582 0.911617
vt 0.455450 0.908237
vt 0.455450 0.944360
vt 0.454582 0.947741
vt 0.452152 0.947741
vt 0.451284 0.944360
vt 0.935202 0.049884
vt 0.935202 0.116593
vt 0.935202 0.116593
vt 0.935202 0.049884
vt 0.971048 0.116593
vt 0.971048 0.049884
vt 0.971048 0.116593
vt 0.971048 0.049884
vt 0.935202 0.018634
vt 0.971048 0.018634
vt 0.971048 0.018634
vt 0.935202 0.018634
vt 0.849518 0.116593
vt 0.849518 0.116593
vt 0.849518 0.133271
vt 0.849518 0.133271
vt 0.849518 0.164521
vt 0.821988 0.164521
vt 0.821988 0.164521
vt 0.849518 0.164521
vt 0.821988 0.116593
vt 0.821988 0.116593
vt 0.821988 0.133271
vt 0.821988 0.133271
vt 0.821988 0.120763
vt 0.849518 0.120763
vt 0.849518 0.129102
vt 0.821988 0.129102
vt 0.849518 0.148896
vt 0.821988 0.148896
vt 0.821988 0.144727
vt 0.849518 0.144727
vt 0.849518 0.105138
vt 0.821988 0.105138
vt 0.821988 0.100968
vt 0.849518 0.100968
vt 0.821988 0.085343
vt 0.849518 0.085343
vt 0.667878 0.092808
vt 0.667878 0.111153
vt 0.646665 0.111153
vt 0.646665 0.092808
vt 0.646171 0.077183
vt 0.646171 0.095528
vt 0.668371 0.077183
vt 0.668371 0.095528
vt 0.646665 0.058223
vt 0.646665 0.061558
vt 0.646171 0.061558
vt 0.646665 0.142403
vt 0.646665 0.145739
vt 0.646171 0.142403
vt 0.667878 0.058223
vt 0.668371 0.061558
vt 0.667878 0.061558
vt 0.667878 0.145739
vt 0.667878 0.142403
vt 0.668371 0.142403
vt 0.646665 0.042598
vt 0.646171 0.045933
vt 0.646171 0.111153
vt 0.646171 0.092808
vt 0.646665 0.130114
vt 0.646171 0.126778
vt 0.667878 0.042598
vt 0.668371 0.045933
vt 0.667878 0.130114
vt 0.668371 0.126778
vt 0.668371 0.092808
vt 0.668371 0.111153
vt 0.667878 0.117824
vt 0.667878 0.136169
vt 0.646665 0.136169
vt 0.646665 0.117824
vt 0.667878 0.155130
vt 0.646665 0.155130
vt 0.646171 0.102199
vt 0.646171 0.120544
vt 0.668371 0.102199
vt 0.668371 0.120544
vt 0.646665 0.083239
vt 0.646665 0.086574
vt 0.646171 0.086574
vt 0.646665 0.167419
vt 0.646665 0.170755
vt 0.646171 0.167419
vt 0.667878 0.083239
vt 0.668371 0.086574
vt 0.667878 0.086574
vt 0.667878 0.170755
vt 0.667878 0.167419
vt 0.668371 0.167419
vt 0.646665 0.067614
vt 0.646665 0.067614
vt 0.646171 0.070949
vt 0.646171 0.136169
vt 0.646171 0.117824
vt 0.646171 0.151794
vt 0.667878 0.067614
vt 0.667878 0.067614
vt 0.668371 0.070949
vt 0.668371 0.151794
vt 0.668371 0.117824
vt 0.668371 0.136169
vt 0.798466 0.130479
vt 0.796875 0.131921
vt 0.796875 0.111372
vt 0.798466 0.099229
vt 0.798932 0.100248
vt 0.799784 0.080122
vt 0.799125 0.080122
vt 0.794625 0.080122
vt 0.793966 0.080122
vt 0.794818 0.100248
vt 0.795284 0.099229
vt 0.796875 0.059572
vt 0.796875 0.058131
vt 0.794818 0.059996
vt 0.795284 0.061015
vt 0.799784 0.095747
vt 0.799125 0.111372
vt 0.798466 0.092265
vt 0.798932 0.075621
vt 0.796875 0.117737
vt 0.798932 0.115873
vt 0.794818 0.075621
vt 0.795284 0.092265
vt 0.794625 0.111372
vt 0.793966 0.095747
vt 0.794818 0.115873
vt 0.795284 0.130479
vt 0.796875 0.073756
vt 0.796875 0.090822
vt 0.796875 0.100671
vt 0.796875 0.102112
vt 0.798466 0.061015
vt 0.798932 0.059996
vt 0.849518 0.116593
vt 0.938787 0.034259
vt 0.938787 0.100968
vt 0.822676 0.164521
vt 0.938787 0.116593
vt 0.938787 0.049884
vt 0.938787 0.116593
vt 0.822676 0.133271
vt 0.824741 0.116593
vt 0.822676 0.085343
vt 0.824741 0.085343
vt 0.971048 0.116593
vt 0.938787 0.018634
vt 0.822676 0.100968
vt 0.822676 0.148896
vt 0.822676 0.116593
vt 0.824741 0.085343
vt 0.602460 0.606478
vt 0.602460 0.588105
vt 0.584088 0.588105
vt 0.584088 0.606478
vt 0.274888 0.664189
vt 0.272846 0.664189
vt 0.272846 0.662148
vt 0.274888 0.662148
vt 0.524888 0.556855
vt 0.522846 0.556855
vt 0.522846 0.554814
vt 0.524888 0.554814
vt 0.543260 0.554814
vt 0.543260 0.556855
vt 0.293260 0.662148
vt 0.293260 0.664189
vt 0.522846 0.554814
vt 0.522846 0.556855
vt 0.272846 0.662148
vt 0.272846 0.664189
vt 0.584088 0.554814
vt 0.584088 0.556855
vt 0.334088 0.662148
vt 0.334088 0.664189
vt 0.602460 0.554814
vt 0.602460 0.556855
vt 0.352460 0.662148
vt 0.352460 0.664189
vt 0.524888 0.588105
vt 0.524888 0.606478
vt 0.522846 0.606478
vt 0.522846 0.588105
vt 0.274888 0.612525
vt 0.274888 0.630898
vt 0.272846 0.630898
vt 0.272846 0.612525
vt 0.272846 0.630898
vt 0.272846 0.612525
vt 0.293260 0.630898
vt 0.293260 0.612525
vt 0.334088 0.630898
vt 0.334088 0.612525
vt 0.352460 0.612525
vt 0.352460 0.630898
vt 0.543260 0.606478
vt 0.543260 0.588105
vt 0.334088 0.643775
vt 0.293260 0.643775
vt 0.522846 0.606478
vt 0.522846 0.588105
vt 0.584088 0.575228
vt 0.543260 0.575228
vt 0.455514 0.982782
vt 0.451911 0.977026
vt 0.451911 0.896441
vt 0.455514 0.896441
vt 0.419482 0.982782
vt 0.419482 0.896441
vt 0.423085 0.896441
vt 0.423085 0.977026
vt 0.274888 0.592111
vt 0.272846 0.594153
vt 0.522846 0.624850
vt 0.522846 0.624850
vt 0.543260 0.626892
vt 0.524888 0.626892
vt 0.584088 0.626892
vt 0.602460 0.626892
vt 0.293260 0.592111
vt 0.334088 0.592111
vt 0.352460 0.592111
vt 0.274888 0.560861
vt 0.293260 0.560861
vt 0.272846 0.594153
vt 0.334088 0.560861
vt 0.604502 0.624850
vt 0.352460 0.560861
vt 0.272846 0.562903
vt 0.272846 0.562903
vt 0.423085 0.914526
vt 0.451911 0.914526
vt 0.451911 0.945776
vt 0.451911 0.865191
vt 0.423085 0.865191
vt 0.423085 0.945776
vt 0.451911 0.927691
vt 0.451911 0.912066
vt 0.423085 0.912066
vt 0.423085 0.927691
vt 0.014438 0.235562
vt 0.235562 0.235562
vt 0.235562 0.014438
vt 0.014438 0.014438
vt 0.604502 0.588105
vt 0.604502 0.606478
vt 0.604502 0.606478
vt 0.604502 0.588105
vt 0.604502 0.624850
vt 0.604502 0.556855
vt 0.604502 0.554814
vt 0.354502 0.662148
vt 0.354502 0.664189
vt 0.354502 0.630898
vt 0.354502 0.594153
vt 0.354502 0.664189
vt 0.354502 0.662148
vt 0.604502 0.554814
vt 0.604502 0.556855
vt 0.354502 0.594153
vt 0.354502 0.630898
vt 0.354502 0.562903
vt 0.584088 0.658142
vt 0.543260 0.658142
vt 0.602460 0.658142
vt 0.524888 0.658142
vt 0.522846 0.656100
vt 0.522846 0.656100
vt 0.604502 0.656100
vt 0.604502 0.656100
vt 0.000000 0.000000
vt 0.354502 0.562903
vt 0.408452 0.865191
vt 0.408452 0.945776
vt 0.430668 0.865191
vt 0.430668 0.945776
vt 0.430668 0.914526
vt 0.408452 0.914526
vt 0.405675 0.896441
vt 0.408452 0.896441
vt 0.433444 0.982782
vt 0.430668 0.977026
vt 0.408452 0.977026
vt 0.405675 0.982782
vt 0.430668 0.896441
vt 0.433444 0.896441
vt 0.701293 0.444532
vt 0.701676 0.455404
vt 0.699655 0.455404
vt 0.700038 0.444532
vt 0.699655 0.441335
vt 0.701676 0.441335
vt 0.711318 0.420447
vt 0.708506 0.420447
vt 0.699557 0.447291
vt 0.699751 0.451840
vt 0.699751 0.454354
vt 0.699557 0.445505
vt 0.698730 0.451840
vt 0.698924 0.445505
vt 0.698730 0.454354
vt 0.698924 0.447291
vt 0.698730 0.445019
vt 0.699751 0.445019
vt 0.699751 0.442504
vt 0.698730 0.442504
vt 0.698807 0.450220
vt 0.699286 0.444765
vt 0.699279 0.447671
vt 0.698812 0.448083
vt 0.698265 0.444760
vt 0.698178 0.448081
vt 0.698258 0.447666
vt 0.698173 0.450217
vt 0.697868 0.451756
vt 0.698889 0.451761
vt 0.698897 0.448855
vt 0.697876 0.448850
vt 0.192679 0.636035
vt 0.204316 0.636035
vt 0.204316 0.647672
vt 0.192679 0.647672
vt 0.169405 0.636035
vt 0.181042 0.636035
vt 0.181042 0.647672
vt 0.169405 0.647672
vt 0.169405 0.612761
vt 0.181042 0.612761
vt 0.181042 0.624398
vt 0.169405 0.624398
vt 0.192679 0.612761
vt 0.192679 0.624398
vt 0.204316 0.612761
vt 0.204316 0.624398
vt 0.587128 0.907519
vt 0.587128 0.895882
vt 0.552217 0.907519
vt 0.552217 0.919156
vt 0.575491 0.919156
vt 0.587128 0.919156
vt 0.563854 0.919156
vt 0.587128 0.884246
vt 0.552217 0.884246
vt 0.552217 0.895882
vt 0.563854 0.884246
vt 0.575491 0.884246
vt 0.354502 0.612525
vt 0.354502 0.612525
vt 0.849853 0.830845
vt 0.775149 0.830845
vt 0.849853 0.862095
vt 0.849853 0.881453
vt 0.775149 0.881453
vt 0.775149 0.862095
vt 0.849853 0.887905
vt 0.849853 0.881453
vt 0.849853 0.919155
vt 0.775149 0.919155
vt 0.775149 0.919155
vt 0.775149 0.881453
vt 0.775149 0.950405
vt 0.849853 0.950405
vt 0.775149 0.950405
vt 0.775149 0.887905
vt 0.775149 0.887905
vt 0.458144 0.953523
vt 0.404453 0.953523
vt 0.460479 0.830625
vt 0.460479 0.904314
vt 0.402119 0.854872
vt 0.402119 0.844522
vt 0.402119 0.830625
vt 0.402119 0.904314
vt 0.453476 0.867866
vt 0.451258 0.871017
vt 0.411340 0.871017
vt 0.409122 0.867866
vt 0.402119 0.861875
vt 0.460479 0.854872
vt 0.460479 0.844522
vt 0.404453 0.863197
vt 0.404453 0.857395
vt 0.458144 0.857395
vt 0.458144 0.863197
vt 0.460479 0.813272
vt 0.458144 0.813272
vt 0.404453 0.813272
vt 0.402119 0.813272
vt 0.458144 0.828897
vt 0.404453 0.828897
vt 0.404453 0.838235
vt 0.458144 0.838235
vt 0.460479 0.861875
vt 0.404453 0.935564
vt 0.402119 0.935564
vt 0.404453 0.937898
vt 0.460479 0.935564
vt 0.458144 0.935564
vt 0.458144 0.937898
vt 0.402119 0.870497
vt 0.404453 0.869485
vt 0.404453 0.873020
vt 0.460479 0.870497
vt 0.458144 0.873020
vt 0.458144 0.869485
vt 0.404453 0.831947
vt 0.404453 0.904314
vt 0.458144 0.904314
vt 0.458144 0.831947
vt 0.402119 0.860147
vt 0.404453 0.860147
vt 0.458144 0.860147
vt 0.460479 0.860147
vt 0.404453 0.878822
vt 0.402119 0.877500
vt 0.460479 0.877500
vt 0.458144 0.878822
vt 0.409122 0.884020
vt 0.411340 0.880868
vt 0.411340 0.824142
vt 0.409122 0.820991
vt 0.409122 0.836616
vt 0.409122 0.899645
vt 0.453476 0.899645
vt 0.453476 0.836616
vt 0.597456 0.767408
vt 0.520359 0.767408
vt 0.520359 0.976391
vt 0.597456 0.976391
vt 0.453476 0.820991
vt 0.451258 0.824142
vt 0.451258 0.880868
vt 0.453476 0.884020
vt 0.453476 0.868395
vt 0.451258 0.865243
vt 0.411340 0.865243
vt 0.409122 0.868395
vt 0.309835 0.329767
vt 0.321328 0.329767
vt 0.321328 0.371876
vt 0.309835 0.371876
vt 0.321328 0.424218
vt 0.317294 0.434485
vt 0.322754 0.434485
vt 0.329742 0.424218
vt 0.309835 0.424218
vt 0.309835 0.434485
vt 0.298341 0.424218
vt 0.302376 0.434485
vt 0.289928 0.424218
vt 0.296915 0.434485
vt 0.286848 0.424218
vt 0.294917 0.434485
vt 0.324753 0.434485
vt 0.332822 0.424218
vt 0.324753 0.382143
vt 0.324753 0.392410
vt 0.322754 0.392410
vt 0.322754 0.382143
vt 0.309835 0.312320
vt 0.309835 0.303764
vt 0.318328 0.303764
vt 0.321328 0.312320
vt 0.324544 0.303764
vt 0.329742 0.312320
vt 0.329742 0.329767
vt 0.329742 0.371876
vt 0.326820 0.303764
vt 0.332822 0.312320
vt 0.332822 0.329767
vt 0.332822 0.371876
vt 0.301342 0.303764
vt 0.298341 0.312320
vt 0.298341 0.329767
vt 0.298341 0.371876
vt 0.295125 0.303764
vt 0.289928 0.312320
vt 0.289928 0.329767
vt 0.289928 0.371876
vt 0.292850 0.303764
vt 0.286848 0.312320
vt 0.286848 0.329767
vt 0.286848 0.371876
vt 0.309835 0.382143
vt 0.309835 0.392410
vt 0.302376 0.392410
vt 0.302376 0.382143
vt 0.317294 0.392410
vt 0.317294 0.382143
vt 0.296915 0.392410
vt 0.296915 0.382143
vt 0.306683 0.404388
vt 0.308889 0.426634
vt 0.309835 0.426634
vt 0.309835 0.404388
vt 0.294917 0.392410
vt 0.294917 0.382143
vt 0.312987 0.439283
vt 0.317294 0.427305
vt 0.322754 0.427305
vt 0.315294 0.439283
vt 0.324753 0.427305
vt 0.316139 0.439283
vt 0.309835 0.427305
vt 0.309835 0.439283
vt 0.302376 0.427305
vt 0.306683 0.439283
vt 0.296915 0.427305
vt 0.304375 0.439283
vt 0.294917 0.427305
vt 0.303531 0.439283
vt 0.315294 0.404388
vt 0.311473 0.426634
vt 0.311726 0.426634
vt 0.316139 0.404388
vt 0.308197 0.426634
vt 0.304375 0.404388
vt 0.312987 0.404388
vt 0.310781 0.426634
vt 0.303531 0.404388
vt 0.307944 0.426634
vt 0.309835 0.462024
vt 0.309835 0.461529
vt 0.310781 0.461529
vt 0.311473 0.461529
vt 0.311726 0.461529
vt 0.308889 0.461529
vt 0.308197 0.461529
vt 0.307944 0.461529
vt 0.309835 0.286316
vt 0.318328 0.286316
vt 0.324544 0.286316
vt 0.326820 0.286316
vt 0.301342 0.286316
vt 0.295125 0.286316
vt 0.292850 0.286316
vt 0.934835 0.329767
vt 0.946328 0.329767
vt 0.946328 0.371876
vt 0.934835 0.371876
vt 0.946328 0.424218
vt 0.942294 0.434485
vt 0.947754 0.434485
vt 0.954742 0.424218
vt 0.934835 0.424218
vt 0.934835 0.434485
vt 0.923341 0.424218
vt 0.927376 0.434485
vt 0.914928 0.424218
vt 0.921915 0.434485
vt 0.911848 0.424218
vt 0.919917 0.434485
vt 0.949753 0.434485
vt 0.957822 0.424218
vt 0.949753 0.382143
vt 0.949753 0.392410
vt 0.947754 0.392410
vt 0.947754 0.382143
vt 0.934835 0.312320
vt 0.934835 0.303764
vt 0.943328 0.303764
vt 0.946328 0.312320
vt 0.949544 0.303764
vt 0.954742 0.312320
vt 0.954742 0.329767
vt 0.954742 0.371876
vt 0.951820 0.303764
vt 0.957822 0.312320
vt 0.957822 0.329767
vt 0.957822 0.371876
vt 0.926342 0.303764
vt 0.923341 0.312320
vt 0.923341 0.329767
vt 0.923341 0.371876
vt 0.920125 0.303764
vt 0.914928 0.312320
vt 0.914928 0.329767
vt 0.914928 0.371876
vt 0.917850 0.303764
vt 0.911848 0.312320
vt 0.911848 0.329767
vt 0.911848 0.371876
vt 0.934835 0.382143
vt 0.934835 0.392410
vt 0.927376 0.392410
vt 0.927376 0.382143
vt 0.942294 0.392410
vt 0.942294 0.382143
vt 0.921915 0.392410
vt 0.921915 0.382143
vt 0.931683 0.404388
vt 0.933889 0.426634
vt 0.934835 0.426634
vt 0.934835 0.404388
vt 0.919917 0.392410
vt 0.919917 0.382143
vt 0.937987 0.439283
vt 0.942294 0.427305
vt 0.947754 0.427305
vt 0.940294 0.439283
vt 0.949753 0.427305
vt 0.941139 0.439283
vt 0.934835 0.427305
vt 0.934835 0.439283
vt 0.927376 0.427305
vt 0.931683 0.439283
vt 0.921915 0.427305
vt 0.929375 0.439283
vt 0.919917 0.427305
vt 0.928531 0.439283
vt 0.940294 0.404388
vt 0.936473 0.426634
vt 0.936726 0.426634
vt 0.941139 0.404388
vt 0.933197 0.426634
vt 0.929375 0.404388
vt 0.937987 0.404388
vt 0.935781 0.426634
vt 0.928531 0.404388
vt 0.932944 0.426634
vt 0.934835 0.462024
vt 0.934835 0.461529
vt 0.935781 0.461529
vt 0.936473 0.461529
vt 0.936726 0.461529
vt 0.933889 0.461529
vt 0.933197 0.461529
vt 0.932944 0.461529
vt 0.934835 0.286316
vt 0.943328 0.286316
vt 0.949544 0.286316
vt 0.951820 0.286316
vt 0.926342 0.286316
vt 0.920125 0.286316
vt 0.917850 0.286316
s 0
usemtl restaurant.001
f 225/1/1 226/4/1 4/3/1 2/2/1
f 226/4/2 227/6/2 6/5/2 4/3/2
f 227/6/3 228/8/3 8/7/3 6/5/3
f 228/8/4 229/10/4 10/9/4 8/7/4
f 229/10/5 230/12/5 12/11/5 10/9/5
f 230/12/6 231/14/6 14/13/6 12/11/6
f 231/14/7 232/16/7 16/15/7 14/13/7
f 232/16/8 233/18/8 18/17/8 16/15/8
f 233/18/9 234/20/9 20/19/9 18/17/9
f 234/20/10 235/22/10 22/21/10 20/19/10
f 235/22/11 236/24/11 24/23/11 22/21/11
f 236/24/12 237/26/12 26/25/12 24/23/12
f 237/26/13 238/28/13 28/27/13 26/25/13
f 238/28/14 239/30/14 30/29/14 28/27/14
f 239/30/15 240/32/15 32/31/15 30/29/15
f 240/32/16 241/34/16 34/33/16 32/31/16
f 241/34/17 242/36/17 36/35/17 34/33/17
f 242/36/18 243/38/18 38/37/18 36/35/18
f 243/38/19 244/40/19 40/39/19 38/37/19
f 244/40/20 245/42/20 42/41/20 40/39/20
f 245/42/21 246/44/21 44/43/21 42/41/21
f 246/44/22 247/46/22 46/45/22 44/43/22
f 247/46/23 248/48/23 48/47/23 46/45/23
f 248/48/24 249/50/24 50/49/24 48/47/24
f 249/50/25 250/52/25 52/51/25 50/49/25
f 250/52/26 251/54/26 54/53/26 52/51/26
f 251/54/27 252/56/27 56/55/27 54/53/27
f 252/56/28 253/58/28 58/57/28 56/55/28
f 253/58/29 254/60/29 60/59/29 58/57/29
f 254/60/30 255/62/30 62/61/30 60/59/30
f 4/63/31 6/94/31 8/93/31 10/92/31 12/91/31 14/90/31 16/89/31 18/88/31 20/87/31 22/86/31 24/85/31 26/84/31 28/83/31 30/82/31 32/81/31 34/80/31 36/79/31 38/78/31 40/77/31 42/76/31 44/75/31 46/74/31 48/73/31 50/72/31 52/71/31 54/70/31 56/69/31 58/68/31 60/67/31 62/66/31 64/65/31 2/64/31
f 255/62/32 256/96/32 64/95/32 62/61/32
f 256/96/33 225/98/33 2/97/33 64/95/33
f 37/99/34 83/99/34 84/100/34 39/100/34
f 91/101/35 123/101/35 124/102/35 92/102/35
f 55/102/36 92/102/36 93/103/36 57/103/36
f 11/104/37 70/104/37 71/105/37 13/105/37
f 29/106/38 79/106/38 80/107/38 31/107/38
f 47/108/39 88/108/39 89/109/39 49/109/39
f 3/110/40 66/110/40 67/111/40 5/111/40
f 21/112/41 75/112/41 76/113/41 23/113/41
f 39/100/42 84/100/42 85/114/42 41/114/42
f 57/103/43 93/103/43 94/115/43 59/115/43
f 13/105/44 71/105/44 72/116/44 15/116/44
f 31/107/45 80/107/45 81/117/45 33/117/45
f 49/109/46 89/109/46 90/118/46 51/118/46
f 5/111/47 67/111/47 68/119/47 7/119/47
f 23/113/48 76/113/48 77/120/48 25/120/48
f 41/114/49 85/114/49 86/121/49 43/121/49
f 59/115/50 94/115/50 95/122/50 61/122/50
f 15/116/51 72/116/51 73/123/51 17/123/51
f 33/117/52 81/117/52 82/124/52 35/124/52
f 51/118/53 90/118/53 91/101/53 53/101/53
f 7/119/54 68/119/54 69/125/54 9/125/54
f 25/120/55 77/120/55 78/126/55 27/126/55
f 43/121/56 86/121/56 87/127/56 45/127/56
f 61/122/57 95/122/57 96/128/57 63/128/57
f 17/123/58 73/123/58 74/129/58 19/129/58
f 35/124/59 82/124/59 83/99/59 37/99/59
f 53/101/60 91/101/60 92/102/60 55/102/60
f 9/125/61 69/125/61 70/104/61 11/104/61
f 27/126/62 78/126/62 79/106/62 29/106/62
f 45/127/63 87/127/63 88/108/63 47/108/63
f 1/130/64 65/130/64 66/110/64 3/110/64
f 63/128/65 96/128/65 65/131/65 1/131/65
f 19/129/66 74/129/66 75/112/66 21/112/66
f 97/130/67 128/128/67 127/122/67 126/115/67 125/103/67 124/102/67 123/101/67 122/118/67 121/109/67 120/108/67 119/127/67 118/121/67 117/114/67 116/100/67 115/99/67 114/124/67 113/117/67 112/107/67 111/106/67 110/126/67 109/120/67 108/113/67 107/112/67 106/129/67 105/123/67 104/116/67 103/105/67 102/104/67 101/125/67 100/119/67 99/111/67 98/110/67
f 78/126/68 110/126/68 111/106/68 79/106/68
f 65/130/69 97/130/69 98/110/69 66/110/69
f 92/102/70 124/102/70 125/103/70 93/103/70
f 79/106/71 111/106/71 112/107/71 80/107/71
f 66/110/72 98/110/72 99/111/72 67/111/72
f 93/103/73 125/103/73 126/115/73 94/115/73
f 80/107/74 112/107/74 113/117/74 81/117/74
f 67/111/75 99/111/75 100/119/75 68/119/75
f 94/115/76 126/115/76 127/122/76 95/122/76
f 81/117/77 113/117/77 114/124/77 82/124/77
f 68/119/78 100/119/78 101/125/78 69/125/78
f 95/122/79 127/122/79 128/128/79 96/128/79
f 82/124/80 114/124/80 115/99/80 83/99/80
f 69/125/81 101/125/81 102/104/81 70/104/81
f 96/128/82 128/128/82 97/131/82 65/131/82
f 83/99/83 115/99/83 116/100/83 84/100/83
f 70/104/84 102/104/84 103/105/84 71/105/84
f 84/100/85 116/100/85 117/114/85 85/114/85
f 71/105/86 103/105/86 104/116/86 72/116/86
f 85/114/87 117/114/87 118/121/87 86/121/87
f 72/116/88 104/116/88 105/123/88 73/123/88
f 86/121/89 118/121/89 119/127/89 87/127/89
f 73/123/90 105/123/90 106/129/90 74/129/90
f 87/127/91 119/127/91 120/108/91 88/108/91
f 74/129/92 106/129/92 107/112/92 75/112/92
f 88/108/93 120/108/93 121/109/93 89/109/93
f 75/112/94 107/112/94 108/113/94 76/113/94
f 89/109/95 121/109/95 122/118/95 90/118/95
f 76/113/96 108/113/96 109/120/96 77/120/96
f 90/118/97 122/118/97 123/101/97 91/101/97
f 77/120/98 109/120/98 110/126/98 78/126/98
f 63/128/33 1/131/33 129/133/33 160/132/33
f 61/122/32 63/128/32 160/132/32 159/134/32
f 59/115/30 61/122/30 159/134/30 158/135/30
f 57/103/29 59/115/29 158/135/29 157/136/29
f 55/102/28 57/103/28 157/136/28 156/137/28
f 53/101/27 55/102/27 156/137/27 155/138/27
f 51/118/26 53/101/26 155/138/26 154/139/26
f 49/109/25 51/118/25 154/139/25 153/140/25
f 47/108/24 49/109/24 153/140/24 152/141/24
f 45/127/23 47/108/23 152/141/23 151/142/23
f 43/121/22 45/127/22 151/142/22 150/143/22
f 41/114/21 43/121/21 150/143/21 149/144/21
f 39/100/20 41/114/20 149/144/20 148/145/20
f 37/99/19 39/100/19 148/145/19 147/146/19
f 35/124/18 37/99/18 147/146/18 146/147/18
f 33/117/17 35/124/17 146/147/17 145/148/17
f 31/107/16 33/117/16 145/148/16 144/149/16
f 29/106/15 31/107/15 144/149/15 143/150/15
f 27/126/14 29/106/14 143/150/14 142/151/14
f 25/120/13 27/126/13 142/151/13 141/152/13
f 23/113/12 25/120/12 141/152/12 140/153/12
f 21/112/11 23/113/11 140/153/11 139/154/11
f 19/129/10 21/112/10 139/154/10 138/155/10
f 17/123/9 19/129/9 138/155/9 137/156/9
f 15/116/8 17/123/8 137/156/8 136/157/8
f 13/105/7 15/116/7 136/157/7 135/158/7
f 11/104/6 13/105/6 135/158/6 134/159/6
f 9/125/5 11/104/5 134/159/5 133/160/5
f 7/119/4 9/125/4 133/160/4 132/161/4
f 5/111/3 7/119/3 132/161/3 131/162/3
f 3/110/2 5/111/2 131/162/2 130/163/2
f 1/130/1 3/110/1 130/163/1 129/164/1
f 160/165/33 129/168/33 161/167/33 192/166/33
f 159/169/32 160/165/32 192/166/32 191/170/32
f 158/171/30 159/169/30 191/170/30 190/172/30
f 157/173/29 158/171/29 190/172/29 189/174/29
f 156/175/28 157/173/28 189/174/28 188/176/28
f 155/177/27 156/175/27 188/176/27 187/178/27
f 154/179/26 155/177/26 187/178/26 186/180/26
f 153/181/25 154/179/25 186/180/25 185/182/25
f 152/183/24 153/181/24 185/182/24 184/184/24
f 151/185/23 152/183/23 184/184/23 183/186/23
f 150/187/22 151/185/22 183/186/22 182/188/22
f 149/189/21 150/187/21 182/188/21 181/190/21
f 148/191/20 149/189/20 181/190/20 180/192/20
f 147/193/19 148/191/19 180/192/19 179/194/19
f 146/195/18 147/193/18 179/194/18 178/196/18
f 145/197/17 146/195/17 178/196/17 177/198/17
f 144/199/16 145/197/16 177/198/16 176/200/16
f 143/201/15 144/199/15 176/200/15 175/202/15
f 142/203/14 143/201/14 175/202/14 174/204/14
f 141/205/13 142/203/13 174/204/13 173/206/13
f 140/207/12 141/205/12 173/206/12 172/208/12
f 139/209/11 140/207/11 172/208/11 171/210/11
f 138/211/10 139/209/10 171/210/10 170/212/10
f 137/213/9 138/211/9 170/212/9 169/214/9
f 136/215/8 137/213/8 169/214/8 168/216/8
f 135/217/7 136/215/7 168/216/7 167/218/7
f 134/219/6 135/217/6 167/218/6 166/220/6
f 133/221/5 134/219/5 166/220/5 165/222/5
f 132/223/4 133/221/4 165/222/4 164/224/4
f 131/225/3 132/223/3 164/224/3 163/226/3
f 130/227/2 131/225/2 163/226/2 162/228/2
f 129/229/1 130/227/1 162/228/1 161/230/1
f 192/231/33 161/234/33 193/233/33 224/232/33
f 191/235/32 192/231/32 224/232/32 223/236/32
f 190/237/30 191/235/30 223/236/30 222/238/30
f 189/239/29 190/237/29 222/238/29 221/240/29
f 188/241/28 189/239/28 221/240/28 220/242/28
f 187/243/27 188/241/27 220/242/27 219/244/27
f 186/245/26 187/243/26 219/244/26 218/246/26
f 185/247/25 186/245/25 218/246/25 217/248/25
f 184/249/24 185/247/24 217/248/24 216/250/24
f 183/251/23 184/249/23 216/250/23 215/252/23
f 182/253/22 183/251/22 215/252/22 214/254/22
f 181/255/21 182/253/21 214/254/21 213/256/21
f 180/257/20 181/255/20 213/256/20 212/258/20
f 179/259/19 180/257/19 212/258/19 211/260/19
f 178/261/18 179/259/18 211/260/18 210/262/18
f 177/263/17 178/261/17 210/262/17 209/264/17
f 176/265/16 177/263/16 209/264/16 208/266/16
f 175/267/15 176/265/15 208/266/15 207/268/15
f 174/269/14 175/267/14 207/268/14 206/270/14
f 173/271/13 174/269/13 206/270/13 205/272/13
f 172/273/12 173/271/12 205/272/12 204/274/12
f 171/275/11 172/273/11 204/274/11 203/276/11
f 170/277/10 171/275/10 203/276/10 202/278/10
f 169/279/9 170/277/9 202/278/9 201/280/9
f 168/281/8 169/279/8 201/280/8 200/282/8
f 167/283/7 168/281/7 200/282/7 199/284/7
f 166/285/6 167/283/6 199/284/6 198/286/6
f 165/287/5 166/285/5 198/286/5 197/288/5
f 164/289/4 165/287/4 197/288/4 196/290/4
f 163/291/3 164/289/3 196/290/3 195/292/3
f 162/293/2 163/291/2 195/292/2 194/294/2
f 161/295/1 162/293/1 194/294/1 193/296/1
f 224/297/33 193/300/33 225/299/33 256/298/33
f 223/301/32 224/297/32 256/298/32 255/302/32
f 222/303/30 223/301/30 255/302/30 254/304/30
f 221/305/29 222/303/29 254/304/29 253/306/29
f 220/307/28 221/305/28 253/306/28 252/308/28
f 219/309/27 220/307/27 252/308/27 251/310/27
f 218/311/26 219/309/26 251/310/26 250/312/26
f 217/313/25 218/311/25 250/312/25 249/314/25
f 216/315/24 217/313/24 249/314/24 248/316/24
f 215/317/23 216/315/23 248/316/23 247/318/23
f 214/319/22 215/317/22 247/318/22 246/320/22
f 213/321/21 214/319/21 246/320/21 245/322/21
f 212/323/20 213/321/20 245/322/20 244/324/20
f 211/325/19 212/323/19 244/324/19 243/326/19
f 210/327/18 211/325/18 243/326/18 242/328/18
f 209/329/17 210/327/17 242/328/17 241/330/17
f 208/331/16 209/329/16 241/330/16 240/332/16
f 207/333/15 208/331/15 240/332/15 239/334/15
f 206/335/14 207/333/14 239/334/14 238/336/14
f 205/337/13 206/335/13 238/336/13 237/338/13
f 204/339/12 205/337/12 237/338/12 236/340/12
f 203/341/11 204/339/11 236/340/11 235/342/11
f 202/343/10 203/341/10 235/342/10 234/344/10
f 201/345/9 202/343/9 234/344/9 233/346/9
f 200/347/8 201/345/8 233/346/8 232/348/8
f 199/349/7 200/347/7 232/348/7 231/350/7
f 198/351/6 199/349/6 231/350/6 230/352/6
f 197/353/5 198/351/5 230/352/5 229/354/5
f 196/355/4 197/353/4 229/354/4 228/356/4
f 195/357/3 196/355/3 228/356/3 227/358/3
f 194/359/2 195/357/2 227/358/2 226/360/2
f 193/361/1 194/359/1 226/360/1 225/362/1
f 5307/1/1 5308/4/1 5086/3/1 5084/2/1
f 5308/4/2 5309/6/2 5088/5/2 5086/3/2
f 5309/6/3 5310/8/3 5090/7/3 5088/5/3
f 5310/8/4 5311/10/4 5092/9/4 5090/7/4
f 5311/10/5 5312/12/5 5094/11/5 5092/9/5
f 5312/12/6 5313/14/6 5096/13/6 5094/11/6
f 5313/14/7 5314/16/7 5098/15/7 5096/13/7
f 5314/16/8 5315/18/8 5100/17/8 5098/15/8
f 5315/18/9 5316/20/9 5102/19/9 5100/17/9
f 5316/20/10 5317/22/10 5104/21/10 5102/19/10
f 5317/22/11 5318/24/11 5106/23/11 5104/21/11
f 5318/24/12 5319/26/12 5108/25/12 5106/23/12
f 5319/26/13 5320/28/13 5110/27/13 5108/25/13
f 5320/28/14 5321/30/14 5112/29/14 5110/27/14
f 5321/30/15 5322/32/15 5114/31/15 5112/29/15
f 5322/32/16 5323/34/16 5116/33/16 5114/31/16
f 5323/34/17 5324/36/17 5118/35/17 5116/33/17
f 5324/36/18 5325/38/18 5120/37/18 5118/35/18
f 5325/38/19 5326/40/19 5122/39/19 5120/37/19
f 5326/40/20 5327/42/20 5124/41/20 5122/39/20
f 5327/42/21 5328/44/21 5126/43/21 5124/41/21
f 5328/44/22 5329/46/22 5128/45/22 5126/43/22
f 5329/46/23 5330/48/23 5130/47/23 5128/45/23
f 5330/48/24 5331/50/24 5132/49/24 5130/47/24
f 5331/50/25 5332/52/25 5134/51/25 5132/49/25
f 5332/52/26 5333/54/26 5136/53/26 5134/51/26
f 5333/54/27 5334/56/27 5138/55/27 5136/53/27
f 5334/56/28 5335/58/28 5140/57/28 5138/55/28
f 5335/58/29 5336/60/29 5142/59/29 5140/57/29
f 5336/60/30 5337/62/30 5144/61/30 5142/59/30
f 5086/63/31 5088/94/31 5090/93/31 5092/92/31 5094/91/31 5096/90/31 5098/89/31 5100/88/31 5102/87/31 5104/86/31 5106/85/31 5108/84/31 5110/83/31 5112/82/31 5114/81/31 5116/80/31 5118/79/31 5120/78/31 5122/77/31 5124/76/31 5126/75/31 5128/74/31 5130/73/31 5132/72/31 5134/71/31 5136/70/31 5138/69/31 5140/68/31 5142/67/31 5144/66/31 5146/65/31 5084/64/31
f 5337/62/32 5338/96/32 5146/95/32 5144/61/32
f 5338/96/33 5307/98/33 5084/97/33 5146/95/33
f 5119/99/34 5165/99/34 5166/100/34 5121/100/34
f 5173/101/35 5205/101/35 5206/102/35 5174/102/35
f 5137/102/36 5174/102/36 5175/103/36 5139/103/36
f 5093/104/37 5152/104/37 5153/105/37 5095/105/37
f 5111/106/38 5161/106/38 5162/107/38 5113/107/38
f 5129/108/39 5170/108/39 5171/109/39 5131/109/39
f 5085/110/40 5148/110/40 5149/111/40 5087/111/40
f 5103/112/41 5157/112/41 5158/113/41 5105/113/41
f 5121/100/42 5166/100/42 5167/114/42 5123/114/42
f 5139/103/43 5175/103/43 5176/115/43 5141/115/43
f 5095/105/44 5153/105/44 5154/116/44 5097/116/44
f 5113/107/45 5162/107/45 5163/117/45 5115/117/45
f 5131/109/46 5171/109/46 5172/118/46 5133/118/46
f 5087/111/47 5149/111/47 5150/119/47 5089/119/47
f 5105/113/48 5158/113/48 5159/120/48 5107/120/48
f 5123/114/49 5167/114/49 5168/121/49 5125/121/49
f 5141/115/50 5176/115/50 5177/122/50 5143/122/50
f 5097/116/51 5154/116/51 5155/123/51 5099/123/51
f 5115/117/52 5163/117/52 5164/124/52 5117/124/52
f 5133/118/53 5172/118/53 5173/101/53 5135/101/53
f 5089/119/54 5150/119/54 5151/125/54 5091/125/54
f 5107/120/55 5159/120/55 5160/126/55 5109/126/55
f 5125/121/56 5168/121/56 5169/127/56 5127/127/56
f 5143/122/57 5177/122/57 5178/128/57 5145/128/57
f 5099/123/58 5155/123/58 5156/129/58 5101/129/58
f 5117/124/59 5164/124/59 5165/99/59 5119/99/59
f 5135/101/60 5173/101/60 5174/102/60 5137/102/60
f 5091/125/61 5151/125/61 5152/104/61 5093/104/61
f 5109/126/62 5160/126/62 5161/106/62 5111/106/62
f 5127/127/63 5169/127/63 5170/108/63 5129/108/63
f 5083/130/64 5147/130/64 5148/110/64 5085/110/64
f 5145/128/65 5178/128/65 5147/131/65 5083/131/65
f 5101/129/66 5156/129/66 5157/112/66 5103/112/66
f 5179/130/67 5210/128/67 5209/122/67 5208/115/67 5207/103/67 5206/102/67 5205/101/67 5204/118/67 5203/109/67 5202/108/67 5201/127/67 5200/121/67 5199/114/67 5198/100/67 5197/99/67 5196/124/67 5195/117/67 5194/107/67 5193/106/67 5192/126/67 5191/120/67 5190/113/67 5189/112/67 5188/129/67 5187/123/67 5186/116/67 5185/105/67 5184/104/67 5183/125/67 5182/119/67 5181/111/67 5180/110/67
f 5160/126/68 5192/126/68 5193/106/68 5161/106/68
f 5147/130/69 5179/130/69 5180/110/69 5148/110/69
f 5174/102/70 5206/102/70 5207/103/70 5175/103/70
f 5161/106/71 5193/106/71 5194/107/71 5162/107/71
f 5148/110/72 5180/110/72 5181/111/72 5149/111/72
f 5175/103/73 5207/103/73 5208/115/73 5176/115/73
f 5162/107/74 5194/107/74 5195/117/74 5163/117/74
f 5149/111/75 5181/111/75 5182/119/75 5150/119/75
f 5176/115/76 5208/115/76 5209/122/76 5177/122/76
f 5163/117/77 5195/117/77 5196/124/77 5164/124/77
f 5150/119/78 5182/119/78 5183/125/78 5151/125/78
f 5177/122/79 5209/122/79 5210/128/79 5178/128/79
f 5164/124/80 5196/124/80 5197/99/80 5165/99/80
f 5151/125/81 5183/125/81 5184/104/81 5152/104/81
f 5178/128/82 5210/128/82 5179/131/82 5147/131/82
f 5165/99/83 5197/99/83 5198/100/83 5166/100/83
f 5152/104/84 5184/104/84 5185/105/84 5153/105/84
f 5166/100/85 5198/100/85 5199/114/85 5167/114/85
f 5153/105/86 5185/105/86 5186/116/86 5154/116/86
f 5167/114/87 5199/114/87 5200/121/87 5168/121/87
f 5154/116/88 5186/116/88 5187/123/88 5155/123/88
f 5168/121/89 5200/121/89 5201/127/89 5169/127/89
f 5155/123/90 5187/123/90 5188/129/90 5156/129/90
f 5169/127/91 5201/127/91 5202/108/91 5170/108/91
f 5156/129/92 5188/129/92 5189/112/92 5157/112/92
f 5170/108/93 5202/108/93 5203/109/93 5171/109/93
f 5157/112/94 5189/112/94 5190/113/94 5158/113/94
f 5171/109/95 5203/109/95 5204/118/95 5172/118/95
f 5158/113/96 5190/113/96 5191/120/96 5159/120/96
f 5172/118/97 5204/118/97 5205/101/97 5173/101/97
f 5159/120/98 5191/120/98 5192/126/98 5160/126/98
f 5145/128/33 5083/131/33 5211/133/33 5242/132/33
f 5143/122/32 5145/128/32 5242/132/32 5241/134/32
f 5141/115/30 5143/122/30 5241/134/30 5240/135/30
f 5139/103/29 5141/115/29 5240/135/29 5239/136/29
f 5137/102/28 5139/103/28 5239/136/28 5238/137/28
f 5135/101/27 5137/102/27 5238/137/27 5237/138/27
f 5133/118/26 5135/101/26 5237/138/26 5236/139/26
f 5131/109/25 5133/118/25 5236/139/25 5235/140/25
f 5129/108/24 5131/109/24 5235/140/24 5234/141/24
f 5127/127/23 5129/108/23 5234/141/23 5233/142/23
f 5125/121/22 5127/127/22 5233/142/22 5232/143/22
f 5123/114/21 5125/121/21 5232/143/21 5231/144/21
f 5121/100/20 5123/114/20 5231/144/20 5230/145/20
f 5119/99/19 5121/100/19 5230/145/19 5229/146/19
f 5117/124/18 5119/99/18 5229/146/18 5228/147/18
f 5115/117/17 5117/124/17 5228/147/17 5227/148/17
f 5113/107/16 5115/117/16 5227/148/16 5226/149/16
f 5111/106/15 5113/107/15 5226/149/15 5225/150/15
f 5109/126/14 5111/106/14 5225/150/14 5224/151/14
f 5107/120/13 5109/126/13 5224/151/13 5223/152/13
f 5105/113/12 5107/120/12 5223/152/12 5222/153/12
f 5103/112/11 5105/113/11 5222/153/11 5221/154/11
f 5101/129/10 5103/112/10 5221/154/10 5220/155/10
f 5099/123/9 5101/129/9 5220/155/9 5219/156/9
f 5097/116/8 5099/123/8 5219/156/8 5218/157/8
f 5095/105/7 5097/116/7 5218/157/7 5217/158/7
f 5093/104/6 5095/105/6 5217/158/6 5216/159/6
f 5091/125/5 5093/104/5 5216/159/5 5215/160/5
f 5089/119/4 5091/125/4 5215/160/4 5214/161/4
f 5087/111/3 5089/119/3 5214/161/3 5213/162/3
f 5085/110/2 5087/111/2 5213/162/2 5212/163/2
f 5083/130/1 5085/110/1 5212/163/1 5211/164/1
f 5242/165/33 5211/168/33 5243/167/33 5274/166/33
f 5241/169/32 5242/165/32 5274/166/32 5273/170/32
f 5240/171/30 5241/169/30 5273/170/30 5272/172/30
f 5239/173/29 5240/171/29 5272/172/29 5271/174/29
f 5238/175/28 5239/173/28 5271/174/28 5270/176/28
f 5237/177/27 5238/175/27 5270/176/27 5269/178/27
f 5236/179/26 5237/177/26 5269/178/26 5268/180/26
f 5235/181/25 5236/179/25 5268/180/25 5267/182/25
f 5234/183/24 5235/181/24 5267/182/24 5266/184/24
f 5233/185/23 5234/183/23 5266/184/23 5265/186/23
f 5232/187/22 5233/185/22 5265/186/22 5264/188/22
f 5231/189/21 5232/187/21 5264/188/21 5263/190/21
f 5230/191/20 5231/189/20 5263/190/20 5262/192/20
f 5229/193/19 5230/191/19 5262/192/19 5261/194/19
f 5228/195/18 5229/193/18 5261/194/18 5260/196/18
f 5227/197/17 5228/195/17 5260/196/17 5259/198/17
f 5226/199/16 5227/197/16 5259/198/16 5258/200/16
f 5225/201/15 5226/199/15 5258/200/15 5257/202/15
f 5224/203/14 5225/201/14 5257/202/14 5256/204/14
f 5223/205/13 5224/203/13 5256/204/13 5255/206/13
f 5222/207/12 5223/205/12 5255/206/12 5254/208/12
f 5221/209/11 5222/207/11 5254/208/11 5253/210/11
f 5220/211/10 5221/209/10 5253/210/10 5252/212/10
f 5219/213/9 5220/211/9 5252/212/9 5251/214/9
f 5218/215/8 5219/213/8 5251/214/8 5250/216/8
f 5217/217/7 5218/215/7 5250/216/7 5249/218/7
f 5216/219/6 5217/217/6 5249/218/6 5248/220/6
f 5215/221/5 5216/219/5 5248/220/5 5247/222/5
f 5214/223/4 5215/221/4 5247/222/4 5246/224/4
f 5213/225/3 5214/223/3 5246/224/3 5245/226/3
f 5212/227/2 5213/225/2 5245/226/2 5244/228/2
f 5211/229/1 5212/227/1 5244/228/1 5243/230/1
f 5274/231/33 5243/234/33 5275/233/33 5306/232/33
f 5273/235/32 5274/231/32 5306/232/32 5305/236/32
f 5272/237/30 5273/235/30 5305/236/30 5304/238/30
f 5271/239/29 5272/237/29 5304/238/29 5303/240/29
f 5270/241/28 5271/239/28 5303/240/28 5302/242/28
f 5269/243/27 5270/241/27 5302/242/27 5301/244/27
f 5268/245/26 5269/243/26 5301/244/26 5300/246/26
f 5267/247/25 5268/245/25 5300/246/25 5299/248/25
f 5266/249/24 5267/247/24 5299/248/24 5298/250/24
f 5265/251/23 5266/249/23 5298/250/23 5297/252/23
f 5264/253/22 5265/251/22 5297/252/22 5296/254/22
f 5263/255/21 5264/253/21 5296/254/21 5295/256/21
f 5262/257/20 5263/255/20 5295/256/20 5294/258/20
f 5261/259/19 5262/257/19 5294/258/19 5293/260/19
f 5260/261/18 5261/259/18 5293/260/18 5292/262/18
f 5259/263/17 5260/261/17 5292/262/17 5291/264/17
f 5258/265/16 5259/263/16 5291/264/16 5290/266/16
f 5257/267/15 5258/265/15 5290/266/15 5289/268/15
f 5256/269/14 5257/267/14 5289/268/14 5288/270/14
f 5255/271/13 5256/269/13 5288/270/13 5287/272/13
f 5254/273/12 5255/271/12 5287/272/12 5286/274/12
f 5253/275/11 5254/273/11 5286/274/11 5285/276/11
f 5252/277/10 5253/275/10 5285/276/10 5284/278/10
f 5251/279/9 5252/277/9 5284/278/9 5283/280/9
f 5250/281/8 5251/279/8 5283/280/8 5282/282/8
f 5249/283/7 5250/281/7 5282/282/7 5281/284/7
f 5248/285/6 5249/283/6 5281/284/6 5280/286/6
f 5247/287/5 5248/285/5 5280/286/5 5279/288/5
f 5246/289/4 5247/287/4 5279/288/4 5278/290/4
f 5245/291/3 5246/289/3 5278/290/3 5277/292/3
f 5244/293/2 5245/291/2 5277/292/2 5276/294/2
f 5243/295/1 5244/293/1 5276/294/1 5275/296/1
f 5306/297/33 5275/300/33 5307/299/33 5338/298/33
f 5305/301/32 5306/297/32 5338/298/32 5337/302/32
f 5304/303/30 5305/301/30 5337/302/30 5336/304/30
f 5303/305/29 5304/303/29 5336/304/29 5335/306/29
f 5302/307/28 5303/305/28 5335/306/28 5334/308/28
f 5301/309/27 5302/307/27 5334/308/27 5333/310/27
f 5300/311/26 5301/309/26 5333/310/26 5332/312/26
f 5299/313/25 5300/311/25 5332/312/25 5331/314/25
f 5298/315/24 5299/313/24 5331/314/24 5330/316/24
f 5297/317/23 5298/315/23 5330/316/23 5329/318/23
f 5296/319/22 5297/317/22 5329/318/22 5328/320/22
f 5295/321/21 5296/319/21 5328/320/21 5327/322/21
f 5294/323/20 5295/321/20 5327/322/20 5326/324/20
f 5293/325/19 5294/323/19 5326/324/19 5325/326/19
f 5292/327/18 5293/325/18 5325/326/18 5324/328/18
f 5291/329/17 5292/327/17 5324/328/17 5323/330/17
f 5290/331/16 5291/329/16 5323/330/16 5322/332/16
f 5289/333/15 5290/331/15 5322/332/15 5321/334/15
f 5288/335/14 5289/333/14 5321/334/14 5320/336/14
f 5287/337/13 5288/335/13 5320/336/13 5319/338/13
f 5286/339/12 5287/337/12 5319/338/12 5318/340/12
f 5285/341/11 5286/339/11 5318/340/11 5317/342/11
f 5284/343/10 5285/341/10 5317/342/10 5316/344/10
f 5283/345/9 5284/343/9 5316/344/9 5315/346/9
f 5282/347/8 5283/345/8 5315/346/8 5314/348/8
f 5281/349/7 5282/347/7 5314/348/7 5313/350/7
f 5280/351/6 5281/349/6 5313/350/6 5312/352/6
f 5279/353/5 5280/351/5 5312/352/5 5311/354/5
f 5278/355/4 5279/353/4 5311/354/4 5310/356/4
f 5277/357/3 5278/355/3 5310/356/3 5309/358/3
f 5276/359/2 5277/357/2 5309/358/2 5308/360/2
f 5275/361/1 5276/359/1 5308/360/1 5307/362/1
f 5883/1/1 5884/4/1 5662/3/1 5660/2/1
f 5884/4/2 5885/6/2 5664/5/2 5662/3/2
f 5885/6/3 5886/8/3 5666/7/3 5664/5/3
f 5886/8/4 5887/10/4 5668/9/4 5666/7/4
f 5887/10/5 5888/12/5 5670/11/5 5668/9/5
f 5888/12/6 5889/14/6 5672/13/6 5670/11/6
f 5889/14/7 5890/16/7 5674/15/7 5672/13/7
f 5890/16/8 5891/18/8 5676/17/8 5674/15/8
f 5891/18/9 5892/20/9 5678/19/9 5676/17/9
f 5892/20/10 5893/22/10 5680/21/10 5678/19/10
f 5893/22/11 5894/24/11 5682/23/11 5680/21/11
f 5894/24/12 5895/26/12 5684/25/12 5682/23/12
f 5895/26/13 5896/28/13 5686/27/13 5684/25/13
f 5896/28/14 5897/30/14 5688/29/14 5686/27/14
f 5897/30/15 5898/32/15 5690/31/15 5688/29/15
f 5898/32/16 5899/34/16 5692/33/16 5690/31/16
f 5899/34/17 5900/36/17 5694/35/17 5692/33/17
f 5900/36/18 5901/38/18 5696/37/18 5694/35/18
f 5901/38/19 5902/40/19 5698/39/19 5696/37/19
f 5902/40/20 5903/42/20 5700/41/20 5698/39/20
f 5903/42/21 5904/44/21 5702/43/21 5700/41/21
f 5904/44/22 5905/46/22 5704/45/22 5702/43/22
f 5905/46/23 5906/48/23 5706/47/23 5704/45/23
f 5906/48/24 5907/50/24 5708/49/24 5706/47/24
f 5907/50/25 5908/52/25 5710/51/25 5708/49/25
f 5908/52/26 5909/54/26 5712/53/26 5710/51/26
f 5909/54/27 5910/56/27 5714/55/27 5712/53/27
f 5910/56/28 5911/58/28 5716/57/28 5714/55/28
f 5911/58/29 5912/60/29 5718/59/29 5716/57/29
f 5912/60/30 5913/62/30 5720/61/30 5718/59/30
f 5662/63/31 5664/94/31 5666/93/31 5668/92/31 5670/91/31 5672/90/31 5674/89/31 5676/88/31 5678/87/31 5680/86/31 5682/85/31 5684/84/31 5686/83/31 5688/82/31 5690/81/31 5692/80/31 5694/79/31 5696/78/31 5698/77/31 5700/76/31 5702/75/31 5704/74/31 5706/73/31 5708/72/31 5710/71/31 5712/70/31 5714/69/31 5716/68/31 5718/67/31 5720/66/31 5722/65/31 5660/64/31
f 5913/62/32 5914/96/32 5722/95/32 5720/61/32
f 5914/96/33 5883/98/33 5660/97/33 5722/95/33
f 5695/99/34 5741/99/34 5742/100/34 5697/100/34
f 5749/101/35 5781/101/35 5782/102/35 5750/102/35
f 5713/102/36 5750/102/36 5751/103/36 5715/103/36
f 5669/104/37 5728/104/37 5729/105/37 5671/105/37
f 5687/106/38 5737/106/38 5738/107/38 5689/107/38
f 5705/108/39 5746/108/39 5747/109/39 5707/109/39
f 5661/110/40 5724/110/40 5725/111/40 5663/111/40
f 5679/112/41 5733/112/41 5734/113/41 5681/113/41
f 5697/100/42 5742/100/42 5743/114/42 5699/114/42
f 5715/103/43 5751/103/43 5752/115/43 5717/115/43
f 5671/105/44 5729/105/44 5730/116/44 5673/116/44
f 5689/107/45 5738/107/45 5739/117/45 5691/117/45
f 5707/109/46 5747/109/46 5748/118/46 5709/118/46
f 5663/111/47 5725/111/47 5726/119/47 5665/119/47
f 5681/113/48 5734/113/48 5735/120/48 5683/120/48
f 5699/114/49 5743/114/49 5744/121/49 5701/121/49
f 5717/115/50 5752/115/50 5753/122/50 5719/122/50
f 5673/116/51 5730/116/51 5731/123/51 5675/123/51
f 5691/117/52 5739/117/52 5740/124/52 5693/124/52
f 5709/118/53 5748/118/53 5749/101/53 5711/101/53
f 5665/119/54 5726/119/54 5727/125/54 5667/125/54
f 5683/120/55 5735/120/55 5736/126/55 5685/126/55
f 5701/121/56 5744/121/56 5745/127/56 5703/127/56
f 5719/122/57 5753/122/57 5754/128/57 5721/128/57
f 5675/123/58 5731/123/58 5732/129/58 5677/129/58
f 5693/124/59 5740/124/59 5741/99/59 5695/99/59
f 5711/101/60 5749/101/60 5750/102/60 5713/102/60
f 5667/125/61 5727/125/61 5728/104/61 5669/104/61
f 5685/126/62 5736/126/62 5737/106/62 5687/106/62
f 5703/127/63 5745/127/63 5746/108/63 5705/108/63
f 5659/130/64 5723/130/64 5724/110/64 5661/110/64
f 5721/128/65 5754/128/65 5723/131/65 5659/131/65
f 5677/129/66 5732/129/66 5733/112/66 5679/112/66
f 5755/130/67 5786/128/67 5785/122/67 5784/115/67 5783/103/67 5782/102/67 5781/101/67 5780/118/67 5779/109/67 5778/108/67 5777/127/67 5776/121/67 5775/114/67 5774/100/67 5773/99/67 5772/124/67 5771/117/67 5770/107/67 5769/106/67 5768/126/67 5767/120/67 5766/113/67 5765/112/67 5764/129/67 5763/123/67 5762/116/67 5761/105/67 5760/104/67 5759/125/67 5758/119/67 5757/111/67 5756/110/67
f 5736/126/68 5768/126/68 5769/106/68 5737/106/68
f 5723/130/69 5755/130/69 5756/110/69 5724/110/69
f 5750/102/70 5782/102/70 5783/103/70 5751/103/70
f 5737/106/71 5769/106/71 5770/107/71 5738/107/71
f 5724/110/72 5756/110/72 5757/111/72 5725/111/72
f 5751/103/73 5783/103/73 5784/115/73 5752/115/73
f 5738/107/74 5770/107/74 5771/117/74 5739/117/74
f 5725/111/75 5757/111/75 5758/119/75 5726/119/75
f 5752/115/76 5784/115/76 5785/122/76 5753/122/76
f 5739/117/77 5771/117/77 5772/124/77 5740/124/77
f 5726/119/78 5758/119/78 5759/125/78 5727/125/78
f 5753/122/79 5785/122/79 5786/128/79 5754/128/79
f 5740/124/80 5772/124/80 5773/99/80 5741/99/80
f 5727/125/81 5759/125/81 5760/104/81 5728/104/81
f 5754/128/82 5786/128/82 5755/131/82 5723/131/82
f 5741/99/83 5773/99/83 5774/100/83 5742/100/83
f 5728/104/84 5760/104/84 5761/105/84 5729/105/84
f 5742/100/85 5774/100/85 5775/114/85 5743/114/85
f 5729/105/86 5761/105/86 5762/116/86 5730/116/86
f 5743/114/87 5775/114/87 5776/121/87 5744/121/87
f 5730/116/88 5762/116/88 5763/123/88 5731/123/88
f 5744/121/89 5776/121/89 5777/127/89 5745/127/89
f 5731/123/90 5763/123/90 5764/129/90 5732/129/90
f 5745/127/91 5777/127/91 5778/108/91 5746/108/91
f 5732/129/92 5764/129/92 5765/112/92 5733/112/92
f 5746/108/93 5778/108/93 5779/109/93 5747/109/93
f 5733/112/94 5765/112/94 5766/113/94 5734/113/94
f 5747/109/95 5779/109/95 5780/118/95 5748/118/95
f 5734/113/96 5766/113/96 5767/120/96 5735/120/96
f 5748/118/97 5780/118/97 5781/101/97 5749/101/97
f 5735/120/98 5767/120/98 5768/126/98 5736/126/98
f 5721/128/33 5659/131/33 5787/133/33 5818/132/33
f 5719/122/32 5721/128/32 5818/132/32 5817/134/32
f 5717/115/30 5719/122/30 5817/134/30 5816/135/30
f 5715/103/29 5717/115/29 5816/135/29 5815/136/29
f 5713/102/28 5715/103/28 5815/136/28 5814/137/28
f 5711/101/27 5713/102/27 5814/137/27 5813/138/27
f 5709/118/26 5711/101/26 5813/138/26 5812/139/26
f 5707/109/25 5709/118/25 5812/139/25 5811/140/25
f 5705/108/24 5707/109/24 5811/140/24 5810/141/24
f 5703/127/23 5705/108/23 5810/141/23 5809/142/23
f 5701/121/22 5703/127/22 5809/142/22 5808/143/22
f 5699/114/21 5701/121/21 5808/143/21 5807/144/21
f 5697/100/20 5699/114/20 5807/144/20 5806/145/20
f 5695/99/19 5697/100/19 5806/145/19 5805/146/19
f 5693/124/18 5695/99/18 5805/146/18 5804/147/18
f 5691/117/17 5693/124/17 5804/147/17 5803/148/17
f 5689/107/16 5691/117/16 5803/148/16 5802/149/16
f 5687/106/15 5689/107/15 5802/149/15 5801/150/15
f 5685/126/14 5687/106/14 5801/150/14 5800/151/14
f 5683/120/13 5685/126/13 5800/151/13 5799/152/13
f 5681/113/12 5683/120/12 5799/152/12 5798/153/12
f 5679/112/11 5681/113/11 5798/153/11 5797/154/11
f 5677/129/10 5679/112/10 5797/154/10 5796/155/10
f 5675/123/9 5677/129/9 5796/155/9 5795/156/9
f 5673/116/8 5675/123/8 5795/156/8 5794/157/8
f 5671/105/7 5673/116/7 5794/157/7 5793/158/7
f 5669/104/6 5671/105/6 5793/158/6 5792/159/6
f 5667/125/5 5669/104/5 5792/159/5 5791/160/5
f 5665/119/4 5667/125/4 5791/160/4 5790/161/4
f 5663/111/3 5665/119/3 5790/161/3 5789/162/3
f 5661/110/2 5663/111/2 5789/162/2 5788/163/2
f 5659/130/1 5661/110/1 5788/163/1 5787/164/1
f 5818/165/33 5787/168/33 5819/167/33 5850/166/33
f 5817/169/32 5818/165/32 5850/166/32 5849/170/32
f 5816/171/30 5817/169/30 5849/170/30 5848/172/30
f 5815/173/29 5816/171/29 5848/172/29 5847/174/29
f 5814/175/28 5815/173/28 5847/174/28 5846/176/28
f 5813/177/27 5814/175/27 5846/176/27 5845/178/27
f 5812/179/26 5813/177/26 5845/178/26 5844/180/26
f 5811/181/25 5812/179/25 5844/180/25 5843/182/25
f 5810/183/24 5811/181/24 5843/182/24 5842/184/24
f 5809/185/23 5810/183/23 5842/184/23 5841/186/23
f 5808/187/22 5809/185/22 5841/186/22 5840/188/22
f 5807/189/21 5808/187/21 5840/188/21 5839/190/21
f 5806/191/20 5807/189/20 5839/190/20 5838/192/20
f 5805/193/19 5806/191/19 5838/192/19 5837/194/19
f 5804/195/18 5805/193/18 5837/194/18 5836/196/18
f 5803/197/17 5804/195/17 5836/196/17 5835/198/17
f 5802/199/16 5803/197/16 5835/198/16 5834/200/16
f 5801/201/15 5802/199/15 5834/200/15 5833/202/15
f 5800/203/14 5801/201/14 5833/202/14 5832/204/14
f 5799/205/13 5800/203/13 5832/204/13 5831/206/13
f 5798/207/12 5799/205/12 5831/206/12 5830/208/12
f 5797/209/11 5798/207/11 5830/208/11 5829/210/11
f 5796/211/10 5797/209/10 5829/210/10 5828/212/10
f 5795/213/9 5796/211/9 5828/212/9 5827/214/9
f 5794/215/8 5795/213/8 5827/214/8 5826/216/8
f 5793/217/7 5794/215/7 5826/216/7 5825/218/7
f 5792/219/6 5793/217/6 5825/218/6 5824/220/6
f 5791/221/5 5792/219/5 5824/220/5 5823/222/5
f 5790/223/4 5791/221/4 5823/222/4 5822/224/4
f 5789/225/3 5790/223/3 5822/224/3 5821/226/3
f 5788/227/2 5789/225/2 5821/226/2 5820/228/2
f 5787/229/1 5788/227/1 5820/228/1 5819/230/1
f 5850/231/33 5819/234/33 5851/233/33 5882/232/33
f 5849/235/32 5850/231/32 5882/232/32 5881/236/32
f 5848/237/30 5849/235/30 5881/236/30 5880/238/30
f 5847/239/29 5848/237/29 5880/238/29 5879/240/29
f 5846/241/28 5847/239/28 5879/240/28 5878/242/28
f 5845/243/27 5846/241/27 5878/242/27 5877/244/27
f 5844/245/26 5845/243/26 5877/244/26 5876/246/26
f 5843/247/25 5844/245/25 5876/246/25 5875/248/25
f 5842/249/24 5843/247/24 5875/248/24 5874/250/24
f 5841/251/23 5842/249/23 5874/250/23 5873/252/23
f 5840/253/22 5841/251/22 5873/252/22 5872/254/22
f 5839/255/21 5840/253/21 5872/254/21 5871/256/21
f 5838/257/20 5839/255/20 5871/256/20 5870/258/20
f 5837/259/19 5838/257/19 5870/258/19 5869/260/19
f 5836/261/18 5837/259/18 5869/260/18 5868/262/18
f 5835/263/17 5836/261/17 5868/262/17 5867/264/17
f 5834/265/16 5835/263/16 5867/264/16 5866/266/16
f 5833/267/15 5834/265/15 5866/266/15 5865/268/15
f 5832/269/14 5833/267/14 5865/268/14 5864/270/14
f 5831/271/13 5832/269/13 5864/270/13 5863/272/13
f 5830/273/12 5831/271/12 5863/272/12 5862/274/12
f 5829/275/11 5830/273/11 5862/274/11 5861/276/11
f 5828/277/10 5829/275/10 5861/276/10 5860/278/10
f 5827/279/9 5828/277/9 5860/278/9 5859/280/9
f 5826/281/8 5827/279/8 5859/280/8 5858/282/8
f 5825/283/7 5826/281/7 5858/282/7 5857/284/7
f 5824/285/6 5825/283/6 5857/284/6 5856/286/6
f 5823/287/5 5824/285/5 5856/286/5 5855/288/5
f 5822/289/4 5823/287/4 5855/288/4 5854/290/4
f 5821/291/3 5822/289/3 5854/290/3 5853/292/3
f 5820/293/2 5821/291/2 5853/292/2 5852/294/2
f 5819/295/1 5820/293/1 5852/294/1 5851/296/1
f 5882/297/33 5851/300/33 5883/299/33 5914/298/33
f 5881/301/32 5882/297/32 5914/298/32 5913/302/32
f 5880/303/30 5881/301/30 5913/302/30 5912/304/30
f 5879/305/29 5880/303/29 5912/304/29 5911/306/29
f 5878/307/28 5879/305/28 5911/306/28 5910/308/28
f 5877/309/27 5878/307/27 5910/308/27 5909/310/27
f 5876/311/26 5877/309/26 5909/310/26 5908/312/26
f 5875/313/25 5876/311/25 5908/312/25 5907/314/25
f 5874/315/24 5875/313/24 5907/314/24 5906/316/24
f 5873/317/23 5874/315/23 5906/316/23 5905/318/23
f 5872/319/22 5873/317/22 5905/318/22 5904/320/22
f 5871/321/21 5872/319/21 5904/320/21 5903/322/21
f 5870/323/20 5871/321/20 5903/322/20 5902/324/20
f 5869/325/19 5870/323/19 5902/324/19 5901/326/19
f 5868/327/18 5869/325/18 5901/326/18 5900/328/18
f 5867/329/17 5868/327/17 5900/328/17 5899/330/17
f 5866/331/16 5867/329/16 5899/330/16 5898/332/16
f 5865/333/15 5866/331/15 5898/332/15 5897/334/15
f 5864/335/14 5865/333/14 5897/334/14 5896/336/14
f 5863/337/13 5864/335/13 5896/336/13 5895/338/13
f 5862/339/12 5863/337/12 5895/338/12 5894/340/12
f 5861/341/11 5862/339/11 5894/340/11 5893/342/11
f 5860/343/10 5861/341/10 5893/342/10 5892/344/10
f 5859/345/9 5860/343/9 5892/344/9 5891/346/9
f 5858/347/8 5859/345/8 5891/346/8 5890/348/8
f 5857/349/7 5858/347/7 5890/348/7 5889/350/7
f 5856/351/6 5857/349/6 5889/350/6 5888/352/6
f 5855/353/5 5856/351/5 5888/352/5 5887/354/5
f 5854/355/4 5855/353/4 5887/354/4 5886/356/4
f 5853/357/3 5854/355/3 5886/356/3 5885/358/3
f 5852/359/2 5853/357/2 5885/358/2 5884/360/2
f 5851/361/1 5852/359/1 5884/360/1 5883/362/1
f 6299/1/1 6300/4/1 6078/3/1 6076/2/1
f 6300/4/2 6301/6/2 6080/5/2 6078/3/2
f 6301/6/3 6302/8/3 6082/7/3 6080/5/3
f 6302/8/4 6303/10/4 6084/9/4 6082/7/4
f 6303/10/5 6304/12/5 6086/11/5 6084/9/5
f 6304/12/6 6305/14/6 6088/13/6 6086/11/6
f 6305/14/7 6306/16/7 6090/15/7 6088/13/7
f 6306/16/8 6307/18/8 6092/17/8 6090/15/8
f 6307/18/9 6308/20/9 6094/19/9 6092/17/9
f 6308/20/10 6309/22/10 6096/21/10 6094/19/10
f 6309/22/11 6310/24/11 6098/23/11 6096/21/11
f 6310/24/12 6311/26/12 6100/25/12 6098/23/12
f 6311/26/13 6312/28/13 6102/27/13 6100/25/13
f 6312/28/14 6313/30/14 6104/29/14 6102/27/14
f 6313/30/15 6314/32/15 6106/31/15 6104/29/15
f 6314/32/16 6315/34/16 6108/33/16 6106/31/16
f 6315/34/17 6316/36/17 6110/35/17 6108/33/17
f 6316/36/18 6317/38/18 6112/37/18 6110/35/18
f 6317/38/19 6318/40/19 6114/39/19 6112/37/19
f 6318/40/20 6319/42/20 6116/41/20 6114/39/20
f 6319/42/21 6320/44/21 6118/43/21 6116/41/21
f 6320/44/22 6321/46/22 6120/45/22 6118/43/22
f 6321/46/23 6322/48/23 6122/47/23 6120/45/23
f 6322/48/24 6323/50/24 6124/49/24 6122/47/24
f 6323/50/25 6324/52/25 6126/51/25 6124/49/25
f 6324/52/26 6325/54/26 6128/53/26 6126/51/26
f 6325/54/27 6326/56/27 6130/55/27 6128/53/27
f 6326/56/28 6327/58/28 6132/57/28 6130/55/28
f 6327/58/29 6328/60/29 6134/59/29 6132/57/29
f 6328/60/30 6329/62/30 6136/61/30 6134/59/30
f 6078/63/31 6080/94/31 6082/93/31 6084/92/31 6086/91/31 6088/90/31 6090/89/31 6092/88/31 6094/87/31 6096/86/31 6098/85/31 6100/84/31 6102/83/31 6104/82/31 6106/81/31 6108/80/31 6110/79/31 6112/78/31 6114/77/31 6116/76/31 6118/75/31 6120/74/31 6122/73/31 6124/72/31 6126/71/31 6128/70/31 6130/69/31 6132/68/31 6134/67/31 6136/66/31 6138/65/31 6076/64/31
f 6329/62/32 6330/96/32 6138/95/32 6136/61/32
f 6330/96/33 6299/98/33 6076/97/33 6138/95/33
f 6111/99/34 6157/99/34 6158/100/34 6113/100/34
f 6165/101/35 6197/101/35 6198/102/35 6166/102/35
f 6129/102/36 6166/102/36 6167/103/36 6131/103/36
f 6085/104/37 6144/104/37 6145/105/37 6087/105/37
f 6103/106/38 6153/106/38 6154/107/38 6105/107/38
f 6121/108/39 6162/108/39 6163/109/39 6123/109/39
f 6077/110/40 6140/110/40 6141/111/40 6079/111/40
f 6095/112/41 6149/112/41 6150/113/41 6097/113/41
f 6113/100/42 6158/100/42 6159/114/42 6115/114/42
f 6131/103/43 6167/103/43 6168/115/43 6133/115/43
f 6087/105/44 6145/105/44 6146/116/44 6089/116/44
f 6105/107/45 6154/107/45 6155/117/45 6107/117/45
f 6123/109/46 6163/109/46 6164/118/46 6125/118/46
f 6079/111/47 6141/111/47 6142/119/47 6081/119/47
f 6097/113/48 6150/113/48 6151/120/48 6099/120/48
f 6115/114/49 6159/114/49 6160/121/49 6117/121/49
f 6133/115/50 6168/115/50 6169/122/50 6135/122/50
f 6089/116/51 6146/116/51 6147/123/51 6091/123/51
f 6107/117/52 6155/117/52 6156/124/52 6109/124/52
f 6125/118/53 6164/118/53 6165/101/53 6127/101/53
f 6081/119/54 6142/119/54 6143/125/54 6083/125/54
f 6099/120/55 6151/120/55 6152/126/55 6101/126/55
f 6117/121/56 6160/121/56 6161/127/56 6119/127/56
f 6135/122/57 6169/122/57 6170/128/57 6137/128/57
f 6091/123/58 6147/123/58 6148/129/58 6093/129/58
f 6109/124/59 6156/124/59 6157/99/59 6111/99/59
f 6127/101/60 6165/101/60 6166/102/60 6129/102/60
f 6083/125/61 6143/125/61 6144/104/61 6085/104/61
f 6101/126/62 6152/126/62 6153/106/62 6103/106/62
f 6119/127/63 6161/127/63 6162/108/63 6121/108/63
f 6075/130/64 6139/130/64 6140/110/64 6077/110/64
f 6137/128/65 6170/128/65 6139/131/65 6075/131/65
f 6093/129/66 6148/129/66 6149/112/66 6095/112/66
f 6171/130/67 6202/128/67 6201/122/67 6200/115/67 6199/103/67 6198/102/67 6197/101/67 6196/118/67 6195/109/67 6194/108/67 6193/127/67 6192/121/67 6191/114/67 6190/100/67 6189/99/67 6188/124/67 6187/117/67 6186/107/67 6185/106/67 6184/126/67 6183/120/67 6182/113/67 6181/112/67 6180/129/67 6179/123/67 6178/116/67 6177/105/67 6176/104/67 6175/125/67 6174/119/67 6173/111/67 6172/110/67
f 6152/126/68 6184/126/68 6185/106/68 6153/106/68
f 6139/130/69 6171/130/69 6172/110/69 6140/110/69
f 6166/102/70 6198/102/70 6199/103/70 6167/103/70
f 6153/106/71 6185/106/71 6186/107/71 6154/107/71
f 6140/110/72 6172/110/72 6173/111/72 6141/111/72
f 6167/103/73 6199/103/73 6200/115/73 6168/115/73
f 6154/107/74 6186/107/74 6187/117/74 6155/117/74
f 6141/111/75 6173/111/75 6174/119/75 6142/119/75
f 6168/115/76 6200/115/76 6201/122/76 6169/122/76
f 6155/117/77 6187/117/77 6188/124/77 6156/124/77
f 6142/119/78 6174/119/78 6175/125/78 6143/125/78
f 6169/122/79 6201/122/79 6202/128/79 6170/128/79
f 6156/124/80 6188/124/80 6189/99/80 6157/99/80
f 6143/125/81 6175/125/81 6176/104/81 6144/104/81
f 6170/128/82 6202/128/82 6171/131/82 6139/131/82
f 6157/99/83 6189/99/83 6190/100/83 6158/100/83
f 6144/104/84 6176/104/84 6177/105/84 6145/105/84
f 6158/100/85 6190/100/85 6191/114/85 6159/114/85
f 6145/105/86 6177/105/86 6178/116/86 6146/116/86
f 6159/114/87 6191/114/87 6192/121/87 6160/121/87
f 6146/116/88 6178/116/88 6179/123/88 6147/123/88
f 6160/121/89 6192/121/89 6193/127/89 6161/127/89
f 6147/123/90 6179/123/90 6180/129/90 6148/129/90
f 6161/127/91 6193/127/91 6194/108/91 6162/108/91
f 6148/129/92 6180/129/92 6181/112/92 6149/112/92
f 6162/108/93 6194/108/93 6195/109/93 6163/109/93
f 6149/112/94 6181/112/94 6182/113/94 6150/113/94
f 6163/109/95 6195/109/95 6196/118/95 6164/118/95
f 6150/113/96 6182/113/96 6183/120/96 6151/120/96
f 6164/118/97 6196/118/97 6197/101/97 6165/101/97
f 6151/120/98 6183/120/98 6184/126/98 6152/126/98
f 6137/128/33 6075/131/33 6203/133/33 6234/132/33
f 6135/122/32 6137/128/32 6234/132/32 6233/134/32
f 6133/115/30 6135/122/30 6233/134/30 6232/135/30
f 6131/103/29 6133/115/29 6232/135/29 6231/136/29
f 6129/102/28 6131/103/28 6231/136/28 6230/137/28
f 6127/101/27 6129/102/27 6230/137/27 6229/138/27
f 6125/118/26 6127/101/26 6229/138/26 6228/139/26
f 6123/109/25 6125/118/25 6228/139/25 6227/140/25
f 6121/108/24 6123/109/24 6227/140/24 6226/141/24
f 6119/127/23 6121/108/23 6226/141/23 6225/142/23
f 6117/121/22 6119/127/22 6225/142/22 6224/143/22
f 6115/114/21 6117/121/21 6224/143/21 6223/144/21
f 6113/100/20 6115/114/20 6223/144/20 6222/145/20
f 6111/99/19 6113/100/19 6222/145/19 6221/146/19
f 6109/124/18 6111/99/18 6221/146/18 6220/147/18
f 6107/117/17 6109/124/17 6220/147/17 6219/148/17
f 6105/107/16 6107/117/16 6219/148/16 6218/149/16
f 6103/106/15 6105/107/15 6218/149/15 6217/150/15
f 6101/126/14 6103/106/14 6217/150/14 6216/151/14
f 6099/120/13 6101/126/13 6216/151/13 6215/152/13
f 6097/113/12 6099/120/12 6215/152/12 6214/153/12
f 6095/112/11 6097/113/11 6214/153/11 6213/154/11
f 6093/129/10 6095/112/10 6213/154/10 6212/155/10
f 6091/123/9 6093/129/9 6212/155/9 6211/156/9
f 6089/116/8 6091/123/8 6211/156/8 6210/157/8
f 6087/105/7 6089/116/7 6210/157/7 6209/158/7
f 6085/104/6 6087/105/6 6209/158/6 6208/159/6
f 6083/125/5 6085/104/5 6208/159/5 6207/160/5
f 6081/119/4 6083/125/4 6207/160/4 6206/161/4
f 6079/111/3 6081/119/3 6206/161/3 6205/162/3
f 6077/110/2 6079/111/2 6205/162/2 6204/163/2
f 6075/130/1 6077/110/1 6204/163/1 6203/164/1
f 6234/165/33 6203/168/33 6235/167/33 6266/166/33
f 6233/169/32 6234/165/32 6266/166/32 6265/170/32
f 6232/171/30 6233/169/30 6265/170/30 6264/172/30
f 6231/173/29 6232/171/29 6264/172/29 6263/174/29
f 6230/175/28 6231/173/28 6263/174/28 6262/176/28
f 6229/177/27 6230/175/27 6262/176/27 6261/178/27
f 6228/179/26 6229/177/26 6261/178/26 6260/180/26
f 6227/181/25 6228/179/25 6260/180/25 6259/182/25
f 6226/183/24 6227/181/24 6259/182/24 6258/184/24
f 6225/185/23 6226/183/23 6258/184/23 6257/186/23
f 6224/187/22 6225/185/22 6257/186/22 6256/188/22
f 6223/189/21 6224/187/21 6256/188/21 6255/190/21
f 6222/191/20 6223/189/20 6255/190/20 6254/192/20
f 6221/193/19 6222/191/19 6254/192/19 6253/194/19
f 6220/195/18 6221/193/18 6253/194/18 6252/196/18
f 6219/197/17 6220/195/17 6252/196/17 6251/198/17
f 6218/199/16 6219/197/16 6251/198/16 6250/200/16
f 6217/201/15 6218/199/15 6250/200/15 6249/202/15
f 6216/203/14 6217/201/14 6249/202/14 6248/204/14
f 6215/205/13 6216/203/13 6248/204/13 6247/206/13
f 6214/207/12 6215/205/12 6247/206/12 6246/208/12
f 6213/209/11 6214/207/11 6246/208/11 6245/210/11
f 6212/211/10 6213/209/10 6245/210/10 6244/212/10
f 6211/213/9 6212/211/9 6244/212/9 6243/214/9
f 6210/215/8 6211/213/8 6243/214/8 6242/216/8
f 6209/217/7 6210/215/7 6242/216/7 6241/218/7
f 6208/219/6 6209/217/6 6241/218/6 6240/220/6
f 6207/221/5 6208/219/5 6240/220/5 6239/222/5
f 6206/223/4 6207/221/4 6239/222/4 6238/224/4
f 6205/225/3 6206/223/3 6238/224/3 6237/226/3
f 6204/227/2 6205/225/2 6237/226/2 6236/228/2
f 6203/229/1 6204/227/1 6236/228/1 6235/230/1
f 6266/231/33 6235/234/33 6267/233/33 6298/232/33
f 6265/235/32 6266/231/32 6298/232/32 6297/236/32
f 6264/237/30 6265/235/30 6297/236/30 6296/238/30
f 6263/239/29 6264/237/29 6296/238/29 6295/240/29
f 6262/241/28 6263/239/28 6295/240/28 6294/242/28
f 6261/243/27 6262/241/27 6294/242/27 6293/244/27
f 6260/245/26 6261/243/26 6293/244/26 6292/246/26
f 6259/247/25 6260/245/25 6292/246/25 6291/248/25
f 6258/249/24 6259/247/24 6291/248/24 6290/250/24
f 6257/251/23 6258/249/23 6290/250/23 6289/252/23
f 6256/253/22 6257/251/22 6289/252/22 6288/254/22
f 6255/255/21 6256/253/21 6288/254/21 6287/256/21
f 6254/257/20 6255/255/20 6287/256/20 6286/258/20
f 6253/259/19 6254/257/19 6286/258/19 6285/260/19
f 6252/261/18 6253/259/18 6285/260/18 6284/262/18
f 6251/263/17 6252/261/17 6284/262/17 6283/264/17
f 6250/265/16 6251/263/16 6283/264/16 6282/266/16
f 6249/267/15 6250/265/15 6282/266/15 6281/268/15
f 6248/269/14 6249/267/14 6281/268/14 6280/270/14
f 6247/271/13 6248/269/13 6280/270/13 6279/272/13
f 6246/273/12 6247/271/12 6279/272/12 6278/274/12
f 6245/275/11 6246/273/11 6278/274/11 6277/276/11
f 6244/277/10 6245/275/10 6277/276/10 6276/278/10
f 6243/279/9 6244/277/9 6276/278/9 6275/280/9
f 6242/281/8 6243/279/8 6275/280/8 6274/282/8
f 6241/283/7 6242/281/7 6274/282/7 6273/284/7
f 6240/285/6 6241/283/6 6273/284/6 6272/286/6
f 6239/287/5 6240/285/5 6272/286/5 6271/288/5
f 6238/289/4 6239/287/4 6271/288/4 6270/290/4
f 6237/291/3 6238/289/3 6270/290/3 6269/292/3
f 6236/293/2 6237/291/2 6269/292/2 6268/294/2
f 6235/295/1 6236/293/1 6268/294/1 6267/296/1
f 6298/297/33 6267/300/33 6299/299/33 6330/298/33
f 6297/301/32 6298/297/32 6330/298/32 6329/302/32
f 6296/303/30 6297/301/30 6329/302/30 6328/304/30
f 6295/305/29 6296/303/29 6328/304/29 6327/306/29
f 6294/307/28 6295/305/28 6327/306/28 6326/308/28
f 6293/309/27 6294/307/27 6326/308/27 6325/310/27
f 6292/311/26 6293/309/26 6325/310/26 6324/312/26
f 6291/313/25 6292/311/25 6324/312/25 6323/314/25
f 6290/315/24 6291/313/24 6323/314/24 6322/316/24
f 6289/317/23 6290/315/23 6322/316/23 6321/318/23
f 6288/319/22 6289/317/22 6321/318/22 6320/320/22
f 6287/321/21 6288/319/21 6320/320/21 6319/322/21
f 6286/323/20 6287/321/20 6319/322/20 6318/324/20
f 6285/325/19 6286/323/19 6318/324/19 6317/326/19
f 6284/327/18 6285/325/18 6317/326/18 6316/328/18
f 6283/329/17 6284/327/17 6316/328/17 6315/330/17
f 6282/331/16 6283/329/16 6315/330/16 6314/332/16
f 6281/333/15 6282/331/15 6314/332/15 6313/334/15
f 6280/335/14 6281/333/14 6313/334/14 6312/336/14
f 6279/337/13 6280/335/13 6312/336/13 6311/338/13
f 6278/339/12 6279/337/12 6311/338/12 6310/340/12
f 6277/341/11 6278/339/11 6310/340/11 6309/342/11
f 6276/343/10 6277/341/10 6309/342/10 6308/344/10
f 6275/345/9 6276/343/9 6308/344/9 6307/346/9
f 6274/347/8 6275/345/8 6307/346/8 6306/348/8
f 6273/349/7 6274/347/7 6306/348/7 6305/350/7
f 6272/351/6 6273/349/6 6305/350/6 6304/352/6
f 6271/353/5 6272/351/5 6304/352/5 6303/354/5
f 6270/355/4 6271/353/4 6303/354/4 6302/356/4
f 6269/357/3 6270/355/3 6302/356/3 6301/358/3
f 6268/359/2 6269/357/2 6301/358/2 6300/360/2
f 6267/361/1 6268/359/1 6300/360/1 6299/362/1
f 6346/1274/1070 6341/1277/1070 6334/1276/1070 6340/1275/1070
f 6335/1278/1070 6333/1281/1070 6342/1280/1070 6344/1279/1070
f 6344/1279/1070 6342/1280/1070 6341/1277/1070 6346/1274/1070
f 6331/1282/1070 6336/1285/1070 6343/1284/1070 6337/1283/1070
f 6336/1285/1070 6335/1278/1070 6344/1279/1070 6343/1284/1070
f 6337/1283/1070 6343/1284/1070 6345/1287/1070 6338/1286/1070
f 6343/1284/1070 6344/1279/1070 6346/1274/1070 6345/1287/1070
f 6338/1286/1070 6345/1287/1070 6339/1289/1070 6332/1288/1070
f 6345/1287/1070 6346/1274/1070 6340/1275/1070 6339/1289/1070
f 6340/1290/1070 6349/1290/1070 6350/1291/1070 6339/1291/1070
f 6335/1292/1070 6354/1292/1070 6356/1293/1070 6333/1293/1070
f 6341/1294/1070 6348/1294/1070 6355/1295/1070 6334/1295/1070
f 6333/1293/1070 6356/1293/1070 6347/1296/1070 6342/1296/1070
f 6339/1291/1070 6350/1291/1070 6357/1297/1070 6332/1297/1070
f 6334/1295/1070 6355/1295/1070 6349/1290/1070 6340/1290/1070
f 6342/1296/1070 6347/1296/1070 6348/1294/1070 6341/1294/1070
f 6331/1298/1070 6358/1298/1070 6353/1299/1070 6336/1299/1070
f 6337/1300/1070 6352/1300/1070 6358/1298/1070 6331/1298/1070
f 6336/1299/1070 6353/1299/1070 6354/1292/1070 6335/1292/1070
f 6338/1301/1070 6351/1301/1070 6352/1300/1070 6337/1300/1070
f 6332/1297/1070 6357/1297/1070 6351/1301/1070 6338/1301/1070
s 1
usemtl restaurant.031
f 269/363/99 258/366/102 260/365/101 270/364/100
f 264/366/103 273/363/106 277/364/105 265/365/104
f 257/367/107 259/369/108 258/368/102
f 260/370/101 261/372/110 278/371/109
f 262/367/111 264/368/103 263/369/112
f 284/371/113 266/372/114 265/370/104
f 267/373/115 269/375/99 268/374/116
f 290/376/117 271/378/118 270/377/100
f 272/373/119 274/374/120 273/375/106
f 275/376/121 277/377/105 276/378/122
f 262/367/111 263/369/112 259/369/108 257/367/107
f 258/366/102 259/380/108 261/379/110 260/365/101
f 278/371/109 261/372/110 266/372/114 284/371/113
f 265/365/104 266/379/114 263/380/112 264/366/103
f 272/373/119 273/375/106 264/368/103 262/367/111
f 284/371/113 265/370/104 277/377/105 275/376/121
f 276/381/122 277/364/105 273/363/106 274/382/120
f 267/373/115 268/374/116 274/374/120 272/373/119
f 275/376/121 276/378/122 271/378/118 290/376/117
f 270/364/100 271/381/118 268/382/116 269/363/99
f 257/367/107 258/368/102 269/375/99 267/373/115
f 290/376/117 270/377/100 260/370/101 278/371/109
f 262/367/111 257/367/107 267/373/115 272/373/119
f 292/383/99 279/386/102 281/385/101 294/384/100
f 297/387/123 291/387/126 295/388/125 299/388/124
f 298/389/67 293/389/67 282/390/67 287/390/67
f 280/391/108 285/391/112 289/392/114 283/392/127
f 286/386/103 296/383/106 300/384/105 288/385/104
f 278/393/128 280/391/108 279/386/102
f 281/394/101 283/396/127 282/395/109
f 284/393/129 286/386/103 285/391/112
f 287/395/113 289/396/114 288/394/104
f 290/397/130 292/383/99 291/387/126
f 293/398/117 295/400/125 294/399/100
f 275/397/131 297/387/123 296/383/106
f 298/398/121 300/399/105 299/400/124
f 284/393/129 285/391/112 280/391/108 278/393/128
f 279/386/102 280/391/108 283/392/127 281/385/101
f 282/395/109 283/396/127 289/396/114 287/395/113
f 288/385/104 289/392/114 285/391/112 286/386/103
f 275/397/131 296/383/106 286/386/103 284/393/129
f 287/395/113 288/394/104 300/399/105 298/398/121
f 299/388/124 300/384/105 296/383/106 297/387/123
f 290/397/130 291/387/126 297/387/123 275/397/131
f 298/398/121 299/400/124 295/400/125 293/398/117
f 294/384/100 295/388/125 291/387/126 292/383/99
f 278/393/128 279/386/102 292/383/99 290/397/130
f 293/398/117 294/399/100 281/394/101 282/395/109
f 309/401/132 307/404/132 305/403/132 311/402/132
f 308/405/133 306/407/133 307/406/133
f 305/408/134 303/410/134 304/409/134
f 302/411/135 309/413/135 301/412/135
f 310/414/136 312/416/136 311/415/136
f 307/404/137 306/418/137 303/417/137 305/403/137
f 311/402/138 312/420/138 301/419/138 309/401/138
f 308/405/139 307/406/139 309/413/139 302/411/139
f 310/414/140 311/415/140 305/408/140 304/409/140
f 321/421/132 319/424/132 317/423/132 323/422/132
f 320/425/133 318/427/133 319/426/133
f 317/428/134 315/430/134 316/429/134
f 314/431/141 321/433/141 313/432/141
f 322/434/142 324/436/142 323/435/142
f 319/424/137 318/438/137 315/437/137 317/423/137
f 323/422/138 324/440/138 313/439/138 321/421/138
f 320/425/139 319/426/139 321/433/139 314/431/139
f 322/434/140 323/435/140 317/428/140 316/429/140
f 274/382/143 332/442/146 329/441/145 276/381/144
f 276/381/144 329/441/145 335/441/148 271/381/147
f 271/381/147 335/441/148 334/442/150 268/382/149
f 268/382/149 334/442/150 332/442/146 274/382/143
f 259/380/108 325/444/151 326/443/151 261/379/151
f 261/379/151 326/443/151 327/443/151 266/379/114
f 266/379/114 327/443/151 328/444/151 263/380/112
f 263/380/112 328/444/151 325/444/151 259/380/108
f 338/445/151 339/445/151 340/446/151 337/446/151
f 330/447/152 329/450/152 332/449/152 331/448/152
f 331/451/153 332/452/153 334/452/153 333/451/153
f 336/453/154 335/454/154 329/454/154 330/453/154
f 333/448/137 334/449/137 335/450/137 336/447/137
f 337/455/155 326/458/155 325/457/155 338/456/155
f 338/459/156 325/460/156 328/460/156 339/459/156
f 340/461/157 327/462/157 326/462/157 337/461/157
f 339/456/158 328/457/158 327/458/158 340/455/158
f 331/463/159 333/463/159 336/464/159 330/464/159
f 349/465/160 347/468/160 345/467/160 351/466/160
f 348/469/161 346/471/161 347/470/161
f 345/472/162 343/474/162 344/473/162
f 342/475/163 349/477/163 341/476/163
f 350/478/164 352/480/164 351/479/164
f 347/468/165 346/482/165 343/481/165 345/467/165
f 351/466/152 352/484/152 341/483/152 349/465/152
f 348/469/166 347/470/166 349/477/166 342/475/166
f 350/478/167 351/479/167 345/472/167 344/473/167
f 361/485/168 359/488/171 357/487/170 363/486/169
f 360/489/172 358/491/173 359/490/171
f 357/492/170 355/494/175 356/493/174
f 354/495/176 361/497/168 353/496/177
f 362/498/178 364/500/179 363/499/169
f 359/501/171 358/502/173 355/494/175 357/492/170
f 363/499/169 364/500/179 353/504/177 361/503/168
f 360/489/172 359/490/171 361/497/168 354/495/176
f 362/505/178 363/508/169 357/507/170 356/506/174
f 360/489/172 367/509/180 358/491/173
f 364/510/181 368/513/181 365/512/181 353/511/181
f 355/514/175 366/516/182 356/515/174
f 358/517/183 367/518/183 366/516/183 355/514/183
f 353/496/177 365/519/184 354/495/176
f 356/515/185 366/522/185 368/521/185 362/520/185
f 354/523/186 365/526/186 367/525/186 360/524/186
f 362/520/178 368/521/187 364/510/179
f 376/527/188 369/530/189 378/529/189 392/528/188
f 371/531/190 372/534/191 384/533/191 382/532/190
f 372/534/192 373/536/192 386/535/192 384/533/192
f 373/537/193 374/540/194 388/539/194 386/538/193
f 374/541/194 375/544/195 390/543/195 388/542/194
f 375/544/196 376/527/188 392/528/188 390/543/196
f 369/545/197 370/548/198 380/547/198 378/546/197
f 370/549/198 371/531/190 382/532/190 380/550/198
f 380/547/199 379/552/199 377/551/200 378/546/200
f 382/553/201 381/554/201 379/552/199 380/547/199
f 384/555/202 383/556/202 381/554/201 382/553/201
f 386/538/203 385/557/203 383/556/202 384/555/202
f 388/539/204 387/558/204 385/557/203 386/538/203
f 390/559/205 389/560/205 387/558/204 388/539/204
f 392/561/206 391/562/206 389/560/205 390/559/205
f 378/546/200 377/551/200 391/562/206 392/561/206
f 381/563/207 480/566/209 479/565/208 379/564/208
f 387/567/210 483/570/210 482/569/211 385/568/211
f 383/571/212 481/572/212 480/566/209 381/563/207
f 389/573/213 484/574/213 483/570/210 387/567/210
f 379/564/208 479/565/208 478/576/214 377/575/214
f 377/575/214 478/576/214 485/578/215 391/577/215
f 385/568/211 482/569/211 481/572/212 383/571/212
f 391/577/215 485/578/215 484/574/213 389/573/213
f 401/579/216 394/582/216 403/581/218 417/580/217
f 396/583/184 397/586/221 409/585/220 407/584/219
f 397/586/221 398/588/223 411/587/222 409/585/220
f 398/588/180 399/590/225 413/589/224 411/587/222
f 399/590/225 400/592/227 415/591/226 413/589/224
f 400/592/227 401/579/228 417/580/217 415/591/226
f 394/582/229 395/594/231 405/593/230 403/581/218
f 395/594/231 396/583/159 407/584/219 405/593/230
f 405/595/230 404/598/233 402/597/232 403/596/218
f 407/599/219 406/600/234 404/598/233 405/595/230
f 409/601/220 408/602/235 406/600/234 407/599/219
f 411/603/222 410/604/236 408/602/235 409/601/220
f 413/605/224 412/606/237 410/604/236 411/603/222
f 415/607/226 414/608/238 412/606/237 413/605/224
f 417/609/217 416/610/239 414/608/238 415/607/226
f 403/596/218 402/597/232 416/610/239 417/609/217
f 416/610/240 410/604/240 412/606/240 414/608/240
f 402/597/232 418/612/241 419/611/241 416/610/239
f 416/613/242 419/616/242 420/615/242 410/614/242
f 408/617/243 421/620/243 418/619/243 402/618/243
f 418/612/240 421/622/240 420/621/240 419/611/240
f 404/598/240 406/600/240 408/602/240 402/597/240
f 410/614/236 420/615/244 421/620/244 408/617/235
f 429/623/216 422/626/216 431/625/218 445/624/217
f 424/627/245 425/630/184 437/629/246 435/628/219
f 425/630/223 426/632/223 439/631/222 437/629/246
f 426/632/247 427/634/225 441/633/224 439/631/222
f 427/634/225 428/636/227 443/635/226 441/633/224
f 428/636/227 429/623/228 445/624/217 443/635/226
f 422/626/187 423/638/231 433/637/230 431/625/218
f 423/638/231 424/627/245 435/628/219 433/637/230
f 433/639/230 432/642/233 430/641/232 431/640/218
f 435/643/219 434/644/234 432/642/233 433/639/230
f 437/645/246 436/646/235 434/644/234 435/643/219
f 439/647/222 438/648/236 436/646/235 437/645/246
f 441/649/224 440/650/237 438/648/236 439/647/222
f 443/651/226 442/652/238 440/650/237 441/649/224
f 445/653/217 444/654/239 442/652/238 443/651/226
f 431/640/218 430/641/232 444/654/239 445/653/217
f 444/654/240 438/648/240 440/650/240 442/652/240
f 430/641/232 446/656/241 447/655/241 444/654/239
f 444/657/242 447/660/242 448/659/242 438/658/242
f 436/661/243 449/664/243 446/663/243 430/662/243
f 446/656/240 449/666/240 448/665/240 447/655/240
f 432/642/240 434/644/240 436/646/240 430/641/240
f 438/658/236 448/659/244 449/664/244 436/661/235
f 457/667/216 450/670/216 459/669/218 473/668/217
f 452/671/245 453/674/184 465/673/246 463/672/219
f 453/674/223 454/676/223 467/675/222 465/673/246
f 454/676/247 455/678/225 469/677/224 467/675/222
f 455/678/225 456/680/227 471/679/226 469/677/224
f 456/680/227 457/667/228 473/668/217 471/679/226
f 450/670/229 451/682/231 461/681/230 459/669/218
f 451/682/231 452/671/245 463/672/219 461/681/230
f 461/683/230 460/686/233 458/685/232 459/684/218
f 463/687/219 462/688/234 460/686/233 461/683/230
f 465/689/246 464/690/235 462/688/234 463/687/219
f 467/691/222 466/692/236 464/690/235 465/689/246
f 469/693/224 468/694/248 466/692/236 467/691/222
f 471/695/226 470/696/238 468/694/248 469/693/224
f 473/697/217 472/698/239 470/696/238 471/695/226
f 459/684/218 458/685/232 472/698/239 473/697/217
f 472/698/240 466/692/240 468/694/240 470/696/240
f 458/685/232 474/700/241 475/699/241 472/698/239
f 472/701/249 475/704/249 476/703/249 466/702/249
f 464/705/243 477/708/243 474/707/243 458/706/243
f 474/700/240 477/710/240 476/709/240 475/699/240
f 460/686/240 462/688/240 464/690/240 458/685/240
f 466/702/236 476/703/244 477/708/244 464/705/235
f 393/711/240 478/713/240 479/712/240
f 393/711/240 479/712/240 480/714/240
f 393/711/240 480/714/240 481/715/240
f 393/711/240 481/715/240 482/716/240
f 393/711/240 482/716/240 483/717/240
f 393/711/240 483/717/240 484/718/240
f 393/711/240 484/718/240 485/719/240
f 393/711/240 485/719/240 478/713/240
f 486/720/160 589/723/160 596/722/160 488/721/160
f 593/724/67 595/724/67 590/725/67 591/725/67
f 489/721/132 594/722/132 592/723/132 487/720/132
f 488/721/159 596/722/159 594/722/159 489/721/159
f 498/726/250 495/728/251 499/727/137
f 495/729/252 503/732/252 502/731/252 494/730/252
f 492/733/152 490/735/152 496/734/152 499/727/152
f 491/736/138 493/735/138 495/728/138 494/737/138
f 494/737/253 502/740/255 500/739/255 497/738/254
f 495/728/251 498/726/250 501/742/256 503/741/256
f 493/735/137 492/733/137 499/727/137 495/728/251
f 496/743/257 497/746/258 498/745/258 499/744/257
f 496/734/165 494/737/253 497/738/254
f 512/747/259 509/749/260 513/748/138
f 490/735/165 491/736/165 494/737/253 496/734/165
f 502/740/138 503/741/138 501/742/138 500/739/138
f 498/745/258 497/746/258 500/751/67 501/750/67
f 509/752/261 517/755/261 516/754/261 508/753/261
f 506/756/137 504/758/137 510/757/137 513/748/137
f 505/756/165 507/760/165 509/749/165 508/759/165
f 508/759/262 516/763/264 514/762/264 511/761/263
f 509/749/260 512/747/259 515/765/265 517/764/265
f 507/760/138 506/756/138 513/748/138 509/749/260
f 510/766/266 511/769/267 512/768/267 513/767/266
f 510/757/152 508/759/262 511/761/263
f 526/770/268 523/772/269 527/771/165
f 504/758/152 505/756/152 508/759/262 510/757/152
f 516/763/165 517/764/165 515/765/165 514/762/165
f 512/768/267 511/769/267 514/774/67 515/773/67
f 523/775/270 531/778/270 530/777/270 522/776/270
f 520/779/138 518/781/138 524/780/138 527/771/138
f 519/782/152 521/781/152 523/772/152 522/783/152
f 522/783/271 530/786/273 528/785/273 525/784/272
f 523/772/269 526/770/268 529/788/274 531/787/274
f 521/781/165 520/779/165 527/771/165 523/772/269
f 524/789/275 525/792/276 526/791/276 527/790/275
f 524/780/137 522/783/271 525/784/272
f 540/793/277 537/795/278 541/794/152
f 518/781/137 519/782/137 522/783/271 524/780/137
f 530/786/152 531/787/152 529/788/152 528/785/152
f 526/791/276 525/792/276 528/797/67 529/796/67
f 537/798/279 545/801/279 544/800/279 536/799/279
f 534/802/165 532/804/165 538/803/165 541/794/165
f 533/802/137 535/806/137 537/795/137 536/805/137
f 536/805/280 544/809/282 542/808/282 539/807/281
f 537/795/278 540/793/277 543/811/283 545/810/283
f 535/806/152 534/802/152 541/794/152 537/795/278
f 538/812/284 539/815/285 540/814/285 541/813/284
f 538/803/138 536/805/280 539/807/281
f 532/804/138 533/802/138 536/805/280 538/803/138
f 544/809/137 545/810/137 543/811/137 542/808/137
f 540/814/285 539/815/285 542/817/67 543/816/67
f 547/818/286 569/821/287 571/820/287 581/819/286
f 551/821/288 549/818/289 580/819/289 579/820/288
f 553/822/290 551/821/288 579/820/288 578/823/290
f 555/824/291 553/822/290 578/823/290 577/825/291
f 557/826/292 555/824/291 577/825/291 576/827/292
f 559/828/293 557/826/292 576/827/292 575/829/293
f 561/828/294 559/828/293 575/829/293 574/829/294
f 563/826/295 561/828/294 574/829/294 573/830/295
f 565/831/296 563/826/295 573/830/295 572/825/296
f 567/822/297 565/831/296 572/825/296 570/823/297
f 562/832/298 585/835/301 583/834/300 564/833/299
f 569/821/287 567/822/297 570/823/297 571/820/287
f 549/818/289 547/818/286 581/819/286 580/819/289
f 568/836/67 571/839/67 570/838/67 566/837/67
f 566/837/67 570/838/67 572/841/67 564/840/67
f 564/840/67 572/841/67 573/843/67 562/842/67
f 562/842/67 573/843/67 574/845/67 560/844/67
f 560/844/67 574/845/67 575/845/67 558/844/67
f 558/844/67 575/845/67 576/846/67 556/842/67
f 556/842/67 576/846/67 577/841/67 554/840/67
f 554/840/67 577/841/67 578/838/67 552/837/67
f 552/837/67 578/838/67 579/839/67 550/836/67
f 550/836/67 579/839/67 580/848/67 548/847/67
f 548/847/67 580/848/67 581/848/67 546/847/67
f 546/847/67 581/848/67 571/839/67 568/836/67
f 548/849/302 588/851/304 550/850/303
f 554/833/305 587/834/308 586/835/307 556/832/306
f 560/852/309 585/835/301 562/832/298
f 546/849/310 584/851/311 588/851/304 548/849/302
f 566/853/312 583/834/300 584/851/311 568/850/313
f 552/853/314 587/834/308 554/833/305
f 558/852/315 586/835/307 585/835/301 560/852/309
f 568/850/313 584/851/311 546/849/310
f 564/833/299 583/834/300 566/853/312
f 550/850/303 588/851/304 587/834/308 552/853/314
f 556/832/306 586/835/307 558/852/315
f 582/854/67 584/856/67 583/855/67
f 582/854/67 583/855/67 585/857/67
f 582/854/67 585/857/67 586/857/67
f 582/854/67 586/857/67 587/855/67
f 582/854/67 587/855/67 588/856/67
f 582/854/67 588/856/67 584/856/67
f 590/858/316 589/859/316 592/859/316 591/858/316
f 591/858/140 592/859/140 594/861/140 593/860/140
f 593/860/153 594/861/153 596/861/153 595/860/153
f 595/860/167 596/861/167 589/859/167 590/858/167
f 487/720/151 592/723/151 589/723/151 486/720/151
f 605/862/317 602/864/318 606/863/132
f 602/865/319 610/866/319 609/866/319 601/865/319
f 599/867/159 597/867/159 603/863/159 606/863/159
f 598/868/151 600/868/151 602/864/151 601/864/151
f 601/864/320 609/870/322 607/869/322 604/862/321
f 602/864/318 605/862/317 608/869/323 610/870/323
f 600/868/132 599/867/132 606/863/132 602/864/318
f 603/871/324 604/872/325 605/872/325 606/871/324
f 603/863/160 601/864/320 604/862/321
f 619/873/326 616/875/327 620/874/151
f 597/867/160 598/868/160 601/864/320 603/863/160
f 609/870/151 610/870/151 608/869/151 607/869/151
f 605/872/325 604/872/325 607/876/328 608/876/328
f 616/877/329 624/880/329 623/879/329 615/878/329
f 613/881/132 611/883/132 617/882/132 620/874/132
f 612/883/160 614/881/160 616/875/160 615/884/160
f 615/884/330 623/887/332 621/886/332 618/885/331
f 616/875/327 619/873/326 622/889/333 624/888/333
f 614/881/151 613/881/151 620/874/151 616/875/327
f 617/890/334 618/893/335 619/892/335 620/891/334
f 617/882/159 615/884/330 618/885/331
f 633/894/336 630/896/337 634/895/160
f 611/883/159 612/883/159 615/884/330 617/882/159
f 623/887/160 624/888/160 622/889/160 621/886/160
f 619/892/335 618/893/335 621/898/338 622/897/338
f 630/899/339 638/901/339 637/900/339 629/899/339
f 627/902/151 625/904/151 631/903/151 634/895/151
f 626/905/159 628/905/159 630/896/159 629/896/159
f 629/896/340 637/907/342 635/906/342 632/894/341
f 630/896/337 633/894/336 636/909/343 638/908/343
f 628/905/160 627/902/160 634/895/160 630/896/337
f 631/910/344 632/912/345 633/912/345 634/911/344
f 631/903/132 629/896/340 632/894/341
f 647/913/346 644/915/347 648/914/159
f 625/904/132 626/905/132 629/896/340 631/903/132
f 637/907/159 638/908/159 636/909/159 635/906/159
f 633/912/345 632/912/345 635/917/348 636/916/348
f 644/918/349 652/921/349 651/920/349 643/919/349
f 641/922/160 639/924/160 645/923/160 648/914/160
f 640/924/132 642/922/132 644/915/132 643/925/132
f 643/925/350 651/928/352 649/927/352 646/926/351
f 644/915/347 647/913/346 650/930/353 652/929/353
f 642/922/159 641/922/159 648/914/159 644/915/347
f 645/931/354 646/934/355 647/933/355 648/932/354
f 645/923/151 643/925/350 646/926/351
f 639/924/151 640/924/151 643/925/350 645/923/151
f 651/928/132 652/929/132 650/930/132 649/927/132
f 647/933/355 646/934/355 649/936/356 650/935/356
f 653/937/357 655/937/357 654/938/357
f 655/937/358 658/940/358 657/939/358 654/938/358
f 658/940/359 656/940/359 657/939/359
f 656/941/360 653/944/360 654/943/360 657/942/360
f 659/937/357 661/937/357 660/938/357
f 661/937/358 664/940/358 663/939/358 660/938/358
f 664/940/359 662/940/359 663/939/359
f 662/941/360 659/944/360 660/943/360 663/942/360
f 665/937/357 667/937/357 666/938/357
f 667/937/358 670/940/358 669/939/358 666/938/358
f 670/940/359 668/940/359 669/939/359
f 668/941/360 665/944/360 666/943/360 669/942/360
f 671/945/357 673/945/357 672/946/357
f 673/945/358 676/948/358 675/947/358 672/946/358
f 676/948/359 674/948/359 675/947/359
f 674/949/360 671/952/360 672/951/360 675/950/360
f 677/945/357 679/945/357 678/946/357
f 679/945/358 682/948/358 681/947/358 678/946/358
f 682/948/359 680/948/359 681/947/359
f 680/949/360 677/952/360 678/951/360 681/950/360
f 683/945/357 685/945/357 684/946/357
f 685/945/358 688/948/358 687/947/358 684/946/358
f 688/948/359 686/948/359 687/947/359
f 686/949/360 683/952/360 684/951/360 687/950/360
f 701/363/99 690/366/102 692/365/101 702/364/100
f 696/366/103 705/363/106 709/364/105 697/365/104
f 689/367/107 691/369/108 690/368/102
f 692/370/101 693/372/110 710/371/109
f 694/367/111 696/368/103 695/369/112
f 716/371/113 698/372/114 697/370/104
f 699/373/115 701/375/99 700/374/116
f 722/376/117 703/378/118 702/377/100
f 704/373/119 706/374/120 705/375/106
f 707/376/121 709/377/105 708/378/122
f 694/367/111 695/369/112 691/369/108 689/367/107
f 690/366/102 691/380/108 693/379/110 692/365/101
f 710/371/109 693/372/110 698/372/114 716/371/113
f 697/365/104 698/379/114 695/380/112 696/366/103
f 704/373/119 705/375/106 696/368/103 694/367/111
f 716/371/113 697/370/104 709/377/105 707/376/121
f 708/381/122 709/364/105 705/363/106 706/382/120
f 699/373/115 700/374/116 706/374/120 704/373/119
f 707/376/121 708/378/122 703/378/118 722/376/117
f 702/364/100 703/381/118 700/382/116 701/363/99
f 689/367/107 690/368/102 701/375/99 699/373/115
f 722/376/117 702/377/100 692/370/101 710/371/109
f 694/367/111 689/367/107 699/373/115 704/373/119
f 724/383/99 711/386/102 713/385/101 726/384/100
f 729/387/123 723/387/126 727/388/125 731/388/124
f 730/389/67 725/389/67 714/390/67 719/390/67
f 712/391/108 717/391/112 721/392/114 715/392/127
f 718/386/103 728/383/106 732/384/105 720/385/104
f 710/393/128 712/391/108 711/386/102
f 713/394/101 715/396/127 714/395/109
f 716/393/129 718/386/103 717/391/112
f 719/395/113 721/396/114 720/394/104
f 722/397/130 724/383/99 723/387/126
f 725/398/117 727/400/125 726/399/100
f 707/397/131 729/387/123 728/383/106
f 730/398/121 732/399/105 731/400/124
f 716/393/129 717/391/112 712/391/108 710/393/128
f 711/386/102 712/391/108 715/392/127 713/385/101
f 714/395/109 715/396/127 721/396/114 719/395/113
f 720/385/104 721/392/114 717/391/112 718/386/103
f 707/397/131 728/383/106 718/386/103 716/393/129
f 719/395/113 720/394/104 732/399/105 730/398/121
f 731/388/124 732/384/105 728/383/106 729/387/123
f 722/397/130 723/387/126 729/387/123 707/397/131
f 730/398/121 731/400/124 727/400/125 725/398/117
f 726/384/100 727/388/125 723/387/126 724/383/99
f 710/393/128 711/386/102 724/383/99 722/397/130
f 725/398/117 726/399/100 713/394/101 714/395/109
f 741/401/132 739/404/132 737/403/132 743/402/132
f 740/405/361 738/407/361 739/406/361
f 737/408/362 735/410/362 736/409/362
f 734/411/135 741/413/135 733/412/135
f 742/414/142 744/416/142 743/415/142
f 739/404/137 738/418/137 735/417/137 737/403/137
f 743/402/138 744/420/138 733/419/138 741/401/138
f 740/405/139 739/406/139 741/413/139 734/411/139
f 742/414/140 743/415/140 737/408/140 736/409/140
f 753/421/132 751/424/132 749/423/132 755/422/132
f 752/425/133 750/427/133 751/426/133
f 749/428/134 747/430/134 748/429/134
f 746/431/141 753/433/141 745/432/141
f 754/434/142 756/436/142 755/435/142
f 751/424/137 750/438/137 747/437/137 749/423/137
f 755/422/138 756/440/138 745/439/138 753/421/138
f 752/425/139 751/426/139 753/433/139 746/431/139
f 754/434/140 755/435/140 749/428/140 748/429/140
f 706/382/143 764/442/146 761/441/145 708/381/144
f 708/381/144 761/441/145 767/441/148 703/381/147
f 703/381/147 767/441/148 766/442/150 700/382/149
f 700/382/149 766/442/150 764/442/146 706/382/143
f 691/380/108 757/444/151 758/443/151 693/379/151
f 693/379/151 758/443/151 759/443/151 698/379/114
f 698/379/114 759/443/151 760/444/151 695/380/112
f 695/380/112 760/444/151 757/444/151 691/380/108
f 770/445/151 771/445/151 772/446/151 769/446/151
f 762/447/152 761/450/152 764/449/152 763/448/152
f 763/451/153 764/452/153 766/452/153 765/451/153
f 768/453/154 767/454/154 761/454/154 762/453/154
f 765/448/137 766/449/137 767/450/137 768/447/137
f 769/455/155 758/458/155 757/457/155 770/456/155
f 770/459/156 757/460/156 760/460/156 771/459/156
f 772/461/157 759/462/157 758/462/157 769/461/157
f 771/456/158 760/457/158 759/458/158 772/455/158
f 763/463/159 765/463/159 768/464/159 762/464/159
f 781/465/160 779/468/160 777/467/160 783/466/160
f 780/469/363 778/471/363 779/470/363
f 777/472/364 775/474/364 776/473/364
f 774/475/365 781/477/365 773/476/365
f 782/478/366 784/480/366 783/479/366
f 779/468/165 778/482/165 775/481/165 777/467/165
f 783/466/152 784/484/152 773/483/152 781/465/152
f 780/469/166 779/470/166 781/477/166 774/475/166
f 782/478/167 783/479/167 777/472/167 776/473/167
f 793/485/168 791/488/171 789/487/170 795/486/169
f 792/489/172 790/491/173 791/490/171
f 789/492/170 787/494/175 788/493/174
f 786/495/176 793/497/168 785/496/177
f 794/498/178 796/500/179 795/499/169
f 791/501/171 790/502/173 787/494/175 789/492/170
f 795/499/169 796/500/179 785/504/177 793/503/168
f 792/489/172 791/490/171 793/497/168 786/495/176
f 794/505/178 795/508/169 789/507/170 788/506/174
f 792/489/172 799/509/247 790/491/173
f 796/510/181 800/513/181 797/512/181 785/511/181
f 787/514/175 798/516/228 788/515/174
f 790/517/183 799/518/183 798/516/183 787/514/183
f 785/496/177 797/519/184 786/495/176
f 788/515/185 798/522/185 800/521/185 794/520/185
f 786/523/186 797/526/186 799/525/186 792/524/186
f 794/520/178 800/521/187 796/510/179
f 808/527/188 801/530/189 810/529/189 824/528/188
f 803/531/190 804/534/191 816/533/191 814/532/190
f 804/534/192 805/536/192 818/535/192 816/533/192
f 805/537/193 806/540/194 820/539/194 818/538/193
f 806/541/194 807/544/195 822/543/195 820/542/194
f 807/544/196 808/527/188 824/528/188 822/543/196
f 801/545/197 802/548/198 812/547/198 810/546/197
f 802/549/198 803/531/190 814/532/190 812/550/198
f 812/547/199 811/552/199 809/551/200 810/546/200
f 814/553/201 813/554/201 811/552/199 812/547/199
f 816/555/367 815/556/367 813/554/201 814/553/201
f 818/538/203 817/557/203 815/556/367 816/555/367
f 820/539/204 819/558/204 817/557/203 818/538/203
f 822/559/205 821/560/205 819/558/204 820/539/204
f 824/561/206 823/562/206 821/560/205 822/559/205
f 810/546/200 809/551/200 823/562/206 824/561/206
f 813/563/209 912/566/209 911/565/208 811/564/208
f 819/567/210 915/570/210 914/569/211 817/568/211
f 815/571/212 913/572/212 912/566/209 813/563/209
f 821/573/368 916/574/368 915/570/210 819/567/210
f 811/564/208 911/565/208 910/576/214 809/575/214
f 809/575/214 910/576/214 917/578/215 823/577/215
f 817/568/211 914/569/211 913/572/212 815/571/212
f 823/577/215 917/578/215 916/574/368 821/573/368
f 833/579/216 826/582/216 835/581/218 849/580/217
f 828/583/184 829/586/221 841/585/246 839/584/219
f 829/586/221 830/588/223 843/587/369 841/585/246
f 830/588/247 831/590/225 845/589/224 843/587/369
f 831/590/225 832/592/227 847/591/226 845/589/224
f 832/592/227 833/579/228 849/580/217 847/591/226
f 826/582/229 827/594/231 837/593/230 835/581/218
f 827/594/231 828/583/159 839/584/219 837/593/230
f 837/595/230 836/598/233 834/597/232 835/596/218
f 839/599/219 838/600/370 836/598/233 837/595/230
f 841/601/246 840/602/235 838/600/370 839/599/219
f 843/603/369 842/604/236 840/602/235 841/601/246
f 845/605/224 844/606/248 842/604/236 843/603/369
f 847/607/226 846/608/238 844/606/248 845/605/224
f 849/609/217 848/610/239 846/608/238 847/607/226
f 835/596/218 834/597/232 848/610/239 849/609/217
f 848/610/240 842/604/240 844/606/240 846/608/240
f 834/597/232 850/612/241 851/611/241 848/610/239
f 848/613/242 851/616/242 852/615/242 842/614/242
f 840/617/371 853/620/371 850/619/371 834/618/371
f 850/612/240 853/622/240 852/621/240 851/611/240
f 836/598/240 838/600/240 840/602/240 834/597/240
f 842/614/236 852/615/244 853/620/244 840/617/235
f 861/623/216 854/626/216 863/625/218 877/624/217
f 856/627/245 857/630/184 869/629/246 867/628/219
f 857/630/223 858/632/223 871/631/222 869/629/246
f 858/632/247 859/634/225 873/633/224 871/631/222
f 859/634/225 860/636/227 875/635/226 873/633/224
f 860/636/227 861/623/228 877/624/217 875/635/226
f 854/626/187 855/638/231 865/637/230 863/625/218
f 855/638/231 856/627/245 867/628/219 865/637/230
f 865/639/230 864/642/233 862/641/232 863/640/218
f 867/643/219 866/644/370 864/642/233 865/639/230
f 869/645/246 868/646/235 866/644/370 867/643/219
f 871/647/222 870/648/236 868/646/235 869/645/246
f 873/649/224 872/650/248 870/648/236 871/647/222
f 875/651/226 874/652/238 872/650/248 873/649/224
f 877/653/217 876/654/239 874/652/238 875/651/226
f 863/640/218 862/641/232 876/654/239 877/653/217
f 876/654/240 870/648/240 872/650/240 874/652/240
f 862/641/232 878/656/241 879/655/241 876/654/239
f 876/657/242 879/660/242 880/659/242 870/658/242
f 868/661/371 881/664/371 878/663/371 862/662/371
f 878/656/240 881/666/240 880/665/240 879/655/240
f 864/642/240 866/644/240 868/646/240 862/641/240
f 870/658/236 880/659/244 881/664/244 868/661/235
f 889/667/216 882/670/216 891/669/218 905/668/217
f 884/671/245 885/674/184 897/673/246 895/672/219
f 885/674/223 886/676/223 899/675/222 897/673/246
f 886/676/247 887/678/225 901/677/224 899/675/222
f 887/678/225 888/680/227 903/679/226 901/677/224
f 888/680/227 889/667/228 905/668/217 903/679/226
f 882/670/187 883/682/231 893/681/230 891/669/218
f 883/682/231 884/671/245 895/672/219 893/681/230
f 893/683/230 892/686/233 890/685/232 891/684/218
f 895/687/219 894/688/370 892/686/233 893/683/230
f 897/689/246 896/690/235 894/688/370 895/687/219
f 899/691/222 898/692/236 896/690/235 897/689/246
f 901/693/224 900/694/248 898/692/236 899/691/222
f 903/695/226 902/696/238 900/694/248 901/693/224
f 905/697/217 904/698/239 902/696/238 903/695/226
f 891/684/218 890/685/232 904/698/239 905/697/217
f 904/698/240 898/692/240 900/694/240 902/696/240
f 890/685/232 906/700/241 907/699/241 904/698/239
f 904/701/242 907/704/242 908/703/242 898/702/242
f 896/705/243 909/708/243 906/707/243 890/706/243
f 906/700/240 909/710/240 908/709/240 907/699/240
f 892/686/240 894/688/240 896/690/240 890/685/240
f 898/702/236 908/703/244 909/708/244 896/705/235
f 825/711/240 910/713/240 911/712/240
f 825/711/240 911/712/240 912/714/240
f 825/711/240 912/714/240 913/715/240
f 825/711/240 913/715/240 914/716/240
f 825/711/240 914/716/240 915/717/240
f 825/711/240 915/717/240 916/718/240
f 825/711/240 916/718/240 917/719/240
f 825/711/240 917/719/240 910/713/240
f 918/720/160 1021/723/160 1028/722/160 920/721/160
f 1025/724/67 1027/724/67 1022/725/67 1023/725/67
f 921/721/132 1026/722/132 1024/723/132 919/720/132
f 920/721/159 1028/722/159 1026/722/159 921/721/159
f 930/726/250 927/728/251 931/727/137
f 927/729/252 935/732/252 934/731/252 926/730/252
f 924/733/152 922/735/152 928/734/152 931/727/152
f 923/736/138 925/735/138 927/728/138 926/737/138
f 926/737/253 934/740/255 932/739/255 929/738/254
f 927/728/251 930/726/250 933/742/256 935/741/256
f 925/735/137 924/733/137 931/727/137 927/728/251
f 928/743/257 929/746/258 930/745/258 931/744/257
f 928/734/165 926/737/253 929/738/254
f 944/747/259 941/749/260 945/748/138
f 922/735/165 923/736/165 926/737/253 928/734/165
f 934/740/138 935/741/138 933/742/138 932/739/138
f 930/745/258 929/746/258 932/751/67 933/750/67
f 941/752/261 949/755/261 948/754/261 940/753/261
f 938/756/137 936/758/137 942/757/137 945/748/137
f 937/756/165 939/760/165 941/749/165 940/759/165
f 940/759/262 948/763/264 946/762/264 943/761/263
f 941/749/260 944/747/259 947/765/265 949/764/265
f 939/760/138 938/756/138 945/748/138 941/749/260
f 942/766/266 943/769/267 944/768/267 945/767/266
f 942/757/152 940/759/262 943/761/263
f 958/770/268 955/772/269 959/771/165
f 936/758/152 937/756/152 940/759/262 942/757/152
f 948/763/165 949/764/165 947/765/165 946/762/165
f 944/768/267 943/769/267 946/774/67 947/773/67
f 955/775/270 963/778/270 962/777/270 954/776/270
f 952/779/138 950/781/138 956/780/138 959/771/138
f 951/782/152 953/781/152 955/772/152 954/783/152
f 954/783/271 962/786/273 960/785/273 957/784/272
f 955/772/269 958/770/268 961/788/274 963/787/274
f 953/781/165 952/779/165 959/771/165 955/772/269
f 956/789/275 957/792/276 958/791/276 959/790/275
f 956/780/137 954/783/271 957/784/272
f 972/793/277 969/795/278 973/794/152
f 950/781/137 951/782/137 954/783/271 956/780/137
f 962/786/152 963/787/152 961/788/152 960/785/152
f 958/791/276 957/792/276 960/797/67 961/796/67
f 969/798/279 977/801/279 976/800/279 968/799/279
f 966/802/165 964/804/165 970/803/165 973/794/165
f 965/802/137 967/806/137 969/795/137 968/805/137
f 968/805/280 976/809/282 974/808/282 971/807/281
f 969/795/278 972/793/277 975/811/283 977/810/283
f 967/806/152 966/802/152 973/794/152 969/795/278
f 970/812/284 971/815/285 972/814/285 973/813/284
f 970/803/138 968/805/280 971/807/281
f 964/804/138 965/802/138 968/805/280 970/803/138
f 976/809/137 977/810/137 975/811/137 974/808/137
f 972/814/285 971/815/285 974/817/67 975/816/67
f 979/818/372 1001/821/287 1003/820/287 1013/819/372
f 983/821/288 981/818/373 1012/819/373 1011/820/288
f 985/822/290 983/821/288 1011/820/288 1010/823/290
f 987/824/291 985/822/290 1010/823/290 1009/825/291
f 989/826/292 987/824/291 1009/825/291 1008/827/292
f 991/828/293 989/826/292 1008/827/292 1007/829/293
f 993/828/294 991/828/293 1007/829/293 1006/829/294
f 995/826/295 993/828/294 1006/829/294 1005/830/295
f 997/831/296 995/826/295 1005/830/295 1004/825/296
f 999/822/297 997/831/296 1004/825/296 1002/823/297
f 994/832/298 1017/835/301 1015/834/300 996/833/299
f 1001/821/287 999/822/297 1002/823/297 1003/820/287
f 981/818/373 979/818/372 1013/819/372 1012/819/373
f 1000/836/67 1003/839/67 1002/838/67 998/837/67
f 998/837/67 1002/838/67 1004/841/67 996/840/67
f 996/840/67 1004/841/67 1005/843/67 994/842/67
f 994/842/67 1005/843/67 1006/845/67 992/844/67
f 992/844/67 1006/845/67 1007/845/67 990/844/67
f 990/844/67 1007/845/67 1008/846/67 988/842/67
f 988/842/67 1008/846/67 1009/841/67 986/840/67
f 986/840/67 1009/841/67 1010/838/67 984/837/67
f 984/837/67 1010/838/67 1011/839/67 982/836/67
f 982/836/67 1011/839/67 1012/848/67 980/847/67
f 980/847/67 1012/848/67 1013/848/67 978/847/67
f 978/847/67 1013/848/67 1003/839/67 1000/836/67
f 980/849/302 1020/851/304 982/850/303
f 986/833/305 1019/834/308 1018/835/307 988/832/306
f 992/852/309 1017/835/301 994/832/298
f 978/849/310 1016/851/311 1020/851/304 980/849/302
f 998/853/312 1015/834/300 1016/851/311 1000/850/313
f 984/853/314 1019/834/308 986/833/305
f 990/852/315 1018/835/307 1017/835/301 992/852/309
f 1000/850/313 1016/851/311 978/849/310
f 996/833/299 1015/834/300 998/853/312
f 982/850/303 1020/851/304 1019/834/308 984/853/314
f 988/832/306 1018/835/307 990/852/315
f 1014/854/67 1016/856/67 1015/855/67
f 1014/854/67 1015/855/67 1017/857/67
f 1014/854/67 1017/857/67 1018/857/67
f 1014/854/67 1018/857/67 1019/855/67
f 1014/854/67 1019/855/67 1020/856/67
f 1014/854/67 1020/856/67 1016/856/67
f 1022/858/316 1021/859/316 1024/859/316 1023/858/316
f 1023/858/140 1024/859/140 1026/861/140 1025/860/140
f 1025/860/153 1026/861/153 1028/861/153 1027/860/153
f 1027/860/167 1028/861/167 1021/859/167 1022/858/167
f 919/720/151 1024/723/151 1021/723/151 918/720/151
f 1037/862/317 1034/864/318 1038/863/132
f 1034/865/319 1042/866/319 1041/866/319 1033/865/319
f 1031/867/159 1029/867/159 1035/863/159 1038/863/159
f 1030/868/151 1032/868/151 1034/864/151 1033/864/151
f 1033/864/320 1041/870/322 1039/869/322 1036/862/321
f 1034/864/318 1037/862/317 1040/869/323 1042/870/323
f 1032/868/132 1031/867/132 1038/863/132 1034/864/318
f 1035/871/324 1036/872/325 1037/872/325 1038/871/324
f 1035/863/160 1033/864/320 1036/862/321
f 1051/873/326 1048/875/374 1052/874/151
f 1029/867/160 1030/868/160 1033/864/320 1035/863/160
f 1041/870/151 1042/870/151 1040/869/151 1039/869/151
f 1037/872/325 1036/872/325 1039/876/328 1040/876/328
f 1048/877/329 1056/880/329 1055/879/329 1047/878/329
f 1045/881/132 1043/883/132 1049/882/132 1052/874/132
f 1044/883/160 1046/881/160 1048/875/160 1047/884/160
f 1047/884/330 1055/887/332 1053/886/332 1050/885/331
f 1048/875/374 1051/873/326 1054/889/333 1056/888/333
f 1046/881/151 1045/881/151 1052/874/151 1048/875/374
f 1049/890/334 1050/893/335 1051/892/335 1052/891/334
f 1049/882/159 1047/884/330 1050/885/331
f 1065/894/336 1062/896/337 1066/895/160
f 1043/883/159 1044/883/159 1047/884/330 1049/882/159
f 1055/887/160 1056/888/160 1054/889/160 1053/886/160
f 1051/892/335 1050/893/335 1053/898/338 1054/897/338
f 1062/899/339 1070/901/339 1069/900/339 1061/899/339
f 1059/902/151 1057/904/151 1063/903/151 1066/895/151
f 1058/905/159 1060/905/159 1062/896/159 1061/896/159
f 1061/896/340 1069/907/342 1067/906/342 1064/894/341
f 1062/896/337 1065/894/336 1068/909/343 1070/908/343
f 1060/905/160 1059/902/160 1066/895/160 1062/896/337
f 1063/910/344 1064/912/345 1065/912/345 1066/911/344
f 1063/903/132 1061/896/340 1064/894/341
f 1079/913/346 1076/915/375 1080/914/159
f 1057/904/132 1058/905/132 1061/896/340 1063/903/132
f 1069/907/159 1070/908/159 1068/909/159 1067/906/159
f 1065/912/345 1064/912/345 1067/917/348 1068/916/348
f 1076/918/349 1084/921/349 1083/920/349 1075/919/349
f 1073/922/160 1071/924/160 1077/923/160 1080/914/160
f 1072/924/132 1074/922/132 1076/915/132 1075/925/132
f 1075/925/350 1083/928/352 1081/927/352 1078/926/376
f 1076/915/375 1079/913/346 1082/930/353 1084/929/353
f 1074/922/159 1073/922/159 1080/914/159 1076/915/375
f 1077/931/354 1078/934/355 1079/933/355 1080/932/354
f 1077/923/151 1075/925/350 1078/926/376
f 1071/924/151 1072/924/151 1075/925/350 1077/923/151
f 1083/928/132 1084/929/132 1082/930/132 1081/927/132
f 1079/933/355 1078/934/355 1081/936/356 1082/935/356
f 1085/937/357 1087/937/357 1086/938/357
f 1087/937/358 1090/940/358 1089/939/358 1086/938/358
f 1090/940/359 1088/940/359 1089/939/359
f 1088/941/360 1085/944/360 1086/943/360 1089/942/360
f 1091/937/357 1093/937/357 1092/938/357
f 1093/937/358 1096/940/358 1095/939/358 1092/938/358
f 1096/940/359 1094/940/359 1095/939/359
f 1094/941/360 1091/944/360 1092/943/360 1095/942/360
f 1097/937/357 1099/937/357 1098/938/357
f 1099/937/358 1102/940/358 1101/939/358 1098/938/358
f 1102/940/359 1100/940/359 1101/939/359
f 1100/941/377 1097/944/377 1098/943/377 1101/942/377
f 1103/945/357 1105/945/357 1104/946/357
f 1105/945/358 1108/948/358 1107/947/358 1104/946/358
f 1108/948/359 1106/948/359 1107/947/359
f 1106/949/360 1103/952/360 1104/951/360 1107/950/360
f 1109/945/357 1111/945/357 1110/946/357
f 1111/945/358 1114/948/358 1113/947/358 1110/946/358
f 1114/948/359 1112/948/359 1113/947/359
f 1112/949/360 1109/952/360 1110/951/360 1113/950/360
f 1115/945/357 1117/945/357 1116/946/357
f 1117/945/358 1120/948/358 1119/947/358 1116/946/358
f 1120/948/359 1118/948/359 1119/947/359
f 1118/949/360 1115/952/360 1116/951/360 1119/950/360
f 1133/363/99 1122/366/102 1124/365/101 1134/364/100
f 1128/366/103 1137/363/106 1141/364/105 1129/365/104
f 1121/367/107 1123/369/108 1122/368/102
f 1124/370/101 1125/372/110 1142/371/109
f 1126/367/111 1128/368/103 1127/369/112
f 1148/371/113 1130/372/114 1129/370/104
f 1131/373/115 1133/375/99 1132/374/116
f 1154/376/117 1135/378/118 1134/377/100
f 1136/373/119 1138/374/120 1137/375/106
f 1139/376/121 1141/377/105 1140/378/122
f 1126/367/111 1127/369/112 1123/369/108 1121/367/107
f 1122/366/102 1123/380/108 1125/379/110 1124/365/101
f 1142/371/109 1125/372/110 1130/372/114 1148/371/113
f 1129/365/104 1130/379/114 1127/380/112 1128/366/103
f 1136/373/119 1137/375/106 1128/368/103 1126/367/111
f 1148/371/113 1129/370/104 1141/377/105 1139/376/121
f 1140/381/122 1141/364/105 1137/363/106 1138/382/120
f 1131/373/115 1132/374/116 1138/374/120 1136/373/119
f 1139/376/121 1140/378/122 1135/378/118 1154/376/117
f 1134/364/100 1135/381/118 1132/382/116 1133/363/99
f 1121/367/107 1122/368/102 1133/375/99 1131/373/115
f 1154/376/117 1134/377/100 1124/370/101 1142/371/109
f 1126/367/111 1121/367/107 1131/373/115 1136/373/119
f 1156/383/99 1143/386/102 1145/385/101 1158/384/100
f 1161/387/123 1155/387/126 1159/388/125 1163/388/124
f 1162/389/67 1157/389/67 1146/390/67 1151/390/67
f 1144/391/108 1149/391/112 1153/392/114 1147/392/127
f 1150/386/103 1160/383/106 1164/384/105 1152/385/104
f 1142/393/128 1144/391/108 1143/386/102
f 1145/394/101 1147/396/127 1146/395/109
f 1148/393/129 1150/386/103 1149/391/112
f 1151/395/113 1153/396/114 1152/394/104
f 1154/397/130 1156/383/99 1155/387/126
f 1157/398/117 1159/400/125 1158/399/100
f 1139/397/131 1161/387/123 1160/383/106
f 1162/398/121 1164/399/105 1163/400/124
f 1148/393/129 1149/391/112 1144/391/108 1142/393/128
f 1143/386/102 1144/391/108 1147/392/127 1145/385/101
f 1146/395/109 1147/396/127 1153/396/114 1151/395/113
f 1152/385/104 1153/392/114 1149/391/112 1150/386/103
f 1139/397/131 1160/383/106 1150/386/103 1148/393/129
f 1151/395/113 1152/394/104 1164/399/105 1162/398/121
f 1163/388/124 1164/384/105 1160/383/106 1161/387/123
f 1154/397/130 1155/387/126 1161/387/123 1139/397/131
f 1162/398/121 1163/400/124 1159/400/125 1157/398/117
f 1158/384/100 1159/388/125 1155/387/126 1156/383/99
f 1142/393/128 1143/386/102 1156/383/99 1154/397/130
f 1157/398/117 1158/399/100 1145/394/101 1146/395/109
f 1173/401/132 1171/404/132 1169/403/132 1175/402/132
f 1172/405/361 1170/407/361 1171/406/361
f 1169/408/362 1167/410/362 1168/409/362
f 1166/411/135 1173/413/135 1165/412/135
f 1174/414/142 1176/416/142 1175/415/142
f 1171/404/137 1170/418/137 1167/417/137 1169/403/137
f 1175/402/138 1176/420/138 1165/419/138 1173/401/138
f 1172/405/139 1171/406/139 1173/413/139 1166/411/139
f 1174/414/140 1175/415/140 1169/408/140 1168/409/140
f 1185/421/132 1183/424/132 1181/423/132 1187/422/132
f 1184/425/133 1182/427/133 1183/426/133
f 1181/428/134 1179/430/134 1180/429/134
f 1178/431/141 1185/433/141 1177/432/141
f 1186/434/142 1188/436/142 1187/435/142
f 1183/424/137 1182/438/137 1179/437/137 1181/423/137
f 1187/422/138 1188/440/138 1177/439/138 1185/421/138
f 1184/425/139 1183/426/139 1185/433/139 1178/431/139
f 1186/434/140 1187/435/140 1181/428/140 1180/429/140
f 1138/382/143 1196/442/146 1193/441/145 1140/381/144
f 1140/381/144 1193/441/145 1199/441/148 1135/381/147
f 1135/381/147 1199/441/148 1198/442/150 1132/382/149
f 1132/382/149 1198/442/150 1196/442/146 1138/382/143
f 1123/380/108 1189/444/151 1190/443/151 1125/379/151
f 1125/379/151 1190/443/151 1191/443/151 1130/379/114
f 1130/379/114 1191/443/151 1192/444/151 1127/380/112
f 1127/380/112 1192/444/151 1189/444/151 1123/380/108
f 1202/445/151 1203/445/151 1204/446/151 1201/446/151
f 1194/447/152 1193/450/152 1196/449/152 1195/448/152
f 1195/451/153 1196/452/153 1198/452/153 1197/451/153
f 1200/453/154 1199/454/154 1193/454/154 1194/453/154
f 1197/448/137 1198/449/137 1199/450/137 1200/447/137
f 1201/455/155 1190/458/155 1189/457/155 1202/456/155
f 1202/459/156 1189/460/156 1192/460/156 1203/459/156
f 1204/461/157 1191/462/157 1190/462/157 1201/461/157
f 1203/456/158 1192/457/158 1191/458/158 1204/455/158
f 1195/463/159 1197/463/159 1200/464/159 1194/464/159
f 1213/465/160 1211/468/160 1209/467/160 1215/466/160
f 1212/469/363 1210/471/363 1211/470/363
f 1209/472/364 1207/474/364 1208/473/364
f 1206/475/365 1213/477/365 1205/476/365
f 1214/478/366 1216/480/366 1215/479/366
f 1211/468/165 1210/482/165 1207/481/165 1209/467/165
f 1215/466/152 1216/484/152 1205/483/152 1213/465/152
f 1212/469/166 1211/470/166 1213/477/166 1206/475/166
f 1214/478/167 1215/479/167 1209/472/167 1208/473/167
f 1225/485/168 1223/488/171 1221/487/170 1227/486/169
f 1224/489/172 1222/491/173 1223/490/171
f 1221/492/170 1219/494/175 1220/493/174
f 1218/495/176 1225/497/168 1217/496/177
f 1226/498/178 1228/500/179 1227/499/169
f 1223/501/171 1222/502/173 1219/494/175 1221/492/170
f 1227/499/169 1228/500/179 1217/504/177 1225/503/168
f 1224/489/172 1223/490/171 1225/497/168 1218/495/176
f 1226/505/178 1227/508/169 1221/507/170 1220/506/174
f 1224/489/172 1231/509/247 1222/491/173
f 1228/510/181 1232/513/181 1229/512/181 1217/511/181
f 1219/514/175 1230/516/228 1220/515/174
f 1222/517/183 1231/518/183 1230/516/183 1219/514/183
f 1217/496/177 1229/519/184 1218/495/176
f 1220/515/185 1230/522/185 1232/521/185 1226/520/185
f 1218/523/186 1229/526/186 1231/525/186 1224/524/186
f 1226/520/178 1232/521/187 1228/510/179
f 1240/527/188 1233/530/189 1242/529/189 1256/528/188
f 1235/531/190 1236/534/191 1248/533/191 1246/532/190
f 1236/534/192 1237/536/192 1250/535/192 1248/533/192
f 1237/537/193 1238/540/194 1252/539/194 1250/538/193
f 1238/541/194 1239/544/195 1254/543/195 1252/542/194
f 1239/544/196 1240/527/188 1256/528/188 1254/543/196
f 1233/545/197 1234/548/198 1244/547/198 1242/546/197
f 1234/549/198 1235/531/190 1246/532/190 1244/550/198
f 1244/547/199 1243/552/199 1241/551/200 1242/546/200
f 1246/553/201 1245/554/201 1243/552/199 1244/547/199
f 1248/555/367 1247/556/367 1245/554/201 1246/553/201
f 1250/538/203 1249/557/203 1247/556/367 1248/555/367
f 1252/539/204 1251/558/204 1249/557/203 1250/538/203
f 1254/559/205 1253/560/205 1251/558/204 1252/539/204
f 1256/561/206 1255/562/206 1253/560/205 1254/559/205
f 1242/546/200 1241/551/200 1255/562/206 1256/561/206
f 1245/563/209 1344/566/209 1343/565/208 1243/564/208
f 1251/567/210 1347/570/210 1346/569/211 1249/568/211
f 1247/571/212 1345/572/212 1344/566/209 1245/563/209
f 1253/573/368 1348/574/368 1347/570/210 1251/567/210
f 1243/564/208 1343/565/208 1342/576/214 1241/575/214
f 1241/575/214 1342/576/214 1349/578/378 1255/577/378
f 1249/568/211 1346/569/211 1345/572/212 1247/571/212
f 1255/577/378 1349/578/378 1348/574/368 1253/573/368
f 1265/579/216 1258/582/216 1267/581/218 1281/580/217
f 1260/583/184 1261/586/221 1273/585/246 1271/584/219
f 1261/586/221 1262/588/223 1275/587/222 1273/585/246
f 1262/588/247 1263/590/225 1277/589/224 1275/587/222
f 1263/590/225 1264/592/227 1279/591/226 1277/589/224
f 1264/592/227 1265/579/228 1281/580/217 1279/591/226
f 1258/582/229 1259/594/231 1269/593/230 1267/581/218
f 1259/594/231 1260/583/159 1271/584/219 1269/593/230
f 1269/595/230 1268/598/233 1266/597/232 1267/596/218
f 1271/599/219 1270/600/370 1268/598/233 1269/595/230
f 1273/601/246 1272/602/235 1270/600/370 1271/599/219
f 1275/603/222 1274/604/236 1272/602/235 1273/601/246
f 1277/605/224 1276/606/248 1274/604/236 1275/603/222
f 1279/607/226 1278/608/238 1276/606/248 1277/605/224
f 1281/609/217 1280/610/239 1278/608/238 1279/607/226
f 1267/596/218 1266/597/232 1280/610/239 1281/609/217
f 1280/610/240 1274/604/240 1276/606/240 1278/608/240
f 1266/597/232 1282/612/241 1283/611/241 1280/610/239
f 1280/613/242 1283/616/242 1284/615/242 1274/614/242
f 1272/617/243 1285/620/243 1282/619/243 1266/618/243
f 1282/612/240 1285/622/240 1284/621/240 1283/611/240
f 1268/598/240 1270/600/240 1272/602/240 1266/597/240
f 1274/614/236 1284/615/244 1285/620/244 1272/617/235
f 1293/623/216 1286/626/216 1295/625/218 1309/624/217
f 1288/627/245 1289/630/184 1301/629/220 1299/628/219
f 1289/630/223 1290/632/223 1303/631/222 1301/629/220
f 1290/632/247 1291/634/225 1305/633/224 1303/631/222
f 1291/634/225 1292/636/227 1307/635/226 1305/633/224
f 1292/636/227 1293/623/228 1309/624/217 1307/635/226
f 1286/626/187 1287/638/231 1297/637/230 1295/625/218
f 1287/638/231 1288/627/245 1299/628/219 1297/637/230
f 1297/639/230 1296/642/233 1294/641/232 1295/640/218
f 1299/643/219 1298/644/234 1296/642/233 1297/639/230
f 1301/645/220 1300/646/235 1298/644/234 1299/643/219
f 1303/647/222 1302/648/236 1300/646/235 1301/645/220
f 1305/649/224 1304/650/248 1302/648/236 1303/647/222
f 1307/651/226 1306/652/238 1304/650/248 1305/649/224
f 1309/653/217 1308/654/239 1306/652/238 1307/651/226
f 1295/640/218 1294/641/232 1308/654/239 1309/653/217
f 1308/654/240 1302/648/240 1304/650/240 1306/652/240
f 1294/641/232 1310/656/241 1311/655/241 1308/654/239
f 1308/657/242 1311/660/242 1312/659/242 1302/658/242
f 1300/661/243 1313/664/243 1310/663/243 1294/662/243
f 1310/656/240 1313/666/240 1312/665/240 1311/655/240
f 1296/642/240 1298/644/240 1300/646/240 1294/641/240
f 1302/658/236 1312/659/244 1313/664/244 1300/661/235
f 1321/667/216 1314/670/216 1323/669/218 1337/668/217
f 1316/671/245 1317/674/184 1329/673/246 1327/672/219
f 1317/674/223 1318/676/223 1331/675/222 1329/673/246
f 1318/676/247 1319/678/225 1333/677/224 1331/675/222
f 1319/678/225 1320/680/227 1335/679/226 1333/677/224
f 1320/680/227 1321/667/228 1337/668/217 1335/679/226
f 1314/670/187 1315/682/231 1325/681/230 1323/669/218
f 1315/682/231 1316/671/245 1327/672/219 1325/681/230
f 1325/683/230 1324/686/233 1322/685/232 1323/684/218
f 1327/687/219 1326/688/370 1324/686/233 1325/683/230
f 1329/689/246 1328/690/235 1326/688/370 1327/687/219
f 1331/691/222 1330/692/236 1328/690/235 1329/689/246
f 1333/693/224 1332/694/248 1330/692/236 1331/691/222
f 1335/695/226 1334/696/238 1332/694/248 1333/693/224
f 1337/697/217 1336/698/239 1334/696/238 1335/695/226
f 1323/684/218 1322/685/232 1336/698/239 1337/697/217
f 1336/698/240 1330/692/240 1332/694/240 1334/696/240
f 1322/685/232 1338/700/241 1339/699/241 1336/698/239
f 1336/701/242 1339/704/242 1340/703/242 1330/702/242
f 1328/705/243 1341/708/243 1338/707/243 1322/706/243
f 1338/700/240 1341/710/240 1340/709/240 1339/699/240
f 1324/686/240 1326/688/240 1328/690/240 1322/685/240
f 1330/702/236 1340/703/244 1341/708/244 1328/705/235
f 1257/711/240 1342/713/240 1343/712/240
f 1257/711/240 1343/712/240 1344/714/240
f 1257/711/240 1344/714/240 1345/715/240
f 1257/711/240 1345/715/240 1346/716/240
f 1257/711/240 1346/716/240 1347/717/240
f 1257/711/240 1347/717/240 1348/718/240
f 1257/711/240 1348/718/240 1349/719/240
f 1257/711/240 1349/719/240 1342/713/240
f 1350/720/160 1453/723/160 1460/722/160 1352/721/160
f 1457/724/67 1459/724/67 1454/725/67 1455/725/67
f 1353/721/132 1458/722/132 1456/723/132 1351/720/132
f 1352/721/159 1460/722/159 1458/722/159 1353/721/159
f 1362/726/250 1359/728/251 1363/727/137
f 1359/729/252 1367/732/252 1366/731/252 1358/730/252
f 1356/733/152 1354/735/152 1360/734/152 1363/727/152
f 1355/736/138 1357/735/138 1359/728/138 1358/737/138
f 1358/737/253 1366/740/255 1364/739/255 1361/738/254
f 1359/728/251 1362/726/250 1365/742/379 1367/741/379
f 1357/735/137 1356/733/137 1363/727/137 1359/728/251
f 1360/743/257 1361/746/258 1362/745/258 1363/744/257
f 1360/734/165 1358/737/253 1361/738/254
f 1376/747/259 1373/749/260 1377/748/138
f 1354/735/165 1355/736/165 1358/737/253 1360/734/165
f 1366/740/138 1367/741/138 1365/742/138 1364/739/138
f 1362/745/258 1361/746/258 1364/751/67 1365/750/67
f 1373/752/261 1381/755/261 1380/754/261 1372/753/261
f 1370/756/137 1368/758/137 1374/757/137 1377/748/137
f 1369/756/165 1371/760/165 1373/749/165 1372/759/165
f 1372/759/262 1380/763/264 1378/762/264 1375/761/263
f 1373/749/260 1376/747/259 1379/765/265 1381/764/265
f 1371/760/138 1370/756/138 1377/748/138 1373/749/260
f 1374/766/266 1375/769/267 1376/768/267 1377/767/266
f 1374/757/152 1372/759/262 1375/761/263
f 1390/770/268 1387/772/269 1391/771/165
f 1368/758/152 1369/756/152 1372/759/262 1374/757/152
f 1380/763/165 1381/764/165 1379/765/165 1378/762/165
f 1376/768/267 1375/769/267 1378/774/67 1379/773/67
f 1387/775/270 1395/778/270 1394/777/270 1386/776/270
f 1384/779/138 1382/781/138 1388/780/138 1391/771/138
f 1383/782/152 1385/781/152 1387/772/152 1386/783/152
f 1386/783/271 1394/786/273 1392/785/273 1389/784/272
f 1387/772/269 1390/770/268 1393/788/274 1395/787/274
f 1385/781/165 1384/779/165 1391/771/165 1387/772/269
f 1388/789/275 1389/792/276 1390/791/276 1391/790/275
f 1388/780/137 1386/783/271 1389/784/272
f 1404/793/277 1401/795/278 1405/794/152
f 1382/781/137 1383/782/137 1386/783/271 1388/780/137
f 1394/786/152 1395/787/152 1393/788/152 1392/785/152
f 1390/791/276 1389/792/276 1392/797/67 1393/796/67
f 1401/798/279 1409/801/279 1408/800/279 1400/799/279
f 1398/802/165 1396/804/165 1402/803/165 1405/794/165
f 1397/802/137 1399/806/137 1401/795/137 1400/805/137
f 1400/805/280 1408/809/282 1406/808/282 1403/807/281
f 1401/795/278 1404/793/277 1407/811/283 1409/810/283
f 1399/806/152 1398/802/152 1405/794/152 1401/795/278
f 1402/812/284 1403/815/285 1404/814/285 1405/813/284
f 1402/803/138 1400/805/280 1403/807/281
f 1396/804/138 1397/802/138 1400/805/280 1402/803/138
f 1408/809/137 1409/810/137 1407/811/137 1406/808/137
f 1404/814/285 1403/815/285 1406/817/67 1407/816/67
f 1411/818/372 1433/821/287 1435/820/287 1445/819/372
f 1415/821/288 1413/818/373 1444/819/373 1443/820/288
f 1417/822/290 1415/821/288 1443/820/288 1442/823/290
f 1419/824/291 1417/822/290 1442/823/290 1441/825/291
f 1421/826/292 1419/824/291 1441/825/291 1440/827/292
f 1423/828/293 1421/826/292 1440/827/292 1439/829/293
f 1425/828/294 1423/828/293 1439/829/293 1438/829/294
f 1427/826/295 1425/828/294 1438/829/294 1437/830/295
f 1429/831/296 1427/826/295 1437/830/295 1436/825/296
f 1431/822/297 1429/831/296 1436/825/296 1434/823/297
f 1426/832/298 1449/835/301 1447/834/300 1428/833/299
f 1433/821/287 1431/822/297 1434/823/297 1435/820/287
f 1413/818/373 1411/818/372 1445/819/372 1444/819/373
f 1432/836/67 1435/839/67 1434/838/67 1430/837/67
f 1430/837/67 1434/838/67 1436/841/67 1428/840/67
f 1428/840/67 1436/841/67 1437/843/67 1426/842/67
f 1426/842/67 1437/843/67 1438/845/67 1424/844/67
f 1424/844/67 1438/845/67 1439/845/67 1422/844/67
f 1422/844/67 1439/845/67 1440/846/67 1420/842/67
f 1420/842/67 1440/846/67 1441/841/67 1418/840/67
f 1418/840/67 1441/841/67 1442/838/67 1416/837/67
f 1416/837/67 1442/838/67 1443/839/67 1414/836/67
f 1414/836/67 1443/839/67 1444/848/67 1412/847/67
f 1412/847/67 1444/848/67 1445/848/67 1410/847/67
f 1410/847/67 1445/848/67 1435/839/67 1432/836/67
f 1412/849/302 1452/851/304 1414/850/303
f 1418/833/305 1451/834/308 1450/835/307 1420/832/306
f 1424/852/309 1449/835/301 1426/832/298
f 1410/849/310 1448/851/311 1452/851/304 1412/849/302
f 1430/853/312 1447/834/300 1448/851/311 1432/850/313
f 1416/853/314 1451/834/308 1418/833/305
f 1422/852/315 1450/835/307 1449/835/301 1424/852/309
f 1432/850/313 1448/851/311 1410/849/310
f 1428/833/299 1447/834/300 1430/853/312
f 1414/850/303 1452/851/304 1451/834/308 1416/853/314
f 1420/832/306 1450/835/307 1422/852/315
f 1446/854/67 1448/856/67 1447/855/67
f 1446/854/67 1447/855/67 1449/857/67
f 1446/854/67 1449/857/67 1450/857/67
f 1446/854/67 1450/857/67 1451/855/67
f 1446/854/67 1451/855/67 1452/856/67
f 1446/854/67 1452/856/67 1448/856/67
f 1454/858/316 1453/859/316 1456/859/316 1455/858/316
f 1455/858/140 1456/859/140 1458/861/140 1457/860/140
f 1457/860/153 1458/861/153 1460/861/153 1459/860/153
f 1459/860/167 1460/861/167 1453/859/167 1454/858/167
f 1351/720/151 1456/723/151 1453/723/151 1350/720/151
f 1469/862/317 1466/864/318 1470/863/132
f 1466/865/319 1474/866/319 1473/866/319 1465/865/319
f 1463/867/159 1461/867/159 1467/863/159 1470/863/159
f 1462/868/151 1464/868/151 1466/864/151 1465/864/151
f 1465/864/320 1473/870/322 1471/869/322 1468/862/321
f 1466/864/318 1469/862/317 1472/869/323 1474/870/323
f 1464/868/132 1463/867/132 1470/863/132 1466/864/318
f 1467/871/324 1468/872/325 1469/872/325 1470/871/324
f 1467/863/160 1465/864/320 1468/862/321
f 1483/873/326 1480/875/374 1484/874/151
f 1461/867/160 1462/868/160 1465/864/320 1467/863/160
f 1473/870/151 1474/870/151 1472/869/151 1471/869/151
f 1469/872/325 1468/872/325 1471/876/328 1472/876/328
f 1480/877/329 1488/880/329 1487/879/329 1479/878/329
f 1477/881/132 1475/883/132 1481/882/132 1484/874/132
f 1476/883/160 1478/881/160 1480/875/160 1479/884/160
f 1479/884/330 1487/887/332 1485/886/332 1482/885/331
f 1480/875/374 1483/873/326 1486/889/333 1488/888/333
f 1478/881/151 1477/881/151 1484/874/151 1480/875/374
f 1481/890/334 1482/893/335 1483/892/335 1484/891/334
f 1481/882/159 1479/884/330 1482/885/331
f 1497/894/336 1494/896/337 1498/895/160
f 1475/883/159 1476/883/159 1479/884/330 1481/882/159
f 1487/887/160 1488/888/160 1486/889/160 1485/886/160
f 1483/892/335 1482/893/335 1485/898/338 1486/897/338
f 1494/899/339 1502/901/339 1501/900/339 1493/899/339
f 1491/902/151 1489/904/151 1495/903/151 1498/895/151
f 1490/905/159 1492/905/159 1494/896/159 1493/896/159
f 1493/896/340 1501/907/342 1499/906/342 1496/894/341
f 1494/896/337 1497/894/336 1500/909/343 1502/908/343
f 1492/905/160 1491/902/160 1498/895/160 1494/896/337
f 1495/910/344 1496/912/345 1497/912/345 1498/911/344
f 1495/903/132 1493/896/340 1496/894/341
f 1511/913/346 1508/915/375 1512/914/159
f 1489/904/132 1490/905/132 1493/896/340 1495/903/132
f 1501/907/159 1502/908/159 1500/909/159 1499/906/159
f 1497/912/345 1496/912/345 1499/917/348 1500/916/348
f 1508/918/349 1516/921/349 1515/920/349 1507/919/349
f 1505/922/160 1503/924/160 1509/923/160 1512/914/160
f 1504/924/132 1506/922/132 1508/915/132 1507/925/132
f 1507/925/350 1515/928/352 1513/927/352 1510/926/376
f 1508/915/375 1511/913/346 1514/930/353 1516/929/353
f 1506/922/159 1505/922/159 1512/914/159 1508/915/375
f 1509/931/354 1510/934/355 1511/933/355 1512/932/354
f 1509/923/151 1507/925/350 1510/926/376
f 1503/924/151 1504/924/151 1507/925/350 1509/923/151
f 1515/928/132 1516/929/132 1514/930/132 1513/927/132
f 1511/933/355 1510/934/355 1513/936/356 1514/935/356
f 1517/937/357 1519/937/357 1518/938/357
f 1519/937/358 1522/940/358 1521/939/358 1518/938/358
f 1522/940/359 1520/940/359 1521/939/359
f 1520/941/360 1517/944/360 1518/943/360 1521/942/360
f 1523/937/357 1525/937/357 1524/938/357
f 1525/937/358 1528/940/358 1527/939/358 1524/938/358
f 1528/940/359 1526/940/359 1527/939/359
f 1526/941/360 1523/944/360 1524/943/360 1527/942/360
f 1529/937/357 1531/937/357 1530/938/357
f 1531/937/358 1534/940/358 1533/939/358 1530/938/358
f 1534/940/359 1532/940/359 1533/939/359
f 1532/941/360 1529/944/360 1530/943/360 1533/942/360
f 1535/945/357 1537/945/357 1536/946/357
f 1537/945/358 1540/948/358 1539/947/358 1536/946/358
f 1540/948/359 1538/948/359 1539/947/359
f 1538/949/360 1535/952/360 1536/951/360 1539/950/360
f 1541/945/357 1543/945/357 1542/946/357
f 1543/945/358 1546/948/358 1545/947/358 1542/946/358
f 1546/948/359 1544/948/359 1545/947/359
f 1544/949/360 1541/952/360 1542/951/360 1545/950/360
f 1547/945/357 1549/945/357 1548/946/357
f 1549/945/358 1552/948/358 1551/947/358 1548/946/358
f 1552/948/359 1550/948/359 1551/947/359
f 1550/949/377 1547/952/377 1548/951/377 1551/950/377
f 1565/363/99 1554/366/102 1556/365/101 1566/364/100
f 1560/366/103 1569/363/106 1573/364/105 1561/365/104
f 1553/367/107 1555/369/108 1554/368/102
f 1556/370/101 1557/372/110 1574/371/109
f 1558/367/111 1560/368/103 1559/369/112
f 1580/371/113 1562/372/114 1561/370/104
f 1563/373/115 1565/375/99 1564/374/116
f 1586/376/117 1567/378/118 1566/377/100
f 1568/373/119 1570/374/120 1569/375/106
f 1571/376/121 1573/377/105 1572/378/122
f 1558/367/111 1559/369/112 1555/369/108 1553/367/107
f 1554/366/102 1555/380/108 1557/379/110 1556/365/101
f 1574/371/109 1557/372/110 1562/372/114 1580/371/113
f 1561/365/104 1562/379/114 1559/380/112 1560/366/103
f 1568/373/119 1569/375/106 1560/368/103 1558/367/111
f 1580/371/113 1561/370/104 1573/377/105 1571/376/121
f 1572/381/122 1573/364/105 1569/363/106 1570/382/120
f 1563/373/115 1564/374/116 1570/374/120 1568/373/119
f 1571/376/121 1572/378/122 1567/378/118 1586/376/117
f 1566/364/100 1567/381/118 1564/382/116 1565/363/99
f 1553/367/107 1554/368/102 1565/375/99 1563/373/115
f 1586/376/117 1566/377/100 1556/370/101 1574/371/109
f 1558/367/111 1553/367/107 1563/373/115 1568/373/119
f 1588/383/99 1575/386/102 1577/385/101 1590/384/100
f 1593/387/123 1587/387/126 1591/388/125 1595/388/124
f 1594/389/67 1589/389/67 1578/390/67 1583/390/67
f 1576/391/108 1581/391/112 1585/392/114 1579/392/127
f 1582/386/103 1592/383/106 1596/384/105 1584/385/104
f 1574/393/128 1576/391/108 1575/386/102
f 1577/394/101 1579/396/127 1578/395/109
f 1580/393/129 1582/386/103 1581/391/112
f 1583/395/113 1585/396/114 1584/394/104
f 1586/397/130 1588/383/99 1587/387/126
f 1589/398/117 1591/400/125 1590/399/100
f 1571/397/131 1593/387/123 1592/383/106
f 1594/398/121 1596/399/105 1595/400/124
f 1580/393/129 1581/391/112 1576/391/108 1574/393/128
f 1575/386/102 1576/391/108 1579/392/127 1577/385/101
f 1578/395/109 1579/396/127 1585/396/114 1583/395/113
f 1584/385/104 1585/392/114 1581/391/112 1582/386/103
f 1571/397/131 1592/383/106 1582/386/103 1580/393/129
f 1583/395/113 1584/394/104 1596/399/105 1594/398/121
f 1595/388/124 1596/384/105 1592/383/106 1593/387/123
f 1586/397/130 1587/387/126 1593/387/123 1571/397/131
f 1594/398/121 1595/400/124 1591/400/125 1589/398/117
f 1590/384/100 1591/388/125 1587/387/126 1588/383/99
f 1574/393/128 1575/386/102 1588/383/99 1586/397/130
f 1589/398/117 1590/399/100 1577/394/101 1578/395/109
f 1605/401/132 1603/404/132 1601/403/132 1607/402/132
f 1604/405/133 1602/407/133 1603/406/133
f 1601/408/134 1599/410/134 1600/409/134
f 1598/411/135 1605/413/135 1597/412/135
f 1606/414/136 1608/416/136 1607/415/136
f 1603/404/137 1602/418/137 1599/417/137 1601/403/137
f 1607/402/138 1608/420/138 1597/419/138 1605/401/138
f 1604/405/139 1603/406/139 1605/413/139 1598/411/139
f 1606/414/140 1607/415/140 1601/408/140 1600/409/140
f 1617/421/132 1615/424/132 1613/423/132 1619/422/132
f 1616/425/133 1614/427/133 1615/426/133
f 1613/428/134 1611/430/134 1612/429/134
f 1610/431/141 1617/433/141 1609/432/141
f 1618/434/142 1620/436/142 1619/435/142
f 1615/424/137 1614/438/137 1611/437/137 1613/423/137
f 1619/422/138 1620/440/138 1609/439/138 1617/421/138
f 1616/425/139 1615/426/139 1617/433/139 1610/431/139
f 1618/434/140 1619/435/140 1613/428/140 1612/429/140
f 1570/382/143 1628/442/146 1625/441/145 1572/381/144
f 1572/381/144 1625/441/145 1631/441/148 1567/381/147
f 1567/381/147 1631/441/148 1630/442/150 1564/382/149
f 1564/382/149 1630/442/150 1628/442/146 1570/382/143
f 1555/380/108 1621/444/151 1622/443/151 1557/379/151
f 1557/379/151 1622/443/151 1623/443/151 1562/379/114
f 1562/379/114 1623/443/151 1624/444/151 1559/380/112
f 1559/380/112 1624/444/151 1621/444/151 1555/380/108
f 1634/445/151 1635/445/151 1636/446/151 1633/446/151
f 1626/447/152 1625/450/152 1628/449/152 1627/448/152
f 1627/451/153 1628/452/153 1630/452/153 1629/451/153
f 1632/453/154 1631/454/154 1625/454/154 1626/453/154
f 1629/448/137 1630/449/137 1631/450/137 1632/447/137
f 1633/455/380 1622/458/380 1621/457/380 1634/456/380
f 1634/459/156 1621/460/156 1624/460/156 1635/459/156
f 1636/461/157 1623/462/157 1622/462/157 1633/461/157
f 1635/456/158 1624/457/158 1623/458/158 1636/455/158
f 1627/463/159 1629/463/159 1632/464/159 1626/464/159
f 1645/465/160 1643/468/160 1641/467/160 1647/466/160
f 1644/469/363 1642/471/363 1643/470/363
f 1641/472/364 1639/474/364 1640/473/364
f 1638/475/163 1645/477/163 1637/476/163
f 1646/478/164 1648/480/164 1647/479/164
f 1643/468/165 1642/482/165 1639/481/165 1641/467/165
f 1647/466/152 1648/484/152 1637/483/152 1645/465/152
f 1644/469/166 1643/470/166 1645/477/166 1638/475/166
f 1646/478/167 1647/479/167 1641/472/167 1640/473/167
f 1657/485/168 1655/488/171 1653/487/170 1659/486/169
f 1656/489/381 1654/491/173 1655/490/171
f 1653/492/170 1651/494/175 1652/493/174
f 1650/495/176 1657/497/168 1649/496/177
f 1658/498/178 1660/500/179 1659/499/169
f 1655/501/171 1654/502/173 1651/494/175 1653/492/170
f 1659/499/169 1660/500/179 1649/504/177 1657/503/168
f 1656/489/381 1655/490/171 1657/497/168 1650/495/176
f 1658/505/178 1659/508/169 1653/507/170 1652/506/174
f 1656/489/381 1663/509/180 1654/491/173
f 1660/510/181 1664/513/181 1661/512/181 1649/511/181
f 1651/514/175 1662/516/182 1652/515/174
f 1654/517/183 1663/518/183 1662/516/183 1651/514/183
f 1649/496/177 1661/519/184 1650/495/176
f 1652/515/185 1662/522/185 1664/521/185 1658/520/185
f 1650/523/186 1661/526/186 1663/525/186 1656/524/186
f 1658/520/178 1664/521/187 1660/510/179
f 1672/527/188 1665/530/189 1674/529/189 1688/528/188
f 1667/531/190 1668/534/191 1680/533/191 1678/532/190
f 1668/534/192 1669/536/192 1682/535/192 1680/533/192
f 1669/537/193 1670/540/194 1684/539/194 1682/538/193
f 1670/541/194 1671/544/195 1686/543/195 1684/542/194
f 1671/544/196 1672/527/188 1688/528/188 1686/543/196
f 1665/545/197 1666/548/198 1676/547/198 1674/546/197
f 1666/549/198 1667/531/190 1678/532/190 1676/550/198
f 1676/547/199 1675/552/199 1673/551/200 1674/546/200
f 1678/553/201 1677/554/201 1675/552/199 1676/547/199
f 1680/555/202 1679/556/202 1677/554/201 1678/553/201
f 1682/538/203 1681/557/203 1679/556/202 1680/555/202
f 1684/539/204 1683/558/204 1681/557/203 1682/538/203
f 1686/559/205 1685/560/205 1683/558/204 1684/539/204
f 1688/561/206 1687/562/206 1685/560/205 1686/559/205
f 1674/546/200 1673/551/200 1687/562/206 1688/561/206
f 1677/563/207 1776/566/209 1775/565/208 1675/564/208
f 1683/567/210 1779/570/210 1778/569/211 1681/568/211
f 1679/571/212 1777/572/212 1776/566/209 1677/563/207
f 1685/573/213 1780/574/213 1779/570/210 1683/567/210
f 1675/564/208 1775/565/208 1774/576/214 1673/575/214
f 1673/575/214 1774/576/214 1781/578/215 1687/577/215
f 1681/568/211 1778/569/211 1777/572/212 1679/571/212
f 1687/577/215 1781/578/215 1780/574/213 1685/573/213
f 1697/579/216 1690/582/216 1699/581/218 1713/580/217
f 1692/583/382 1693/586/221 1705/585/246 1703/584/219
f 1693/586/221 1694/588/223 1707/587/369 1705/585/246
f 1694/588/247 1695/590/225 1709/589/224 1707/587/369
f 1695/590/225 1696/592/227 1711/591/226 1709/589/224
f 1696/592/227 1697/579/228 1713/580/217 1711/591/226
f 1690/582/229 1691/594/231 1701/593/230 1699/581/218
f 1691/594/231 1692/583/159 1703/584/219 1701/593/230
f 1701/595/230 1700/598/233 1698/597/232 1699/596/218
f 1703/599/219 1702/600/370 1700/598/233 1701/595/230
f 1705/601/246 1704/602/235 1702/600/370 1703/599/219
f 1707/603/369 1706/604/236 1704/602/235 1705/601/246
f 1709/605/224 1708/606/248 1706/604/236 1707/603/369
f 1711/607/226 1710/608/238 1708/606/248 1709/605/224
f 1713/609/217 1712/610/239 1710/608/238 1711/607/226
f 1699/596/218 1698/597/232 1712/610/239 1713/609/217
f 1712/610/240 1706/604/240 1708/606/240 1710/608/240
f 1698/597/232 1714/612/241 1715/611/241 1712/610/239
f 1712/613/242 1715/616/242 1716/615/242 1706/614/242
f 1704/617/243 1717/620/243 1714/619/243 1698/618/243
f 1714/612/240 1717/622/240 1716/621/240 1715/611/240
f 1700/598/240 1702/600/240 1704/602/240 1698/597/240
f 1706/614/236 1716/615/244 1717/620/244 1704/617/235
f 1725/623/216 1718/626/216 1727/625/218 1741/624/217
f 1720/627/245 1721/630/184 1733/629/246 1731/628/219
f 1721/630/223 1722/632/223 1735/631/222 1733/629/246
f 1722/632/247 1723/634/225 1737/633/224 1735/631/222
f 1723/634/225 1724/636/227 1739/635/226 1737/633/224
f 1724/636/227 1725/623/228 1741/624/217 1739/635/226
f 1718/626/187 1719/638/231 1729/637/230 1727/625/218
f 1719/638/231 1720/627/245 1731/628/219 1729/637/230
f 1729/639/230 1728/642/233 1726/641/232 1727/640/218
f 1731/643/219 1730/644/234 1728/642/233 1729/639/230
f 1733/645/246 1732/646/235 1730/644/234 1731/643/219
f 1735/647/222 1734/648/236 1732/646/235 1733/645/246
f 1737/649/224 1736/650/248 1734/648/236 1735/647/222
f 1739/651/226 1738/652/238 1736/650/248 1737/649/224
f 1741/653/217 1740/654/239 1738/652/238 1739/651/226
f 1727/640/218 1726/641/232 1740/654/239 1741/653/217
f 1740/654/240 1734/648/240 1736/650/240 1738/652/240
f 1726/641/232 1742/656/241 1743/655/241 1740/654/239
f 1740/657/242 1743/660/242 1744/659/242 1734/658/242
f 1732/661/243 1745/664/243 1742/663/243 1726/662/243
f 1742/656/240 1745/666/240 1744/665/240 1743/655/240
f 1728/642/240 1730/644/240 1732/646/240 1726/641/240
f 1734/658/236 1744/659/244 1745/664/244 1732/661/235
f 1753/667/216 1746/670/216 1755/669/218 1769/668/217
f 1748/671/245 1749/674/184 1761/673/246 1759/672/219
f 1749/674/223 1750/676/223 1763/675/222 1761/673/246
f 1750/676/247 1751/678/225 1765/677/224 1763/675/222
f 1751/678/225 1752/680/227 1767/679/226 1765/677/224
f 1752/680/227 1753/667/228 1769/668/217 1767/679/226
f 1746/670/229 1747/682/231 1757/681/230 1755/669/218
f 1747/682/231 1748/671/245 1759/672/219 1757/681/230
f 1757/683/230 1756/686/233 1754/685/232 1755/684/218
f 1759/687/219 1758/688/370 1756/686/233 1757/683/230
f 1761/689/246 1760/690/235 1758/688/370 1759/687/219
f 1763/691/222 1762/692/236 1760/690/235 1761/689/246
f 1765/693/224 1764/694/248 1762/692/236 1763/691/222
f 1767/695/226 1766/696/238 1764/694/248 1765/693/224
f 1769/697/217 1768/698/239 1766/696/238 1767/695/226
f 1755/684/218 1754/685/232 1768/698/239 1769/697/217
f 1768/698/240 1762/692/240 1764/694/240 1766/696/240
f 1754/685/232 1770/700/241 1771/699/241 1768/698/239
f 1768/701/242 1771/704/242 1772/703/242 1762/702/242
f 1760/705/243 1773/708/243 1770/707/243 1754/706/243
f 1770/700/240 1773/710/240 1772/709/240 1771/699/240
f 1756/686/240 1758/688/240 1760/690/240 1754/685/240
f 1762/702/236 1772/703/244 1773/708/244 1760/705/235
f 1689/711/240 1774/713/240 1775/712/240
f 1689/711/240 1775/712/240 1776/714/240
f 1689/711/240 1776/714/240 1777/715/240
f 1689/711/240 1777/715/240 1778/716/240
f 1689/711/240 1778/716/240 1779/717/240
f 1689/711/240 1779/717/240 1780/718/240
f 1689/711/240 1780/718/240 1781/719/240
f 1689/711/240 1781/719/240 1774/713/240
f 1782/720/160 1885/723/160 1892/722/160 1784/721/160
f 1889/724/67 1891/724/67 1886/725/67 1887/725/67
f 1785/721/132 1890/722/132 1888/723/132 1783/720/132
f 1784/721/159 1892/722/159 1890/722/159 1785/721/159
f 1794/726/250 1791/728/251 1795/727/137
f 1791/729/252 1799/732/252 1798/731/252 1790/730/252
f 1788/733/152 1786/735/152 1792/734/152 1795/727/152
f 1787/736/138 1789/735/138 1791/728/138 1790/737/138
f 1790/737/383 1798/740/255 1796/739/255 1793/738/254
f 1791/728/251 1794/726/250 1797/742/256 1799/741/256
f 1789/735/137 1788/733/137 1795/727/137 1791/728/251
f 1792/743/257 1793/746/258 1794/745/258 1795/744/257
f 1792/734/165 1790/737/383 1793/738/254
f 1808/747/259 1805/749/384 1809/748/138
f 1786/735/165 1787/736/165 1790/737/383 1792/734/165
f 1798/740/138 1799/741/138 1797/742/138 1796/739/138
f 1794/745/258 1793/746/258 1796/751/67 1797/750/67
f 1805/752/261 1813/755/261 1812/754/261 1804/753/261
f 1802/756/137 1800/758/137 1806/757/137 1809/748/137
f 1801/756/165 1803/760/165 1805/749/165 1804/759/165
f 1804/759/262 1812/763/264 1810/762/264 1807/761/263
f 1805/749/384 1808/747/259 1811/765/265 1813/764/265
f 1803/760/138 1802/756/138 1809/748/138 1805/749/384
f 1806/766/266 1807/769/267 1808/768/267 1809/767/266
f 1806/757/152 1804/759/262 1807/761/263
f 1822/770/385 1819/772/269 1823/771/165
f 1800/758/152 1801/756/152 1804/759/262 1806/757/152
f 1812/763/165 1813/764/165 1811/765/165 1810/762/165
f 1808/768/267 1807/769/267 1810/774/67 1811/773/67
f 1819/775/270 1827/778/270 1826/777/270 1818/776/270
f 1816/779/138 1814/781/138 1820/780/138 1823/771/138
f 1815/782/152 1817/781/152 1819/772/152 1818/783/152
f 1818/783/271 1826/786/273 1824/785/273 1821/784/272
f 1819/772/269 1822/770/385 1825/788/274 1827/787/274
f 1817/781/165 1816/779/165 1823/771/165 1819/772/269
f 1820/789/275 1821/792/276 1822/791/276 1823/790/275
f 1820/780/137 1818/783/271 1821/784/272
f 1836/793/277 1833/795/278 1837/794/152
f 1814/781/137 1815/782/137 1818/783/271 1820/780/137
f 1826/786/152 1827/787/152 1825/788/152 1824/785/152
f 1822/791/276 1821/792/276 1824/797/67 1825/796/67
f 1833/798/279 1841/801/279 1840/800/279 1832/799/279
f 1830/802/165 1828/804/165 1834/803/165 1837/794/165
f 1829/802/137 1831/806/137 1833/795/137 1832/805/137
f 1832/805/280 1840/809/282 1838/808/282 1835/807/281
f 1833/795/278 1836/793/277 1839/811/283 1841/810/283
f 1831/806/152 1830/802/152 1837/794/152 1833/795/278
f 1834/812/284 1835/815/285 1836/814/285 1837/813/284
f 1834/803/138 1832/805/280 1835/807/281
f 1828/804/138 1829/802/138 1832/805/280 1834/803/138
f 1840/809/137 1841/810/137 1839/811/137 1838/808/137
f 1836/814/285 1835/815/285 1838/817/67 1839/816/67
f 1843/818/372 1865/821/287 1867/820/287 1877/819/372
f 1847/821/288 1845/818/373 1876/819/373 1875/820/288
f 1849/822/290 1847/821/288 1875/820/288 1874/823/290
f 1851/824/291 1849/822/290 1874/823/290 1873/825/291
f 1853/826/292 1851/824/291 1873/825/291 1872/827/292
f 1855/828/293 1853/826/292 1872/827/292 1871/829/293
f 1857/828/294 1855/828/293 1871/829/293 1870/829/294
f 1859/826/295 1857/828/294 1870/829/294 1869/830/295
f 1861/831/296 1859/826/295 1869/830/295 1868/825/296
f 1863/822/297 1861/831/296 1868/825/296 1866/823/297
f 1858/832/298 1881/835/301 1879/834/300 1860/833/299
f 1865/821/287 1863/822/297 1866/823/297 1867/820/287
f 1845/818/373 1843/818/372 1877/819/372 1876/819/373
f 1864/836/67 1867/839/67 1866/838/67 1862/837/67
f 1862/837/67 1866/838/67 1868/841/67 1860/840/67
f 1860/840/67 1868/841/67 1869/843/67 1858/842/67
f 1858/842/67 1869/843/67 1870/845/67 1856/844/67
f 1856/844/67 1870/845/67 1871/845/67 1854/844/67
f 1854/844/67 1871/845/67 1872/846/67 1852/842/67
f 1852/842/67 1872/846/67 1873/841/67 1850/840/67
f 1850/840/67 1873/841/67 1874/838/67 1848/837/67
f 1848/837/67 1874/838/67 1875/839/67 1846/836/67
f 1846/836/67 1875/839/67 1876/848/67 1844/847/67
f 1844/847/67 1876/848/67 1877/848/67 1842/847/67
f 1842/847/67 1877/848/67 1867/839/67 1864/836/67
f 1844/849/302 1884/851/304 1846/850/303
f 1850/833/305 1883/834/308 1882/835/307 1852/832/306
f 1856/852/386 1881/835/301 1858/832/298
f 1842/849/310 1880/851/311 1884/851/304 1844/849/302
f 1862/853/312 1879/834/300 1880/851/311 1864/850/313
f 1848/853/314 1883/834/308 1850/833/305
f 1854/852/387 1882/835/307 1881/835/301 1856/852/386
f 1864/850/313 1880/851/311 1842/849/310
f 1860/833/299 1879/834/300 1862/853/312
f 1846/850/303 1884/851/304 1883/834/308 1848/853/314
f 1852/832/306 1882/835/307 1854/852/387
f 1878/854/67 1880/856/67 1879/855/67
f 1878/854/67 1879/855/67 1881/857/67
f 1878/854/67 1881/857/67 1882/857/67
f 1878/854/67 1882/857/67 1883/855/67
f 1878/854/67 1883/855/67 1884/856/67
f 1878/854/67 1884/856/67 1880/856/67
f 1886/858/316 1885/859/316 1888/859/316 1887/858/316
f 1887/858/140 1888/859/140 1890/861/140 1889/860/140
f 1889/860/153 1890/861/153 1892/861/153 1891/860/153
f 1891/860/167 1892/861/167 1885/859/167 1886/858/167
f 1783/720/151 1888/723/151 1885/723/151 1782/720/151
f 1901/862/317 1898/864/318 1902/863/132
f 1898/865/319 1906/866/319 1905/866/319 1897/865/319
f 1895/867/159 1893/867/159 1899/863/159 1902/863/159
f 1894/868/151 1896/868/151 1898/864/151 1897/864/151
f 1897/864/320 1905/870/322 1903/869/322 1900/862/321
f 1898/864/318 1901/862/317 1904/869/323 1906/870/323
f 1896/868/132 1895/867/132 1902/863/132 1898/864/318
f 1899/871/324 1900/872/325 1901/872/325 1902/871/324
f 1899/863/160 1897/864/320 1900/862/321
f 1915/873/326 1912/875/374 1916/874/151
f 1893/867/160 1894/868/160 1897/864/320 1899/863/160
f 1905/870/151 1906/870/151 1904/869/151 1903/869/151
f 1901/872/325 1900/872/325 1903/876/328 1904/876/328
f 1912/877/329 1920/880/329 1919/879/329 1911/878/329
f 1909/881/132 1907/883/132 1913/882/132 1916/874/132
f 1908/883/160 1910/881/160 1912/875/160 1911/884/160
f 1911/884/330 1919/887/332 1917/886/332 1914/885/331
f 1912/875/374 1915/873/326 1918/889/333 1920/888/333
f 1910/881/151 1909/881/151 1916/874/151 1912/875/374
f 1913/890/334 1914/893/335 1915/892/335 1916/891/334
f 1913/882/159 1911/884/330 1914/885/331
f 1929/894/336 1926/896/337 1930/895/160
f 1907/883/159 1908/883/159 1911/884/330 1913/882/159
f 1919/887/160 1920/888/160 1918/889/160 1917/886/160
f 1915/892/335 1914/893/335 1917/898/338 1918/897/338
f 1926/899/339 1934/901/339 1933/900/339 1925/899/339
f 1923/902/151 1921/904/151 1927/903/151 1930/895/151
f 1922/905/159 1924/905/159 1926/896/159 1925/896/159
f 1925/896/340 1933/907/342 1931/906/342 1928/894/341
f 1926/896/337 1929/894/336 1932/909/343 1934/908/343
f 1924/905/160 1923/902/160 1930/895/160 1926/896/337
f 1927/910/344 1928/912/345 1929/912/345 1930/911/344
f 1927/903/132 1925/896/340 1928/894/341
f 1943/913/346 1940/915/347 1944/914/159
f 1921/904/132 1922/905/132 1925/896/340 1927/903/132
f 1933/907/159 1934/908/159 1932/909/159 1931/906/159
f 1929/912/345 1928/912/345 1931/917/348 1932/916/348
f 1940/918/349 1948/921/349 1947/920/349 1939/919/349
f 1937/922/160 1935/924/160 1941/923/160 1944/914/160
f 1936/924/132 1938/922/132 1940/915/132 1939/925/132
f 1939/925/350 1947/928/352 1945/927/352 1942/926/388
f 1940/915/347 1943/913/346 1946/930/353 1948/929/353
f 1938/922/159 1937/922/159 1944/914/159 1940/915/347
f 1941/931/354 1942/934/355 1943/933/355 1944/932/354
f 1941/923/151 1939/925/350 1942/926/388
f 1935/924/151 1936/924/151 1939/925/350 1941/923/151
f 1947/928/132 1948/929/132 1946/930/132 1945/927/132
f 1943/933/355 1942/934/355 1945/936/356 1946/935/356
f 1949/937/357 1951/937/357 1950/938/357
f 1951/937/358 1954/940/358 1953/939/358 1950/938/358
f 1954/940/359 1952/940/359 1953/939/359
f 1952/941/360 1949/944/360 1950/943/360 1953/942/360
f 1955/937/357 1957/937/357 1956/938/357
f 1957/937/358 1960/940/358 1959/939/358 1956/938/358
f 1960/940/359 1958/940/359 1959/939/359
f 1958/941/360 1955/944/360 1956/943/360 1959/942/360
f 1961/937/357 1963/937/357 1962/938/357
f 1963/937/358 1966/940/358 1965/939/358 1962/938/358
f 1966/940/359 1964/940/359 1965/939/359
f 1964/941/360 1961/944/360 1962/943/360 1965/942/360
f 1967/945/357 1969/945/357 1968/946/357
f 1969/945/358 1972/948/358 1971/947/358 1968/946/358
f 1972/948/359 1970/948/359 1971/947/359
f 1970/949/360 1967/952/360 1968/951/360 1971/950/360
f 1973/945/357 1975/945/357 1974/946/357
f 1975/945/358 1978/948/358 1977/947/358 1974/946/358
f 1978/948/359 1976/948/359 1977/947/359
f 1976/949/360 1973/952/360 1974/951/360 1977/950/360
f 1979/945/357 1981/945/357 1980/946/357
f 1981/945/358 1984/948/358 1983/947/358 1980/946/358
f 1984/948/359 1982/948/359 1983/947/359
f 1982/949/360 1979/952/360 1980/951/360 1983/950/360
usemtl restaurant.033
f 1985/953/132 1987/956/132 1988/955/132 1986/954/132
f 1987/956/159 1991/958/159 1992/957/159 1988/955/159
f 1991/958/160 1989/960/160 1990/959/160 1992/957/160
f 1989/960/151 1985/953/151 1986/954/151 1990/959/151
f 1987/961/31 1985/964/31 1989/963/31 1991/962/31
f 1990/965/160 1996/968/160 1995/967/160 1992/966/160
f 1995/969/67 1996/972/67 1993/971/67 1994/970/67
f 1988/973/132 1994/976/132 1993/975/132 1986/974/132
f 1992/966/159 1995/967/159 1994/976/159 1988/973/159
f 2002/977/389 1998/980/390 1997/979/390 1999/978/389
f 1996/981/316 1997/984/390 1998/983/390 1993/982/316
f 1990/965/160 2000/965/160 1996/968/160
f 1999/985/389 2000/988/391 2001/987/391 2002/986/389
f 1986/989/31 2001/989/391 2000/990/391 1990/990/31
f 2001/974/132 1993/975/132 1998/980/132 2002/977/132
f 2015/991/108 2004/994/151 2006/993/151 2017/992/127
f 2005/995/103 2010/995/392 2011/996/132 2008/996/104
f 2019/997/160 2014/997/160 2018/998/160 2022/998/160
f 2003/999/111 2005/1001/103 2004/1000/393
f 2006/1002/394 2008/1004/104 2007/1003/113
f 2013/1005/107 2015/1007/108 2014/1006/395
f 2016/1008/109 2018/1010/396 2017/1009/127
f 2009/1011/397 2010/1012/392 2005/1012/103 2003/1011/111
f 2004/994/393 2005/1014/103 2008/1013/104 2006/993/394
f 2007/1015/113 2008/1016/104 2011/1016/140 2012/1015/140
f 2013/1017/107 2014/1018/395 2019/1018/166 2020/1017/398
f 2021/1019/167 2022/1020/167 2018/1020/396 2016/1019/109
f 2017/992/127 2018/1022/396 2014/1021/395 2015/991/108
f 2003/999/111 2004/1000/393 2015/1007/108 2013/1005/107
f 2016/1008/109 2017/1009/127 2006/1002/394 2007/1003/113
f 2009/1011/397 2003/1011/111 2013/1017/107 2020/1017/398
f 2032/1023/108 2023/1026/112 2025/1025/151 2034/1024/127
f 2037/1027/399 2033/1027/402 2026/1028/401 2030/1028/400
f 2024/1029/103 2028/1029/392 2029/1030/132 2027/1030/104
f 2036/1031/403 2031/1031/102 2035/1032/160 2038/1032/160
f 2007/1033/129 2024/1035/103 2023/1034/112
f 2025/1036/394 2027/1038/104 2026/1037/401
f 2016/1039/128 2032/1041/108 2031/1040/102
f 2033/1042/402 2035/1044/396 2034/1043/127
f 2012/1045/139 2028/1047/392 2024/1047/103 2007/1046/129
f 2023/1026/112 2024/1049/103 2027/1048/104 2025/1025/394
f 2026/1028/401 2027/1050/104 2029/1050/140 2030/1028/400
f 2016/1051/128 2031/1053/102 2036/1053/403 2021/1052/166
f 2037/1027/399 2038/1054/167 2035/1054/396 2033/1027/402
f 2034/1024/127 2035/1056/396 2031/1055/102 2032/1023/108
f 2007/1033/129 2023/1034/112 2032/1041/108 2016/1039/128
f 2033/1042/402 2034/1043/127 2025/1036/394 2026/1037/401
f 1996/968/160 2000/965/160 1999/978/160 1997/979/160
f 1986/974/132 1993/975/132 2001/974/132
f 2060/1057/404 2039/1059/151 2062/1058/405
f 2061/1060/406 2059/1063/407 2045/1062/407 2046/1061/406
f 2051/1064/408 2049/1067/409 2040/1066/409 2041/1065/408
f 2055/1068/410 2053/1071/411 2042/1070/411 2043/1069/410
f 2045/1072/412 2044/1075/413 2056/1074/413 2058/1073/412
f 2047/1076/414 2046/1077/415 2060/1057/415 2062/1058/414
f 2042/1078/416 2041/1081/417 2050/1080/417 2052/1079/416
f 2040/1082/418 2047/1076/414 2062/1058/414 2048/1083/418
f 2041/1081/417 2040/1082/418 2048/1083/418 2050/1080/417
f 2043/1084/419 2042/1078/416 2052/1079/416 2054/1085/419
f 2063/1086/420 2061/1060/406 2046/1061/406 2047/1087/420
f 2062/1058/405 2039/1059/151 2048/1083/421
f 2057/1088/422 2055/1068/410 2043/1069/410 2044/1089/422
f 2044/1075/413 2043/1084/419 2054/1085/419 2056/1074/413
f 2049/1067/409 2063/1086/420 2047/1087/420 2040/1066/409
f 2056/1074/423 2039/1059/151 2058/1073/424
f 2046/1077/415 2045/1072/412 2058/1073/412 2060/1057/415
f 2053/1071/411 2051/1064/408 2041/1065/408 2042/1070/411
f 2059/1063/407 2057/1088/422 2044/1089/422 2045/1062/407
f 2052/1079/425 2039/1059/151 2054/1085/426
f 2050/1080/427 2039/1059/151 2052/1079/425
f 2054/1085/426 2039/1059/151 2056/1074/423
f 2048/1083/421 2039/1059/151 2050/1080/427
f 2058/1073/424 2039/1059/151 2060/1057/404
f 2085/1057/404 2064/1059/151 2087/1058/405
f 2086/1060/406 2084/1063/407 2070/1062/407 2071/1061/406
f 2076/1064/408 2074/1067/409 2065/1066/409 2066/1065/408
f 2080/1068/410 2078/1071/411 2067/1070/411 2068/1069/410
f 2070/1072/412 2069/1075/413 2081/1074/413 2083/1073/412
f 2072/1076/414 2071/1077/428 2085/1057/428 2087/1058/414
f 2067/1078/416 2066/1081/417 2075/1080/417 2077/1079/416
f 2065/1082/418 2072/1076/414 2087/1058/414 2073/1083/418
f 2066/1081/417 2065/1082/418 2073/1083/418 2075/1080/417
f 2068/1084/419 2067/1078/416 2077/1079/416 2079/1085/419
f 2088/1086/420 2086/1060/406 2071/1061/406 2072/1087/420
f 2087/1058/405 2064/1059/151 2073/1083/421
f 2082/1088/422 2080/1068/410 2068/1069/410 2069/1089/422
f 2069/1075/413 2068/1084/419 2079/1085/419 2081/1074/413
f 2074/1067/409 2088/1086/420 2072/1087/420 2065/1066/409
f 2081/1074/423 2064/1059/151 2083/1073/424
f 2071/1077/428 2070/1072/412 2083/1073/412 2085/1057/428
f 2078/1071/411 2076/1064/408 2066/1065/408 2067/1070/411
f 2084/1063/407 2082/1088/422 2069/1089/422 2070/1062/407
f 2077/1079/425 2064/1059/151 2079/1085/426
f 2075/1080/427 2064/1059/151 2077/1079/425
f 2079/1085/426 2064/1059/151 2081/1074/423
f 2073/1083/421 2064/1059/151 2075/1080/427
f 2083/1073/424 2064/1059/151 2085/1057/404
f 2089/953/160 2091/956/160 2092/955/160 2090/954/160
f 2091/956/151 2095/958/151 2096/957/151 2092/955/151
f 2095/958/132 2093/960/132 2094/959/132 2096/957/132
f 2093/960/159 2089/953/159 2090/954/159 2094/959/159
f 2091/961/31 2089/964/31 2093/963/31 2095/962/31
f 2094/965/132 2100/968/132 2099/967/132 2096/966/132
f 2099/969/67 2100/972/67 2097/971/67 2098/970/67
f 2092/973/160 2098/976/160 2097/975/160 2090/974/160
f 2096/966/151 2099/967/151 2098/976/151 2092/973/151
f 2106/977/429 2102/980/430 2101/979/430 2103/978/429
f 2100/981/153 2101/984/430 2102/983/430 2097/982/153
f 2094/965/132 2104/965/132 2100/968/132
f 2103/985/429 2104/988/431 2105/987/431 2106/986/429
f 2090/989/31 2105/989/431 2104/990/431 2094/990/31
f 2105/974/160 2097/975/160 2102/980/160 2106/977/160
f 2119/991/123 2108/994/159 2110/993/159 2121/992/124
f 2109/995/99 2114/995/403 2115/996/160 2112/996/100
f 2123/997/132 2118/997/132 2122/998/132 2126/998/132
f 2107/999/115 2109/1001/99 2108/1000/116
f 2110/1002/118 2112/1004/100 2111/1003/117
f 2117/1005/119 2119/1007/123 2118/1006/432
f 2120/1008/121 2122/1010/433 2121/1009/124
f 2113/1011/398 2114/1012/403 2109/1012/99 2107/1011/115
f 2108/994/116 2109/1014/99 2112/1013/100 2110/993/118
f 2111/1015/117 2112/1016/100 2115/1016/167 2116/1015/167
f 2117/1017/119 2118/1018/432 2123/1018/139 2124/1017/397
f 2125/1019/140 2126/1020/140 2122/1020/433 2120/1019/121
f 2121/992/124 2122/1022/433 2118/1021/432 2119/991/123
f 2107/999/115 2108/1000/116 2119/1007/123 2117/1005/119
f 2120/1008/121 2121/1009/124 2110/1002/118 2111/1003/117
f 2113/1011/398 2107/1011/115 2117/1017/119 2124/1017/397
f 2136/1023/123 2127/1026/126 2129/1025/159 2138/1024/124
f 2141/1027/400 2137/1027/435 2130/1028/434 2134/1028/399
f 2128/1029/99 2132/1029/403 2133/1030/160 2131/1030/100
f 2140/1031/392 2135/1031/106 2139/1032/132 2142/1032/132
f 2111/1033/130 2128/1035/99 2127/1034/126
f 2129/1036/118 2131/1038/100 2130/1037/434
f 2120/1039/131 2136/1041/123 2135/1040/106
f 2137/1042/435 2139/1044/433 2138/1043/124
f 2116/1045/166 2132/1047/403 2128/1047/99 2111/1046/130
f 2127/1026/126 2128/1049/99 2131/1048/100 2129/1025/118
f 2130/1028/434 2131/1050/100 2133/1050/167 2134/1028/399
f 2120/1051/131 2135/1053/106 2140/1053/392 2125/1052/139
f 2141/1027/400 2142/1054/140 2139/1054/433 2137/1027/435
f 2138/1024/124 2139/1056/433 2135/1055/106 2136/1023/123
f 2111/1033/130 2127/1034/126 2136/1041/123 2120/1039/131
f 2137/1042/435 2138/1043/124 2129/1036/118 2130/1037/434
f 2100/968/132 2104/965/132 2103/978/132 2101/979/132
f 2090/974/160 2097/975/160 2105/974/160
f 2164/1057/436 2143/1059/159 2166/1058/437
f 2165/1060/438 2163/1063/417 2149/1062/417 2150/1061/438
f 2155/1064/412 2153/1067/415 2144/1066/415 2145/1065/412
f 2159/1068/419 2157/1071/413 2146/1070/413 2147/1069/419
f 2149/1072/408 2148/1075/411 2160/1074/411 2162/1073/408
f 2151/1076/420 2150/1077/409 2164/1057/409 2166/1058/420
f 2146/1078/422 2145/1081/407 2154/1080/407 2156/1079/422
f 2144/1082/439 2151/1076/420 2166/1058/420 2152/1083/439
f 2145/1081/407 2144/1082/439 2152/1083/439 2154/1080/407
f 2147/1084/410 2146/1078/422 2156/1079/422 2158/1085/410
f 2167/1086/414 2165/1060/438 2150/1061/438 2151/1087/414
f 2166/1058/437 2143/1059/159 2152/1083/440
f 2161/1088/416 2159/1068/419 2147/1069/419 2148/1089/416
f 2148/1075/411 2147/1084/410 2158/1085/410 2160/1074/411
f 2153/1067/415 2167/1086/414 2151/1087/414 2144/1066/415
f 2160/1074/441 2143/1059/159 2162/1073/442
f 2150/1077/409 2149/1072/408 2162/1073/408 2164/1057/409
f 2157/1071/413 2155/1064/412 2145/1065/412 2146/1070/413
f 2163/1063/417 2161/1088/416 2148/1089/416 2149/1062/417
f 2156/1079/443 2143/1059/159 2158/1085/444
f 2154/1080/445 2143/1059/159 2156/1079/443
f 2158/1085/444 2143/1059/159 2160/1074/441
f 2152/1083/440 2143/1059/159 2154/1080/445
f 2162/1073/442 2143/1059/159 2164/1057/436
f 2189/1057/436 2168/1059/159 2191/1058/437
f 2190/1060/438 2188/1063/417 2174/1062/417 2175/1061/438
f 2180/1064/412 2178/1067/415 2169/1066/415 2170/1065/412
f 2184/1068/419 2182/1071/413 2171/1070/413 2172/1069/419
f 2174/1072/408 2173/1075/411 2185/1074/411 2187/1073/408
f 2176/1076/420 2175/1077/409 2189/1057/409 2191/1058/420
f 2171/1078/422 2170/1081/407 2179/1080/407 2181/1079/422
f 2169/1082/439 2176/1076/420 2191/1058/420 2177/1083/439
f 2170/1081/407 2169/1082/439 2177/1083/439 2179/1080/407
f 2172/1084/410 2171/1078/422 2181/1079/422 2183/1085/410
f 2192/1086/414 2190/1060/438 2175/1061/438 2176/1087/414
f 2191/1058/437 2168/1059/159 2177/1083/440
f 2186/1088/416 2184/1068/419 2172/1069/419 2173/1089/416
f 2173/1075/411 2172/1084/410 2183/1085/410 2185/1074/411
f 2178/1067/415 2192/1086/414 2176/1087/414 2169/1066/415
f 2185/1074/441 2168/1059/159 2187/1073/442
f 2175/1077/409 2174/1072/408 2187/1073/408 2189/1057/409
f 2182/1071/413 2180/1064/412 2170/1065/412 2171/1070/413
f 2188/1063/417 2186/1088/416 2173/1089/416 2174/1062/417
f 2181/1079/443 2168/1059/159 2183/1085/444
f 2179/1080/445 2168/1059/159 2181/1079/443
f 2183/1085/444 2168/1059/159 2185/1074/441
f 2177/1083/440 2168/1059/159 2179/1080/445
f 2187/1073/442 2168/1059/159 2189/1057/436
f 2193/953/151 2195/956/151 2196/955/151 2194/954/151
f 2195/956/132 2199/958/132 2200/957/132 2196/955/132
f 2199/958/159 2197/960/159 2198/959/159 2200/957/159
f 2197/960/160 2193/953/160 2194/954/160 2198/959/160
f 2195/961/31 2193/964/31 2197/963/31 2199/962/31
f 2198/965/159 2204/968/159 2203/967/159 2200/966/159
f 2203/969/67 2204/972/67 2201/971/67 2202/970/67
f 2196/973/151 2202/976/151 2201/975/151 2194/974/151
f 2200/966/132 2203/967/132 2202/976/132 2196/973/132
f 2210/977/403 2206/980/446 2205/979/446 2207/978/403
f 2204/981/167 2205/984/446 2206/983/446 2201/982/167
f 2198/965/159 2208/965/159 2204/968/159
f 2207/985/403 2208/988/398 2209/987/398 2210/986/403
f 2194/989/31 2209/989/398 2208/990/398 2198/990/31
f 2209/974/151 2201/975/151 2206/980/151 2210/977/151
f 2223/991/99 2212/994/160 2214/993/160 2225/992/100
f 2213/995/108 2218/995/389 2219/996/151 2216/996/127
f 2227/997/159 2222/997/159 2226/998/159 2230/998/159
f 2211/999/107 2213/1001/108 2212/1000/395
f 2214/1002/396 2216/1004/127 2215/1003/109
f 2221/1005/115 2223/1007/99 2222/1006/116
f 2224/1008/117 2226/1010/118 2225/1009/100
f 2217/1011/391 2218/1012/389 2213/1012/108 2211/1011/107
f 2212/994/395 2213/1014/108 2216/1013/127 2214/993/396
f 2215/1015/109 2216/1016/127 2219/1016/316 2220/1015/316
f 2221/1017/115 2222/1018/116 2227/1018/154 2228/1017/431
f 2229/1019/153 2230/1020/153 2226/1020/118 2224/1019/117
f 2225/992/100 2226/1022/118 2222/1021/116 2223/991/99
f 2211/999/107 2212/1000/395 2223/1007/99 2221/1005/115
f 2224/1008/117 2225/1009/100 2214/1002/396 2215/1003/109
f 2217/1011/391 2211/1011/107 2221/1017/115 2228/1017/431
f 2240/1023/99 2231/1026/102 2233/1025/160 2242/1024/100
f 2245/1027/447 2241/1027/434 2234/1028/402 2238/1028/448
f 2232/1029/108 2236/1029/389 2237/1030/151 2235/1030/127
f 2244/1031/429 2239/1031/126 2243/1032/159 2246/1032/159
f 2215/1033/128 2232/1035/108 2231/1034/102
f 2233/1036/396 2235/1038/127 2234/1037/402
f 2224/1039/130 2240/1041/99 2239/1040/126
f 2241/1042/434 2243/1044/118 2242/1043/100
f 2220/1045/449 2236/1047/389 2232/1047/108 2215/1046/128
f 2231/1026/102 2232/1049/108 2235/1048/127 2233/1025/396
f 2234/1028/402 2235/1050/127 2237/1050/316 2238/1028/448
f 2224/1051/130 2239/1053/126 2244/1053/429 2229/1052/154
f 2245/1027/447 2246/1054/153 2243/1054/118 2241/1027/434
f 2242/1024/100 2243/1056/118 2239/1055/126 2240/1023/99
f 2215/1033/128 2231/1034/102 2240/1041/99 2224/1039/130
f 2241/1042/434 2242/1043/100 2233/1036/396 2234/1037/402
f 2204/968/159 2208/965/159 2207/978/159 2205/979/159
f 2194/974/151 2201/975/151 2209/974/151
f 2268/1057/450 2247/1059/160 2270/1058/451
f 2269/1060/452 2267/1063/453 2253/1062/453 2254/1061/452
f 2259/1064/454 2257/1067/455 2248/1066/455 2249/1065/454
f 2263/1068/456 2261/1071/457 2250/1070/457 2251/1069/456
f 2253/1072/458 2252/1075/459 2264/1074/459 2266/1073/458
f 2255/1076/460 2254/1077/461 2268/1057/461 2270/1058/460
f 2250/1078/462 2249/1081/463 2258/1080/463 2260/1079/462
f 2248/1082/464 2255/1076/460 2270/1058/460 2256/1083/464
f 2249/1081/463 2248/1082/464 2256/1083/464 2258/1080/463
f 2251/1084/465 2250/1078/462 2260/1079/462 2262/1085/465
f 2271/1086/466 2269/1060/452 2254/1061/452 2255/1087/466
f 2270/1058/451 2247/1059/160 2256/1083/467
f 2265/1088/468 2263/1068/456 2251/1069/456 2252/1089/468
f 2252/1075/459 2251/1084/465 2262/1085/465 2264/1074/459
f 2257/1067/455 2271/1086/466 2255/1087/466 2248/1066/455
f 2264/1074/469 2247/1059/160 2266/1073/470
f 2254/1077/461 2253/1072/458 2266/1073/458 2268/1057/461
f 2261/1071/457 2259/1064/454 2249/1065/454 2250/1070/457
f 2267/1063/453 2265/1088/468 2252/1089/468 2253/1062/453
f 2260/1079/471 2247/1059/160 2262/1085/472
f 2258/1080/473 2247/1059/160 2260/1079/471
f 2262/1085/472 2247/1059/160 2264/1074/469
f 2256/1083/467 2247/1059/160 2258/1080/473
f 2266/1073/470 2247/1059/160 2268/1057/450
f 2293/1057/450 2272/1059/160 2295/1058/451
f 2294/1060/452 2292/1063/453 2278/1062/453 2279/1061/452
f 2284/1064/454 2282/1067/455 2273/1066/455 2274/1065/454
f 2288/1068/456 2286/1071/457 2275/1070/457 2276/1069/456
f 2278/1072/458 2277/1075/459 2289/1074/459 2291/1073/458
f 2280/1076/460 2279/1077/461 2293/1057/461 2295/1058/460
f 2275/1078/462 2274/1081/463 2283/1080/463 2285/1079/462
f 2273/1082/464 2280/1076/460 2295/1058/460 2281/1083/464
f 2274/1081/463 2273/1082/464 2281/1083/464 2283/1080/463
f 2276/1084/465 2275/1078/462 2285/1079/462 2287/1085/465
f 2296/1086/466 2294/1060/452 2279/1061/452 2280/1087/466
f 2295/1058/451 2272/1059/160 2281/1083/467
f 2290/1088/468 2288/1068/456 2276/1069/456 2277/1089/468
f 2277/1075/459 2276/1084/465 2287/1085/465 2289/1074/459
f 2282/1067/455 2296/1086/466 2280/1087/466 2273/1066/455
f 2289/1074/469 2272/1059/160 2291/1073/470
f 2279/1077/461 2278/1072/458 2291/1073/458 2293/1057/461
f 2286/1071/457 2284/1064/454 2274/1065/454 2275/1070/457
f 2292/1063/453 2290/1088/468 2277/1089/468 2278/1062/453
f 2285/1079/471 2272/1059/160 2287/1085/472
f 2283/1080/473 2272/1059/160 2285/1079/471
f 2287/1085/472 2272/1059/160 2289/1074/469
f 2281/1083/467 2272/1059/160 2283/1080/473
f 2291/1073/470 2272/1059/160 2293/1057/450
f 2297/953/151 2299/956/151 2300/955/151 2298/954/151
f 2299/956/132 2303/958/132 2304/957/132 2300/955/132
f 2303/958/159 2301/960/159 2302/959/159 2304/957/159
f 2301/960/160 2297/953/160 2298/954/160 2302/959/160
f 2299/961/31 2297/964/31 2301/963/31 2303/962/31
f 2302/965/159 2308/968/159 2307/967/159 2304/966/159
f 2307/969/67 2308/972/67 2305/971/67 2306/970/67
f 2300/973/151 2306/976/151 2305/975/151 2298/974/151
f 2304/966/132 2307/967/132 2306/976/132 2300/973/132
f 2314/977/403 2310/980/446 2309/979/446 2311/978/403
f 2308/981/167 2309/984/446 2310/983/446 2305/982/167
f 2302/965/159 2312/965/159 2308/968/159
f 2311/985/403 2312/988/398 2313/987/398 2314/986/403
f 2298/989/31 2313/989/398 2312/990/398 2302/990/31
f 2313/974/151 2305/975/151 2310/980/151 2314/977/151
f 2327/991/99 2316/994/160 2318/993/160 2329/992/100
f 2317/995/108 2322/995/389 2323/996/151 2320/996/127
f 2331/997/159 2326/997/159 2330/998/159 2334/998/159
f 2315/999/107 2317/1001/108 2316/1000/395
f 2318/1002/396 2320/1004/127 2319/1003/109
f 2325/1005/115 2327/1007/99 2326/1006/116
f 2328/1008/117 2330/1010/118 2329/1009/100
f 2321/1011/391 2322/1012/389 2317/1012/108 2315/1011/107
f 2316/994/395 2317/1014/108 2320/1013/127 2318/993/396
f 2319/1015/109 2320/1016/127 2323/1016/316 2324/1015/316
f 2325/1017/115 2326/1018/116 2331/1018/154 2332/1017/431
f 2333/1019/153 2334/1020/153 2330/1020/118 2328/1019/117
f 2329/992/100 2330/1022/118 2326/1021/116 2327/991/99
f 2315/999/107 2316/1000/395 2327/1007/99 2325/1005/115
f 2328/1008/117 2329/1009/100 2318/1002/396 2319/1003/109
f 2321/1011/391 2315/1011/107 2325/1017/115 2332/1017/431
f 2344/1023/99 2335/1026/102 2337/1025/160 2346/1024/100
f 2349/1027/447 2345/1027/434 2338/1028/402 2342/1028/448
f 2336/1029/108 2340/1029/389 2341/1030/151 2339/1030/127
f 2348/1031/429 2343/1031/126 2347/1032/159 2350/1032/159
f 2319/1033/128 2336/1035/108 2335/1034/102
f 2337/1036/396 2339/1038/127 2338/1037/402
f 2328/1039/130 2344/1041/99 2343/1040/126
f 2345/1042/434 2347/1044/118 2346/1043/100
f 2324/1045/449 2340/1047/389 2336/1047/108 2319/1046/128
f 2335/1026/102 2336/1049/108 2339/1048/127 2337/1025/396
f 2338/1028/402 2339/1050/127 2341/1050/316 2342/1028/448
f 2328/1051/130 2343/1053/126 2348/1053/429 2333/1052/154
f 2349/1027/447 2350/1054/153 2347/1054/118 2345/1027/434
f 2346/1024/100 2347/1056/118 2343/1055/126 2344/1023/99
f 2319/1033/128 2335/1034/102 2344/1041/99 2328/1039/130
f 2345/1042/434 2346/1043/100 2337/1036/396 2338/1037/402
f 2308/968/159 2312/965/159 2311/978/159 2309/979/159
f 2298/974/151 2305/975/151 2313/974/151
f 2372/1057/450 2351/1059/160 2374/1058/451
f 2373/1060/452 2371/1063/474 2357/1062/474 2358/1061/452
f 2363/1064/454 2361/1067/455 2352/1066/455 2353/1065/454
f 2367/1068/456 2365/1071/457 2354/1070/457 2355/1069/456
f 2357/1072/458 2356/1075/459 2368/1074/459 2370/1073/458
f 2359/1076/460 2358/1077/461 2372/1057/461 2374/1058/460
f 2354/1078/462 2353/1081/463 2362/1080/463 2364/1079/462
f 2352/1082/464 2359/1076/460 2374/1058/460 2360/1083/464
f 2353/1081/463 2352/1082/464 2360/1083/464 2362/1080/463
f 2355/1084/465 2354/1078/462 2364/1079/462 2366/1085/465
f 2375/1086/466 2373/1060/452 2358/1061/452 2359/1087/466
f 2374/1058/451 2351/1059/160 2360/1083/467
f 2369/1088/468 2367/1068/456 2355/1069/456 2356/1089/468
f 2356/1075/459 2355/1084/465 2366/1085/465 2368/1074/459
f 2361/1067/455 2375/1086/466 2359/1087/466 2352/1066/455
f 2368/1074/469 2351/1059/160 2370/1073/470
f 2358/1077/461 2357/1072/458 2370/1073/458 2372/1057/461
f 2365/1071/457 2363/1064/454 2353/1065/454 2354/1070/457
f 2371/1063/474 2369/1088/468 2356/1089/468 2357/1062/474
f 2364/1079/471 2351/1059/160 2366/1085/472
f 2362/1080/473 2351/1059/160 2364/1079/471
f 2366/1085/472 2351/1059/160 2368/1074/469
f 2360/1083/467 2351/1059/160 2362/1080/473
f 2370/1073/470 2351/1059/160 2372/1057/450
f 2397/1057/450 2376/1059/160 2399/1058/451
f 2398/1060/452 2396/1063/474 2382/1062/474 2383/1061/452
f 2388/1064/454 2386/1067/455 2377/1066/455 2378/1065/454
f 2392/1068/456 2390/1071/457 2379/1070/457 2380/1069/456
f 2382/1072/458 2381/1075/459 2393/1074/459 2395/1073/458
f 2384/1076/460 2383/1077/461 2397/1057/461 2399/1058/460
f 2379/1078/462 2378/1081/463 2387/1080/463 2389/1079/462
f 2377/1082/464 2384/1076/460 2399/1058/460 2385/1083/464
f 2378/1081/463 2377/1082/464 2385/1083/464 2387/1080/463
f 2380/1084/465 2379/1078/462 2389/1079/462 2391/1085/465
f 2400/1086/466 2398/1060/452 2383/1061/452 2384/1087/466
f 2399/1058/451 2376/1059/160 2385/1083/467
f 2394/1088/468 2392/1068/456 2380/1069/456 2381/1089/468
f 2381/1075/459 2380/1084/465 2391/1085/465 2393/1074/459
f 2386/1067/455 2400/1086/466 2384/1087/466 2377/1066/455
f 2393/1074/469 2376/1059/160 2395/1073/470
f 2383/1077/461 2382/1072/458 2395/1073/458 2397/1057/461
f 2390/1071/457 2388/1064/454 2378/1065/454 2379/1070/457
f 2396/1063/474 2394/1088/468 2381/1089/468 2382/1062/474
f 2389/1079/471 2376/1059/160 2391/1085/472
f 2387/1080/473 2376/1059/160 2389/1079/471
f 2391/1085/472 2376/1059/160 2393/1074/469
f 2385/1083/467 2376/1059/160 2387/1080/473
f 2395/1073/470 2376/1059/160 2397/1057/450
f 2401/953/151 2403/956/151 2404/955/151 2402/954/151
f 2403/956/132 2407/958/132 2408/957/132 2404/955/132
f 2407/958/159 2405/960/159 2406/959/159 2408/957/159
f 2405/960/160 2401/953/160 2402/954/160 2406/959/160
f 2403/961/31 2401/964/31 2405/963/31 2407/962/31
f 2406/965/159 2412/968/159 2411/967/159 2408/966/159
f 2411/969/67 2412/972/67 2409/971/67 2410/970/67
f 2404/973/151 2410/976/151 2409/975/151 2402/974/151
f 2408/966/132 2411/967/132 2410/976/132 2404/973/132
f 2418/977/403 2414/980/446 2413/979/446 2415/978/403
f 2412/981/167 2413/984/446 2414/983/446 2409/982/167
f 2406/965/159 2416/965/159 2412/968/159
f 2415/985/403 2416/988/398 2417/987/398 2418/986/403
f 2402/989/31 2417/989/398 2416/990/398 2406/990/31
f 2417/974/151 2409/975/151 2414/980/151 2418/977/151
f 2431/991/99 2420/994/160 2422/993/160 2433/992/100
f 2421/995/108 2426/995/389 2427/996/151 2424/996/127
f 2435/997/159 2430/997/159 2434/998/159 2438/998/159
f 2419/999/107 2421/1001/108 2420/1000/395
f 2422/1002/396 2424/1004/127 2423/1003/109
f 2429/1005/115 2431/1007/99 2430/1006/116
f 2432/1008/117 2434/1010/118 2433/1009/100
f 2425/1011/391 2426/1012/389 2421/1012/108 2419/1011/107
f 2420/994/395 2421/1014/108 2424/1013/127 2422/993/396
f 2423/1015/109 2424/1016/127 2427/1016/316 2428/1015/316
f 2429/1017/115 2430/1018/116 2435/1018/154 2436/1017/431
f 2437/1019/153 2438/1020/153 2434/1020/118 2432/1019/117
f 2433/992/100 2434/1022/118 2430/1021/116 2431/991/99
f 2419/999/107 2420/1000/395 2431/1007/99 2429/1005/115
f 2432/1008/117 2433/1009/100 2422/1002/396 2423/1003/109
f 2425/1011/391 2419/1011/107 2429/1017/115 2436/1017/431
f 2448/1023/99 2439/1026/102 2441/1025/160 2450/1024/100
f 2453/1027/447 2449/1027/434 2442/1028/402 2446/1028/448
f 2440/1029/108 2444/1029/389 2445/1030/151 2443/1030/127
f 2452/1031/429 2447/1031/126 2451/1032/159 2454/1032/159
f 2423/1033/128 2440/1035/108 2439/1034/102
f 2441/1036/396 2443/1038/127 2442/1037/402
f 2432/1039/130 2448/1041/99 2447/1040/126
f 2449/1042/434 2451/1044/118 2450/1043/100
f 2428/1045/449 2444/1047/389 2440/1047/108 2423/1046/128
f 2439/1026/102 2440/1049/108 2443/1048/127 2441/1025/396
f 2442/1028/402 2443/1050/127 2445/1050/316 2446/1028/448
f 2432/1051/130 2447/1053/126 2452/1053/429 2437/1052/154
f 2453/1027/447 2454/1054/153 2451/1054/118 2449/1027/434
f 2450/1024/100 2451/1056/118 2447/1055/126 2448/1023/99
f 2423/1033/128 2439/1034/102 2448/1041/99 2432/1039/130
f 2449/1042/434 2450/1043/100 2441/1036/396 2442/1037/402
f 2412/968/159 2416/965/159 2415/978/159 2413/979/159
f 2402/974/151 2409/975/151 2417/974/151
f 2476/1057/450 2455/1059/160 2478/1058/451
f 2477/1060/452 2475/1063/474 2461/1062/474 2462/1061/452
f 2467/1064/454 2465/1067/455 2456/1066/455 2457/1065/454
f 2471/1068/456 2469/1071/457 2458/1070/457 2459/1069/456
f 2461/1072/458 2460/1075/459 2472/1074/459 2474/1073/458
f 2463/1076/475 2462/1077/461 2476/1057/461 2478/1058/475
f 2458/1078/462 2457/1081/463 2466/1080/463 2468/1079/462
f 2456/1082/464 2463/1076/475 2478/1058/475 2464/1083/464
f 2457/1081/463 2456/1082/464 2464/1083/464 2466/1080/463
f 2459/1084/465 2458/1078/462 2468/1079/462 2470/1085/465
f 2479/1086/466 2477/1060/452 2462/1061/452 2463/1087/466
f 2478/1058/451 2455/1059/160 2464/1083/467
f 2473/1088/468 2471/1068/456 2459/1069/456 2460/1089/468
f 2460/1075/459 2459/1084/465 2470/1085/465 2472/1074/459
f 2465/1067/455 2479/1086/466 2463/1087/466 2456/1066/455
f 2472/1074/469 2455/1059/160 2474/1073/470
f 2462/1077/461 2461/1072/458 2474/1073/458 2476/1057/461
f 2469/1071/457 2467/1064/454 2457/1065/454 2458/1070/457
f 2475/1063/474 2473/1088/468 2460/1089/468 2461/1062/474
f 2468/1079/471 2455/1059/160 2470/1085/472
f 2466/1080/473 2455/1059/160 2468/1079/471
f 2470/1085/472 2455/1059/160 2472/1074/469
f 2464/1083/467 2455/1059/160 2466/1080/473
f 2474/1073/470 2455/1059/160 2476/1057/450
f 2501/1057/450 2480/1059/160 2503/1058/451
f 2502/1060/452 2500/1063/474 2486/1062/474 2487/1061/452
f 2492/1064/454 2490/1067/455 2481/1066/455 2482/1065/454
f 2496/1068/456 2494/1071/457 2483/1070/457 2484/1069/456
f 2486/1072/458 2485/1075/459 2497/1074/459 2499/1073/458
f 2488/1076/460 2487/1077/461 2501/1057/461 2503/1058/460
f 2483/1078/462 2482/1081/463 2491/1080/463 2493/1079/462
f 2481/1082/464 2488/1076/460 2503/1058/460 2489/1083/464
f 2482/1081/463 2481/1082/464 2489/1083/464 2491/1080/463
f 2484/1084/465 2483/1078/462 2493/1079/462 2495/1085/465
f 2504/1086/466 2502/1060/452 2487/1061/452 2488/1087/466
f 2503/1058/451 2480/1059/160 2489/1083/467
f 2498/1088/468 2496/1068/456 2484/1069/456 2485/1089/468
f 2485/1075/459 2484/1084/465 2495/1085/465 2497/1074/459
f 2490/1067/455 2504/1086/466 2488/1087/466 2481/1066/455
f 2497/1074/469 2480/1059/160 2499/1073/470
f 2487/1077/461 2486/1072/458 2499/1073/458 2501/1057/461
f 2494/1071/457 2492/1064/454 2482/1065/454 2483/1070/457
f 2500/1063/474 2498/1088/468 2485/1089/468 2486/1062/474
f 2493/1079/471 2480/1059/160 2495/1085/472
f 2491/1080/473 2480/1059/160 2493/1079/471
f 2495/1085/472 2480/1059/160 2497/1074/469
f 2489/1083/467 2480/1059/160 2491/1080/473
f 2499/1073/470 2480/1059/160 2501/1057/450
f 2505/953/151 2507/956/151 2508/955/151 2506/954/151
f 2507/956/132 2511/958/132 2512/957/132 2508/955/132
f 2511/958/159 2509/960/159 2510/959/159 2512/957/159
f 2509/960/160 2505/953/160 2506/954/160 2510/959/160
f 2507/961/31 2505/964/31 2509/963/31 2511/962/31
f 2510/965/159 2516/968/159 2515/967/159 2512/966/159
f 2515/969/67 2516/972/67 2513/971/67 2514/970/67
f 2508/973/151 2514/976/151 2513/975/151 2506/974/151
f 2512/966/132 2515/967/132 2514/976/132 2508/973/132
f 2522/977/403 2518/980/446 2517/979/446 2519/978/403
f 2516/981/167 2517/984/446 2518/983/446 2513/982/167
f 2510/965/159 2520/965/159 2516/968/159
f 2519/985/403 2520/988/398 2521/987/398 2522/986/403
f 2506/989/31 2521/989/398 2520/990/398 2510/990/31
f 2521/974/151 2513/975/151 2518/980/151 2522/977/151
f 2535/991/99 2524/994/160 2526/993/160 2537/992/100
f 2525/995/108 2530/995/389 2531/996/151 2528/996/127
f 2539/997/159 2534/997/159 2538/998/159 2542/998/159
f 2523/999/107 2525/1001/108 2524/1000/395
f 2526/1002/396 2528/1004/127 2527/1003/109
f 2533/1005/115 2535/1007/99 2534/1006/116
f 2536/1008/117 2538/1010/118 2537/1009/100
f 2529/1011/391 2530/1012/389 2525/1012/108 2523/1011/107
f 2524/994/395 2525/1014/108 2528/1013/127 2526/993/396
f 2527/1015/109 2528/1016/127 2531/1016/316 2532/1015/316
f 2533/1017/115 2534/1018/116 2539/1018/154 2540/1017/431
f 2541/1019/153 2542/1020/153 2538/1020/118 2536/1019/117
f 2537/992/100 2538/1022/118 2534/1021/116 2535/991/99
f 2523/999/107 2524/1000/395 2535/1007/99 2533/1005/115
f 2536/1008/117 2537/1009/100 2526/1002/396 2527/1003/109
f 2529/1011/391 2523/1011/107 2533/1017/115 2540/1017/431
f 2552/1023/99 2543/1026/102 2545/1025/160 2554/1024/100
f 2557/1027/447 2553/1027/434 2546/1028/402 2550/1028/448
f 2544/1029/108 2548/1029/389 2549/1030/151 2547/1030/127
f 2556/1031/429 2551/1031/126 2555/1032/159 2558/1032/159
f 2527/1033/128 2544/1035/108 2543/1034/102
f 2545/1036/396 2547/1038/127 2546/1037/402
f 2536/1039/130 2552/1041/99 2551/1040/126
f 2553/1042/434 2555/1044/118 2554/1043/100
f 2532/1045/449 2548/1047/389 2544/1047/108 2527/1046/128
f 2543/1026/102 2544/1049/108 2547/1048/127 2545/1025/396
f 2546/1028/402 2547/1050/127 2549/1050/316 2550/1028/448
f 2536/1051/130 2551/1053/126 2556/1053/429 2541/1052/154
f 2557/1027/447 2558/1054/153 2555/1054/118 2553/1027/434
f 2554/1024/100 2555/1056/118 2551/1055/126 2552/1023/99
f 2527/1033/128 2543/1034/102 2552/1041/99 2536/1039/130
f 2553/1042/434 2554/1043/100 2545/1036/396 2546/1037/402
f 2516/968/159 2520/965/159 2519/978/159 2517/979/159
f 2506/974/151 2513/975/151 2521/974/151
f 2580/1057/450 2559/1059/160 2582/1058/451
f 2581/1060/452 2579/1063/474 2565/1062/474 2566/1061/452
f 2571/1064/454 2569/1067/455 2560/1066/455 2561/1065/454
f 2575/1068/456 2573/1071/457 2562/1070/457 2563/1069/456
f 2565/1072/458 2564/1075/459 2576/1074/459 2578/1073/458
f 2567/1076/475 2566/1077/461 2580/1057/461 2582/1058/475
f 2562/1078/462 2561/1081/463 2570/1080/463 2572/1079/462
f 2560/1082/464 2567/1076/475 2582/1058/475 2568/1083/464
f 2561/1081/463 2560/1082/464 2568/1083/464 2570/1080/463
f 2563/1084/465 2562/1078/462 2572/1079/462 2574/1085/465
f 2583/1086/466 2581/1060/452 2566/1061/452 2567/1087/466
f 2582/1058/451 2559/1059/160 2568/1083/467
f 2577/1088/468 2575/1068/456 2563/1069/456 2564/1089/468
f 2564/1075/459 2563/1084/465 2574/1085/465 2576/1074/459
f 2569/1067/455 2583/1086/466 2567/1087/466 2560/1066/455
f 2576/1074/469 2559/1059/160 2578/1073/470
f 2566/1077/461 2565/1072/458 2578/1073/458 2580/1057/461
f 2573/1071/457 2571/1064/454 2561/1065/454 2562/1070/457
f 2579/1063/474 2577/1088/468 2564/1089/468 2565/1062/474
f 2572/1079/471 2559/1059/160 2574/1085/472
f 2570/1080/473 2559/1059/160 2572/1079/471
f 2574/1085/472 2559/1059/160 2576/1074/469
f 2568/1083/467 2559/1059/160 2570/1080/473
f 2578/1073/470 2559/1059/160 2580/1057/450
f 2605/1057/450 2584/1059/160 2607/1058/451
f 2606/1060/452 2604/1063/474 2590/1062/474 2591/1061/452
f 2596/1064/454 2594/1067/455 2585/1066/455 2586/1065/454
f 2600/1068/456 2598/1071/457 2587/1070/457 2588/1069/456
f 2590/1072/458 2589/1075/459 2601/1074/459 2603/1073/458
f 2592/1076/460 2591/1077/461 2605/1057/461 2607/1058/460
f 2587/1078/462 2586/1081/463 2595/1080/463 2597/1079/462
f 2585/1082/464 2592/1076/460 2607/1058/460 2593/1083/464
f 2586/1081/463 2585/1082/464 2593/1083/464 2595/1080/463
f 2588/1084/465 2587/1078/462 2597/1079/462 2599/1085/465
f 2608/1086/466 2606/1060/452 2591/1061/452 2592/1087/466
f 2607/1058/451 2584/1059/160 2593/1083/467
f 2602/1088/468 2600/1068/456 2588/1069/456 2589/1089/468
f 2589/1075/459 2588/1084/465 2599/1085/465 2601/1074/459
f 2594/1067/455 2608/1086/466 2592/1087/466 2585/1066/455
f 2601/1074/469 2584/1059/160 2603/1073/470
f 2591/1077/461 2590/1072/458 2603/1073/458 2605/1057/461
f 2598/1071/457 2596/1064/454 2586/1065/454 2587/1070/457
f 2604/1063/474 2602/1088/468 2589/1089/468 2590/1062/474
f 2597/1079/471 2584/1059/160 2599/1085/472
f 2595/1080/473 2584/1059/160 2597/1079/471
f 2599/1085/472 2584/1059/160 2601/1074/469
f 2593/1083/467 2584/1059/160 2595/1080/473
f 2603/1073/470 2584/1059/160 2605/1057/450
f 2609/953/132 2611/956/132 2612/955/132 2610/954/132
f 2611/956/159 2615/958/159 2616/957/159 2612/955/159
f 2615/958/160 2613/960/160 2614/959/160 2616/957/160
f 2613/960/151 2609/953/151 2610/954/151 2614/959/151
f 2611/961/31 2609/964/31 2613/963/31 2615/962/31
f 2614/965/160 2620/968/160 2619/967/160 2616/966/160
f 2619/969/67 2620/972/67 2617/971/67 2618/970/67
f 2612/973/132 2618/976/132 2617/975/132 2610/974/132
f 2616/966/159 2619/967/159 2618/976/159 2612/973/159
f 2626/977/389 2622/980/390 2621/979/390 2623/978/389
f 2620/981/316 2621/984/390 2622/983/390 2617/982/316
f 2614/965/160 2624/965/160 2620/968/160
f 2623/985/389 2624/988/391 2625/987/391 2626/986/389
f 2610/989/31 2625/989/391 2624/990/391 2614/990/31
f 2625/974/132 2617/975/132 2622/980/132 2626/977/132
f 2639/991/108 2628/994/151 2630/993/151 2641/992/127
f 2629/995/103 2634/995/392 2635/996/132 2632/996/104
f 2643/997/160 2638/997/160 2642/998/160 2646/998/160
f 2627/999/111 2629/1001/103 2628/1000/393
f 2630/1002/394 2632/1004/104 2631/1003/113
f 2637/1005/107 2639/1007/108 2638/1006/395
f 2640/1008/109 2642/1010/396 2641/1009/127
f 2633/1011/397 2634/1012/392 2629/1012/103 2627/1011/111
f 2628/994/393 2629/1014/103 2632/1013/104 2630/993/394
f 2631/1015/113 2632/1016/104 2635/1016/140 2636/1015/140
f 2637/1017/107 2638/1018/395 2643/1018/166 2644/1017/398
f 2645/1019/167 2646/1020/167 2642/1020/396 2640/1019/109
f 2641/992/127 2642/1022/396 2638/1021/395 2639/991/108
f 2627/999/111 2628/1000/393 2639/1007/108 2637/1005/107
f 2640/1008/109 2641/1009/127 2630/1002/394 2631/1003/113
f 2633/1011/397 2627/1011/111 2637/1017/107 2644/1017/398
f 2656/1023/108 2647/1026/112 2649/1025/151 2658/1024/127
f 2661/1027/399 2657/1027/402 2650/1028/401 2654/1028/400
f 2648/1029/103 2652/1029/392 2653/1030/132 2651/1030/104
f 2660/1031/403 2655/1031/102 2659/1032/160 2662/1032/160
f 2631/1033/129 2648/1035/103 2647/1034/112
f 2649/1036/394 2651/1038/104 2650/1037/401
f 2640/1039/128 2656/1041/108 2655/1040/102
f 2657/1042/402 2659/1044/396 2658/1043/127
f 2636/1045/139 2652/1047/392 2648/1047/103 2631/1046/129
f 2647/1026/112 2648/1049/103 2651/1048/104 2649/1025/394
f 2650/1028/401 2651/1050/104 2653/1050/140 2654/1028/400
f 2640/1051/128 2655/1053/102 2660/1053/403 2645/1052/166
f 2661/1027/399 2662/1054/167 2659/1054/396 2657/1027/402
f 2658/1024/127 2659/1056/396 2655/1055/102 2656/1023/108
f 2631/1033/129 2647/1034/112 2656/1041/108 2640/1039/128
f 2657/1042/402 2658/1043/127 2649/1036/394 2650/1037/401
f 2620/968/160 2624/965/160 2623/978/160 2621/979/160
f 2610/974/132 2617/975/132 2625/974/132
f 2684/1057/404 2663/1059/151 2686/1058/405
f 2685/1060/406 2683/1063/407 2669/1062/407 2670/1061/406
f 2675/1064/408 2673/1067/476 2664/1066/476 2665/1065/408
f 2679/1068/410 2677/1071/411 2666/1070/411 2667/1069/410
f 2669/1072/412 2668/1075/413 2680/1074/413 2682/1073/412
f 2671/1076/414 2670/1077/428 2684/1057/428 2686/1058/414
f 2666/1078/416 2665/1081/417 2674/1080/417 2676/1079/416
f 2664/1082/418 2671/1076/414 2686/1058/414 2672/1083/418
f 2665/1081/417 2664/1082/418 2672/1083/418 2674/1080/417
f 2667/1084/419 2666/1078/416 2676/1079/416 2678/1085/419
f 2687/1086/420 2685/1060/406 2670/1061/406 2671/1087/420
f 2686/1058/405 2663/1059/151 2672/1083/421
f 2681/1088/422 2679/1068/410 2667/1069/410 2668/1089/422
f 2668/1075/413 2667/1084/419 2678/1085/419 2680/1074/413
f 2673/1067/476 2687/1086/420 2671/1087/420 2664/1066/476
f 2680/1074/423 2663/1059/151 2682/1073/424
f 2670/1077/428 2669/1072/412 2682/1073/412 2684/1057/428
f 2677/1071/411 2675/1064/408 2665/1065/408 2666/1070/411
f 2683/1063/407 2681/1088/422 2668/1089/422 2669/1062/407
f 2676/1079/425 2663/1059/151 2678/1085/426
f 2674/1080/427 2663/1059/151 2676/1079/425
f 2678/1085/426 2663/1059/151 2680/1074/423
f 2672/1083/421 2663/1059/151 2674/1080/427
f 2682/1073/424 2663/1059/151 2684/1057/404
f 2709/1057/404 2688/1059/151 2711/1058/405
f 2710/1060/406 2708/1063/407 2694/1062/407 2695/1061/406
f 2700/1064/408 2698/1067/476 2689/1066/476 2690/1065/408
f 2704/1068/410 2702/1071/411 2691/1070/411 2692/1069/410
f 2694/1072/412 2693/1075/413 2705/1074/413 2707/1073/412
f 2696/1076/414 2695/1077/428 2709/1057/428 2711/1058/414
f 2691/1078/416 2690/1081/417 2699/1080/417 2701/1079/416
f 2689/1082/418 2696/1076/414 2711/1058/414 2697/1083/418
f 2690/1081/417 2689/1082/418 2697/1083/418 2699/1080/417
f 2692/1084/419 2691/1078/416 2701/1079/416 2703/1085/419
f 2712/1086/420 2710/1060/406 2695/1061/406 2696/1087/420
f 2711/1058/405 2688/1059/151 2697/1083/421
f 2706/1088/422 2704/1068/410 2692/1069/410 2693/1089/422
f 2693/1075/413 2692/1084/419 2703/1085/419 2705/1074/413
f 2698/1067/476 2712/1086/420 2696/1087/420 2689/1066/476
f 2705/1074/423 2688/1059/151 2707/1073/424
f 2695/1077/428 2694/1072/412 2707/1073/412 2709/1057/428
f 2702/1071/411 2700/1064/408 2690/1065/408 2691/1070/411
f 2708/1063/407 2706/1088/422 2693/1089/422 2694/1062/407
f 2701/1079/425 2688/1059/151 2703/1085/426
f 2699/1080/427 2688/1059/151 2701/1079/425
f 2703/1085/426 2688/1059/151 2705/1074/423
f 2697/1083/421 2688/1059/151 2699/1080/427
f 2707/1073/424 2688/1059/151 2709/1057/404
f 2713/953/132 2715/956/132 2716/955/132 2714/954/132
f 2715/956/159 2719/958/159 2720/957/159 2716/955/159
f 2719/958/160 2717/960/160 2718/959/160 2720/957/160
f 2717/960/151 2713/953/151 2714/954/151 2718/959/151
f 2715/961/31 2713/964/31 2717/963/31 2719/962/31
f 2718/965/160 2724/968/160 2723/967/160 2720/966/160
f 2723/969/67 2724/972/67 2721/971/67 2722/970/67
f 2716/973/132 2722/976/132 2721/975/132 2714/974/132
f 2720/966/159 2723/967/159 2722/976/159 2716/973/159
f 2730/977/389 2726/980/390 2725/979/390 2727/978/389
f 2724/981/316 2725/984/390 2726/983/390 2721/982/316
f 2718/965/160 2728/965/160 2724/968/160
f 2727/985/389 2728/988/391 2729/987/391 2730/986/389
f 2714/989/31 2729/989/391 2728/990/391 2718/990/31
f 2729/974/132 2721/975/132 2726/980/132 2730/977/132
f 2743/991/108 2732/994/151 2734/993/151 2745/992/127
f 2733/995/103 2738/995/392 2739/996/132 2736/996/104
f 2747/997/160 2742/997/160 2746/998/160 2750/998/160
f 2731/999/111 2733/1001/103 2732/1000/393
f 2734/1002/394 2736/1004/104 2735/1003/113
f 2741/1005/107 2743/1007/108 2742/1006/395
f 2744/1008/109 2746/1010/396 2745/1009/127
f 2737/1011/397 2738/1012/392 2733/1012/103 2731/1011/111
f 2732/994/393 2733/1014/103 2736/1013/104 2734/993/394
f 2735/1015/113 2736/1016/104 2739/1016/140 2740/1015/140
f 2741/1017/107 2742/1018/395 2747/1018/166 2748/1017/398
f 2749/1019/167 2750/1020/167 2746/1020/396 2744/1019/109
f 2745/992/127 2746/1022/396 2742/1021/395 2743/991/108
f 2731/999/111 2732/1000/393 2743/1007/108 2741/1005/107
f 2744/1008/109 2745/1009/127 2734/1002/394 2735/1003/113
f 2737/1011/397 2731/1011/111 2741/1017/107 2748/1017/398
f 2760/1023/108 2751/1026/112 2753/1025/151 2762/1024/127
f 2765/1027/399 2761/1027/402 2754/1028/401 2758/1028/400
f 2752/1029/103 2756/1029/392 2757/1030/132 2755/1030/104
f 2764/1031/403 2759/1031/102 2763/1032/160 2766/1032/160
f 2735/1033/129 2752/1035/103 2751/1034/112
f 2753/1036/394 2755/1038/104 2754/1037/401
f 2744/1039/128 2760/1041/108 2759/1040/102
f 2761/1042/402 2763/1044/396 2762/1043/127
f 2740/1045/139 2756/1047/392 2752/1047/103 2735/1046/129
f 2751/1026/112 2752/1049/103 2755/1048/104 2753/1025/394
f 2754/1028/401 2755/1050/104 2757/1050/140 2758/1028/400
f 2744/1051/128 2759/1053/102 2764/1053/403 2749/1052/166
f 2765/1027/399 2766/1054/167 2763/1054/396 2761/1027/402
f 2762/1024/127 2763/1056/396 2759/1055/102 2760/1023/108
f 2735/1033/129 2751/1034/112 2760/1041/108 2744/1039/128
f 2761/1042/402 2762/1043/127 2753/1036/394 2754/1037/401
f 2724/968/160 2728/965/160 2727/978/160 2725/979/160
f 2714/974/132 2721/975/132 2729/974/132
f 2788/1057/404 2767/1059/151 2790/1058/405
f 2789/1060/406 2787/1063/407 2773/1062/407 2774/1061/406
f 2779/1064/408 2777/1067/409 2768/1066/409 2769/1065/408
f 2783/1068/410 2781/1071/411 2770/1070/411 2771/1069/410
f 2773/1072/412 2772/1075/413 2784/1074/413 2786/1073/412
f 2775/1076/414 2774/1077/415 2788/1057/415 2790/1058/414
f 2770/1078/416 2769/1081/417 2778/1080/417 2780/1079/416
f 2768/1082/418 2775/1076/414 2790/1058/414 2776/1083/418
f 2769/1081/417 2768/1082/418 2776/1083/418 2778/1080/417
f 2771/1084/419 2770/1078/416 2780/1079/416 2782/1085/419
f 2791/1086/420 2789/1060/406 2774/1061/406 2775/1087/420
f 2790/1058/405 2767/1059/151 2776/1083/421
f 2785/1088/422 2783/1068/410 2771/1069/410 2772/1089/422
f 2772/1075/413 2771/1084/419 2782/1085/419 2784/1074/413
f 2777/1067/409 2791/1086/420 2775/1087/420 2768/1066/409
f 2784/1074/423 2767/1059/151 2786/1073/424
f 2774/1077/415 2773/1072/412 2786/1073/412 2788/1057/415
f 2781/1071/411 2779/1064/408 2769/1065/408 2770/1070/411
f 2787/1063/407 2785/1088/422 2772/1089/422 2773/1062/407
f 2780/1079/425 2767/1059/151 2782/1085/426
f 2778/1080/427 2767/1059/151 2780/1079/425
f 2782/1085/426 2767/1059/151 2784/1074/423
f 2776/1083/421 2767/1059/151 2778/1080/427
f 2786/1073/424 2767/1059/151 2788/1057/404
f 2813/1057/404 2792/1059/151 2815/1058/405
f 2814/1060/406 2812/1063/407 2798/1062/407 2799/1061/406
f 2804/1064/408 2802/1067/409 2793/1066/409 2794/1065/408
f 2808/1068/410 2806/1071/411 2795/1070/411 2796/1069/410
f 2798/1072/412 2797/1075/413 2809/1074/413 2811/1073/412
f 2800/1076/414 2799/1077/428 2813/1057/428 2815/1058/414
f 2795/1078/416 2794/1081/417 2803/1080/417 2805/1079/416
f 2793/1082/418 2800/1076/414 2815/1058/414 2801/1083/418
f 2794/1081/417 2793/1082/418 2801/1083/418 2803/1080/417
f 2796/1084/419 2795/1078/416 2805/1079/416 2807/1085/419
f 2816/1086/420 2814/1060/406 2799/1061/406 2800/1087/420
f 2815/1058/405 2792/1059/151 2801/1083/421
f 2810/1088/422 2808/1068/410 2796/1069/410 2797/1089/422
f 2797/1075/413 2796/1084/419 2807/1085/419 2809/1074/413
f 2802/1067/409 2816/1086/420 2800/1087/420 2793/1066/409
f 2809/1074/423 2792/1059/151 2811/1073/424
f 2799/1077/428 2798/1072/412 2811/1073/412 2813/1057/428
f 2806/1071/411 2804/1064/408 2794/1065/408 2795/1070/411
f 2812/1063/407 2810/1088/422 2797/1089/422 2798/1062/407
f 2805/1079/425 2792/1059/151 2807/1085/426
f 2803/1080/427 2792/1059/151 2805/1079/425
f 2807/1085/426 2792/1059/151 2809/1074/423
f 2801/1083/421 2792/1059/151 2803/1080/427
f 2811/1073/424 2792/1059/151 2813/1057/404
f 2817/953/132 2819/956/132 2820/955/132 2818/954/132
f 2819/956/159 2823/958/159 2824/957/159 2820/955/159
f 2823/958/160 2821/960/160 2822/959/160 2824/957/160
f 2821/960/151 2817/953/151 2818/954/151 2822/959/151
f 2819/961/31 2817/964/31 2821/963/31 2823/962/31
f 2822/965/160 2828/968/160 2827/967/160 2824/966/160
f 2827/969/67 2828/972/67 2825/971/67 2826/970/67
f 2820/973/132 2826/976/132 2825/975/132 2818/974/132
f 2824/966/159 2827/967/159 2826/976/159 2820/973/159
f 2834/977/389 2830/980/390 2829/979/390 2831/978/389
f 2828/981/316 2829/984/390 2830/983/390 2825/982/316
f 2822/965/160 2832/965/160 2828/968/160
f 2831/985/389 2832/988/391 2833/987/391 2834/986/389
f 2818/989/31 2833/989/391 2832/990/391 2822/990/31
f 2833/974/132 2825/975/132 2830/980/132 2834/977/132
f 2847/991/108 2836/994/151 2838/993/151 2849/992/127
f 2837/995/103 2842/995/392 2843/996/132 2840/996/104
f 2851/997/160 2846/997/160 2850/998/160 2854/998/160
f 2835/999/111 2837/1001/103 2836/1000/393
f 2838/1002/394 2840/1004/104 2839/1003/113
f 2845/1005/107 2847/1007/108 2846/1006/395
f 2848/1008/109 2850/1010/396 2849/1009/127
f 2841/1011/397 2842/1012/392 2837/1012/103 2835/1011/111
f 2836/994/393 2837/1014/103 2840/1013/104 2838/993/394
f 2839/1015/113 2840/1016/104 2843/1016/140 2844/1015/140
f 2845/1017/107 2846/1018/395 2851/1018/166 2852/1017/398
f 2853/1019/167 2854/1020/167 2850/1020/396 2848/1019/109
f 2849/992/127 2850/1022/396 2846/1021/395 2847/991/108
f 2835/999/111 2836/1000/393 2847/1007/108 2845/1005/107
f 2848/1008/109 2849/1009/127 2838/1002/394 2839/1003/113
f 2841/1011/397 2835/1011/111 2845/1017/107 2852/1017/398
f 2864/1023/108 2855/1026/112 2857/1025/151 2866/1024/127
f 2869/1027/399 2865/1027/402 2858/1028/401 2862/1028/400
f 2856/1029/103 2860/1029/392 2861/1030/132 2859/1030/104
f 2868/1031/403 2863/1031/102 2867/1032/160 2870/1032/160
f 2839/1033/129 2856/1035/103 2855/1034/112
f 2857/1036/394 2859/1038/104 2858/1037/401
f 2848/1039/128 2864/1041/108 2863/1040/102
f 2865/1042/402 2867/1044/396 2866/1043/127
f 2844/1045/139 2860/1047/392 2856/1047/103 2839/1046/129
f 2855/1026/112 2856/1049/103 2859/1048/104 2857/1025/394
f 2858/1028/401 2859/1050/104 2861/1050/140 2862/1028/400
f 2848/1051/128 2863/1053/102 2868/1053/403 2853/1052/166
f 2869/1027/399 2870/1054/167 2867/1054/396 2865/1027/402
f 2866/1024/127 2867/1056/396 2863/1055/102 2864/1023/108
f 2839/1033/129 2855/1034/112 2864/1041/108 2848/1039/128
f 2865/1042/402 2866/1043/127 2857/1036/394 2858/1037/401
f 2828/968/160 2832/965/160 2831/978/160 2829/979/160
f 2818/974/132 2825/975/132 2833/974/132
f 2892/1057/404 2871/1059/151 2894/1058/405
f 2893/1060/406 2891/1063/407 2877/1062/407 2878/1061/406
f 2883/1064/408 2881/1067/409 2872/1066/409 2873/1065/408
f 2887/1068/410 2885/1071/411 2874/1070/411 2875/1069/410
f 2877/1072/412 2876/1075/413 2888/1074/413 2890/1073/412
f 2879/1076/414 2878/1077/428 2892/1057/428 2894/1058/414
f 2874/1078/416 2873/1081/417 2882/1080/417 2884/1079/416
f 2872/1082/418 2879/1076/414 2894/1058/414 2880/1083/418
f 2873/1081/417 2872/1082/418 2880/1083/418 2882/1080/417
f 2875/1084/419 2874/1078/416 2884/1079/416 2886/1085/419
f 2895/1086/420 2893/1060/406 2878/1061/406 2879/1087/420
f 2894/1058/405 2871/1059/151 2880/1083/421
f 2889/1088/422 2887/1068/410 2875/1069/410 2876/1089/422
f 2876/1075/413 2875/1084/419 2886/1085/419 2888/1074/413
f 2881/1067/409 2895/1086/420 2879/1087/420 2872/1066/409
f 2888/1074/423 2871/1059/151 2890/1073/424
f 2878/1077/428 2877/1072/412 2890/1073/412 2892/1057/428
f 2885/1071/411 2883/1064/408 2873/1065/408 2874/1070/411
f 2891/1063/407 2889/1088/422 2876/1089/422 2877/1062/407
f 2884/1079/425 2871/1059/151 2886/1085/426
f 2882/1080/427 2871/1059/151 2884/1079/425
f 2886/1085/426 2871/1059/151 2888/1074/423
f 2880/1083/421 2871/1059/151 2882/1080/427
f 2890/1073/424 2871/1059/151 2892/1057/404
f 2917/1057/404 2896/1059/151 2919/1058/405
f 2918/1060/406 2916/1063/407 2902/1062/407 2903/1061/406
f 2908/1064/408 2906/1067/409 2897/1066/409 2898/1065/408
f 2912/1068/410 2910/1071/411 2899/1070/411 2900/1069/410
f 2902/1072/412 2901/1075/413 2913/1074/413 2915/1073/412
f 2904/1076/414 2903/1077/428 2917/1057/428 2919/1058/414
f 2899/1078/416 2898/1081/417 2907/1080/417 2909/1079/416
f 2897/1082/418 2904/1076/414 2919/1058/414 2905/1083/418
f 2898/1081/417 2897/1082/418 2905/1083/418 2907/1080/417
f 2900/1084/419 2899/1078/416 2909/1079/416 2911/1085/419
f 2920/1086/420 2918/1060/406 2903/1061/406 2904/1087/420
f 2919/1058/405 2896/1059/151 2905/1083/421
f 2914/1088/422 2912/1068/410 2900/1069/410 2901/1089/422
f 2901/1075/413 2900/1084/419 2911/1085/419 2913/1074/413
f 2906/1067/409 2920/1086/420 2904/1087/420 2897/1066/409
f 2913/1074/423 2896/1059/151 2915/1073/424
f 2903/1077/428 2902/1072/412 2915/1073/412 2917/1057/428
f 2910/1071/411 2908/1064/408 2898/1065/408 2899/1070/411
f 2916/1063/407 2914/1088/422 2901/1089/422 2902/1062/407
f 2909/1079/425 2896/1059/151 2911/1085/426
f 2907/1080/427 2896/1059/151 2909/1079/425
f 2911/1085/426 2896/1059/151 2913/1074/423
f 2905/1083/421 2896/1059/151 2907/1080/427
f 2915/1073/424 2896/1059/151 2917/1057/404
f 2921/953/132 2923/956/132 2924/955/132 2922/954/132
f 2923/956/159 2927/958/159 2928/957/159 2924/955/159
f 2927/958/160 2925/960/160 2926/959/160 2928/957/160
f 2925/960/151 2921/953/151 2922/954/151 2926/959/151
f 2923/961/31 2921/964/31 2925/963/31 2927/962/31
f 2926/965/160 2932/968/160 2931/967/160 2928/966/160
f 2931/969/67 2932/972/67 2929/971/67 2930/970/67
f 2924/973/132 2930/976/132 2929/975/132 2922/974/132
f 2928/966/159 2931/967/159 2930/976/159 2924/973/159
f 2938/977/389 2934/980/390 2933/979/390 2935/978/389
f 2932/981/316 2933/984/390 2934/983/390 2929/982/316
f 2926/965/160 2936/965/160 2932/968/160
f 2935/985/389 2936/988/391 2937/987/391 2938/986/389
f 2922/989/31 2937/989/391 2936/990/391 2926/990/31
f 2937/974/132 2929/975/132 2934/980/132 2938/977/132
f 2951/991/108 2940/994/151 2942/993/151 2953/992/127
f 2941/995/103 2946/995/392 2947/996/132 2944/996/104
f 2955/997/160 2950/997/160 2954/998/160 2958/998/160
f 2939/999/111 2941/1001/103 2940/1000/393
f 2942/1002/394 2944/1004/104 2943/1003/113
f 2949/1005/107 2951/1007/108 2950/1006/395
f 2952/1008/109 2954/1010/396 2953/1009/127
f 2945/1011/397 2946/1012/392 2941/1012/103 2939/1011/111
f 2940/994/393 2941/1014/103 2944/1013/104 2942/993/394
f 2943/1015/113 2944/1016/104 2947/1016/140 2948/1015/140
f 2949/1017/107 2950/1018/395 2955/1018/166 2956/1017/398
f 2957/1019/167 2958/1020/167 2954/1020/396 2952/1019/109
f 2953/992/127 2954/1022/396 2950/1021/395 2951/991/108
f 2939/999/111 2940/1000/393 2951/1007/108 2949/1005/107
f 2952/1008/109 2953/1009/127 2942/1002/394 2943/1003/113
f 2945/1011/397 2939/1011/111 2949/1017/107 2956/1017/398
f 2968/1023/108 2959/1026/112 2961/1025/151 2970/1024/127
f 2973/1027/399 2969/1027/402 2962/1028/401 2966/1028/400
f 2960/1029/103 2964/1029/392 2965/1030/132 2963/1030/104
f 2972/1031/403 2967/1031/102 2971/1032/160 2974/1032/160
f 2943/1033/129 2960/1035/103 2959/1034/112
f 2961/1036/394 2963/1038/104 2962/1037/401
f 2952/1039/128 2968/1041/108 2967/1040/102
f 2969/1042/402 2971/1044/396 2970/1043/127
f 2948/1045/139 2964/1047/392 2960/1047/103 2943/1046/129
f 2959/1026/112 2960/1049/103 2963/1048/104 2961/1025/394
f 2962/1028/401 2963/1050/104 2965/1050/140 2966/1028/400
f 2952/1051/128 2967/1053/102 2972/1053/403 2957/1052/166
f 2973/1027/399 2974/1054/167 2971/1054/396 2969/1027/402
f 2970/1024/127 2971/1056/396 2967/1055/102 2968/1023/108
f 2943/1033/129 2959/1034/112 2968/1041/108 2952/1039/128
f 2969/1042/402 2970/1043/127 2961/1036/394 2962/1037/401
f 2932/968/160 2936/965/160 2935/978/160 2933/979/160
f 2922/974/132 2929/975/132 2937/974/132
f 2996/1057/404 2975/1059/151 2998/1058/405
f 2997/1060/406 2995/1063/407 2981/1062/407 2982/1061/406
f 2987/1064/408 2985/1067/409 2976/1066/409 2977/1065/408
f 2991/1068/410 2989/1071/411 2978/1070/411 2979/1069/410
f 2981/1072/412 2980/1075/413 2992/1074/413 2994/1073/412
f 2983/1076/414 2982/1077/415 2996/1057/415 2998/1058/414
f 2978/1078/416 2977/1081/417 2986/1080/417 2988/1079/416
f 2976/1082/418 2983/1076/414 2998/1058/414 2984/1083/418
f 2977/1081/417 2976/1082/418 2984/1083/418 2986/1080/417
f 2979/1084/419 2978/1078/416 2988/1079/416 2990/1085/419
f 2999/1086/420 2997/1060/406 2982/1061/406 2983/1087/420
f 2998/1058/405 2975/1059/151 2984/1083/421
f 2993/1088/422 2991/1068/410 2979/1069/410 2980/1089/422
f 2980/1075/413 2979/1084/419 2990/1085/419 2992/1074/413
f 2985/1067/409 2999/1086/420 2983/1087/420 2976/1066/409
f 2992/1074/423 2975/1059/151 2994/1073/424
f 2982/1077/415 2981/1072/412 2994/1073/412 2996/1057/415
f 2989/1071/411 2987/1064/408 2977/1065/408 2978/1070/411
f 2995/1063/407 2993/1088/422 2980/1089/422 2981/1062/407
f 2988/1079/425 2975/1059/151 2990/1085/426
f 2986/1080/427 2975/1059/151 2988/1079/425
f 2990/1085/426 2975/1059/151 2992/1074/423
f 2984/1083/421 2975/1059/151 2986/1080/427
f 2994/1073/424 2975/1059/151 2996/1057/404
f 3021/1057/404 3000/1059/151 3023/1058/405
f 3022/1060/406 3020/1063/407 3006/1062/407 3007/1061/406
f 3012/1064/408 3010/1067/409 3001/1066/409 3002/1065/408
f 3016/1068/410 3014/1071/411 3003/1070/411 3004/1069/410
f 3006/1072/412 3005/1075/413 3017/1074/413 3019/1073/412
f 3008/1076/414 3007/1077/428 3021/1057/428 3023/1058/414
f 3003/1078/416 3002/1081/417 3011/1080/417 3013/1079/416
f 3001/1082/418 3008/1076/414 3023/1058/414 3009/1083/418
f 3002/1081/417 3001/1082/418 3009/1083/418 3011/1080/417
f 3004/1084/419 3003/1078/416 3013/1079/416 3015/1085/419
f 3024/1086/420 3022/1060/406 3007/1061/406 3008/1087/420
f 3023/1058/405 3000/1059/151 3009/1083/421
f 3018/1088/422 3016/1068/410 3004/1069/410 3005/1089/422
f 3005/1075/413 3004/1084/419 3015/1085/419 3017/1074/413
f 3010/1067/409 3024/1086/420 3008/1087/420 3001/1066/409
f 3017/1074/423 3000/1059/151 3019/1073/424
f 3007/1077/428 3006/1072/412 3019/1073/412 3021/1057/428
f 3014/1071/411 3012/1064/408 3002/1065/408 3003/1070/411
f 3020/1063/407 3018/1088/422 3005/1089/422 3006/1062/407
f 3013/1079/425 3000/1059/151 3015/1085/426
f 3011/1080/427 3000/1059/151 3013/1079/425
f 3015/1085/426 3000/1059/151 3017/1074/423
f 3009/1083/421 3000/1059/151 3011/1080/427
f 3019/1073/424 3000/1059/151 3021/1057/404
f 3025/953/132 3027/956/132 3028/955/132 3026/954/132
f 3027/956/159 3031/958/159 3032/957/159 3028/955/159
f 3031/958/160 3029/960/160 3030/959/160 3032/957/160
f 3029/960/151 3025/953/151 3026/954/151 3030/959/151
f 3027/961/31 3025/964/31 3029/963/31 3031/962/31
f 3030/965/160 3036/968/160 3035/967/160 3032/966/160
f 3035/969/67 3036/972/67 3033/971/67 3034/970/67
f 3028/973/132 3034/976/132 3033/975/132 3026/974/132
f 3032/966/159 3035/967/159 3034/976/159 3028/973/159
f 3042/977/389 3038/980/390 3037/979/390 3039/978/389
f 3036/981/316 3037/984/390 3038/983/390 3033/982/316
f 3030/965/160 3040/965/160 3036/968/160
f 3039/985/389 3040/988/391 3041/987/391 3042/986/389
f 3026/989/31 3041/989/391 3040/990/391 3030/990/31
f 3041/974/132 3033/975/132 3038/980/132 3042/977/132
f 3055/991/108 3044/994/151 3046/993/151 3057/992/127
f 3045/995/103 3050/995/392 3051/996/132 3048/996/104
f 3059/997/160 3054/997/160 3058/998/160 3062/998/160
f 3043/999/111 3045/1001/103 3044/1000/393
f 3046/1002/394 3048/1004/104 3047/1003/113
f 3053/1005/107 3055/1007/108 3054/1006/395
f 3056/1008/109 3058/1010/396 3057/1009/127
f 3049/1011/397 3050/1012/392 3045/1012/103 3043/1011/111
f 3044/994/393 3045/1014/103 3048/1013/104 3046/993/394
f 3047/1015/113 3048/1016/104 3051/1016/140 3052/1015/140
f 3053/1017/107 3054/1018/395 3059/1018/166 3060/1017/398
f 3061/1019/167 3062/1020/167 3058/1020/396 3056/1019/109
f 3057/992/127 3058/1022/396 3054/1021/395 3055/991/108
f 3043/999/111 3044/1000/393 3055/1007/108 3053/1005/107
f 3056/1008/109 3057/1009/127 3046/1002/394 3047/1003/113
f 3049/1011/397 3043/1011/111 3053/1017/107 3060/1017/398
f 3072/1023/108 3063/1026/112 3065/1025/151 3074/1024/127
f 3077/1027/399 3073/1027/402 3066/1028/401 3070/1028/400
f 3064/1029/103 3068/1029/392 3069/1030/132 3067/1030/104
f 3076/1031/403 3071/1031/102 3075/1032/160 3078/1032/160
f 3047/1033/129 3064/1035/103 3063/1034/112
f 3065/1036/394 3067/1038/104 3066/1037/401
f 3056/1039/128 3072/1041/108 3071/1040/102
f 3073/1042/402 3075/1044/396 3074/1043/127
f 3052/1045/139 3068/1047/392 3064/1047/103 3047/1046/129
f 3063/1026/112 3064/1049/103 3067/1048/104 3065/1025/394
f 3066/1028/401 3067/1050/104 3069/1050/140 3070/1028/400
f 3056/1051/128 3071/1053/102 3076/1053/403 3061/1052/166
f 3077/1027/399 3078/1054/167 3075/1054/396 3073/1027/402
f 3074/1024/127 3075/1056/396 3071/1055/102 3072/1023/108
f 3047/1033/129 3063/1034/112 3072/1041/108 3056/1039/128
f 3073/1042/402 3074/1043/127 3065/1036/394 3066/1037/401
f 3036/968/160 3040/965/160 3039/978/160 3037/979/160
f 3026/974/132 3033/975/132 3041/974/132
f 3100/1057/404 3079/1059/151 3102/1058/405
f 3101/1060/406 3099/1063/407 3085/1062/407 3086/1061/406
f 3091/1064/408 3089/1067/476 3080/1066/476 3081/1065/408
f 3095/1068/410 3093/1071/411 3082/1070/411 3083/1069/410
f 3085/1072/412 3084/1075/413 3096/1074/413 3098/1073/412
f 3087/1076/414 3086/1077/415 3100/1057/415 3102/1058/414
f 3082/1078/416 3081/1081/417 3090/1080/417 3092/1079/416
f 3080/1082/418 3087/1076/414 3102/1058/414 3088/1083/418
f 3081/1081/417 3080/1082/418 3088/1083/418 3090/1080/417
f 3083/1084/419 3082/1078/416 3092/1079/416 3094/1085/419
f 3103/1086/420 3101/1060/406 3086/1061/406 3087/1087/420
f 3102/1058/405 3079/1059/151 3088/1083/421
f 3097/1088/422 3095/1068/410 3083/1069/410 3084/1089/422
f 3084/1075/413 3083/1084/419 3094/1085/419 3096/1074/413
f 3089/1067/476 3103/1086/420 3087/1087/420 3080/1066/476
f 3096/1074/423 3079/1059/151 3098/1073/424
f 3086/1077/415 3085/1072/412 3098/1073/412 3100/1057/415
f 3093/1071/411 3091/1064/408 3081/1065/408 3082/1070/411
f 3099/1063/407 3097/1088/422 3084/1089/422 3085/1062/407
f 3092/1079/425 3079/1059/151 3094/1085/426
f 3090/1080/427 3079/1059/151 3092/1079/425
f 3094/1085/426 3079/1059/151 3096/1074/423
f 3088/1083/421 3079/1059/151 3090/1080/427
f 3098/1073/424 3079/1059/151 3100/1057/404
f 3125/1057/404 3104/1059/151 3127/1058/405
f 3126/1060/406 3124/1063/407 3110/1062/407 3111/1061/406
f 3116/1064/408 3114/1067/409 3105/1066/409 3106/1065/408
f 3120/1068/410 3118/1071/411 3107/1070/411 3108/1069/410
f 3110/1072/412 3109/1075/413 3121/1074/413 3123/1073/412
f 3112/1076/414 3111/1077/415 3125/1057/415 3127/1058/414
f 3107/1078/416 3106/1081/417 3115/1080/417 3117/1079/416
f 3105/1082/418 3112/1076/414 3127/1058/414 3113/1083/418
f 3106/1081/417 3105/1082/418 3113/1083/418 3115/1080/417
f 3108/1084/419 3107/1078/416 3117/1079/416 3119/1085/419
f 3128/1086/420 3126/1060/406 3111/1061/406 3112/1087/420
f 3127/1058/405 3104/1059/151 3113/1083/421
f 3122/1088/422 3120/1068/410 3108/1069/410 3109/1089/422
f 3109/1075/413 3108/1084/419 3119/1085/419 3121/1074/413
f 3114/1067/409 3128/1086/420 3112/1087/420 3105/1066/409
f 3121/1074/423 3104/1059/151 3123/1073/424
f 3111/1077/415 3110/1072/412 3123/1073/412 3125/1057/415
f 3118/1071/411 3116/1064/408 3106/1065/408 3107/1070/411
f 3124/1063/407 3122/1088/422 3109/1089/422 3110/1062/407
f 3117/1079/425 3104/1059/151 3119/1085/426
f 3115/1080/427 3104/1059/151 3117/1079/425
f 3119/1085/426 3104/1059/151 3121/1074/423
f 3113/1083/421 3104/1059/151 3115/1080/427
f 3123/1073/424 3104/1059/151 3125/1057/404
f 3129/953/132 3131/956/132 3132/955/132 3130/954/132
f 3131/956/159 3135/958/159 3136/957/159 3132/955/159
f 3135/958/160 3133/960/160 3134/959/160 3136/957/160
f 3133/960/151 3129/953/151 3130/954/151 3134/959/151
f 3131/961/31 3129/964/31 3133/963/31 3135/962/31
f 3134/965/160 3140/968/160 3139/967/160 3136/966/160
f 3139/969/67 3140/972/67 3137/971/67 3138/970/67
f 3132/973/132 3138/976/132 3137/975/132 3130/974/132
f 3136/966/159 3139/967/159 3138/976/159 3132/973/159
f 3146/977/389 3142/980/390 3141/979/390 3143/978/389
f 3140/981/316 3141/984/390 3142/983/390 3137/982/316
f 3134/965/160 3144/965/160 3140/968/160
f 3143/985/389 3144/988/391 3145/987/391 3146/986/389
f 3130/989/31 3145/989/391 3144/990/391 3134/990/31
f 3145/974/132 3137/975/132 3142/980/132 3146/977/132
f 3159/991/108 3148/994/151 3150/993/151 3161/992/127
f 3149/995/103 3154/995/392 3155/996/132 3152/996/104
f 3163/997/160 3158/997/160 3162/998/160 3166/998/160
f 3147/999/111 3149/1001/103 3148/1000/393
f 3150/1002/394 3152/1004/104 3151/1003/113
f 3157/1005/107 3159/1007/108 3158/1006/395
f 3160/1008/109 3162/1010/396 3161/1009/127
f 3153/1011/397 3154/1012/392 3149/1012/103 3147/1011/111
f 3148/994/393 3149/1014/103 3152/1013/104 3150/993/394
f 3151/1015/113 3152/1016/104 3155/1016/140 3156/1015/140
f 3157/1017/107 3158/1018/395 3163/1018/166 3164/1017/398
f 3165/1019/167 3166/1020/167 3162/1020/396 3160/1019/109
f 3161/992/127 3162/1022/396 3158/1021/395 3159/991/108
f 3147/999/111 3148/1000/393 3159/1007/108 3157/1005/107
f 3160/1008/109 3161/1009/127 3150/1002/394 3151/1003/113
f 3153/1011/397 3147/1011/111 3157/1017/107 3164/1017/398
f 3176/1023/108 3167/1026/112 3169/1025/151 3178/1024/127
f 3181/1027/399 3177/1027/402 3170/1028/401 3174/1028/400
f 3168/1029/103 3172/1029/392 3173/1030/132 3171/1030/104
f 3180/1031/403 3175/1031/102 3179/1032/160 3182/1032/160
f 3151/1033/129 3168/1035/103 3167/1034/112
f 3169/1036/394 3171/1038/104 3170/1037/401
f 3160/1039/128 3176/1041/108 3175/1040/102
f 3177/1042/402 3179/1044/396 3178/1043/127
f 3156/1045/139 3172/1047/392 3168/1047/103 3151/1046/129
f 3167/1026/112 3168/1049/103 3171/1048/104 3169/1025/394
f 3170/1028/401 3171/1050/104 3173/1050/140 3174/1028/400
f 3160/1051/128 3175/1053/102 3180/1053/403 3165/1052/166
f 3181/1027/399 3182/1054/167 3179/1054/396 3177/1027/402
f 3178/1024/127 3179/1056/396 3175/1055/102 3176/1023/108
f 3151/1033/129 3167/1034/112 3176/1041/108 3160/1039/128
f 3177/1042/402 3178/1043/127 3169/1036/394 3170/1037/401
f 3140/968/160 3144/965/160 3143/978/160 3141/979/160
f 3130/974/132 3137/975/132 3145/974/132
f 3204/1057/404 3183/1059/151 3206/1058/405
f 3205/1060/406 3203/1063/407 3189/1062/407 3190/1061/406
f 3195/1064/408 3193/1067/476 3184/1066/476 3185/1065/408
f 3199/1068/410 3197/1071/411 3186/1070/411 3187/1069/410
f 3189/1072/412 3188/1075/413 3200/1074/413 3202/1073/412
f 3191/1076/414 3190/1077/428 3204/1057/428 3206/1058/414
f 3186/1078/416 3185/1081/417 3194/1080/417 3196/1079/416
f 3184/1082/418 3191/1076/414 3206/1058/414 3192/1083/418
f 3185/1081/417 3184/1082/418 3192/1083/418 3194/1080/417
f 3187/1084/419 3186/1078/416 3196/1079/416 3198/1085/419
f 3207/1086/420 3205/1060/406 3190/1061/406 3191/1087/420
f 3206/1058/405 3183/1059/151 3192/1083/421
f 3201/1088/422 3199/1068/410 3187/1069/410 3188/1089/422
f 3188/1075/413 3187/1084/419 3198/1085/419 3200/1074/413
f 3193/1067/476 3207/1086/420 3191/1087/420 3184/1066/476
f 3200/1074/423 3183/1059/151 3202/1073/424
f 3190/1077/428 3189/1072/412 3202/1073/412 3204/1057/428
f 3197/1071/411 3195/1064/408 3185/1065/408 3186/1070/411
f 3203/1063/407 3201/1088/422 3188/1089/422 3189/1062/407
f 3196/1079/425 3183/1059/151 3198/1085/426
f 3194/1080/427 3183/1059/151 3196/1079/425
f 3198/1085/426 3183/1059/151 3200/1074/423
f 3192/1083/421 3183/1059/151 3194/1080/427
f 3202/1073/424 3183/1059/151 3204/1057/404
f 3229/1057/404 3208/1059/151 3231/1058/405
f 3230/1060/406 3228/1063/407 3214/1062/407 3215/1061/406
f 3220/1064/408 3218/1067/476 3209/1066/476 3210/1065/408
f 3224/1068/410 3222/1071/411 3211/1070/411 3212/1069/410
f 3214/1072/412 3213/1075/413 3225/1074/413 3227/1073/412
f 3216/1076/414 3215/1077/428 3229/1057/428 3231/1058/414
f 3211/1078/416 3210/1081/417 3219/1080/417 3221/1079/416
f 3209/1082/418 3216/1076/414 3231/1058/414 3217/1083/418
f 3210/1081/417 3209/1082/418 3217/1083/418 3219/1080/417
f 3212/1084/419 3211/1078/416 3221/1079/416 3223/1085/419
f 3232/1086/420 3230/1060/406 3215/1061/406 3216/1087/420
f 3231/1058/405 3208/1059/151 3217/1083/421
f 3226/1088/422 3224/1068/410 3212/1069/410 3213/1089/422
f 3213/1075/413 3212/1084/419 3223/1085/419 3225/1074/413
f 3218/1067/476 3232/1086/420 3216/1087/420 3209/1066/476
f 3225/1074/423 3208/1059/151 3227/1073/424
f 3215/1077/428 3214/1072/412 3227/1073/412 3229/1057/428
f 3222/1071/411 3220/1064/408 3210/1065/408 3211/1070/411
f 3228/1063/407 3226/1088/422 3213/1089/422 3214/1062/407
f 3221/1079/425 3208/1059/151 3223/1085/426
f 3219/1080/427 3208/1059/151 3221/1079/425
f 3223/1085/426 3208/1059/151 3225/1074/423
f 3217/1083/421 3208/1059/151 3219/1080/427
f 3227/1073/424 3208/1059/151 3229/1057/404
f 3233/953/160 3235/956/160 3236/955/160 3234/954/160
f 3235/956/151 3239/958/151 3240/957/151 3236/955/151
f 3239/958/132 3237/960/132 3238/959/132 3240/957/132
f 3237/960/159 3233/953/159 3234/954/159 3238/959/159
f 3235/961/31 3233/964/31 3237/963/31 3239/962/31
f 3238/965/132 3244/968/132 3243/967/132 3240/966/132
f 3243/969/67 3244/972/67 3241/971/67 3242/970/67
f 3236/973/160 3242/976/160 3241/975/160 3234/974/160
f 3240/966/151 3243/967/151 3242/976/151 3236/973/151
f 3250/977/429 3246/980/430 3245/979/430 3247/978/429
f 3244/981/153 3245/984/430 3246/983/430 3241/982/153
f 3238/965/132 3248/965/132 3244/968/132
f 3247/985/429 3248/988/431 3249/987/431 3250/986/429
f 3234/989/31 3249/989/431 3248/990/431 3238/990/31
f 3249/974/160 3241/975/160 3246/980/160 3250/977/160
f 3263/991/123 3252/994/159 3254/993/159 3265/992/124
f 3253/995/99 3258/995/403 3259/996/160 3256/996/100
f 3267/997/132 3262/997/132 3266/998/132 3270/998/132
f 3251/999/115 3253/1001/99 3252/1000/116
f 3254/1002/118 3256/1004/100 3255/1003/117
f 3261/1005/119 3263/1007/123 3262/1006/432
f 3264/1008/121 3266/1010/433 3265/1009/124
f 3257/1011/398 3258/1012/403 3253/1012/99 3251/1011/115
f 3252/994/116 3253/1014/99 3256/1013/100 3254/993/118
f 3255/1015/117 3256/1016/100 3259/1016/167 3260/1015/167
f 3261/1017/119 3262/1018/432 3267/1018/139 3268/1017/397
f 3269/1019/140 3270/1020/140 3266/1020/433 3264/1019/121
f 3265/992/124 3266/1022/433 3262/1021/432 3263/991/123
f 3251/999/115 3252/1000/116 3263/1007/123 3261/1005/119
f 3264/1008/121 3265/1009/124 3254/1002/118 3255/1003/117
f 3257/1011/398 3251/1011/115 3261/1017/119 3268/1017/397
f 3280/1023/123 3271/1026/126 3273/1025/159 3282/1024/124
f 3285/1027/400 3281/1027/435 3274/1028/434 3278/1028/399
f 3272/1029/99 3276/1029/403 3277/1030/160 3275/1030/100
f 3284/1031/392 3279/1031/106 3283/1032/132 3286/1032/132
f 3255/1033/130 3272/1035/99 3271/1034/126
f 3273/1036/118 3275/1038/100 3274/1037/434
f 3264/1039/131 3280/1041/123 3279/1040/106
f 3281/1042/435 3283/1044/433 3282/1043/124
f 3260/1045/166 3276/1047/403 3272/1047/99 3255/1046/130
f 3271/1026/126 3272/1049/99 3275/1048/100 3273/1025/118
f 3274/1028/434 3275/1050/100 3277/1050/167 3278/1028/399
f 3264/1051/131 3279/1053/106 3284/1053/392 3269/1052/139
f 3285/1027/400 3286/1054/140 3283/1054/433 3281/1027/435
f 3282/1024/124 3283/1056/433 3279/1055/106 3280/1023/123
f 3255/1033/130 3271/1034/126 3280/1041/123 3264/1039/131
f 3281/1042/435 3282/1043/124 3273/1036/118 3274/1037/434
f 3244/968/132 3248/965/132 3247/978/132 3245/979/132
f 3234/974/160 3241/975/160 3249/974/160
f 3308/1057/436 3287/1059/159 3310/1058/437
f 3309/1060/438 3307/1063/417 3293/1062/417 3294/1061/438
f 3299/1064/412 3297/1067/415 3288/1066/415 3289/1065/412
f 3303/1068/419 3301/1071/413 3290/1070/413 3291/1069/419
f 3293/1072/408 3292/1075/411 3304/1074/411 3306/1073/408
f 3295/1076/420 3294/1077/409 3308/1057/409 3310/1058/420
f 3290/1078/422 3289/1081/407 3298/1080/407 3300/1079/422
f 3288/1082/439 3295/1076/420 3310/1058/420 3296/1083/439
f 3289/1081/407 3288/1082/439 3296/1083/439 3298/1080/407
f 3291/1084/410 3290/1078/422 3300/1079/422 3302/1085/410
f 3311/1086/414 3309/1060/438 3294/1061/438 3295/1087/414
f 3310/1058/437 3287/1059/159 3296/1083/440
f 3305/1088/416 3303/1068/419 3291/1069/419 3292/1089/416
f 3292/1075/411 3291/1084/410 3302/1085/410 3304/1074/411
f 3297/1067/415 3311/1086/414 3295/1087/414 3288/1066/415
f 3304/1074/441 3287/1059/159 3306/1073/442
f 3294/1077/409 3293/1072/408 3306/1073/408 3308/1057/409
f 3301/1071/413 3299/1064/412 3289/1065/412 3290/1070/413
f 3307/1063/417 3305/1088/416 3292/1089/416 3293/1062/417
f 3300/1079/443 3287/1059/159 3302/1085/444
f 3298/1080/445 3287/1059/159 3300/1079/443
f 3302/1085/444 3287/1059/159 3304/1074/441
f 3296/1083/440 3287/1059/159 3298/1080/445
f 3306/1073/442 3287/1059/159 3308/1057/436
f 3333/1057/436 3312/1059/159 3335/1058/437
f 3334/1060/438 3332/1063/417 3318/1062/417 3319/1061/438
f 3324/1064/412 3322/1067/415 3313/1066/415 3314/1065/412
f 3328/1068/419 3326/1071/413 3315/1070/413 3316/1069/419
f 3318/1072/408 3317/1075/411 3329/1074/411 3331/1073/408
f 3320/1076/420 3319/1077/476 3333/1057/476 3335/1058/420
f 3315/1078/422 3314/1081/407 3323/1080/407 3325/1079/422
f 3313/1082/439 3320/1076/420 3335/1058/420 3321/1083/439
f 3314/1081/407 3313/1082/439 3321/1083/439 3323/1080/407
f 3316/1084/410 3315/1078/422 3325/1079/422 3327/1085/410
f 3336/1086/414 3334/1060/438 3319/1061/438 3320/1087/414
f 3335/1058/437 3312/1059/159 3321/1083/440
f 3330/1088/416 3328/1068/419 3316/1069/419 3317/1089/416
f 3317/1075/411 3316/1084/410 3327/1085/410 3329/1074/411
f 3322/1067/415 3336/1086/414 3320/1087/414 3313/1066/415
f 3329/1074/441 3312/1059/159 3331/1073/442
f 3319/1077/476 3318/1072/408 3331/1073/408 3333/1057/476
f 3326/1071/413 3324/1064/412 3314/1065/412 3315/1070/413
f 3332/1063/417 3330/1088/416 3317/1089/416 3318/1062/417
f 3325/1079/443 3312/1059/159 3327/1085/444
f 3323/1080/445 3312/1059/159 3325/1079/443
f 3327/1085/444 3312/1059/159 3329/1074/441
f 3321/1083/440 3312/1059/159 3323/1080/445
f 3331/1073/442 3312/1059/159 3333/1057/436
f 3337/953/160 3339/956/160 3340/955/160 3338/954/160
f 3339/956/151 3343/958/151 3344/957/151 3340/955/151
f 3343/958/132 3341/960/132 3342/959/132 3344/957/132
f 3341/960/159 3337/953/159 3338/954/159 3342/959/159
f 3339/961/31 3337/964/31 3341/963/31 3343/962/31
f 3342/965/132 3348/968/132 3347/967/132 3344/966/132
f 3347/969/67 3348/972/67 3345/971/67 3346/970/67
f 3340/973/160 3346/976/160 3345/975/160 3338/974/160
f 3344/966/151 3347/967/151 3346/976/151 3340/973/151
f 3354/977/429 3350/980/430 3349/979/430 3351/978/429
f 3348/981/153 3349/984/430 3350/983/430 3345/982/153
f 3342/965/132 3352/965/132 3348/968/132
f 3351/985/429 3352/988/431 3353/987/431 3354/986/429
f 3338/989/31 3353/989/431 3352/990/431 3342/990/31
f 3353/974/160 3345/975/160 3350/980/160 3354/977/160
f 3367/991/123 3356/994/159 3358/993/159 3369/992/124
f 3357/995/99 3362/995/403 3363/996/160 3360/996/100
f 3371/997/132 3366/997/132 3370/998/132 3374/998/132
f 3355/999/115 3357/1001/99 3356/1000/116
f 3358/1002/118 3360/1004/100 3359/1003/117
f 3365/1005/119 3367/1007/123 3366/1006/432
f 3368/1008/121 3370/1010/433 3369/1009/124
f 3361/1011/398 3362/1012/403 3357/1012/99 3355/1011/115
f 3356/994/116 3357/1014/99 3360/1013/100 3358/993/118
f 3359/1015/117 3360/1016/100 3363/1016/167 3364/1015/167
f 3365/1017/119 3366/1018/432 3371/1018/139 3372/1017/397
f 3373/1019/140 3374/1020/140 3370/1020/433 3368/1019/121
f 3369/992/124 3370/1022/433 3366/1021/432 3367/991/123
f 3355/999/115 3356/1000/116 3367/1007/123 3365/1005/119
f 3368/1008/121 3369/1009/124 3358/1002/118 3359/1003/117
f 3361/1011/398 3355/1011/115 3365/1017/119 3372/1017/397
f 3384/1023/123 3375/1026/126 3377/1025/159 3386/1024/124
f 3389/1027/400 3385/1027/435 3378/1028/434 3382/1028/399
f 3376/1029/99 3380/1029/403 3381/1030/160 3379/1030/100
f 3388/1031/392 3383/1031/106 3387/1032/132 3390/1032/132
f 3359/1033/130 3376/1035/99 3375/1034/126
f 3377/1036/118 3379/1038/100 3378/1037/434
f 3368/1039/131 3384/1041/123 3383/1040/106
f 3385/1042/435 3387/1044/433 3386/1043/124
f 3364/1045/166 3380/1047/403 3376/1047/99 3359/1046/130
f 3375/1026/126 3376/1049/99 3379/1048/100 3377/1025/118
f 3378/1028/434 3379/1050/100 3381/1050/167 3382/1028/399
f 3368/1051/131 3383/1053/106 3388/1053/392 3373/1052/139
f 3389/1027/400 3390/1054/140 3387/1054/433 3385/1027/435
f 3386/1024/124 3387/1056/433 3383/1055/106 3384/1023/123
f 3359/1033/130 3375/1034/126 3384/1041/123 3368/1039/131
f 3385/1042/435 3386/1043/124 3377/1036/118 3378/1037/434
f 3348/968/132 3352/965/132 3351/978/132 3349/979/132
f 3338/974/160 3345/975/160 3353/974/160
f 3412/1057/436 3391/1059/159 3414/1058/437
f 3413/1060/438 3411/1063/417 3397/1062/417 3398/1061/438
f 3403/1064/412 3401/1067/428 3392/1066/428 3393/1065/412
f 3407/1068/419 3405/1071/413 3394/1070/413 3395/1069/419
f 3397/1072/408 3396/1075/411 3408/1074/411 3410/1073/408
f 3399/1076/420 3398/1077/409 3412/1057/409 3414/1058/420
f 3394/1078/422 3393/1081/407 3402/1080/407 3404/1079/422
f 3392/1082/439 3399/1076/420 3414/1058/420 3400/1083/439
f 3393/1081/407 3392/1082/439 3400/1083/439 3402/1080/407
f 3395/1084/410 3394/1078/422 3404/1079/422 3406/1085/410
f 3415/1086/414 3413/1060/438 3398/1061/438 3399/1087/414
f 3414/1058/437 3391/1059/159 3400/1083/440
f 3409/1088/416 3407/1068/419 3395/1069/419 3396/1089/416
f 3396/1075/411 3395/1084/410 3406/1085/410 3408/1074/411
f 3401/1067/428 3415/1086/414 3399/1087/414 3392/1066/428
f 3408/1074/441 3391/1059/159 3410/1073/442
f 3398/1077/409 3397/1072/408 3410/1073/408 3412/1057/409
f 3405/1071/413 3403/1064/412 3393/1065/412 3394/1070/413
f 3411/1063/417 3409/1088/416 3396/1089/416 3397/1062/417
f 3404/1079/443 3391/1059/159 3406/1085/444
f 3402/1080/445 3391/1059/159 3404/1079/443
f 3406/1085/444 3391/1059/159 3408/1074/441
f 3400/1083/440 3391/1059/159 3402/1080/445
f 3410/1073/442 3391/1059/159 3412/1057/436
f 3437/1057/436 3416/1059/159 3439/1058/437
f 3438/1060/438 3436/1063/417 3422/1062/417 3423/1061/438
f 3428/1064/412 3426/1067/428 3417/1066/428 3418/1065/412
f 3432/1068/419 3430/1071/413 3419/1070/413 3420/1069/419
f 3422/1072/408 3421/1075/411 3433/1074/411 3435/1073/408
f 3424/1076/420 3423/1077/476 3437/1057/476 3439/1058/420
f 3419/1078/422 3418/1081/407 3427/1080/407 3429/1079/422
f 3417/1082/439 3424/1076/420 3439/1058/420 3425/1083/439
f 3418/1081/407 3417/1082/439 3425/1083/439 3427/1080/407
f 3420/1084/410 3419/1078/422 3429/1079/422 3431/1085/410
f 3440/1086/414 3438/1060/438 3423/1061/438 3424/1087/414
f 3439/1058/437 3416/1059/159 3425/1083/440
f 3434/1088/416 3432/1068/419 3420/1069/419 3421/1089/416
f 3421/1075/411 3420/1084/410 3431/1085/410 3433/1074/411
f 3426/1067/428 3440/1086/414 3424/1087/414 3417/1066/428
f 3433/1074/441 3416/1059/159 3435/1073/442
f 3423/1077/476 3422/1072/408 3435/1073/408 3437/1057/476
f 3430/1071/413 3428/1064/412 3418/1065/412 3419/1070/413
f 3436/1063/417 3434/1088/416 3421/1089/416 3422/1062/417
f 3429/1079/443 3416/1059/159 3431/1085/444
f 3427/1080/445 3416/1059/159 3429/1079/443
f 3431/1085/444 3416/1059/159 3433/1074/441
f 3425/1083/440 3416/1059/159 3427/1080/445
f 3435/1073/442 3416/1059/159 3437/1057/436
f 3441/953/160 3443/956/160 3444/955/160 3442/954/160
f 3443/956/151 3447/958/151 3448/957/151 3444/955/151
f 3447/958/132 3445/960/132 3446/959/132 3448/957/132
f 3445/960/159 3441/953/159 3442/954/159 3446/959/159
f 3443/961/31 3441/964/31 3445/963/31 3447/962/31
f 3446/965/132 3452/968/132 3451/967/132 3448/966/132
f 3451/969/67 3452/972/67 3449/971/67 3450/970/67
f 3444/973/160 3450/976/160 3449/975/160 3442/974/160
f 3448/966/151 3451/967/151 3450/976/151 3444/973/151
f 3458/977/429 3454/980/430 3453/979/430 3455/978/429
f 3452/981/153 3453/984/430 3454/983/430 3449/982/153
f 3446/965/132 3456/965/132 3452/968/132
f 3455/985/429 3456/988/431 3457/987/431 3458/986/429
f 3442/989/31 3457/989/431 3456/990/431 3446/990/31
f 3457/974/160 3449/975/160 3454/980/160 3458/977/160
f 3471/991/123 3460/994/159 3462/993/159 3473/992/124
f 3461/995/99 3466/995/403 3467/996/160 3464/996/100
f 3475/997/132 3470/997/132 3474/998/132 3478/998/132
f 3459/999/115 3461/1001/99 3460/1000/116
f 3462/1002/118 3464/1004/100 3463/1003/117
f 3469/1005/119 3471/1007/123 3470/1006/432
f 3472/1008/121 3474/1010/433 3473/1009/124
f 3465/1011/398 3466/1012/403 3461/1012/99 3459/1011/115
f 3460/994/116 3461/1014/99 3464/1013/100 3462/993/118
f 3463/1015/117 3464/1016/100 3467/1016/167 3468/1015/167
f 3469/1017/119 3470/1018/432 3475/1018/139 3476/1017/397
f 3477/1019/140 3478/1020/140 3474/1020/433 3472/1019/121
f 3473/992/124 3474/1022/433 3470/1021/432 3471/991/123
f 3459/999/115 3460/1000/116 3471/1007/123 3469/1005/119
f 3472/1008/121 3473/1009/124 3462/1002/118 3463/1003/117
f 3465/1011/398 3459/1011/115 3469/1017/119 3476/1017/397
f 3488/1023/123 3479/1026/126 3481/1025/159 3490/1024/124
f 3493/1027/400 3489/1027/435 3482/1028/434 3486/1028/399
f 3480/1029/99 3484/1029/403 3485/1030/160 3483/1030/100
f 3492/1031/392 3487/1031/106 3491/1032/132 3494/1032/132
f 3463/1033/130 3480/1035/99 3479/1034/126
f 3481/1036/118 3483/1038/100 3482/1037/434
f 3472/1039/131 3488/1041/123 3487/1040/106
f 3489/1042/435 3491/1044/433 3490/1043/124
f 3468/1045/166 3484/1047/403 3480/1047/99 3463/1046/130
f 3479/1026/126 3480/1049/99 3483/1048/100 3481/1025/118
f 3482/1028/434 3483/1050/100 3485/1050/167 3486/1028/399
f 3472/1051/131 3487/1053/106 3492/1053/392 3477/1052/139
f 3493/1027/400 3494/1054/140 3491/1054/433 3489/1027/435
f 3490/1024/124 3491/1056/433 3487/1055/106 3488/1023/123
f 3463/1033/130 3479/1034/126 3488/1041/123 3472/1039/131
f 3489/1042/435 3490/1043/124 3481/1036/118 3482/1037/434
f 3452/968/132 3456/965/132 3455/978/132 3453/979/132
f 3442/974/160 3449/975/160 3457/974/160
f 3516/1057/436 3495/1059/159 3518/1058/437
f 3517/1060/438 3515/1063/477 3501/1062/477 3502/1061/438
f 3507/1064/412 3505/1067/428 3496/1066/428 3497/1065/412
f 3511/1068/419 3509/1071/413 3498/1070/413 3499/1069/419
f 3501/1072/408 3500/1075/411 3512/1074/411 3514/1073/408
f 3503/1076/420 3502/1077/409 3516/1057/409 3518/1058/420
f 3498/1078/422 3497/1081/407 3506/1080/407 3508/1079/422
f 3496/1082/439 3503/1076/420 3518/1058/420 3504/1083/439
f 3497/1081/407 3496/1082/439 3504/1083/439 3506/1080/407
f 3499/1084/410 3498/1078/422 3508/1079/422 3510/1085/410
f 3519/1086/414 3517/1060/438 3502/1061/438 3503/1087/414
f 3518/1058/437 3495/1059/159 3504/1083/440
f 3513/1088/416 3511/1068/419 3499/1069/419 3500/1089/416
f 3500/1075/411 3499/1084/410 3510/1085/410 3512/1074/411
f 3505/1067/428 3519/1086/414 3503/1087/414 3496/1066/428
f 3512/1074/441 3495/1059/159 3514/1073/442
f 3502/1077/409 3501/1072/408 3514/1073/408 3516/1057/409
f 3509/1071/413 3507/1064/412 3497/1065/412 3498/1070/413
f 3515/1063/477 3513/1088/416 3500/1089/416 3501/1062/477
f 3508/1079/443 3495/1059/159 3510/1085/444
f 3506/1080/445 3495/1059/159 3508/1079/443
f 3510/1085/444 3495/1059/159 3512/1074/441
f 3504/1083/440 3495/1059/159 3506/1080/445
f 3514/1073/442 3495/1059/159 3516/1057/436
f 3541/1057/436 3520/1059/159 3543/1058/437
f 3542/1060/438 3540/1063/477 3526/1062/477 3527/1061/438
f 3532/1064/412 3530/1067/428 3521/1066/428 3522/1065/412
f 3536/1068/419 3534/1071/413 3523/1070/413 3524/1069/419
f 3526/1072/408 3525/1075/411 3537/1074/411 3539/1073/408
f 3528/1076/420 3527/1077/409 3541/1057/409 3543/1058/420
f 3523/1078/422 3522/1081/407 3531/1080/407 3533/1079/422
f 3521/1082/439 3528/1076/420 3543/1058/420 3529/1083/439
f 3522/1081/407 3521/1082/439 3529/1083/439 3531/1080/407
f 3524/1084/410 3523/1078/422 3533/1079/422 3535/1085/410
f 3544/1086/414 3542/1060/438 3527/1061/438 3528/1087/414
f 3543/1058/437 3520/1059/159 3529/1083/440
f 3538/1088/416 3536/1068/419 3524/1069/419 3525/1089/416
f 3525/1075/411 3524/1084/410 3535/1085/410 3537/1074/411
f 3530/1067/428 3544/1086/414 3528/1087/414 3521/1066/428
f 3537/1074/441 3520/1059/159 3539/1073/442
f 3527/1077/409 3526/1072/408 3539/1073/408 3541/1057/409
f 3534/1071/413 3532/1064/412 3522/1065/412 3523/1070/413
f 3540/1063/477 3538/1088/416 3525/1089/416 3526/1062/477
f 3533/1079/443 3520/1059/159 3535/1085/444
f 3531/1080/445 3520/1059/159 3533/1079/443
f 3535/1085/444 3520/1059/159 3537/1074/441
f 3529/1083/440 3520/1059/159 3531/1080/445
f 3539/1073/442 3520/1059/159 3541/1057/436
f 3545/953/160 3547/956/160 3548/955/160 3546/954/160
f 3547/956/151 3551/958/151 3552/957/151 3548/955/151
f 3551/958/132 3549/960/132 3550/959/132 3552/957/132
f 3549/960/159 3545/953/159 3546/954/159 3550/959/159
f 3547/961/31 3545/964/31 3549/963/31 3551/962/31
f 3550/965/132 3556/968/132 3555/967/132 3552/966/132
f 3555/969/67 3556/972/67 3553/971/67 3554/970/67
f 3548/973/160 3554/976/160 3553/975/160 3546/974/160
f 3552/966/151 3555/967/151 3554/976/151 3548/973/151
f 3562/977/429 3558/980/430 3557/979/430 3559/978/429
f 3556/981/153 3557/984/430 3558/983/430 3553/982/153
f 3550/965/132 3560/965/132 3556/968/132
f 3559/985/429 3560/988/431 3561/987/431 3562/986/429
f 3546/989/31 3561/989/431 3560/990/431 3550/990/31
f 3561/974/160 3553/975/160 3558/980/160 3562/977/160
f 3575/991/123 3564/994/159 3566/993/159 3577/992/124
f 3565/995/99 3570/995/403 3571/996/160 3568/996/100
f 3579/997/132 3574/997/132 3578/998/132 3582/998/132
f 3563/999/115 3565/1001/99 3564/1000/116
f 3566/1002/118 3568/1004/100 3567/1003/117
f 3573/1005/119 3575/1007/123 3574/1006/432
f 3576/1008/121 3578/1010/433 3577/1009/124
f 3569/1011/398 3570/1012/403 3565/1012/99 3563/1011/115
f 3564/994/116 3565/1014/99 3568/1013/100 3566/993/118
f 3567/1015/117 3568/1016/100 3571/1016/167 3572/1015/167
f 3573/1017/119 3574/1018/432 3579/1018/139 3580/1017/397
f 3581/1019/140 3582/1020/140 3578/1020/433 3576/1019/121
f 3577/992/124 3578/1022/433 3574/1021/432 3575/991/123
f 3563/999/115 3564/1000/116 3575/1007/123 3573/1005/119
f 3576/1008/121 3577/1009/124 3566/1002/118 3567/1003/117
f 3569/1011/398 3563/1011/115 3573/1017/119 3580/1017/397
f 3592/1023/123 3583/1026/126 3585/1025/159 3594/1024/124
f 3597/1027/400 3593/1027/435 3586/1028/434 3590/1028/399
f 3584/1029/99 3588/1029/403 3589/1030/160 3587/1030/100
f 3596/1031/392 3591/1031/106 3595/1032/132 3598/1032/132
f 3567/1033/130 3584/1035/99 3583/1034/126
f 3585/1036/118 3587/1038/100 3586/1037/434
f 3576/1039/131 3592/1041/123 3591/1040/106
f 3593/1042/435 3595/1044/433 3594/1043/124
f 3572/1045/166 3588/1047/403 3584/1047/99 3567/1046/130
f 3583/1026/126 3584/1049/99 3587/1048/100 3585/1025/118
f 3586/1028/434 3587/1050/100 3589/1050/167 3590/1028/399
f 3576/1051/131 3591/1053/106 3596/1053/392 3581/1052/139
f 3597/1027/400 3598/1054/140 3595/1054/433 3593/1027/435
f 3594/1024/124 3595/1056/433 3591/1055/106 3592/1023/123
f 3567/1033/130 3583/1034/126 3592/1041/123 3576/1039/131
f 3593/1042/435 3594/1043/124 3585/1036/118 3586/1037/434
f 3556/968/132 3560/965/132 3559/978/132 3557/979/132
f 3546/974/160 3553/975/160 3561/974/160
f 3620/1057/436 3599/1059/159 3622/1058/437
f 3621/1060/438 3619/1063/417 3605/1062/417 3606/1061/438
f 3611/1064/412 3609/1067/428 3600/1066/428 3601/1065/412
f 3615/1068/419 3613/1071/413 3602/1070/413 3603/1069/419
f 3605/1072/408 3604/1075/411 3616/1074/411 3618/1073/408
f 3607/1076/420 3606/1077/409 3620/1057/409 3622/1058/420
f 3602/1078/422 3601/1081/407 3610/1080/407 3612/1079/422
f 3600/1082/439 3607/1076/420 3622/1058/420 3608/1083/439
f 3601/1081/407 3600/1082/439 3608/1083/439 3610/1080/407
f 3603/1084/410 3602/1078/422 3612/1079/422 3614/1085/410
f 3623/1086/414 3621/1060/438 3606/1061/438 3607/1087/414
f 3622/1058/437 3599/1059/159 3608/1083/440
f 3617/1088/416 3615/1068/419 3603/1069/419 3604/1089/416
f 3604/1075/411 3603/1084/410 3614/1085/410 3616/1074/411
f 3609/1067/428 3623/1086/414 3607/1087/414 3600/1066/428
f 3616/1074/441 3599/1059/159 3618/1073/442
f 3606/1077/409 3605/1072/408 3618/1073/408 3620/1057/409
f 3613/1071/413 3611/1064/412 3601/1065/412 3602/1070/413
f 3619/1063/417 3617/1088/416 3604/1089/416 3605/1062/417
f 3612/1079/443 3599/1059/159 3614/1085/444
f 3610/1080/445 3599/1059/159 3612/1079/443
f 3614/1085/444 3599/1059/159 3616/1074/441
f 3608/1083/440 3599/1059/159 3610/1080/445
f 3618/1073/442 3599/1059/159 3620/1057/436
f 3645/1057/436 3624/1059/159 3647/1058/437
f 3646/1060/438 3644/1063/417 3630/1062/417 3631/1061/438
f 3636/1064/412 3634/1067/428 3625/1066/428 3626/1065/412
f 3640/1068/419 3638/1071/413 3627/1070/413 3628/1069/419
f 3630/1072/408 3629/1075/411 3641/1074/411 3643/1073/408
f 3632/1076/420 3631/1077/476 3645/1057/476 3647/1058/420
f 3627/1078/422 3626/1081/407 3635/1080/407 3637/1079/422
f 3625/1082/439 3632/1076/420 3647/1058/420 3633/1083/439
f 3626/1081/407 3625/1082/439 3633/1083/439 3635/1080/407
f 3628/1084/410 3627/1078/422 3637/1079/422 3639/1085/410
f 3648/1086/414 3646/1060/438 3631/1061/438 3632/1087/414
f 3647/1058/437 3624/1059/159 3633/1083/440
f 3642/1088/416 3640/1068/419 3628/1069/419 3629/1089/416
f 3629/1075/411 3628/1084/410 3639/1085/410 3641/1074/411
f 3634/1067/428 3648/1086/414 3632/1087/414 3625/1066/428
f 3641/1074/441 3624/1059/159 3643/1073/442
f 3631/1077/476 3630/1072/408 3643/1073/408 3645/1057/476
f 3638/1071/413 3636/1064/412 3626/1065/412 3627/1070/413
f 3644/1063/417 3642/1088/416 3629/1089/416 3630/1062/417
f 3637/1079/443 3624/1059/159 3639/1085/444
f 3635/1080/445 3624/1059/159 3637/1079/443
f 3639/1085/444 3624/1059/159 3641/1074/441
f 3633/1083/440 3624/1059/159 3635/1080/445
f 3643/1073/442 3624/1059/159 3645/1057/436
f 3649/953/160 3651/956/160 3652/955/160 3650/954/160
f 3651/956/151 3655/958/151 3656/957/151 3652/955/151
f 3655/958/132 3653/960/132 3654/959/132 3656/957/132
f 3653/960/159 3649/953/159 3650/954/159 3654/959/159
f 3651/961/31 3649/964/31 3653/963/31 3655/962/31
f 3654/965/132 3660/968/132 3659/967/132 3656/966/132
f 3659/969/67 3660/972/67 3657/971/67 3658/970/67
f 3652/973/160 3658/976/160 3657/975/160 3650/974/160
f 3656/966/151 3659/967/151 3658/976/151 3652/973/151
f 3666/977/429 3662/980/430 3661/979/430 3663/978/429
f 3660/981/153 3661/984/430 3662/983/430 3657/982/153
f 3654/965/132 3664/965/132 3660/968/132
f 3663/985/429 3664/988/431 3665/987/431 3666/986/429
f 3650/989/31 3665/989/431 3664/990/431 3654/990/31
f 3665/974/160 3657/975/160 3662/980/160 3666/977/160
f 3679/991/123 3668/994/159 3670/993/159 3681/992/124
f 3669/995/99 3674/995/403 3675/996/160 3672/996/100
f 3683/997/132 3678/997/132 3682/998/132 3686/998/132
f 3667/999/115 3669/1001/99 3668/1000/116
f 3670/1002/118 3672/1004/100 3671/1003/117
f 3677/1005/119 3679/1007/123 3678/1006/432
f 3680/1008/121 3682/1010/433 3681/1009/124
f 3673/1011/398 3674/1012/403 3669/1012/99 3667/1011/115
f 3668/994/116 3669/1014/99 3672/1013/100 3670/993/118
f 3671/1015/117 3672/1016/100 3675/1016/167 3676/1015/167
f 3677/1017/119 3678/1018/432 3683/1018/139 3684/1017/397
f 3685/1019/140 3686/1020/140 3682/1020/433 3680/1019/121
f 3681/992/124 3682/1022/433 3678/1021/432 3679/991/123
f 3667/999/115 3668/1000/116 3679/1007/123 3677/1005/119
f 3680/1008/121 3681/1009/124 3670/1002/118 3671/1003/117
f 3673/1011/398 3667/1011/115 3677/1017/119 3684/1017/397
f 3696/1023/123 3687/1026/126 3689/1025/159 3698/1024/124
f 3701/1027/400 3697/1027/435 3690/1028/434 3694/1028/399
f 3688/1029/99 3692/1029/403 3693/1030/160 3691/1030/100
f 3700/1031/392 3695/1031/106 3699/1032/132 3702/1032/132
f 3671/1033/130 3688/1035/99 3687/1034/126
f 3689/1036/118 3691/1038/100 3690/1037/434
f 3680/1039/131 3696/1041/123 3695/1040/106
f 3697/1042/435 3699/1044/433 3698/1043/124
f 3676/1045/166 3692/1047/403 3688/1047/99 3671/1046/130
f 3687/1026/126 3688/1049/99 3691/1048/100 3689/1025/118
f 3690/1028/434 3691/1050/100 3693/1050/167 3694/1028/399
f 3680/1051/131 3695/1053/106 3700/1053/392 3685/1052/139
f 3701/1027/400 3702/1054/140 3699/1054/433 3697/1027/435
f 3698/1024/124 3699/1056/433 3695/1055/106 3696/1023/123
f 3671/1033/130 3687/1034/126 3696/1041/123 3680/1039/131
f 3697/1042/435 3698/1043/124 3689/1036/118 3690/1037/434
f 3660/968/132 3664/965/132 3663/978/132 3661/979/132
f 3650/974/160 3657/975/160 3665/974/160
f 3724/1057/436 3703/1059/159 3726/1058/437
f 3725/1060/438 3723/1063/417 3709/1062/417 3710/1061/438
f 3715/1064/412 3713/1067/415 3704/1066/415 3705/1065/412
f 3719/1068/419 3717/1071/413 3706/1070/413 3707/1069/419
f 3709/1072/408 3708/1075/411 3720/1074/411 3722/1073/408
f 3711/1076/420 3710/1077/409 3724/1057/409 3726/1058/420
f 3706/1078/422 3705/1081/407 3714/1080/407 3716/1079/422
f 3704/1082/439 3711/1076/420 3726/1058/420 3712/1083/439
f 3705/1081/407 3704/1082/439 3712/1083/439 3714/1080/407
f 3707/1084/410 3706/1078/422 3716/1079/422 3718/1085/410
f 3727/1086/414 3725/1060/438 3710/1061/438 3711/1087/414
f 3726/1058/437 3703/1059/159 3712/1083/440
f 3721/1088/416 3719/1068/419 3707/1069/419 3708/1089/416
f 3708/1075/411 3707/1084/410 3718/1085/410 3720/1074/411
f 3713/1067/415 3727/1086/414 3711/1087/414 3704/1066/415
f 3720/1074/441 3703/1059/159 3722/1073/442
f 3710/1077/409 3709/1072/408 3722/1073/408 3724/1057/409
f 3717/1071/413 3715/1064/412 3705/1065/412 3706/1070/413
f 3723/1063/417 3721/1088/416 3708/1089/416 3709/1062/417
f 3716/1079/443 3703/1059/159 3718/1085/444
f 3714/1080/445 3703/1059/159 3716/1079/443
f 3718/1085/444 3703/1059/159 3720/1074/441
f 3712/1083/440 3703/1059/159 3714/1080/445
f 3722/1073/442 3703/1059/159 3724/1057/436
f 3749/1057/436 3728/1059/159 3751/1058/437
f 3750/1060/438 3748/1063/417 3734/1062/417 3735/1061/438
f 3740/1064/412 3738/1067/415 3729/1066/415 3730/1065/412
f 3744/1068/419 3742/1071/413 3731/1070/413 3732/1069/419
f 3734/1072/408 3733/1075/411 3745/1074/411 3747/1073/408
f 3736/1076/420 3735/1077/409 3749/1057/409 3751/1058/420
f 3731/1078/422 3730/1081/407 3739/1080/407 3741/1079/422
f 3729/1082/439 3736/1076/420 3751/1058/420 3737/1083/439
f 3730/1081/407 3729/1082/439 3737/1083/439 3739/1080/407
f 3732/1084/410 3731/1078/422 3741/1079/422 3743/1085/410
f 3752/1086/414 3750/1060/438 3735/1061/438 3736/1087/414
f 3751/1058/437 3728/1059/159 3737/1083/440
f 3746/1088/416 3744/1068/419 3732/1069/419 3733/1089/416
f 3733/1075/411 3732/1084/410 3743/1085/410 3745/1074/411
f 3738/1067/415 3752/1086/414 3736/1087/414 3729/1066/415
f 3745/1074/441 3728/1059/159 3747/1073/442
f 3735/1077/409 3734/1072/408 3747/1073/408 3749/1057/409
f 3742/1071/413 3740/1064/412 3730/1065/412 3731/1070/413
f 3748/1063/417 3746/1088/416 3733/1089/416 3734/1062/417
f 3741/1079/443 3728/1059/159 3743/1085/444
f 3739/1080/445 3728/1059/159 3741/1079/443
f 3743/1085/444 3728/1059/159 3745/1074/441
f 3737/1083/440 3728/1059/159 3739/1080/445
f 3747/1073/442 3728/1059/159 3749/1057/436
f 3753/953/160 3755/956/160 3756/955/160 3754/954/160
f 3755/956/151 3759/958/151 3760/957/151 3756/955/151
f 3759/958/132 3757/960/132 3758/959/132 3760/957/132
f 3757/960/159 3753/953/159 3754/954/159 3758/959/159
f 3755/961/31 3753/964/31 3757/963/31 3759/962/31
f 3758/965/132 3764/968/132 3763/967/132 3760/966/132
f 3763/969/67 3764/972/67 3761/971/67 3762/970/67
f 3756/973/160 3762/976/160 3761/975/160 3754/974/160
f 3760/966/151 3763/967/151 3762/976/151 3756/973/151
f 3770/977/429 3766/980/430 3765/979/430 3767/978/429
f 3764/981/153 3765/984/430 3766/983/430 3761/982/153
f 3758/965/132 3768/965/132 3764/968/132
f 3767/985/429 3768/988/431 3769/987/431 3770/986/429
f 3754/989/31 3769/989/431 3768/990/431 3758/990/31
f 3769/974/160 3761/975/160 3766/980/160 3770/977/160
f 3783/991/123 3772/994/159 3774/993/159 3785/992/124
f 3773/995/99 3778/995/403 3779/996/160 3776/996/100
f 3787/997/132 3782/997/132 3786/998/132 3790/998/132
f 3771/999/115 3773/1001/99 3772/1000/116
f 3774/1002/118 3776/1004/100 3775/1003/117
f 3781/1005/119 3783/1007/123 3782/1006/432
f 3784/1008/121 3786/1010/433 3785/1009/124
f 3777/1011/398 3778/1012/403 3773/1012/99 3771/1011/115
f 3772/994/116 3773/1014/99 3776/1013/100 3774/993/118
f 3775/1015/117 3776/1016/100 3779/1016/167 3780/1015/167
f 3781/1017/119 3782/1018/432 3787/1018/139 3788/1017/397
f 3789/1019/140 3790/1020/140 3786/1020/433 3784/1019/121
f 3785/992/124 3786/1022/433 3782/1021/432 3783/991/123
f 3771/999/115 3772/1000/116 3783/1007/123 3781/1005/119
f 3784/1008/121 3785/1009/124 3774/1002/118 3775/1003/117
f 3777/1011/398 3771/1011/115 3781/1017/119 3788/1017/397
f 3800/1023/123 3791/1026/126 3793/1025/159 3802/1024/124
f 3805/1027/400 3801/1027/435 3794/1028/434 3798/1028/399
f 3792/1029/99 3796/1029/403 3797/1030/160 3795/1030/100
f 3804/1031/392 3799/1031/106 3803/1032/132 3806/1032/132
f 3775/1033/130 3792/1035/99 3791/1034/126
f 3793/1036/118 3795/1038/100 3794/1037/434
f 3784/1039/131 3800/1041/123 3799/1040/106
f 3801/1042/435 3803/1044/433 3802/1043/124
f 3780/1045/166 3796/1047/403 3792/1047/99 3775/1046/130
f 3791/1026/126 3792/1049/99 3795/1048/100 3793/1025/118
f 3794/1028/434 3795/1050/100 3797/1050/167 3798/1028/399
f 3784/1051/131 3799/1053/106 3804/1053/392 3789/1052/139
f 3805/1027/400 3806/1054/140 3803/1054/433 3801/1027/435
f 3802/1024/124 3803/1056/433 3799/1055/106 3800/1023/123
f 3775/1033/130 3791/1034/126 3800/1041/123 3784/1039/131
f 3801/1042/435 3802/1043/124 3793/1036/118 3794/1037/434
f 3764/968/132 3768/965/132 3767/978/132 3765/979/132
f 3754/974/160 3761/975/160 3769/974/160
f 3828/1057/436 3807/1059/159 3830/1058/437
f 3829/1060/438 3827/1063/417 3813/1062/417 3814/1061/438
f 3819/1064/412 3817/1067/415 3808/1066/415 3809/1065/412
f 3823/1068/419 3821/1071/413 3810/1070/413 3811/1069/419
f 3813/1072/408 3812/1075/411 3824/1074/411 3826/1073/408
f 3815/1076/420 3814/1077/409 3828/1057/409 3830/1058/420
f 3810/1078/422 3809/1081/407 3818/1080/407 3820/1079/422
f 3808/1082/439 3815/1076/420 3830/1058/420 3816/1083/439
f 3809/1081/407 3808/1082/439 3816/1083/439 3818/1080/407
f 3811/1084/410 3810/1078/422 3820/1079/422 3822/1085/410
f 3831/1086/414 3829/1060/438 3814/1061/438 3815/1087/414
f 3830/1058/437 3807/1059/159 3816/1083/440
f 3825/1088/416 3823/1068/419 3811/1069/419 3812/1089/416
f 3812/1075/411 3811/1084/410 3822/1085/410 3824/1074/411
f 3817/1067/415 3831/1086/414 3815/1087/414 3808/1066/415
f 3824/1074/441 3807/1059/159 3826/1073/442
f 3814/1077/409 3813/1072/408 3826/1073/408 3828/1057/409
f 3821/1071/413 3819/1064/412 3809/1065/412 3810/1070/413
f 3827/1063/417 3825/1088/416 3812/1089/416 3813/1062/417
f 3820/1079/443 3807/1059/159 3822/1085/444
f 3818/1080/445 3807/1059/159 3820/1079/443
f 3822/1085/444 3807/1059/159 3824/1074/441
f 3816/1083/440 3807/1059/159 3818/1080/445
f 3826/1073/442 3807/1059/159 3828/1057/436
f 3853/1057/436 3832/1059/159 3855/1058/437
f 3854/1060/438 3852/1063/417 3838/1062/417 3839/1061/438
f 3844/1064/412 3842/1067/415 3833/1066/415 3834/1065/412
f 3848/1068/419 3846/1071/413 3835/1070/413 3836/1069/419
f 3838/1072/408 3837/1075/411 3849/1074/411 3851/1073/408
f 3840/1076/420 3839/1077/409 3853/1057/409 3855/1058/420
f 3835/1078/422 3834/1081/407 3843/1080/407 3845/1079/422
f 3833/1082/439 3840/1076/420 3855/1058/420 3841/1083/439
f 3834/1081/407 3833/1082/439 3841/1083/439 3843/1080/407
f 3836/1084/410 3835/1078/422 3845/1079/422 3847/1085/410
f 3856/1086/414 3854/1060/438 3839/1061/438 3840/1087/414
f 3855/1058/437 3832/1059/159 3841/1083/440
f 3850/1088/416 3848/1068/419 3836/1069/419 3837/1089/416
f 3837/1075/411 3836/1084/410 3847/1085/410 3849/1074/411
f 3842/1067/415 3856/1086/414 3840/1087/414 3833/1066/415
f 3849/1074/441 3832/1059/159 3851/1073/442
f 3839/1077/409 3838/1072/408 3851/1073/408 3853/1057/409
f 3846/1071/413 3844/1064/412 3834/1065/412 3835/1070/413
f 3852/1063/417 3850/1088/416 3837/1089/416 3838/1062/417
f 3845/1079/443 3832/1059/159 3847/1085/444
f 3843/1080/445 3832/1059/159 3845/1079/443
f 3847/1085/444 3832/1059/159 3849/1074/441
f 3841/1083/440 3832/1059/159 3843/1080/445
f 3851/1073/442 3832/1059/159 3853/1057/436
f 3857/953/151 3859/956/151 3860/955/151 3858/954/151
f 3859/956/132 3863/958/132 3864/957/132 3860/955/132
f 3863/958/159 3861/960/159 3862/959/159 3864/957/159
f 3861/960/160 3857/953/160 3858/954/160 3862/959/160
f 3859/961/31 3857/964/31 3861/963/31 3863/962/31
f 3862/965/159 3868/968/159 3867/967/159 3864/966/159
f 3867/969/67 3868/972/67 3865/971/67 3866/970/67
f 3860/973/151 3866/976/151 3865/975/151 3858/974/151
f 3864/966/132 3867/967/132 3866/976/132 3860/973/132
f 3874/977/403 3870/980/446 3869/979/446 3871/978/403
f 3868/981/167 3869/984/446 3870/983/446 3865/982/167
f 3862/965/159 3872/965/159 3868/968/159
f 3871/985/403 3872/988/398 3873/987/398 3874/986/403
f 3858/989/31 3873/989/398 3872/990/398 3862/990/31
f 3873/974/151 3865/975/151 3870/980/151 3874/977/151
f 3887/991/99 3876/994/160 3878/993/160 3889/992/100
f 3877/995/108 3882/995/389 3883/996/151 3880/996/127
f 3891/997/159 3886/997/159 3890/998/159 3894/998/159
f 3875/999/107 3877/1001/108 3876/1000/395
f 3878/1002/396 3880/1004/127 3879/1003/109
f 3885/1005/115 3887/1007/99 3886/1006/116
f 3888/1008/117 3890/1010/118 3889/1009/100
f 3881/1011/391 3882/1012/389 3877/1012/108 3875/1011/107
f 3876/994/395 3877/1014/108 3880/1013/127 3878/993/396
f 3879/1015/109 3880/1016/127 3883/1016/316 3884/1015/316
f 3885/1017/115 3886/1018/116 3891/1018/154 3892/1017/431
f 3893/1019/153 3894/1020/153 3890/1020/118 3888/1019/117
f 3889/992/100 3890/1022/118 3886/1021/116 3887/991/99
f 3875/999/107 3876/1000/395 3887/1007/99 3885/1005/115
f 3888/1008/117 3889/1009/100 3878/1002/396 3879/1003/109
f 3881/1011/391 3875/1011/107 3885/1017/115 3892/1017/431
f 3904/1023/99 3895/1026/102 3897/1025/160 3906/1024/100
f 3909/1027/447 3905/1027/434 3898/1028/402 3902/1028/448
f 3896/1029/108 3900/1029/389 3901/1030/151 3899/1030/127
f 3908/1031/429 3903/1031/126 3907/1032/159 3910/1032/159
f 3879/1033/128 3896/1035/108 3895/1034/102
f 3897/1036/396 3899/1038/127 3898/1037/402
f 3888/1039/130 3904/1041/99 3903/1040/126
f 3905/1042/434 3907/1044/118 3906/1043/100
f 3884/1045/449 3900/1047/389 3896/1047/108 3879/1046/128
f 3895/1026/102 3896/1049/108 3899/1048/127 3897/1025/396
f 3898/1028/402 3899/1050/127 3901/1050/316 3902/1028/448
f 3888/1051/130 3903/1053/126 3908/1053/429 3893/1052/154
f 3909/1027/447 3910/1054/153 3907/1054/118 3905/1027/434
f 3906/1024/100 3907/1056/118 3903/1055/126 3904/1023/99
f 3879/1033/128 3895/1034/102 3904/1041/99 3888/1039/130
f 3905/1042/434 3906/1043/100 3897/1036/396 3898/1037/402
f 3868/968/159 3872/965/159 3871/978/159 3869/979/159
f 3858/974/151 3865/975/151 3873/974/151
f 3932/1057/450 3911/1059/160 3934/1058/451
f 3933/1060/452 3931/1063/474 3917/1062/474 3918/1061/452
f 3923/1064/454 3921/1067/478 3912/1066/478 3913/1065/454
f 3927/1068/456 3925/1071/457 3914/1070/457 3915/1069/456
f 3917/1072/458 3916/1075/459 3928/1074/459 3930/1073/458
f 3919/1076/475 3918/1077/461 3932/1057/461 3934/1058/475
f 3914/1078/462 3913/1081/463 3922/1080/463 3924/1079/462
f 3912/1082/464 3919/1076/475 3934/1058/475 3920/1083/464
f 3913/1081/463 3912/1082/464 3920/1083/464 3922/1080/463
f 3915/1084/465 3914/1078/462 3924/1079/462 3926/1085/465
f 3935/1086/466 3933/1060/452 3918/1061/452 3919/1087/466
f 3934/1058/451 3911/1059/160 3920/1083/467
f 3929/1088/468 3927/1068/456 3915/1069/456 3916/1089/468
f 3916/1075/459 3915/1084/465 3926/1085/465 3928/1074/459
f 3921/1067/478 3935/1086/466 3919/1087/466 3912/1066/478
f 3928/1074/469 3911/1059/160 3930/1073/470
f 3918/1077/461 3917/1072/458 3930/1073/458 3932/1057/461
f 3925/1071/457 3923/1064/454 3913/1065/454 3914/1070/457
f 3931/1063/474 3929/1088/468 3916/1089/468 3917/1062/474
f 3924/1079/471 3911/1059/160 3926/1085/472
f 3922/1080/473 3911/1059/160 3924/1079/471
f 3926/1085/472 3911/1059/160 3928/1074/469
f 3920/1083/467 3911/1059/160 3922/1080/473
f 3930/1073/470 3911/1059/160 3932/1057/450
f 3957/1057/450 3936/1059/160 3959/1058/451
f 3958/1060/452 3956/1063/474 3942/1062/474 3943/1061/452
f 3948/1064/454 3946/1067/478 3937/1066/478 3938/1065/454
f 3952/1068/456 3950/1071/457 3939/1070/457 3940/1069/456
f 3942/1072/458 3941/1075/459 3953/1074/459 3955/1073/458
f 3944/1076/475 3943/1077/461 3957/1057/461 3959/1058/475
f 3939/1078/462 3938/1081/463 3947/1080/463 3949/1079/462
f 3937/1082/464 3944/1076/475 3959/1058/475 3945/1083/464
f 3938/1081/463 3937/1082/464 3945/1083/464 3947/1080/463
f 3940/1084/465 3939/1078/462 3949/1079/462 3951/1085/465
f 3960/1086/466 3958/1060/452 3943/1061/452 3944/1087/466
f 3959/1058/451 3936/1059/160 3945/1083/467
f 3954/1088/468 3952/1068/456 3940/1069/456 3941/1089/468
f 3941/1075/459 3940/1084/465 3951/1085/465 3953/1074/459
f 3946/1067/478 3960/1086/466 3944/1087/466 3937/1066/478
f 3953/1074/469 3936/1059/160 3955/1073/470
f 3943/1077/461 3942/1072/458 3955/1073/458 3957/1057/461
f 3950/1071/457 3948/1064/454 3938/1065/454 3939/1070/457
f 3956/1063/474 3954/1088/468 3941/1089/468 3942/1062/474
f 3949/1079/471 3936/1059/160 3951/1085/472
f 3947/1080/473 3936/1059/160 3949/1079/471
f 3951/1085/472 3936/1059/160 3953/1074/469
f 3945/1083/467 3936/1059/160 3947/1080/473
f 3955/1073/470 3936/1059/160 3957/1057/450
f 3961/953/151 3963/956/151 3964/955/151 3962/954/151
f 3963/956/132 3967/958/132 3968/957/132 3964/955/132
f 3967/958/159 3965/960/159 3966/959/159 3968/957/159
f 3965/960/160 3961/953/160 3962/954/160 3966/959/160
f 3963/961/31 3961/964/31 3965/963/31 3967/962/31
f 3966/965/159 3972/968/159 3971/967/159 3968/966/159
f 3971/969/67 3972/972/67 3969/971/67 3970/970/67
f 3964/973/151 3970/976/151 3969/975/151 3962/974/151
f 3968/966/132 3971/967/132 3970/976/132 3964/973/132
f 3978/977/403 3974/980/446 3973/979/446 3975/978/403
f 3972/981/167 3973/984/446 3974/983/446 3969/982/167
f 3966/965/159 3976/965/159 3972/968/159
f 3975/985/403 3976/988/398 3977/987/398 3978/986/403
f 3962/989/31 3977/989/398 3976/990/398 3966/990/31
f 3977/974/151 3969/975/151 3974/980/151 3978/977/151
f 3991/991/99 3980/994/160 3982/993/160 3993/992/100
f 3981/995/108 3986/995/389 3987/996/151 3984/996/127
f 3995/997/159 3990/997/159 3994/998/159 3998/998/159
f 3979/999/107 3981/1001/108 3980/1000/395
f 3982/1002/396 3984/1004/127 3983/1003/109
f 3989/1005/115 3991/1007/99 3990/1006/116
f 3992/1008/117 3994/1010/118 3993/1009/100
f 3985/1011/391 3986/1012/389 3981/1012/108 3979/1011/107
f 3980/994/395 3981/1014/108 3984/1013/127 3982/993/396
f 3983/1015/109 3984/1016/127 3987/1016/316 3988/1015/316
f 3989/1017/115 3990/1018/116 3995/1018/154 3996/1017/431
f 3997/1019/153 3998/1020/153 3994/1020/118 3992/1019/117
f 3993/992/100 3994/1022/118 3990/1021/116 3991/991/99
f 3979/999/107 3980/1000/395 3991/1007/99 3989/1005/115
f 3992/1008/117 3993/1009/100 3982/1002/396 3983/1003/109
f 3985/1011/391 3979/1011/107 3989/1017/115 3996/1017/431
f 4008/1023/99 3999/1026/102 4001/1025/160 4010/1024/100
f 4013/1027/447 4009/1027/434 4002/1028/402 4006/1028/448
f 4000/1029/108 4004/1029/389 4005/1030/151 4003/1030/127
f 4012/1031/429 4007/1031/126 4011/1032/159 4014/1032/159
f 3983/1033/128 4000/1035/108 3999/1034/102
f 4001/1036/396 4003/1038/127 4002/1037/402
f 3992/1039/130 4008/1041/99 4007/1040/126
f 4009/1042/434 4011/1044/118 4010/1043/100
f 3988/1045/449 4004/1047/389 4000/1047/108 3983/1046/128
f 3999/1026/102 4000/1049/108 4003/1048/127 4001/1025/396
f 4002/1028/402 4003/1050/127 4005/1050/316 4006/1028/448
f 3992/1051/130 4007/1053/126 4012/1053/429 3997/1052/154
f 4013/1027/447 4014/1054/153 4011/1054/118 4009/1027/434
f 4010/1024/100 4011/1056/118 4007/1055/126 4008/1023/99
f 3983/1033/128 3999/1034/102 4008/1041/99 3992/1039/130
f 4009/1042/434 4010/1043/100 4001/1036/396 4002/1037/402
f 3972/968/159 3976/965/159 3975/978/159 3973/979/159
f 3962/974/151 3969/975/151 3977/974/151
f 4036/1057/450 4015/1059/160 4038/1058/451
f 4037/1060/452 4035/1063/474 4021/1062/474 4022/1061/452
f 4027/1064/454 4025/1067/478 4016/1066/478 4017/1065/454
f 4031/1068/456 4029/1071/457 4018/1070/457 4019/1069/456
f 4021/1072/458 4020/1075/459 4032/1074/459 4034/1073/458
f 4023/1076/475 4022/1077/461 4036/1057/461 4038/1058/475
f 4018/1078/462 4017/1081/463 4026/1080/463 4028/1079/462
f 4016/1082/464 4023/1076/475 4038/1058/475 4024/1083/464
f 4017/1081/463 4016/1082/464 4024/1083/464 4026/1080/463
f 4019/1084/465 4018/1078/462 4028/1079/462 4030/1085/465
f 4039/1086/466 4037/1060/452 4022/1061/452 4023/1087/466
f 4038/1058/451 4015/1059/160 4024/1083/467
f 4033/1088/468 4031/1068/456 4019/1069/456 4020/1089/468
f 4020/1075/459 4019/1084/465 4030/1085/465 4032/1074/459
f 4025/1067/478 4039/1086/466 4023/1087/466 4016/1066/478
f 4032/1074/469 4015/1059/160 4034/1073/470
f 4022/1077/461 4021/1072/458 4034/1073/458 4036/1057/461
f 4029/1071/457 4027/1064/454 4017/1065/454 4018/1070/457
f 4035/1063/474 4033/1088/468 4020/1089/468 4021/1062/474
f 4028/1079/471 4015/1059/160 4030/1085/472
f 4026/1080/473 4015/1059/160 4028/1079/471
f 4030/1085/472 4015/1059/160 4032/1074/469
f 4024/1083/467 4015/1059/160 4026/1080/473
f 4034/1073/470 4015/1059/160 4036/1057/450
f 4061/1057/450 4040/1059/160 4063/1058/451
f 4062/1060/452 4060/1063/474 4046/1062/474 4047/1061/452
f 4052/1064/454 4050/1067/478 4041/1066/478 4042/1065/454
f 4056/1068/456 4054/1071/457 4043/1070/457 4044/1069/456
f 4046/1072/458 4045/1075/459 4057/1074/459 4059/1073/458
f 4048/1076/475 4047/1077/461 4061/1057/461 4063/1058/475
f 4043/1078/462 4042/1081/463 4051/1080/463 4053/1079/462
f 4041/1082/464 4048/1076/475 4063/1058/475 4049/1083/464
f 4042/1081/463 4041/1082/464 4049/1083/464 4051/1080/463
f 4044/1084/465 4043/1078/462 4053/1079/462 4055/1085/465
f 4064/1086/466 4062/1060/452 4047/1061/452 4048/1087/466
f 4063/1058/451 4040/1059/160 4049/1083/467
f 4058/1088/468 4056/1068/456 4044/1069/456 4045/1089/468
f 4045/1075/459 4044/1084/465 4055/1085/465 4057/1074/459
f 4050/1067/478 4064/1086/466 4048/1087/466 4041/1066/478
f 4057/1074/469 4040/1059/160 4059/1073/470
f 4047/1077/461 4046/1072/458 4059/1073/458 4061/1057/461
f 4054/1071/457 4052/1064/454 4042/1065/454 4043/1070/457
f 4060/1063/474 4058/1088/468 4045/1089/468 4046/1062/474
f 4053/1079/471 4040/1059/160 4055/1085/472
f 4051/1080/473 4040/1059/160 4053/1079/471
f 4055/1085/472 4040/1059/160 4057/1074/469
f 4049/1083/467 4040/1059/160 4051/1080/473
f 4059/1073/470 4040/1059/160 4061/1057/450
f 4065/953/151 4067/956/151 4068/955/151 4066/954/151
f 4067/956/132 4071/958/132 4072/957/132 4068/955/132
f 4071/958/159 4069/960/159 4070/959/159 4072/957/159
f 4069/960/160 4065/953/160 4066/954/160 4070/959/160
f 4067/961/31 4065/964/31 4069/963/31 4071/962/31
f 4070/965/159 4076/968/159 4075/967/159 4072/966/159
f 4075/969/67 4076/972/67 4073/971/67 4074/970/67
f 4068/973/151 4074/976/151 4073/975/151 4066/974/151
f 4072/966/132 4075/967/132 4074/976/132 4068/973/132
f 4082/977/403 4078/980/446 4077/979/446 4079/978/403
f 4076/981/167 4077/984/446 4078/983/446 4073/982/167
f 4070/965/159 4080/965/159 4076/968/159
f 4079/985/403 4080/988/398 4081/987/398 4082/986/403
f 4066/989/31 4081/989/398 4080/990/398 4070/990/31
f 4081/974/151 4073/975/151 4078/980/151 4082/977/151
f 4095/991/99 4084/994/160 4086/993/160 4097/992/100
f 4085/995/108 4090/995/389 4091/996/151 4088/996/127
f 4099/997/159 4094/997/159 4098/998/159 4102/998/159
f 4083/999/107 4085/1001/108 4084/1000/395
f 4086/1002/396 4088/1004/127 4087/1003/109
f 4093/1005/115 4095/1007/99 4094/1006/116
f 4096/1008/117 4098/1010/118 4097/1009/100
f 4089/1011/391 4090/1012/389 4085/1012/108 4083/1011/107
f 4084/994/395 4085/1014/108 4088/1013/127 4086/993/396
f 4087/1015/109 4088/1016/127 4091/1016/316 4092/1015/316
f 4093/1017/115 4094/1018/116 4099/1018/154 4100/1017/431
f 4101/1019/153 4102/1020/153 4098/1020/118 4096/1019/117
f 4097/992/100 4098/1022/118 4094/1021/116 4095/991/99
f 4083/999/107 4084/1000/395 4095/1007/99 4093/1005/115
f 4096/1008/117 4097/1009/100 4086/1002/396 4087/1003/109
f 4089/1011/391 4083/1011/107 4093/1017/115 4100/1017/431
f 4112/1023/99 4103/1026/102 4105/1025/160 4114/1024/100
f 4117/1027/447 4113/1027/434 4106/1028/402 4110/1028/448
f 4104/1029/108 4108/1029/389 4109/1030/151 4107/1030/127
f 4116/1031/429 4111/1031/126 4115/1032/159 4118/1032/159
f 4087/1033/128 4104/1035/108 4103/1034/102
f 4105/1036/396 4107/1038/127 4106/1037/402
f 4096/1039/130 4112/1041/99 4111/1040/126
f 4113/1042/434 4115/1044/118 4114/1043/100
f 4092/1045/449 4108/1047/389 4104/1047/108 4087/1046/128
f 4103/1026/102 4104/1049/108 4107/1048/127 4105/1025/396
f 4106/1028/402 4107/1050/127 4109/1050/316 4110/1028/448
f 4096/1051/130 4111/1053/126 4116/1053/429 4101/1052/154
f 4117/1027/447 4118/1054/153 4115/1054/118 4113/1027/434
f 4114/1024/100 4115/1056/118 4111/1055/126 4112/1023/99
f 4087/1033/128 4103/1034/102 4112/1041/99 4096/1039/130
f 4113/1042/434 4114/1043/100 4105/1036/396 4106/1037/402
f 4076/968/159 4080/965/159 4079/978/159 4077/979/159
f 4066/974/151 4073/975/151 4081/974/151
f 4140/1057/450 4119/1059/160 4142/1058/451
f 4141/1060/452 4139/1063/453 4125/1062/453 4126/1061/452
f 4131/1064/454 4129/1067/478 4120/1066/478 4121/1065/454
f 4135/1068/456 4133/1071/457 4122/1070/457 4123/1069/456
f 4125/1072/458 4124/1075/459 4136/1074/459 4138/1073/458
f 4127/1076/475 4126/1077/461 4140/1057/461 4142/1058/475
f 4122/1078/462 4121/1081/463 4130/1080/463 4132/1079/462
f 4120/1082/464 4127/1076/475 4142/1058/475 4128/1083/464
f 4121/1081/463 4120/1082/464 4128/1083/464 4130/1080/463
f 4123/1084/465 4122/1078/462 4132/1079/462 4134/1085/465
f 4143/1086/466 4141/1060/452 4126/1061/452 4127/1087/466
f 4142/1058/451 4119/1059/160 4128/1083/467
f 4137/1088/468 4135/1068/456 4123/1069/456 4124/1089/468
f 4124/1075/459 4123/1084/465 4134/1085/465 4136/1074/459
f 4129/1067/478 4143/1086/466 4127/1087/466 4120/1066/478
f 4136/1074/469 4119/1059/160 4138/1073/470
f 4126/1077/461 4125/1072/458 4138/1073/458 4140/1057/461
f 4133/1071/457 4131/1064/454 4121/1065/454 4122/1070/457
f 4139/1063/453 4137/1088/468 4124/1089/468 4125/1062/453
f 4132/1079/471 4119/1059/160 4134/1085/472
f 4130/1080/473 4119/1059/160 4132/1079/471
f 4134/1085/472 4119/1059/160 4136/1074/469
f 4128/1083/467 4119/1059/160 4130/1080/473
f 4138/1073/470 4119/1059/160 4140/1057/450
f 4165/1057/450 4144/1059/160 4167/1058/451
f 4166/1060/452 4164/1063/474 4150/1062/474 4151/1061/452
f 4156/1064/454 4154/1067/478 4145/1066/478 4146/1065/454
f 4160/1068/456 4158/1071/457 4147/1070/457 4148/1069/456
f 4150/1072/458 4149/1075/459 4161/1074/459 4163/1073/458
f 4152/1076/475 4151/1077/461 4165/1057/461 4167/1058/475
f 4147/1078/462 4146/1081/463 4155/1080/463 4157/1079/462
f 4145/1082/464 4152/1076/475 4167/1058/475 4153/1083/464
f 4146/1081/463 4145/1082/464 4153/1083/464 4155/1080/463
f 4148/1084/465 4147/1078/462 4157/1079/462 4159/1085/465
f 4168/1086/466 4166/1060/452 4151/1061/452 4152/1087/466
f 4167/1058/451 4144/1059/160 4153/1083/467
f 4162/1088/468 4160/1068/456 4148/1069/456 4149/1089/468
f 4149/1075/459 4148/1084/465 4159/1085/465 4161/1074/459
f 4154/1067/478 4168/1086/466 4152/1087/466 4145/1066/478
f 4161/1074/469 4144/1059/160 4163/1073/470
f 4151/1077/461 4150/1072/458 4163/1073/458 4165/1057/461
f 4158/1071/457 4156/1064/454 4146/1065/454 4147/1070/457
f 4164/1063/474 4162/1088/468 4149/1089/468 4150/1062/474
f 4157/1079/471 4144/1059/160 4159/1085/472
f 4155/1080/473 4144/1059/160 4157/1079/471
f 4159/1085/472 4144/1059/160 4161/1074/469
f 4153/1083/467 4144/1059/160 4155/1080/473
f 4163/1073/470 4144/1059/160 4165/1057/450
f 4169/953/151 4171/956/151 4172/955/151 4170/954/151
f 4171/956/132 4175/958/132 4176/957/132 4172/955/132
f 4175/958/159 4173/960/159 4174/959/159 4176/957/159
f 4173/960/160 4169/953/160 4170/954/160 4174/959/160
f 4171/961/31 4169/964/31 4173/963/31 4175/962/31
f 4174/965/159 4180/968/159 4179/967/159 4176/966/159
f 4179/969/67 4180/972/67 4177/971/67 4178/970/67
f 4172/973/151 4178/976/151 4177/975/151 4170/974/151
f 4176/966/132 4179/967/132 4178/976/132 4172/973/132
f 4186/977/403 4182/980/446 4181/979/446 4183/978/403
f 4180/981/167 4181/984/446 4182/983/446 4177/982/167
f 4174/965/159 4184/965/159 4180/968/159
f 4183/985/403 4184/988/398 4185/987/398 4186/986/403
f 4170/989/31 4185/989/398 4184/990/398 4174/990/31
f 4185/974/151 4177/975/151 4182/980/151 4186/977/151
f 4199/991/99 4188/994/160 4190/993/160 4201/992/100
f 4189/995/108 4194/995/389 4195/996/151 4192/996/127
f 4203/997/159 4198/997/159 4202/998/159 4206/998/159
f 4187/999/107 4189/1001/108 4188/1000/395
f 4190/1002/396 4192/1004/127 4191/1003/109
f 4197/1005/115 4199/1007/99 4198/1006/116
f 4200/1008/117 4202/1010/118 4201/1009/100
f 4193/1011/391 4194/1012/389 4189/1012/108 4187/1011/107
f 4188/994/395 4189/1014/108 4192/1013/127 4190/993/396
f 4191/1015/109 4192/1016/127 4195/1016/316 4196/1015/316
f 4197/1017/115 4198/1018/116 4203/1018/154 4204/1017/431
f 4205/1019/153 4206/1020/153 4202/1020/118 4200/1019/117
f 4201/992/100 4202/1022/118 4198/1021/116 4199/991/99
f 4187/999/107 4188/1000/395 4199/1007/99 4197/1005/115
f 4200/1008/117 4201/1009/100 4190/1002/396 4191/1003/109
f 4193/1011/391 4187/1011/107 4197/1017/115 4204/1017/431
f 4216/1023/99 4207/1026/102 4209/1025/160 4218/1024/100
f 4221/1027/447 4217/1027/434 4210/1028/402 4214/1028/448
f 4208/1029/108 4212/1029/389 4213/1030/151 4211/1030/127
f 4220/1031/429 4215/1031/126 4219/1032/159 4222/1032/159
f 4191/1033/128 4208/1035/108 4207/1034/102
f 4209/1036/396 4211/1038/127 4210/1037/402
f 4200/1039/130 4216/1041/99 4215/1040/126
f 4217/1042/434 4219/1044/118 4218/1043/100
f 4196/1045/449 4212/1047/389 4208/1047/108 4191/1046/128
f 4207/1026/102 4208/1049/108 4211/1048/127 4209/1025/396
f 4210/1028/402 4211/1050/127 4213/1050/316 4214/1028/448
f 4200/1051/130 4215/1053/126 4220/1053/429 4205/1052/154
f 4221/1027/447 4222/1054/153 4219/1054/118 4217/1027/434
f 4218/1024/100 4219/1056/118 4215/1055/126 4216/1023/99
f 4191/1033/128 4207/1034/102 4216/1041/99 4200/1039/130
f 4217/1042/434 4218/1043/100 4209/1036/396 4210/1037/402
f 4180/968/159 4184/965/159 4183/978/159 4181/979/159
f 4170/974/151 4177/975/151 4185/974/151
f 4244/1057/450 4223/1059/160 4246/1058/451
f 4245/1060/452 4243/1063/474 4229/1062/474 4230/1061/452
f 4235/1064/454 4233/1067/478 4224/1066/478 4225/1065/454
f 4239/1068/456 4237/1071/457 4226/1070/457 4227/1069/456
f 4229/1072/458 4228/1075/459 4240/1074/459 4242/1073/458
f 4231/1076/475 4230/1077/461 4244/1057/461 4246/1058/475
f 4226/1078/462 4225/1081/463 4234/1080/463 4236/1079/462
f 4224/1082/464 4231/1076/475 4246/1058/475 4232/1083/464
f 4225/1081/463 4224/1082/464 4232/1083/464 4234/1080/463
f 4227/1084/465 4226/1078/462 4236/1079/462 4238/1085/465
f 4247/1086/466 4245/1060/452 4230/1061/452 4231/1087/466
f 4246/1058/451 4223/1059/160 4232/1083/467
f 4241/1088/468 4239/1068/456 4227/1069/456 4228/1089/468
f 4228/1075/459 4227/1084/465 4238/1085/465 4240/1074/459
f 4233/1067/478 4247/1086/466 4231/1087/466 4224/1066/478
f 4240/1074/469 4223/1059/160 4242/1073/470
f 4230/1077/461 4229/1072/458 4242/1073/458 4244/1057/461
f 4237/1071/457 4235/1064/454 4225/1065/454 4226/1070/457
f 4243/1063/474 4241/1088/468 4228/1089/468 4229/1062/474
f 4236/1079/471 4223/1059/160 4238/1085/472
f 4234/1080/473 4223/1059/160 4236/1079/471
f 4238/1085/472 4223/1059/160 4240/1074/469
f 4232/1083/467 4223/1059/160 4234/1080/473
f 4242/1073/470 4223/1059/160 4244/1057/450
f 4269/1057/450 4248/1059/160 4271/1058/451
f 4270/1060/452 4268/1063/474 4254/1062/474 4255/1061/452
f 4260/1064/454 4258/1067/478 4249/1066/478 4250/1065/454
f 4264/1068/456 4262/1071/457 4251/1070/457 4252/1069/456
f 4254/1072/458 4253/1075/459 4265/1074/459 4267/1073/458
f 4256/1076/475 4255/1077/461 4269/1057/461 4271/1058/475
f 4251/1078/462 4250/1081/463 4259/1080/463 4261/1079/462
f 4249/1082/464 4256/1076/475 4271/1058/475 4257/1083/464
f 4250/1081/463 4249/1082/464 4257/1083/464 4259/1080/463
f 4252/1084/465 4251/1078/462 4261/1079/462 4263/1085/465
f 4272/1086/466 4270/1060/452 4255/1061/452 4256/1087/466
f 4271/1058/451 4248/1059/160 4257/1083/467
f 4266/1088/468 4264/1068/456 4252/1069/456 4253/1089/468
f 4253/1075/459 4252/1084/465 4263/1085/465 4265/1074/459
f 4258/1067/478 4272/1086/466 4256/1087/466 4249/1066/478
f 4265/1074/469 4248/1059/160 4267/1073/470
f 4255/1077/461 4254/1072/458 4267/1073/458 4269/1057/461
f 4262/1071/457 4260/1064/454 4250/1065/454 4251/1070/457
f 4268/1063/474 4266/1088/468 4253/1089/468 4254/1062/474
f 4261/1079/471 4248/1059/160 4263/1085/472
f 4259/1080/473 4248/1059/160 4261/1079/471
f 4263/1085/472 4248/1059/160 4265/1074/469
f 4257/1083/467 4248/1059/160 4259/1080/473
f 4267/1073/470 4248/1059/160 4269/1057/450
f 4315/953/132 4317/956/132 4318/955/132 4316/954/132
f 4317/956/159 4321/958/159 4322/957/159 4318/955/159
f 4321/958/160 4319/960/160 4320/959/160 4322/957/160
f 4319/960/151 4315/953/151 4316/954/151 4320/959/151
f 4317/961/31 4315/964/31 4319/963/31 4321/962/31
f 4320/965/160 4326/968/160 4325/967/160 4322/966/160
f 4325/969/67 4326/972/67 4323/971/67 4324/970/67
f 4318/973/132 4324/976/132 4323/975/132 4316/974/132
f 4322/966/159 4325/967/159 4324/976/159 4318/973/159
f 4332/977/389 4328/980/390 4327/979/390 4329/978/389
f 4326/981/316 4327/984/390 4328/983/390 4323/982/316
f 4320/965/160 4330/965/160 4326/968/160
f 4329/985/389 4330/988/391 4331/987/391 4332/986/389
f 4316/989/31 4331/989/391 4330/990/391 4320/990/31
f 4331/974/132 4323/975/132 4328/980/132 4332/977/132
f 4345/991/108 4334/994/151 4336/993/151 4347/992/127
f 4335/995/103 4340/995/392 4341/996/132 4338/996/104
f 4349/997/160 4344/997/160 4348/998/160 4352/998/160
f 4333/999/111 4335/1001/103 4334/1000/393
f 4336/1002/394 4338/1004/104 4337/1003/113
f 4343/1005/107 4345/1007/108 4344/1006/395
f 4346/1008/109 4348/1010/396 4347/1009/127
f 4339/1011/397 4340/1012/392 4335/1012/103 4333/1011/111
f 4334/994/393 4335/1014/103 4338/1013/104 4336/993/394
f 4337/1015/113 4338/1016/104 4341/1016/140 4342/1015/140
f 4343/1017/107 4344/1018/395 4349/1018/166 4350/1017/398
f 4351/1019/167 4352/1020/167 4348/1020/396 4346/1019/109
f 4347/992/127 4348/1022/396 4344/1021/395 4345/991/108
f 4333/999/111 4334/1000/393 4345/1007/108 4343/1005/107
f 4346/1008/109 4347/1009/127 4336/1002/394 4337/1003/113
f 4339/1011/397 4333/1011/111 4343/1017/107 4350/1017/398
f 4362/1023/108 4353/1026/112 4355/1025/151 4364/1024/127
f 4367/1027/399 4363/1027/402 4356/1028/401 4360/1028/400
f 4354/1029/103 4358/1029/392 4359/1030/132 4357/1030/104
f 4366/1031/403 4361/1031/102 4365/1032/160 4368/1032/160
f 4337/1033/129 4354/1035/103 4353/1034/112
f 4355/1036/394 4357/1038/104 4356/1037/401
f 4346/1039/128 4362/1041/108 4361/1040/102
f 4363/1042/402 4365/1044/396 4364/1043/127
f 4342/1045/139 4358/1047/392 4354/1047/103 4337/1046/129
f 4353/1026/112 4354/1049/103 4357/1048/104 4355/1025/394
f 4356/1028/401 4357/1050/104 4359/1050/140 4360/1028/400
f 4346/1051/128 4361/1053/102 4366/1053/403 4351/1052/166
f 4367/1027/399 4368/1054/167 4365/1054/396 4363/1027/402
f 4364/1024/127 4365/1056/396 4361/1055/102 4362/1023/108
f 4337/1033/129 4353/1034/112 4362/1041/108 4346/1039/128
f 4363/1042/402 4364/1043/127 4355/1036/394 4356/1037/401
f 4326/968/160 4330/965/160 4329/978/160 4327/979/160
f 4316/974/132 4323/975/132 4331/974/132
f 4390/1057/404 4369/1059/151 4392/1058/405
f 4391/1060/406 4389/1063/407 4375/1062/407 4376/1061/406
f 4381/1064/408 4379/1067/476 4370/1066/476 4371/1065/408
f 4385/1068/410 4383/1071/411 4372/1070/411 4373/1069/410
f 4375/1072/412 4374/1075/413 4386/1074/413 4388/1073/412
f 4377/1076/414 4376/1077/428 4390/1057/428 4392/1058/414
f 4372/1078/416 4371/1081/417 4380/1080/417 4382/1079/416
f 4370/1082/418 4377/1076/414 4392/1058/414 4378/1083/418
f 4371/1081/417 4370/1082/418 4378/1083/418 4380/1080/417
f 4373/1084/419 4372/1078/416 4382/1079/416 4384/1085/419
f 4393/1086/420 4391/1060/406 4376/1061/406 4377/1087/420
f 4392/1058/405 4369/1059/151 4378/1083/421
f 4387/1088/422 4385/1068/410 4373/1069/410 4374/1089/422
f 4374/1075/413 4373/1084/419 4384/1085/419 4386/1074/413
f 4379/1067/476 4393/1086/420 4377/1087/420 4370/1066/476
f 4386/1074/423 4369/1059/151 4388/1073/424
f 4376/1077/428 4375/1072/412 4388/1073/412 4390/1057/428
f 4383/1071/411 4381/1064/408 4371/1065/408 4372/1070/411
f 4389/1063/407 4387/1088/422 4374/1089/422 4375/1062/407
f 4382/1079/425 4369/1059/151 4384/1085/426
f 4380/1080/427 4369/1059/151 4382/1079/425
f 4384/1085/426 4369/1059/151 4386/1074/423
f 4378/1083/421 4369/1059/151 4380/1080/427
f 4388/1073/424 4369/1059/151 4390/1057/404
f 4415/1057/404 4394/1059/151 4417/1058/405
f 4416/1060/406 4414/1063/407 4400/1062/407 4401/1061/406
f 4406/1064/408 4404/1067/476 4395/1066/476 4396/1065/408
f 4410/1068/410 4408/1071/411 4397/1070/411 4398/1069/410
f 4400/1072/412 4399/1075/413 4411/1074/413 4413/1073/412
f 4402/1076/414 4401/1077/428 4415/1057/428 4417/1058/414
f 4397/1078/416 4396/1081/417 4405/1080/417 4407/1079/416
f 4395/1082/418 4402/1076/414 4417/1058/414 4403/1083/418
f 4396/1081/417 4395/1082/418 4403/1083/418 4405/1080/417
f 4398/1084/419 4397/1078/416 4407/1079/416 4409/1085/419
f 4418/1086/420 4416/1060/406 4401/1061/406 4402/1087/420
f 4417/1058/405 4394/1059/151 4403/1083/421
f 4412/1088/422 4410/1068/410 4398/1069/410 4399/1089/422
f 4399/1075/413 4398/1084/419 4409/1085/419 4411/1074/413
f 4404/1067/476 4418/1086/420 4402/1087/420 4395/1066/476
f 4411/1074/423 4394/1059/151 4413/1073/424
f 4401/1077/428 4400/1072/412 4413/1073/412 4415/1057/428
f 4408/1071/411 4406/1064/408 4396/1065/408 4397/1070/411
f 4414/1063/407 4412/1088/422 4399/1089/422 4400/1062/407
f 4407/1079/425 4394/1059/151 4409/1085/426
f 4405/1080/427 4394/1059/151 4407/1079/425
f 4409/1085/426 4394/1059/151 4411/1074/423
f 4403/1083/421 4394/1059/151 4405/1080/427
f 4413/1073/424 4394/1059/151 4415/1057/404
f 4419/953/132 4421/956/132 4422/955/132 4420/954/132
f 4421/956/159 4425/958/159 4426/957/159 4422/955/159
f 4425/958/160 4423/960/160 4424/959/160 4426/957/160
f 4423/960/151 4419/953/151 4420/954/151 4424/959/151
f 4421/961/31 4419/964/31 4423/963/31 4425/962/31
f 4424/965/160 4430/968/160 4429/967/160 4426/966/160
f 4429/969/67 4430/972/67 4427/971/67 4428/970/67
f 4422/973/132 4428/976/132 4427/975/132 4420/974/132
f 4426/966/159 4429/967/159 4428/976/159 4422/973/159
f 4436/977/389 4432/980/390 4431/979/390 4433/978/389
f 4430/981/316 4431/984/390 4432/983/390 4427/982/316
f 4424/965/160 4434/965/160 4430/968/160
f 4433/985/389 4434/988/391 4435/987/391 4436/986/389
f 4420/989/31 4435/989/391 4434/990/391 4424/990/31
f 4435/974/132 4427/975/132 4432/980/132 4436/977/132
f 4449/991/108 4438/994/151 4440/993/151 4451/992/127
f 4439/995/103 4444/995/392 4445/996/132 4442/996/104
f 4453/997/160 4448/997/160 4452/998/160 4456/998/160
f 4437/999/111 4439/1001/103 4438/1000/393
f 4440/1002/394 4442/1004/104 4441/1003/113
f 4447/1005/107 4449/1007/108 4448/1006/395
f 4450/1008/109 4452/1010/396 4451/1009/127
f 4443/1011/397 4444/1012/392 4439/1012/103 4437/1011/111
f 4438/994/393 4439/1014/103 4442/1013/104 4440/993/394
f 4441/1015/113 4442/1016/104 4445/1016/140 4446/1015/140
f 4447/1017/107 4448/1018/395 4453/1018/166 4454/1017/398
f 4455/1019/167 4456/1020/167 4452/1020/396 4450/1019/109
f 4451/992/127 4452/1022/396 4448/1021/395 4449/991/108
f 4437/999/111 4438/1000/393 4449/1007/108 4447/1005/107
f 4450/1008/109 4451/1009/127 4440/1002/394 4441/1003/113
f 4443/1011/397 4437/1011/111 4447/1017/107 4454/1017/398
f 4466/1023/108 4457/1026/112 4459/1025/151 4468/1024/127
f 4471/1027/399 4467/1027/402 4460/1028/401 4464/1028/400
f 4458/1029/103 4462/1029/392 4463/1030/132 4461/1030/104
f 4470/1031/403 4465/1031/102 4469/1032/160 4472/1032/160
f 4441/1033/129 4458/1035/103 4457/1034/112
f 4459/1036/394 4461/1038/104 4460/1037/401
f 4450/1039/128 4466/1041/108 4465/1040/102
f 4467/1042/402 4469/1044/396 4468/1043/127
f 4446/1045/139 4462/1047/392 4458/1047/103 4441/1046/129
f 4457/1026/112 4458/1049/103 4461/1048/104 4459/1025/394
f 4460/1028/401 4461/1050/104 4463/1050/140 4464/1028/400
f 4450/1051/128 4465/1053/102 4470/1053/403 4455/1052/166
f 4471/1027/399 4472/1054/167 4469/1054/396 4467/1027/402
f 4468/1024/127 4469/1056/396 4465/1055/102 4466/1023/108
f 4441/1033/129 4457/1034/112 4466/1041/108 4450/1039/128
f 4467/1042/402 4468/1043/127 4459/1036/394 4460/1037/401
f 4430/968/160 4434/965/160 4433/978/160 4431/979/160
f 4420/974/132 4427/975/132 4435/974/132
f 4494/1057/404 4473/1059/151 4496/1058/405
f 4495/1060/406 4493/1063/407 4479/1062/407 4480/1061/406
f 4485/1064/408 4483/1067/476 4474/1066/476 4475/1065/408
f 4489/1068/410 4487/1071/411 4476/1070/411 4477/1069/410
f 4479/1072/412 4478/1075/413 4490/1074/413 4492/1073/412
f 4481/1076/414 4480/1077/428 4494/1057/428 4496/1058/414
f 4476/1078/416 4475/1081/417 4484/1080/417 4486/1079/416
f 4474/1082/418 4481/1076/414 4496/1058/414 4482/1083/418
f 4475/1081/417 4474/1082/418 4482/1083/418 4484/1080/417
f 4477/1084/419 4476/1078/416 4486/1079/416 4488/1085/419
f 4497/1086/420 4495/1060/406 4480/1061/406 4481/1087/420
f 4496/1058/405 4473/1059/151 4482/1083/421
f 4491/1088/422 4489/1068/410 4477/1069/410 4478/1089/422
f 4478/1075/413 4477/1084/419 4488/1085/419 4490/1074/413
f 4483/1067/476 4497/1086/420 4481/1087/420 4474/1066/476
f 4490/1074/423 4473/1059/151 4492/1073/424
f 4480/1077/428 4479/1072/412 4492/1073/412 4494/1057/428
f 4487/1071/411 4485/1064/408 4475/1065/408 4476/1070/411
f 4493/1063/407 4491/1088/422 4478/1089/422 4479/1062/407
f 4486/1079/425 4473/1059/151 4488/1085/426
f 4484/1080/427 4473/1059/151 4486/1079/425
f 4488/1085/426 4473/1059/151 4490/1074/423
f 4482/1083/421 4473/1059/151 4484/1080/427
f 4492/1073/424 4473/1059/151 4494/1057/404
f 4519/1057/404 4498/1059/151 4521/1058/405
f 4520/1060/406 4518/1063/407 4504/1062/407 4505/1061/406
f 4510/1064/408 4508/1067/476 4499/1066/476 4500/1065/408
f 4514/1068/410 4512/1071/411 4501/1070/411 4502/1069/410
f 4504/1072/412 4503/1075/413 4515/1074/413 4517/1073/412
f 4506/1076/414 4505/1077/428 4519/1057/428 4521/1058/414
f 4501/1078/416 4500/1081/417 4509/1080/417 4511/1079/416
f 4499/1082/418 4506/1076/414 4521/1058/414 4507/1083/418
f 4500/1081/417 4499/1082/418 4507/1083/418 4509/1080/417
f 4502/1084/419 4501/1078/416 4511/1079/416 4513/1085/419
f 4522/1086/420 4520/1060/406 4505/1061/406 4506/1087/420
f 4521/1058/405 4498/1059/151 4507/1083/421
f 4516/1088/422 4514/1068/410 4502/1069/410 4503/1089/422
f 4503/1075/413 4502/1084/419 4513/1085/419 4515/1074/413
f 4508/1067/476 4522/1086/420 4506/1087/420 4499/1066/476
f 4515/1074/423 4498/1059/151 4517/1073/424
f 4505/1077/428 4504/1072/412 4517/1073/412 4519/1057/428
f 4512/1071/411 4510/1064/408 4500/1065/408 4501/1070/411
f 4518/1063/407 4516/1088/422 4503/1089/422 4504/1062/407
f 4511/1079/425 4498/1059/151 4513/1085/426
f 4509/1080/427 4498/1059/151 4511/1079/425
f 4513/1085/426 4498/1059/151 4515/1074/423
f 4507/1083/421 4498/1059/151 4509/1080/427
f 4517/1073/424 4498/1059/151 4519/1057/404
f 4523/953/160 4525/956/160 4526/955/160 4524/954/160
f 4525/956/151 4529/958/151 4530/957/151 4526/955/151
f 4529/958/132 4527/960/132 4528/959/132 4530/957/132
f 4527/960/159 4523/953/159 4524/954/159 4528/959/159
f 4525/961/31 4523/964/31 4527/963/31 4529/962/31
f 4528/965/132 4534/968/132 4533/967/132 4530/966/132
f 4533/969/67 4534/972/67 4531/971/67 4532/970/67
f 4526/973/160 4532/976/160 4531/975/160 4524/974/160
f 4530/966/151 4533/967/151 4532/976/151 4526/973/151
f 4540/977/429 4536/980/430 4535/979/430 4537/978/429
f 4534/981/153 4535/984/430 4536/983/430 4531/982/153
f 4528/965/132 4538/965/132 4534/968/132
f 4537/985/429 4538/988/431 4539/987/431 4540/986/429
f 4524/989/31 4539/989/431 4538/990/431 4528/990/31
f 4539/974/160 4531/975/160 4536/980/160 4540/977/160
f 4553/991/123 4542/994/159 4544/993/159 4555/992/124
f 4543/995/99 4548/995/403 4549/996/160 4546/996/100
f 4557/997/132 4552/997/132 4556/998/132 4560/998/132
f 4541/999/115 4543/1001/99 4542/1000/116
f 4544/1002/118 4546/1004/100 4545/1003/117
f 4551/1005/119 4553/1007/123 4552/1006/432
f 4554/1008/121 4556/1010/433 4555/1009/124
f 4547/1011/398 4548/1012/403 4543/1012/99 4541/1011/115
f 4542/994/116 4543/1014/99 4546/1013/100 4544/993/118
f 4545/1015/117 4546/1016/100 4549/1016/167 4550/1015/167
f 4551/1017/119 4552/1018/432 4557/1018/139 4558/1017/397
f 4559/1019/140 4560/1020/140 4556/1020/433 4554/1019/121
f 4555/992/124 4556/1022/433 4552/1021/432 4553/991/123
f 4541/999/115 4542/1000/116 4553/1007/123 4551/1005/119
f 4554/1008/121 4555/1009/124 4544/1002/118 4545/1003/117
f 4547/1011/398 4541/1011/115 4551/1017/119 4558/1017/397
f 4570/1023/123 4561/1026/126 4563/1025/159 4572/1024/124
f 4575/1027/400 4571/1027/435 4564/1028/434 4568/1028/399
f 4562/1029/99 4566/1029/403 4567/1030/160 4565/1030/100
f 4574/1031/392 4569/1031/106 4573/1032/132 4576/1032/132
f 4545/1033/130 4562/1035/99 4561/1034/126
f 4563/1036/118 4565/1038/100 4564/1037/434
f 4554/1039/131 4570/1041/123 4569/1040/106
f 4571/1042/435 4573/1044/433 4572/1043/124
f 4550/1045/166 4566/1047/403 4562/1047/99 4545/1046/130
f 4561/1026/126 4562/1049/99 4565/1048/100 4563/1025/118
f 4564/1028/434 4565/1050/100 4567/1050/167 4568/1028/399
f 4554/1051/131 4569/1053/106 4574/1053/392 4559/1052/139
f 4575/1027/400 4576/1054/140 4573/1054/433 4571/1027/435
f 4572/1024/124 4573/1056/433 4569/1055/106 4570/1023/123
f 4545/1033/130 4561/1034/126 4570/1041/123 4554/1039/131
f 4571/1042/435 4572/1043/124 4563/1036/118 4564/1037/434
f 4534/968/132 4538/965/132 4537/978/132 4535/979/132
f 4524/974/160 4531/975/160 4539/974/160
f 4598/1057/436 4577/1059/159 4600/1058/437
f 4599/1060/438 4597/1063/417 4583/1062/417 4584/1061/438
f 4589/1064/412 4587/1067/428 4578/1066/428 4579/1065/412
f 4593/1068/419 4591/1071/413 4580/1070/413 4581/1069/419
f 4583/1072/408 4582/1075/411 4594/1074/411 4596/1073/408
f 4585/1076/420 4584/1077/409 4598/1057/409 4600/1058/420
f 4580/1078/422 4579/1081/407 4588/1080/407 4590/1079/422
f 4578/1082/439 4585/1076/420 4600/1058/420 4586/1083/439
f 4579/1081/407 4578/1082/439 4586/1083/439 4588/1080/407
f 4581/1084/410 4580/1078/422 4590/1079/422 4592/1085/410
f 4601/1086/414 4599/1060/438 4584/1061/438 4585/1087/414
f 4600/1058/437 4577/1059/159 4586/1083/440
f 4595/1088/416 4593/1068/419 4581/1069/419 4582/1089/416
f 4582/1075/411 4581/1084/410 4592/1085/410 4594/1074/411
f 4587/1067/428 4601/1086/414 4585/1087/414 4578/1066/428
f 4594/1074/441 4577/1059/159 4596/1073/442
f 4584/1077/409 4583/1072/408 4596/1073/408 4598/1057/409
f 4591/1071/413 4589/1064/412 4579/1065/412 4580/1070/413
f 4597/1063/417 4595/1088/416 4582/1089/416 4583/1062/417
f 4590/1079/443 4577/1059/159 4592/1085/444
f 4588/1080/445 4577/1059/159 4590/1079/443
f 4592/1085/444 4577/1059/159 4594/1074/441
f 4586/1083/440 4577/1059/159 4588/1080/445
f 4596/1073/442 4577/1059/159 4598/1057/436
f 4623/1057/436 4602/1059/159 4625/1058/437
f 4624/1060/438 4622/1063/417 4608/1062/417 4609/1061/438
f 4614/1064/412 4612/1067/428 4603/1066/428 4604/1065/412
f 4618/1068/419 4616/1071/413 4605/1070/413 4606/1069/419
f 4608/1072/408 4607/1075/411 4619/1074/411 4621/1073/408
f 4610/1076/420 4609/1077/476 4623/1057/476 4625/1058/420
f 4605/1078/422 4604/1081/407 4613/1080/407 4615/1079/422
f 4603/1082/439 4610/1076/420 4625/1058/420 4611/1083/439
f 4604/1081/407 4603/1082/439 4611/1083/439 4613/1080/407
f 4606/1084/410 4605/1078/422 4615/1079/422 4617/1085/410
f 4626/1086/414 4624/1060/438 4609/1061/438 4610/1087/414
f 4625/1058/437 4602/1059/159 4611/1083/440
f 4620/1088/416 4618/1068/419 4606/1069/419 4607/1089/416
f 4607/1075/411 4606/1084/410 4617/1085/410 4619/1074/411
f 4612/1067/428 4626/1086/414 4610/1087/414 4603/1066/428
f 4619/1074/441 4602/1059/159 4621/1073/442
f 4609/1077/476 4608/1072/408 4621/1073/408 4623/1057/476
f 4616/1071/413 4614/1064/412 4604/1065/412 4605/1070/413
f 4622/1063/417 4620/1088/416 4607/1089/416 4608/1062/417
f 4615/1079/443 4602/1059/159 4617/1085/444
f 4613/1080/445 4602/1059/159 4615/1079/443
f 4617/1085/444 4602/1059/159 4619/1074/441
f 4611/1083/440 4602/1059/159 4613/1080/445
f 4621/1073/442 4602/1059/159 4623/1057/436
f 4627/953/160 4629/956/160 4630/955/160 4628/954/160
f 4629/956/151 4633/958/151 4634/957/151 4630/955/151
f 4633/958/132 4631/960/132 4632/959/132 4634/957/132
f 4631/960/159 4627/953/159 4628/954/159 4632/959/159
f 4629/961/31 4627/964/31 4631/963/31 4633/962/31
f 4632/965/132 4638/968/132 4637/967/132 4634/966/132
f 4637/969/67 4638/972/67 4635/971/67 4636/970/67
f 4630/973/160 4636/976/160 4635/975/160 4628/974/160
f 4634/966/151 4637/967/151 4636/976/151 4630/973/151
f 4644/977/429 4640/980/430 4639/979/430 4641/978/429
f 4638/981/153 4639/984/430 4640/983/430 4635/982/153
f 4632/965/132 4642/965/132 4638/968/132
f 4641/985/429 4642/988/431 4643/987/431 4644/986/429
f 4628/989/31 4643/989/431 4642/990/431 4632/990/31
f 4643/974/160 4635/975/160 4640/980/160 4644/977/160
f 4657/991/123 4646/994/159 4648/993/159 4659/992/124
f 4647/995/99 4652/995/403 4653/996/160 4650/996/100
f 4661/997/132 4656/997/132 4660/998/132 4664/998/132
f 4645/999/115 4647/1001/99 4646/1000/116
f 4648/1002/118 4650/1004/100 4649/1003/117
f 4655/1005/119 4657/1007/123 4656/1006/432
f 4658/1008/121 4660/1010/433 4659/1009/124
f 4651/1011/398 4652/1012/403 4647/1012/99 4645/1011/115
f 4646/994/116 4647/1014/99 4650/1013/100 4648/993/118
f 4649/1015/117 4650/1016/100 4653/1016/167 4654/1015/167
f 4655/1017/119 4656/1018/432 4661/1018/139 4662/1017/397
f 4663/1019/140 4664/1020/140 4660/1020/433 4658/1019/121
f 4659/992/124 4660/1022/433 4656/1021/432 4657/991/123
f 4645/999/115 4646/1000/116 4657/1007/123 4655/1005/119
f 4658/1008/121 4659/1009/124 4648/1002/118 4649/1003/117
f 4651/1011/398 4645/1011/115 4655/1017/119 4662/1017/397
f 4674/1023/123 4665/1026/126 4667/1025/159 4676/1024/124
f 4679/1027/400 4675/1027/435 4668/1028/434 4672/1028/399
f 4666/1029/99 4670/1029/403 4671/1030/160 4669/1030/100
f 4678/1031/392 4673/1031/106 4677/1032/132 4680/1032/132
f 4649/1033/130 4666/1035/99 4665/1034/126
f 4667/1036/118 4669/1038/100 4668/1037/434
f 4658/1039/131 4674/1041/123 4673/1040/106
f 4675/1042/435 4677/1044/433 4676/1043/124
f 4654/1045/166 4670/1047/403 4666/1047/99 4649/1046/130
f 4665/1026/126 4666/1049/99 4669/1048/100 4667/1025/118
f 4668/1028/434 4669/1050/100 4671/1050/167 4672/1028/399
f 4658/1051/131 4673/1053/106 4678/1053/392 4663/1052/139
f 4679/1027/400 4680/1054/140 4677/1054/433 4675/1027/435
f 4676/1024/124 4677/1056/433 4673/1055/106 4674/1023/123
f 4649/1033/130 4665/1034/126 4674/1041/123 4658/1039/131
f 4675/1042/435 4676/1043/124 4667/1036/118 4668/1037/434
f 4638/968/132 4642/965/132 4641/978/132 4639/979/132
f 4628/974/160 4635/975/160 4643/974/160
f 4702/1057/436 4681/1059/159 4704/1058/437
f 4703/1060/438 4701/1063/417 4687/1062/417 4688/1061/438
f 4693/1064/412 4691/1067/415 4682/1066/415 4683/1065/412
f 4697/1068/419 4695/1071/413 4684/1070/413 4685/1069/419
f 4687/1072/408 4686/1075/411 4698/1074/411 4700/1073/408
f 4689/1076/420 4688/1077/409 4702/1057/409 4704/1058/420
f 4684/1078/422 4683/1081/407 4692/1080/407 4694/1079/422
f 4682/1082/439 4689/1076/420 4704/1058/420 4690/1083/439
f 4683/1081/407 4682/1082/439 4690/1083/439 4692/1080/407
f 4685/1084/410 4684/1078/422 4694/1079/422 4696/1085/410
f 4705/1086/414 4703/1060/438 4688/1061/438 4689/1087/414
f 4704/1058/437 4681/1059/159 4690/1083/440
f 4699/1088/416 4697/1068/419 4685/1069/419 4686/1089/416
f 4686/1075/411 4685/1084/410 4696/1085/410 4698/1074/411
f 4691/1067/415 4705/1086/414 4689/1087/414 4682/1066/415
f 4698/1074/441 4681/1059/159 4700/1073/442
f 4688/1077/409 4687/1072/408 4700/1073/408 4702/1057/409
f 4695/1071/413 4693/1064/412 4683/1065/412 4684/1070/413
f 4701/1063/417 4699/1088/416 4686/1089/416 4687/1062/417
f 4694/1079/443 4681/1059/159 4696/1085/444
f 4692/1080/445 4681/1059/159 4694/1079/443
f 4696/1085/444 4681/1059/159 4698/1074/441
f 4690/1083/440 4681/1059/159 4692/1080/445
f 4700/1073/442 4681/1059/159 4702/1057/436
f 4727/1057/436 4706/1059/159 4729/1058/437
f 4728/1060/438 4726/1063/417 4712/1062/417 4713/1061/438
f 4718/1064/412 4716/1067/415 4707/1066/415 4708/1065/412
f 4722/1068/419 4720/1071/413 4709/1070/413 4710/1069/419
f 4712/1072/408 4711/1075/411 4723/1074/411 4725/1073/408
f 4714/1076/420 4713/1077/476 4727/1057/476 4729/1058/420
f 4709/1078/422 4708/1081/407 4717/1080/407 4719/1079/422
f 4707/1082/439 4714/1076/420 4729/1058/420 4715/1083/439
f 4708/1081/407 4707/1082/439 4715/1083/439 4717/1080/407
f 4710/1084/410 4709/1078/422 4719/1079/422 4721/1085/410
f 4730/1086/414 4728/1060/438 4713/1061/438 4714/1087/414
f 4729/1058/437 4706/1059/159 4715/1083/440
f 4724/1088/416 4722/1068/419 4710/1069/419 4711/1089/416
f 4711/1075/411 4710/1084/410 4721/1085/410 4723/1074/411
f 4716/1067/415 4730/1086/414 4714/1087/414 4707/1066/415
f 4723/1074/441 4706/1059/159 4725/1073/442
f 4713/1077/476 4712/1072/408 4725/1073/408 4727/1057/476
f 4720/1071/413 4718/1064/412 4708/1065/412 4709/1070/413
f 4726/1063/417 4724/1088/416 4711/1089/416 4712/1062/417
f 4719/1079/443 4706/1059/159 4721/1085/444
f 4717/1080/445 4706/1059/159 4719/1079/443
f 4721/1085/444 4706/1059/159 4723/1074/441
f 4715/1083/440 4706/1059/159 4717/1080/445
f 4725/1073/442 4706/1059/159 4727/1057/436
usemtl restaurant.036
f 4273/953/159 4275/956/159 4276/955/159 4274/954/159
f 4278/966/132 4281/967/132 4280/976/132 4276/973/132
f 4282/968/151 4281/967/151 4278/966/151 4289/1090/151
f 4286/1091/160 4273/953/160 4274/954/160 4287/1092/160
f 4275/956/132 4277/958/132 4278/957/132 4276/955/132
f 4279/971/31 4280/970/31 4282/972/31 4283/1093/31
f 4276/973/159 4280/976/159 4279/975/159 4274/974/159
f 4287/1094/159 4284/1096/159 4285/1095/159 4286/1095/159
f 4280/970/31 4281/969/31 4282/972/31
f 4279/975/159 4293/980/159 4290/977/159 4291/974/159
f 4282/968/160 4289/1090/160 4284/1098/160 4283/1097/160
f 4292/1099/67 4284/1100/67 4274/989/67 4291/989/67
f 4288/960/160 4285/1095/160 4284/1096/160 4289/1101/160
f 4275/961/67 4286/1102/67 4277/962/67
f 4290/986/479 4292/1103/479 4291/987/479
f 4293/983/480 4279/982/480 4283/1104/480
f 4292/1105/160 4283/1097/160 4284/1098/160
f 4279/975/159 4291/974/159 4274/974/159
f 4290/977/160 4293/980/160 4283/1097/160 4292/1105/160
f 4284/1100/67 4287/1106/67 4274/989/67
f 4278/957/151 4277/958/151 4288/960/151 4289/1101/151
f 4273/964/67 4286/1102/67 4275/961/67
f 4288/963/67 4286/1102/67 4285/1102/67
f 4277/962/67 4286/1102/67 4288/963/67
f 4294/953/151 4296/956/151 4297/955/151 4295/954/151
f 4299/966/160 4302/967/160 4301/976/160 4297/973/160
f 4303/968/159 4302/967/159 4299/966/159 4310/1090/159
f 4307/1091/132 4294/953/132 4295/954/132 4308/1092/132
f 4296/956/160 4298/958/160 4299/957/160 4297/955/160
f 4300/971/31 4301/970/31 4303/972/31 4304/1093/31
f 4297/973/151 4301/976/151 4300/975/151 4295/974/151
f 4308/1094/151 4305/1096/151 4306/1095/151 4307/1095/151
f 4301/970/31 4302/969/31 4303/972/31
f 4300/975/151 4314/980/151 4311/977/151 4312/974/151
f 4303/968/132 4310/1090/132 4305/1098/132 4304/1097/132
f 4313/1099/67 4305/1100/67 4295/989/67 4312/989/67
f 4309/960/132 4306/1095/132 4305/1096/132 4310/1101/132
f 4296/961/67 4307/1102/67 4298/962/67
f 4311/986/481 4313/1103/481 4312/987/481
f 4314/983/135 4300/982/135 4304/1104/135
f 4313/1105/132 4304/1097/132 4305/1098/132
f 4300/975/151 4312/974/151 4295/974/151
f 4311/977/132 4314/980/132 4304/1097/132 4313/1105/132
f 4305/1100/67 4308/1106/67 4295/989/67
f 4299/957/159 4298/958/159 4309/960/159 4310/1101/159
f 4294/964/67 4307/1102/67 4296/961/67
f 4309/963/67 4307/1102/67 4306/1102/67
f 4298/962/67 4307/1102/67 4309/963/67
f 4731/953/159 4733/956/159 4734/955/159 4732/954/159
f 4736/966/160 4739/967/160 4738/976/160 4734/973/160
f 4740/968/151 4739/967/151 4736/966/151 4747/1090/151
f 4744/1091/132 4731/953/132 4732/954/132 4745/1092/132
f 4733/956/160 4735/958/160 4736/957/160 4734/955/160
f 4737/971/67 4738/970/67 4740/972/67 4741/1093/67
f 4734/973/159 4738/976/159 4737/975/159 4732/974/159
f 4745/1094/159 4742/1096/159 4743/1095/159 4744/1095/159
f 4738/970/67 4739/969/67 4740/972/67
f 4737/975/159 4751/980/159 4748/977/159 4749/974/159
f 4740/968/132 4747/1090/132 4742/1098/132 4741/1097/132
f 4750/1099/31 4742/1100/31 4732/989/31 4749/989/31
f 4746/960/132 4743/1095/132 4742/1096/132 4747/1101/132
f 4733/961/31 4744/1102/31 4735/962/31
f 4748/986/361 4750/1103/361 4749/987/361
f 4751/983/362 4737/982/362 4741/1104/362
f 4750/1105/132 4741/1097/132 4742/1098/132
f 4737/975/159 4749/974/159 4732/974/159
f 4748/977/132 4751/980/132 4741/1097/132 4750/1105/132
f 4742/1100/31 4745/1106/31 4732/989/31
f 4736/957/151 4735/958/151 4746/960/151 4747/1101/151
f 4731/964/31 4744/1102/31 4733/961/31
f 4746/963/31 4744/1102/31 4743/1102/31
f 4735/962/31 4744/1102/31 4746/963/31
f 4752/953/151 4754/956/151 4755/955/151 4753/954/151
f 4757/966/132 4760/967/132 4759/976/132 4755/973/132
f 4761/968/159 4760/967/159 4757/966/159 4768/1090/159
f 4765/1091/160 4752/953/160 4753/954/160 4766/1092/160
f 4754/956/132 4756/958/132 4757/957/132 4755/955/132
f 4758/971/67 4759/970/67 4761/972/67 4762/1093/67
f 4755/973/151 4759/976/151 4758/975/151 4753/974/151
f 4766/1094/151 4763/1096/151 4764/1095/151 4765/1095/151
f 4759/970/67 4760/969/67 4761/972/67
f 4758/975/151 4772/980/151 4769/977/151 4770/974/151
f 4761/968/160 4768/1090/160 4763/1098/160 4762/1097/160
f 4771/1099/31 4763/1100/31 4753/989/31 4770/989/31
f 4767/960/160 4764/1095/160 4763/1096/160 4768/1101/160
f 4754/961/31 4765/1102/31 4756/962/31
f 4769/986/482 4771/1103/482 4770/987/482
f 4772/983/483 4758/982/483 4762/1104/483
f 4771/1105/160 4762/1097/160 4763/1098/160
f 4758/975/151 4770/974/151 4753/974/151
f 4769/977/160 4772/980/160 4762/1097/160 4771/1105/160
f 4763/1100/31 4766/1106/31 4753/989/31
f 4757/957/159 4756/958/159 4767/960/159 4768/1101/159
f 4752/964/31 4765/1102/31 4754/961/31
f 4767/963/31 4765/1102/31 4764/1102/31
f 4756/962/31 4765/1102/31 4767/963/31
usemtl restaurant.020
f 4836/1107/132 4831/1110/132 4795/1109/132 4802/1108/132
f 4788/1111/484 4789/1114/487 4778/1113/486 4776/1112/485
f 4790/1115/488 4788/1118/490 4776/1117/490 4777/1116/489
f 4788/1118/166 4790/1115/166 4784/1120/166 4782/1119/166
f 4789/1114/167 4788/1111/167 4782/1122/167 4783/1121/167
f 4773/1118/491 4774/1115/494 4787/1124/493 4785/1123/492
f 4775/1114/495 4773/1111/496 4785/1126/497 4786/1125/496
f 4779/1119/139 4780/1120/139 4774/1115/139 4773/1118/139
f 4781/1121/140 4779/1122/140 4773/1111/140 4775/1114/140
f 4785/1123/151 4787/1124/151 4777/1116/151 4776/1117/151
f 4786/1125/151 4785/1126/151 4776/1112/151 4778/1113/151
f 4782/1119/159 4784/1120/159 4780/1120/159 4779/1119/159
f 4783/1121/159 4782/1122/159 4779/1122/159 4781/1121/159
f 4794/1127/151 4795/1128/151 4799/1128/151 4797/1127/151
f 4796/1129/151 4794/1130/151 4797/1130/151 4798/1129/151
f 4800/1131/498 4802/1132/501 4795/1128/500 4794/1127/499
f 4801/1133/502 4800/1134/505 4794/1130/504 4796/1129/503
f 4797/1127/506 4799/1128/509 4792/1132/508 4791/1131/507
f 4798/1129/510 4797/1130/513 4791/1134/512 4793/1133/511
f 4790/1135/488 4777/1138/489 4837/1137/514 4838/1136/514
f 4809/1139/515 4812/1142/518 4778/1141/517 4789/1140/516
f 4786/1143/151 4778/1141/151 4812/1142/151 4807/1144/151
f 4781/1145/132 4775/1140/132 4811/1139/132 4803/1146/132
f 4775/1140/519 4786/1143/522 4807/1144/521 4811/1139/520
f 4783/1145/159 4781/1145/159 4803/1146/159 4804/1146/159
f 4798/1147/160 4793/1150/160 4810/1149/160 4806/1148/160
f 4798/1147/151 4806/1148/151 4805/1148/151 4796/1147/151
f 4829/1151/132 4835/1136/132 4774/1135/132 4780/1152/132
f 4805/1153/67 4806/1153/67 4804/1154/67 4803/1154/67
f 4834/1155/151 4837/1137/151 4777/1138/151 4787/1156/151
f 4832/1110/160 4833/1107/160 4792/1108/160 4799/1109/160
f 4830/1151/159 4829/1151/159 4780/1152/159 4784/1152/159
f 4831/1157/31 4829/1158/31 4830/1158/31 4832/1157/31
f 4835/1136/523 4834/1155/524 4787/1156/493 4774/1135/494
f 4838/1136/160 4830/1151/160 4784/1152/160 4790/1135/160
f 4815/1159/160 4813/1162/160 4817/1161/160 4819/1160/160
f 4816/1163/160 4820/1166/160 4818/1165/160 4814/1164/160
f 4816/1163/160 4815/1159/160 4819/1160/160 4820/1166/160
f 4818/1165/160 4817/1161/160 4813/1162/160 4814/1164/160
f 4823/1159/132 4827/1160/132 4825/1161/132 4821/1162/132
f 4824/1163/132 4822/1164/132 4826/1165/132 4828/1166/132
f 4824/1163/132 4828/1166/132 4827/1160/132 4823/1159/132
f 4826/1165/132 4822/1164/132 4821/1162/132 4825/1161/132
f 4849/1167/525 4811/1139/520 4807/1144/521 4850/1168/526
f 4847/1169/151 4856/1170/151 4837/1137/151 4834/1155/151
f 4841/1171/132 4848/1172/132 4835/1136/132 4829/1151/132
f 4843/1173/160 4853/1174/160 4833/1107/160 4832/1110/160
f 4832/1110/151 4799/1109/151 4795/1109/151 4831/1110/151
f 4789/1140/160 4783/1145/160 4804/1146/528 4809/1139/527
f 4801/1150/132 4796/1147/132 4805/1148/132 4808/1149/132
f 4848/1172/529 4847/1169/530 4834/1155/524 4835/1136/523
f 4839/1171/160 4843/1173/160 4832/1110/160 4830/1151/160
f 4851/1174/132 4844/1173/132 4831/1110/132 4836/1107/132
f 4855/1172/160 4839/1171/160 4830/1151/160 4838/1136/160
f 4844/1173/132 4841/1171/132 4829/1151/132 4831/1110/132
f 4842/1175/527 4858/1167/531 4809/1139/527 4804/1146/528
f 4846/1176/132 4852/1177/132 4808/1149/132 4805/1148/132
f 4848/1172/532 4990/1172/535 4989/1169/534 4847/1169/533
f 4849/1178/536 4858/1178/536 4842/1179/538 4840/1179/537
f 4850/1168/151 4807/1144/151 4812/1142/151 4857/1180/151
f 4803/1146/132 4811/1139/132 4849/1167/132 4840/1175/132
f 4804/1146/528 4806/1148/160 4845/1176/160 4842/1175/527
f 4805/1148/132 4803/1146/132 4840/1175/132 4846/1176/132
f 4840/1179/537 4842/1179/538 4845/1181/31 4846/1181/31
f 4846/1181/31 4845/1181/31 4854/1183/31 4852/1183/31
f 4850/1184/543 4857/1185/546 4858/1178/545 4849/1178/544
f 4838/1136/514 4837/1137/514 4856/1170/548 4855/1172/547
f 4858/1167/549 4857/1180/550 4812/1142/518 4809/1139/515
f 4854/1177/160 4845/1176/160 4806/1148/160 4810/1149/160
f 4820/1186/31 4819/1187/31 4827/1187/31 4828/1186/31
f 4819/1188/151 4817/1189/151 4825/1189/151 4827/1188/151
f 4818/1190/159 4820/1191/159 4828/1191/159 4826/1190/159
f 4817/1192/67 4818/1195/67 4826/1194/67 4825/1193/67
f 4862/1196/132 4859/1199/132 4866/1198/132 4864/1197/132
f 4863/1196/160 4865/1199/160 4860/1198/160 4861/1197/160
f 4959/1174/160 5004/1174/160 4999/1173/160 4949/1173/160
f 4942/1107/132 4908/1108/132 4901/1109/132 4937/1110/132
f 4894/1111/586 4882/1112/589 4884/1113/588 4895/1114/587
f 4896/1115/590 4883/1116/592 4882/1117/591 4894/1118/591
f 4894/1118/166 4888/1119/166 4890/1120/166 4896/1115/166
f 4895/1114/167 4889/1121/167 4888/1122/167 4894/1111/167
f 4879/1118/593 4891/1123/593 4893/1124/595 4880/1115/594
f 4881/1114/596 4892/1125/599 4891/1126/598 4879/1111/597
f 4885/1119/139 4879/1118/139 4880/1115/139 4886/1120/139
f 4887/1121/140 4881/1114/140 4879/1111/140 4885/1122/140
f 4891/1123/159 4882/1117/159 4883/1116/159 4893/1124/159
f 4892/1125/159 4884/1113/159 4882/1112/159 4891/1126/159
f 4888/1119/151 4885/1119/151 4886/1120/151 4890/1120/151
f 4889/1121/151 4887/1121/151 4885/1122/151 4888/1122/151
f 4900/1127/159 4903/1127/159 4905/1128/159 4901/1128/159
f 4902/1129/159 4904/1129/159 4903/1130/159 4900/1130/159
f 4906/1131/600 4900/1127/603 4901/1128/602 4908/1132/601
f 4907/1133/604 4902/1129/607 4900/1130/606 4906/1134/605
f 4903/1127/608 4897/1131/611 4898/1132/610 4905/1128/609
f 4904/1129/612 4899/1133/615 4897/1134/614 4903/1130/613
f 4896/1135/590 4944/1136/616 4943/1137/616 4883/1138/592
f 4915/1139/617 4895/1140/620 4884/1141/619 4918/1142/618
f 4892/1143/159 4913/1144/159 4918/1142/159 4884/1141/159
f 4887/1145/132 4909/1146/132 4917/1139/132 4881/1140/132
f 4881/1140/621 4917/1139/624 4913/1144/623 4892/1143/622
f 4889/1145/151 4910/1146/151 4909/1146/151 4887/1145/151
f 4904/1147/160 4912/1148/160 4916/1149/160 4899/1150/160
f 4904/1147/159 4902/1147/159 4911/1148/159 4912/1148/159
f 4935/1151/132 4886/1152/132 4880/1135/132 4941/1136/132
f 4911/1153/67 4909/1154/67 4910/1154/67 4912/1153/67
f 4940/1155/159 4893/1156/159 4883/1138/159 4943/1137/159
f 4938/1110/160 4905/1109/160 4898/1108/160 4939/1107/160
f 4936/1151/151 4890/1152/151 4886/1152/151 4935/1151/151
f 4937/1157/31 4938/1157/31 4936/1158/31 4935/1158/31
f 4941/1136/625 4880/1135/594 4893/1156/595 4940/1155/626
f 4944/1136/160 4896/1135/160 4890/1152/160 4936/1151/160
f 4921/1159/160 4925/1160/160 4923/1161/160 4919/1162/160
f 4922/1163/160 4920/1164/160 4924/1165/160 4926/1166/160
f 4922/1163/160 4926/1166/160 4925/1160/160 4921/1159/160
f 4924/1165/160 4920/1164/160 4919/1162/160 4923/1161/160
f 4929/1159/132 4927/1162/132 4931/1161/132 4933/1160/132
f 4930/1163/132 4934/1166/132 4932/1165/132 4928/1164/132
f 4930/1163/132 4929/1159/132 4933/1160/132 4934/1166/132
f 4932/1165/132 4931/1161/132 4927/1162/132 4928/1164/132
f 4955/1167/627 4956/1168/628 4913/1144/623 4917/1139/624
f 4953/1169/159 4940/1155/159 4943/1137/159 4962/1170/159
f 4947/1171/132 4935/1151/132 4941/1136/132 4954/1172/132
f 4949/1173/160 4938/1110/160 4939/1107/160 4959/1174/160
f 4938/1110/159 4937/1110/159 4901/1109/159 4905/1109/159
f 4895/1140/160 4915/1139/630 4910/1146/629 4889/1145/160
f 4907/1150/132 4914/1149/132 4911/1148/132 4902/1147/132
f 4954/1172/631 4941/1136/625 4940/1155/626 4953/1169/632
f 4945/1171/160 4936/1151/160 4938/1110/160 4949/1173/160
f 4957/1174/132 4942/1107/132 4937/1110/132 4950/1173/132
f 4961/1172/160 4944/1136/160 4936/1151/160 4945/1171/160
f 4950/1173/132 4937/1110/132 4935/1151/132 4947/1171/132
f 4948/1175/630 4910/1146/629 4915/1139/630 4964/1167/633
f 4952/1176/132 4911/1148/132 4914/1149/132 4958/1177/132
f 4955/1178/634 4946/1179/635 4948/1179/635 4964/1178/634
f 4956/1168/159 4963/1180/159 4918/1142/159 4913/1144/159
f 4909/1146/132 4946/1175/132 4955/1167/132 4917/1139/132
f 4910/1146/629 4948/1175/630 4951/1176/160 4912/1148/160
f 4911/1148/132 4952/1176/132 4946/1175/132 4909/1146/132
f 4946/1179/635 4952/1181/31 4951/1181/31 4948/1179/635
f 4952/1181/31 4958/1183/31 4960/1183/31 4951/1181/31
f 4956/1184/640 4955/1178/643 4964/1178/642 4963/1185/641
f 4944/1136/616 4961/1172/645 4962/1170/644 4943/1137/616
f 4964/1167/646 4915/1139/617 4918/1142/618 4963/1180/647
f 4843/1173/160 4987/1173/160 4992/1174/160 4853/1174/160
f 4960/1177/160 4916/1149/160 4912/1148/160 4951/1176/160
f 4926/1186/31 4934/1186/31 4933/1187/31 4925/1187/31
f 4925/1188/159 4933/1188/159 4931/1189/159 4923/1189/159
f 4924/1190/151 4932/1190/151 4934/1191/151 4926/1191/151
f 4923/1192/67 4931/1193/67 4932/1194/67 4924/1195/67
f 4968/1196/160 4965/1199/160 4972/1198/160 4970/1197/160
f 4969/1196/160 4967/1197/160 4966/1198/160 4971/1199/160
f 4947/1171/132 4998/1171/132 5000/1173/132 4950/1173/132
f 4954/1172/132 5002/1172/132 4998/1171/132 4947/1171/132
f 4945/1171/160 4997/1171/160 5005/1172/160 4961/1172/160
f 4988/1218/680 4987/1218/680 4985/1219/681 4986/1219/681
f 4991/1220/682 4992/1220/682 4987/1218/680 4988/1218/680
f 4986/1219/681 4985/1219/681 4993/1221/683 4990/1221/683
f 4990/1221/684 4993/1221/685 4994/1223/686 4989/1222/685
f 5000/1218/691 4998/1219/692 4997/1219/692 4999/1218/691
f 5003/1220/691 5000/1218/691 4999/1218/691 5004/1220/691
f 4998/1219/692 5002/1221/693 5005/1221/693 4997/1219/692
f 5002/1221/694 5001/1222/697 5006/1223/696 5005/1221/695
s 0
f 4853/1226/702 4992/1226/702 4991/1226/702 4851/1226/702
s 1
f 4953/1169/707 5001/1169/710 5002/1172/709 4954/1172/708
s 0
f 4957/1226/711 5003/1226/711 5004/1226/711 4959/1226/711
s 1
f 4839/1171/160 4985/1171/160 4987/1173/160 4843/1173/160
f 4949/1173/160 4999/1173/160 4997/1171/160 4945/1171/160
f 4847/1169/533 4989/1169/534 4994/1170/713 4856/1170/712
f 4851/1174/132 4991/1174/132 4988/1173/132 4844/1173/132
f 4856/1170/712 4994/1170/713 4993/1172/715 4855/1172/714
f 4962/1170/716 5006/1170/717 5001/1169/710 4953/1169/707
f 4950/1173/132 5000/1173/132 5003/1174/132 4957/1174/132
f 4961/1172/718 5005/1172/719 5006/1170/717 4962/1170/716
f 4855/1172/160 4993/1172/160 4985/1171/160 4839/1171/160
f 4841/1171/132 4986/1171/132 4990/1172/132 4848/1172/132
f 4844/1173/132 4988/1173/132 4986/1171/132 4841/1171/132
usemtl restaurant.021
f 4875/1182/539 4995/1182/542 4990/1174/541 4848/1174/540
f 4874/1200/159 4873/1203/159 4867/1202/159 4868/1201/159
f 4774/1108/551 4874/1200/554 4868/1201/553 4835/1107/552
f 4855/1174/555 4877/1204/557 4867/1202/556 4838/1107/556
f 4983/1204/558 5008/1204/561 5005/1174/560 4961/1174/559
f 4838/1107/556 4867/1202/556 4873/1203/563 4790/1108/562
f 4773/1131/564 4871/1206/565 4874/1205/554 4774/1132/551
f 4788/1134/566 4872/1208/569 4869/1207/568 4789/1133/567
f 4835/1107/552 4868/1201/553 4875/1182/571 4848/1174/570
f 4849/1177/572 4876/1210/575 4870/1209/574 4775/1150/573
f 4775/1133/573 4870/1212/574 4871/1211/577 4773/1134/576
f 4790/1132/562 4873/1214/563 4872/1213/579 4788/1131/578
f 4789/1150/567 4869/1216/568 4858/1215/580
f 4870/1212/581 4869/1207/581 4872/1208/159 4871/1211/159
f 4868/1201/159 4867/1202/159 4877/1204/159 4875/1182/159
f 4871/1206/159 4872/1213/159 4873/1214/159 4874/1205/159
f 4876/1210/582 4858/1215/582 4869/1216/581 4870/1209/581
f 4849/1183/583 4858/1183/585 4876/1217/584
f 4855/1174/636 4993/1174/639 4996/1204/638 4877/1204/637
f 4980/1200/151 4974/1201/151 4973/1202/151 4979/1203/151
f 4880/1108/648 4941/1107/651 4974/1201/650 4980/1200/649
f 4961/1174/652 4944/1107/655 4973/1202/654 4983/1204/653
f 4944/1107/655 4896/1108/657 4979/1203/656 4973/1202/654
f 4879/1131/658 4880/1132/648 4980/1205/649 4977/1206/659
f 4894/1134/660 4895/1133/663 4975/1207/662 4978/1208/661
f 4941/1107/651 4954/1174/665 4981/1182/664 4974/1201/650
f 4955/1177/666 4881/1150/669 4976/1209/668 4982/1210/667
f 4881/1133/669 4879/1134/671 4977/1211/670 4976/1212/668
f 4896/1132/657 4894/1131/672 4978/1213/672 4979/1214/656
f 4895/1150/663 4964/1215/673 4975/1216/662
f 4976/1212/674 4977/1211/151 4978/1208/151 4975/1207/675
f 4974/1201/151 4981/1182/151 4983/1204/151 4973/1202/151
f 4977/1206/151 4980/1205/151 4979/1214/151 4978/1213/151
f 4982/1210/676 4976/1209/674 4975/1216/675 4964/1215/676
f 4955/1183/677 4982/1217/679 4964/1183/678
f 4995/1224/687 4996/1225/690 4993/1220/689 4990/1220/688
f 5007/1224/698 5002/1220/701 5005/1220/700 5008/1225/699
f 4954/1174/703 5002/1174/706 5007/1182/705 4981/1182/704
f 4877/1204/637 4996/1204/638 4995/1182/542 4875/1182/539
f 4981/1182/704 5007/1182/705 5008/1204/561 4983/1204/558
usemtl restaurant.019
f 5059/1169/720 5065/1170/720 5018/1137/721 5015/1155/721
f 5027/1171/132 5002/1172/132 4941/1136/132 5009/1151/132
f 5035/1173/160 4993/1174/160 5014/1107/160 5012/1110/160
f 5054/1200/159 5053/1203/159 5013/1202/722 5016/1201/722
f 5050/1135/723 5051/1138/726 5018/1137/725 5019/1136/724
f 4774/1108/727 5054/1200/730 5016/1201/729 5017/1107/728
f 5002/1172/731 5059/1169/731 5015/1155/732 4941/1136/732
f 4993/1174/733 5063/1204/736 5013/1202/735 5014/1107/734
f 5023/1171/160 5035/1173/160 5012/1110/160 5010/1151/160
f 4990/1174/132 5036/1173/132 5011/1110/132 5017/1107/132
f 5005/1172/160 5023/1171/160 5010/1151/160 5019/1136/160
f 5036/1173/132 5027/1171/132 5009/1151/132 5011/1110/132
f 5038/1176/151 5039/1176/151 5033/1147/151 5037/1147/151
f 5028/1145/159 5021/1145/159 5024/1175/159 5029/1175/159
f 5025/1122/159 5021/1121/159 5028/1121/159 5020/1122/159
f 5026/1120/159 5025/1119/159 5020/1119/159 5022/1120/159
f 5036/1218/737 5035/1218/737 5023/1219/738 5027/1219/738
f 4955/1178/739 4964/1178/739 5029/1179/739 5024/1179/739
f 5058/1111/167 5020/1122/167 5028/1121/167 4895/1114/167
f 5050/1115/166 5022/1120/166 5020/1119/166 5058/1118/166
f 4895/1140/740 5028/1145/740 5029/1175/740 4964/1167/740
f 5019/1136/160 5010/1151/160 5022/1152/160 5050/1135/160
f 5017/1107/132 5011/1110/132 5032/1109/132 4774/1108/132
f 5009/1151/159 5026/1152/159 5022/1152/159 5010/1151/159
f 5031/1130/151 5037/1129/151 5033/1129/151 5030/1130/151
f 5047/1134/140 5030/1130/140 5033/1129/140 4775/1133/140
f 4775/1150/132 5033/1147/132 5039/1176/132 4849/1177/132
f 5032/1128/151 5034/1128/151 5031/1127/151 5030/1127/151
f 4774/1132/139 5032/1128/139 5030/1127/139 5047/1131/139
f 5012/1110/151 5034/1109/151 5032/1109/151 5011/1110/151
f 5011/1157/31 5009/1158/31 5010/1158/31 5012/1157/31
f 4990/1220/741 4993/1220/741 5035/1218/737 5036/1218/737
f 5027/1219/738 5023/1219/738 5005/1221/742 5002/1221/742
f 5061/1224/743 5063/1225/743 4993/1220/743 4990/1220/743
f 5039/1181/744 5038/1181/744 4858/1183/744 4849/1183/744
f 5060/1168/745 5066/1180/746 4964/1167/745 4955/1167/746
f 5043/1143/151 5044/1141/151 5066/1180/151 5060/1168/151
f 5058/1118/747 5057/1117/747 5051/1116/726 5050/1115/723
f 5014/1107/734 5013/1202/735 5053/1203/749 5052/1108/748
f 5047/1131/750 5046/1206/750 5054/1205/730 4774/1132/727
f 4941/1136/732 5015/1155/732 5056/1156/752 5055/1135/751
f 5055/1115/751 5056/1124/752 5041/1117/753 5040/1118/753
f 5049/1134/754 5048/1208/754 5042/1207/756 4789/1133/755
f 5040/1111/757 5041/1112/760 5043/1125/759 4881/1114/758
f 5017/1107/728 5016/1201/729 5061/1182/762 4990/1174/761
f 4849/1177/763 5062/1210/766 5045/1209/765 4775/1150/764
f 4775/1133/764 5045/1212/765 5046/1211/768 5047/1134/767
f 5052/1132/748 5053/1214/749 5048/1213/769 5049/1131/769
f 5019/1136/724 5018/1137/725 5065/1170/770 5005/1172/770
f 4895/1114/771 5044/1113/774 5057/1112/773 5058/1111/772
f 4881/1140/758 5043/1143/759 5060/1168/775 4955/1167/775
f 4964/1167/776 5066/1180/776 5044/1141/774 4895/1140/771
f 4789/1150/755 5042/1216/756 5064/1215/777 4858/1177/777
f 5045/1212/159 5042/1207/159 5048/1208/159 5046/1211/159
f 5016/1201/722 5013/1202/722 5063/1204/778 5061/1182/778
f 5031/1130/167 5049/1134/167 4789/1133/167 5037/1129/167
f 5056/1124/151 5051/1116/151 5057/1117/151 5041/1117/151
f 5046/1206/159 5048/1213/159 5053/1214/159 5054/1205/159
f 5062/1210/159 5064/1215/159 5042/1216/159 5045/1209/159
f 5026/1120/139 5055/1115/139 5040/1118/139 5025/1119/139
f 5034/1128/166 5052/1132/166 5049/1131/166 5031/1127/166
f 5002/1221/779 5005/1221/779 5065/1223/779 5059/1222/780
f 5021/1145/132 4881/1140/132 4955/1167/132 5024/1175/132
f 5025/1122/140 5040/1111/140 4881/1114/140 5021/1121/140
f 5041/1112/151 5057/1112/151 5044/1113/151 5043/1125/151
f 4849/1183/781 4858/1183/781 5064/1227/782 5062/1217/781
f 5037/1147/783 4789/1150/783 4858/1177/783 5038/1176/783
f 5012/1110/160 5014/1107/160 5052/1108/160 5034/1109/160
f 5009/1151/132 4941/1136/132 5055/1135/132 5026/1152/132
f 5015/1155/721 5018/1137/721 5051/1138/151 5056/1156/151
f 5078/1228/159 5082/1229/159 5081/1229/159 5077/1228/159
f 5076/1230/151 5075/1230/151 5079/1231/151 5080/1231/151
f 5080/1232/31 5079/1232/31 5081/1233/31 5082/1233/31
f 5069/1234/31 5078/1235/31 5077/1235/31 5070/1234/31
f 5071/1236/132 5074/1239/132 5081/1238/132 5079/1237/132
f 5072/1236/160 5068/1241/160 5076/1240/160 5080/1237/160
f 5073/1239/160 5082/1238/160 5078/1235/160 5069/1234/160
f 5068/1241/31 5067/1241/31 5075/1240/31 5076/1240/31
f 5073/1239/160 5072/1236/160 5080/1237/160 5082/1238/160
f 5067/1241/132 5071/1236/132 5079/1237/132 5075/1240/132
f 5070/1234/132 5077/1235/132 5081/1238/132 5074/1239/132
s 0
usemtl Material.009
f 5343/1242/784 5371/1243/786 5374/1243/785
f 5343/1242/787 5374/1243/789 5364/1242/788
f 5366/1242/790 5378/1244/790 5375/1243/790
f 5366/1242/790 5359/1245/790 5378/1244/790
f 5357/1245/791 5368/1244/791 5377/1244/791
f 5357/1245/791 5350/1245/791 5368/1244/791
f 5341/1246/792 5351/1245/794 5344/1242/793
f 5341/1246/794 5344/1242/792 5348/1247/792
f 5347/1248/67 5361/1248/67 5354/1249/67
f 5347/1248/67 5354/1249/67 5340/1249/67
f 5362/1247/795 5358/1245/795 5365/1242/795
f 5362/1247/795 5355/1246/795 5358/1245/795
f 5373/1243/31 5367/1244/31 5370/1243/31
f 5373/1243/31 5376/1244/31 5367/1244/31
f 5353/1246/796 5349/1245/796 5356/1245/796
f 5353/1246/796 5339/1246/796 5349/1245/796
f 5346/1247/797 5342/1242/799 5363/1242/798
f 5346/1247/799 5363/1242/799 5360/1247/797
f 5352/1245/800 5369/1244/802 5372/1243/801
f 5352/1245/803 5372/1243/803 5345/1242/804
f 5383/1242/784 5411/1243/786 5414/1243/785
f 5383/1242/787 5414/1243/789 5404/1242/788
f 5406/1242/805 5415/1243/807 5418/1244/806
f 5406/1242/790 5418/1244/808 5399/1245/808
f 5397/1245/791 5408/1244/791 5417/1244/791
f 5397/1245/791 5390/1245/791 5408/1244/791
f 5381/1246/809 5384/1242/809 5391/1245/809
f 5381/1246/809 5388/1247/809 5384/1242/809
f 5402/1247/810 5405/1242/812 5398/1245/811
f 5402/1247/810 5398/1245/810 5395/1246/810
f 5413/1243/31 5407/1244/31 5410/1243/31
f 5413/1243/31 5416/1244/31 5407/1244/31
f 5393/1246/796 5389/1245/796 5396/1245/796
f 5393/1246/796 5379/1246/796 5389/1245/796
f 5386/1247/797 5382/1242/799 5403/1242/799
f 5386/1247/799 5403/1242/797 5400/1247/797
f 5392/1245/803 5412/1243/803 5409/1244/803
f 5392/1245/803 5385/1242/803 5412/1243/803
f 5387/1247/67 5401/1247/67 5394/1246/67
f 5387/1247/67 5394/1246/67 5380/1246/67
f 5423/1250/813 5451/1252/815 5455/1251/814
f 5423/1250/816 5455/1251/818 5446/1253/817
f 5444/1253/819 5453/1251/821 5456/1254/820
f 5444/1253/822 5456/1254/822 5437/1255/823
s 1
f 5439/1255/824 5448/1256/824 5458/1254/824
s 0
f 5439/1255/825 5430/1257/827 5448/1256/826
f 5420/1258/828 5424/1250/828 5431/1257/828
f 5420/1258/828 5427/1259/828 5424/1250/828
f 5441/1260/829 5445/1253/829 5438/1255/829
f 5441/1260/830 5438/1255/832 5434/1261/831
f 5454/1251/833 5447/1256/833 5450/1252/833
f 5454/1251/833 5457/1254/833 5447/1256/833
f 5433/1261/834 5429/1257/836 5436/1255/835
f 5433/1261/837 5419/1258/837 5429/1257/837
f 5426/1259/838 5422/1250/840 5443/1253/839
f 5426/1259/841 5443/1253/843 5440/1260/842
f 5432/1257/844 5452/1252/844 5449/1256/844
f 5432/1257/845 5425/1250/845 5452/1252/845
f 5465/1262/846 5492/1264/848 5494/1263/847
f 5465/1262/849 5494/1263/851 5484/1265/850
f 5486/1265/852 5495/1263/854 5498/1266/853
f 5486/1265/855 5498/1266/857 5479/1267/856
f 5476/1267/858 5487/1268/860 5496/1266/859
f 5476/1267/861 5469/1269/863 5487/1268/862
f 5460/1270/864 5464/1262/864 5472/1269/864
f 5460/1270/864 5467/1271/864 5464/1262/864
f 5481/1272/865 5485/1265/867 5478/1267/866
f 5481/1272/868 5478/1267/870 5474/1273/869
f 5493/1263/871 5489/1268/871 5491/1264/871
f 5493/1263/871 5497/1266/871 5489/1268/871
f 5473/1273/872 5470/1269/872 5477/1267/872
f 5473/1273/873 5459/1270/873 5470/1269/873
f 5466/1271/874 5462/1262/876 5483/1265/875
f 5466/1271/877 5483/1265/879 5480/1272/878
s 1
f 5471/1269/880 5490/1264/880 5488/1268/880
s 0
f 5471/1269/880 5463/1262/880 5490/1264/880
f 5461/1270/881 5482/1272/881 5468/1271/881
f 5461/1270/881 5475/1273/881 5482/1272/881
f 5428/1259/882 5435/1261/882 5442/1260/882
f 5428/1259/882 5421/1258/882 5435/1261/882
f 5503/1242/883 5531/1243/885 5534/1243/884
f 5503/1242/883 5534/1243/885 5524/1242/883
f 5526/1242/886 5538/1244/886 5535/1243/886
f 5526/1242/887 5519/1245/887 5538/1244/887
f 5517/1245/888 5528/1244/888 5537/1244/888
f 5517/1245/888 5510/1245/888 5528/1244/888
f 5501/1246/889 5511/1245/891 5504/1242/890
f 5501/1246/890 5504/1242/889 5508/1247/892
f 5507/1248/67 5521/1248/67 5514/1249/67
f 5507/1248/67 5514/1249/67 5500/1249/67
f 5522/1247/893 5518/1245/893 5525/1242/893
f 5522/1247/893 5515/1246/893 5518/1245/893
f 5533/1243/31 5527/1244/31 5530/1243/31
f 5533/1243/31 5536/1244/31 5527/1244/31
f 5513/1246/894 5509/1245/894 5516/1245/894
f 5513/1246/894 5499/1246/894 5509/1245/894
f 5506/1247/895 5502/1242/897 5523/1242/896
f 5506/1247/898 5523/1242/900 5520/1247/899
f 5512/1245/901 5529/1244/903 5532/1243/902
f 5512/1245/902 5532/1243/901 5505/1242/903
f 5543/1242/883 5571/1243/885 5574/1243/884
f 5543/1242/904 5574/1243/906 5564/1242/905
f 5566/1242/887 5575/1243/886 5578/1244/907
f 5566/1242/908 5578/1244/910 5559/1245/909
f 5557/1245/888 5568/1244/888 5577/1244/888
f 5557/1245/888 5550/1245/888 5568/1244/888
f 5541/1246/911 5544/1242/911 5551/1245/911
f 5541/1246/911 5548/1247/911 5544/1242/911
f 5562/1247/912 5565/1242/914 5558/1245/913
f 5562/1247/915 5558/1245/917 5555/1246/916
f 5573/1243/31 5567/1244/31 5570/1243/31
f 5573/1243/31 5576/1244/31 5567/1244/31
f 5553/1246/894 5549/1245/894 5556/1245/894
f 5553/1246/894 5539/1246/894 5549/1245/894
f 5546/1247/918 5542/1242/919 5563/1242/898
f 5546/1247/896 5563/1242/920 5560/1247/897
f 5552/1245/921 5572/1243/921 5569/1244/921
f 5552/1245/921 5545/1242/921 5572/1243/921
f 5547/1247/67 5561/1247/67 5554/1246/67
f 5547/1247/67 5554/1246/67 5540/1246/67
f 5583/1250/922 5611/1252/924 5615/1251/923
f 5583/1250/925 5615/1251/927 5606/1253/926
f 5604/1253/928 5613/1251/929 5616/1254/929
f 5604/1253/930 5616/1254/932 5597/1255/931
s 1
f 5599/1255/933 5608/1256/933 5618/1254/933
s 0
f 5599/1255/934 5590/1257/936 5608/1256/935
f 5580/1258/937 5584/1250/937 5591/1257/937
f 5580/1258/937 5587/1259/937 5584/1250/937
f 5601/1260/938 5605/1253/940 5598/1255/939
f 5601/1260/938 5598/1255/940 5594/1261/938
f 5614/1251/941 5607/1256/941 5610/1252/941
f 5614/1251/941 5617/1254/941 5607/1256/941
f 5593/1261/942 5589/1257/942 5596/1255/942
f 5593/1261/943 5579/1258/943 5589/1257/943
f 5586/1259/944 5582/1250/944 5603/1253/945
f 5586/1259/946 5603/1253/948 5600/1260/947
f 5592/1257/949 5612/1252/949 5609/1256/949
f 5592/1257/949 5585/1250/949 5612/1252/949
f 5625/1262/950 5652/1264/951 5654/1263/951
f 5625/1262/952 5654/1263/954 5644/1265/953
f 5646/1265/955 5655/1263/957 5658/1266/956
f 5646/1265/958 5658/1266/959 5639/1267/959
f 5636/1267/960 5647/1268/960 5656/1266/960
f 5636/1267/961 5629/1269/963 5647/1268/962
f 5620/1270/964 5624/1262/964 5632/1269/964
f 5620/1270/964 5627/1271/964 5624/1262/964
f 5641/1272/965 5645/1265/965 5638/1267/966
f 5641/1272/967 5638/1267/968 5634/1273/968
f 5653/1263/969 5649/1268/969 5651/1264/969
f 5653/1263/969 5657/1266/969 5649/1268/969
f 5633/1273/970 5630/1269/970 5637/1267/970
f 5633/1273/971 5619/1270/971 5630/1269/971
f 5626/1271/972 5622/1262/974 5643/1265/973
f 5626/1271/975 5643/1265/976 5640/1272/975
s 1
f 5631/1269/977 5650/1264/977 5648/1268/977
s 0
f 5631/1269/977 5623/1262/977 5650/1264/977
f 5621/1270/978 5642/1272/978 5628/1271/978
f 5621/1270/978 5635/1273/978 5642/1272/978
f 5588/1259/979 5595/1261/979 5602/1260/979
f 5588/1259/979 5581/1258/979 5595/1261/979
f 5919/1242/980 5947/1243/982 5950/1243/981
f 5919/1242/981 5950/1243/982 5940/1242/980
f 5942/1242/983 5954/1244/983 5951/1243/983
f 5942/1242/983 5935/1245/983 5954/1244/983
f 5933/1245/984 5944/1244/984 5953/1244/984
f 5933/1245/984 5926/1245/984 5944/1244/984
f 5917/1246/985 5927/1245/987 5920/1242/986
f 5917/1246/986 5920/1242/985 5924/1247/988
f 5923/1248/67 5937/1248/67 5930/1249/67
f 5923/1248/67 5930/1249/67 5916/1249/67
f 5938/1247/989 5934/1245/989 5941/1242/989
f 5938/1247/989 5931/1246/989 5934/1245/989
f 5949/1243/31 5943/1244/31 5946/1243/31
f 5949/1243/31 5952/1244/31 5943/1244/31
f 5929/1246/990 5925/1245/990 5932/1245/990
f 5929/1246/990 5915/1246/990 5925/1245/990
f 5922/1247/991 5918/1242/993 5939/1242/992
f 5922/1247/994 5939/1242/994 5936/1247/995
f 5928/1245/996 5945/1244/998 5948/1243/997
f 5928/1245/997 5948/1243/996 5921/1242/998
f 5959/1242/982 5987/1243/980 5990/1243/981
f 5959/1242/981 5990/1243/982 5980/1242/980
f 5982/1242/999 5991/1243/983 5994/1244/1000
f 5982/1242/1000 5994/1244/999 5975/1245/983
f 5973/1245/984 5984/1244/984 5993/1244/984
f 5973/1245/984 5966/1245/984 5984/1244/984
f 5957/1246/1001 5960/1242/1001 5967/1245/1001
f 5957/1246/1001 5964/1247/1001 5960/1242/1001
f 5978/1247/1002 5981/1242/1004 5974/1245/1003
f 5978/1247/1005 5974/1245/1005 5971/1246/1006
f 5989/1243/31 5983/1244/31 5986/1243/31
f 5989/1243/31 5992/1244/31 5983/1244/31
f 5969/1246/990 5965/1245/990 5972/1245/990
f 5969/1246/990 5955/1246/990 5965/1245/990
f 5962/1247/991 5958/1242/1007 5979/1242/992
f 5962/1247/992 5979/1242/991 5976/1247/1008
f 5968/1245/998 5988/1243/998 5985/1244/998
f 5968/1245/998 5961/1242/998 5988/1243/998
f 5963/1247/67 5977/1247/67 5970/1246/67
f 5963/1247/67 5970/1246/67 5956/1246/67
f 5999/1250/1009 6027/1252/1011 6031/1251/1010
f 5999/1250/1012 6031/1251/1014 6022/1253/1013
f 6020/1253/1015 6029/1251/1015 6032/1254/1016
f 6020/1253/1017 6032/1254/1019 6013/1255/1018
s 1
f 6015/1255/1020 6024/1256/1020 6034/1254/1020
s 0
f 6015/1255/1021 6006/1257/1023 6024/1256/1022
f 5996/1258/1024 6000/1250/1024 6007/1257/1024
f 5996/1258/1024 6003/1259/1024 6000/1250/1024
f 6017/1260/1025 6021/1253/1027 6014/1255/1026
f 6017/1260/1027 6014/1255/1027 6010/1261/1025
f 6030/1251/1028 6023/1256/1028 6026/1252/1028
f 6030/1251/1028 6033/1254/1028 6023/1256/1028
f 6009/1261/1029 6005/1257/1029 6012/1255/1029
f 6009/1261/1030 5995/1258/1030 6005/1257/1030
f 6002/1259/1031 5998/1250/1033 6019/1253/1032
f 6002/1259/1034 6019/1253/1036 6016/1260/1035
f 6008/1257/1037 6028/1252/1037 6025/1256/1037
f 6008/1257/1037 6001/1250/1037 6028/1252/1037
f 6041/1262/1038 6068/1264/1040 6070/1263/1039
f 6041/1262/1041 6070/1263/1043 6060/1265/1042
f 6062/1265/1044 6071/1263/1046 6074/1266/1045
f 6062/1265/1046 6074/1266/1044 6055/1267/1044
f 6052/1267/1047 6063/1268/1049 6072/1266/1048
f 6052/1267/1050 6045/1269/1052 6063/1268/1051
f 6036/1270/1053 6040/1262/1053 6048/1269/1053
f 6036/1270/1053 6043/1271/1053 6040/1262/1053
f 6057/1272/1054 6061/1265/1056 6054/1267/1055
f 6057/1272/1055 6054/1267/1054 6050/1273/1056
f 6069/1263/1057 6065/1268/1057 6067/1264/1057
f 6069/1263/1057 6073/1266/1057 6065/1268/1057
f 6049/1273/1058 6046/1269/1058 6053/1267/1058
f 6049/1273/1059 6035/1270/1059 6046/1269/1059
f 6042/1271/1060 6038/1262/1062 6059/1265/1061
f 6042/1271/1063 6059/1265/1065 6056/1272/1064
s 1
f 6047/1269/1066 6066/1264/1066 6064/1268/1066
s 0
f 6047/1269/1066 6039/1262/1066 6066/1264/1066
f 6037/1270/1067 6058/1272/1067 6044/1271/1067
f 6037/1270/1067 6051/1273/1067 6058/1272/1067
f 6004/1259/1068 6011/1261/1068 6018/1260/1068
f 6004/1259/1069 5997/1258/1069 6011/1261/1069
s 1
usemtl restaurant.049
f 6432/1107/159 6394/1108/159 6384/1109/159 6425/1110/159
f 6374/1111/1071 6375/1114/1071 6364/1113/1071 6362/1112/1071
f 6376/1115/1072 6374/1118/1075 6362/1117/1074 6363/1116/1073
f 6374/1118/316 6368/1119/316 6370/1120/316 6376/1115/316
f 6375/1114/449 6369/1121/449 6368/1122/449 6374/1111/449
f 6359/1118/1076 6360/1115/1079 6373/1124/1078 6371/1123/1077
f 6361/1114/1080 6359/1111/1081 6371/1126/1080 6372/1125/1081
f 6365/1119/153 6359/1118/153 6360/1115/153 6366/1120/153
f 6367/1121/154 6361/1114/154 6359/1111/154 6365/1122/154
f 6371/1123/160 6373/1124/160 6363/1116/160 6362/1117/160
f 6372/1125/160 6371/1126/160 6362/1112/160 6364/1113/160
f 6368/1119/160 6365/1119/160 6366/1120/160 6370/1120/160
f 6369/1121/160 6367/1121/160 6365/1122/160 6368/1122/160
f 6392/1134/1082 6380/1211/1082 6382/1212/1082 6393/1133/1082
f 6394/1132/1083 6381/1205/1085 6380/1206/1084 6392/1131/1084
f 6380/1211/160 6389/1208/160 6391/1207/160 6382/1212/160
f 6381/1205/160 6390/1214/160 6389/1213/160 6380/1206/160
f 6383/1127/132 6386/1127/132 6388/1128/132 6384/1128/132
f 6385/1129/132 6387/1129/132 6386/1130/132 6383/1130/132
f 6392/1131/153 6383/1127/153 6384/1128/153 6394/1132/153
f 6393/1133/154 6385/1129/154 6383/1130/154 6392/1134/154
f 6377/1131/1086 6389/1213/1086 6390/1214/1088 6378/1132/1087
f 6379/1133/1089 6391/1207/1089 6389/1208/1089 6377/1134/1089
f 6386/1127/316 6377/1131/316 6378/1132/316 6388/1128/316
f 6387/1129/449 6379/1133/449 6377/1134/449 6386/1130/449
f 6376/1135/1072 6363/1138/1073 6433/1137/1091 6434/1136/1090
f 6402/1139/1092 6406/1142/1092 6364/1141/1094 6375/1140/1093
f 6372/1143/160 6364/1141/160 6406/1142/160 6400/1144/160
f 6367/1145/159 6395/1146/159 6404/1139/159 6361/1140/159
f 6361/1140/1095 6372/1143/1095 6400/1144/1096 6404/1139/1096
f 6369/1145/160 6396/1146/160 6395/1146/160 6367/1145/160
f 6394/1108/1083 6432/1107/1097 6431/1201/1097 6381/1200/1085
f 6379/1150/1098 6403/1149/1099 6399/1302/1099 6391/1216/1098
f 6387/1147/151 6398/1148/151 6403/1149/151 6379/1150/151
f 6401/1149/1100 6393/1150/1101 6382/1209/1101 6405/1303/1100
f 6405/1303/160 6382/1209/160 6391/1216/160 6399/1302/160
f 6387/1147/132 6385/1147/132 6397/1148/132 6398/1148/132
f 6423/1151/159 6366/1152/159 6360/1135/159 6430/1136/159
f 6397/1153/31 6395/1154/31 6396/1154/31 6398/1153/31
f 6429/1155/160 6433/1137/160 6363/1138/160 6373/1156/160
f 6426/1110/151 6388/1109/151 6378/1108/151 6428/1107/151
f 6424/1151/160 6370/1152/160 6366/1152/160 6423/1151/160
f 6381/1200/160 6431/1201/160 6427/1202/160 6390/1203/160
f 6425/1157/67 6426/1157/67 6424/1158/67 6423/1158/67
f 6428/1107/1102 6378/1108/1087 6390/1203/1088 6427/1202/1102
f 6430/1136/1103 6429/1155/1104 6373/1156/1078 6360/1135/1079
f 6434/1136/151 6376/1135/151 6370/1152/151 6424/1151/151
f 6409/1159/159 6407/1162/159 6411/1161/159 6413/1160/159
f 6410/1163/159 6414/1166/159 6412/1165/159 6408/1164/159
f 6410/1163/159 6409/1159/159 6413/1160/159 6414/1166/159
f 6412/1165/159 6411/1161/159 6407/1162/159 6408/1164/159
f 6417/1159/151 6421/1160/151 6419/1161/151 6415/1162/151
f 6418/1163/151 6416/1164/151 6420/1165/151 6422/1166/151
f 6418/1163/151 6422/1166/151 6421/1160/151 6417/1159/151
f 6420/1165/151 6416/1164/151 6415/1162/151 6419/1161/151
f 6445/1167/1105 6404/1139/1096 6400/1144/1096 6446/1168/1106
f 6403/1149/1099 6453/1177/1107 6454/1215/1107 6399/1302/1099
f 6443/1169/160 6456/1170/160 6433/1137/160 6429/1155/160
f 6437/1171/159 6423/1151/159 6430/1136/159 6444/1172/159
f 6439/1173/151 6426/1110/151 6428/1107/151 6452/1174/151
f 6426/1110/132 6425/1110/132 6384/1109/132 6388/1109/132
f 6375/1140/151 6402/1139/151 6396/1146/151 6369/1145/151
f 6393/1150/159 6401/1149/159 6397/1148/159 6385/1147/159
f 6444/1172/1108 6443/1169/1109 6429/1155/1104 6430/1136/1103
f 6452/1174/1110 6428/1107/1102 6427/1202/1102 6451/1204/1110
f 6435/1171/151 6424/1151/151 6426/1110/151 6439/1173/151
f 6447/1174/159 6432/1107/159 6425/1110/159 6440/1173/159
f 6455/1172/151 6434/1136/151 6424/1151/151 6435/1171/151
f 6440/1173/159 6425/1110/159 6423/1151/159 6437/1171/159
f 6438/1175/151 6396/1146/151 6402/1139/151 6458/1167/151
f 6442/1176/159 6397/1148/159 6401/1149/159 6450/1177/159
f 6455/1172/151 6435/1171/151 6808/1171/151 6798/1172/151
f 6445/1178/67 6436/1179/67 6438/1179/67 6458/1178/67
f 6446/1168/160 6400/1144/160 6406/1142/160 6457/1180/160
f 6395/1146/159 6436/1175/159 6445/1167/159 6404/1139/159
f 6396/1146/151 6438/1175/151 6441/1176/151 6398/1148/151
f 6397/1148/159 6442/1176/159 6436/1175/159 6395/1146/159
f 6436/1179/67 6442/1181/67 6441/1181/67 6438/1179/67
f 6456/1170/1115 6797/1170/1118 6798/1172/1117 6455/1172/1116
f 6442/1181/67 6450/1183/67 6453/1183/67 6441/1181/67
f 6446/1184/1119 6457/1185/1119 6458/1178/1119 6445/1178/1119
f 6432/1107/1097 6447/1174/1120 6448/1182/1120 6431/1201/1097
f 6450/1177/1121 6401/1149/1100 6405/1303/1100 6449/1210/1121
f 6434/1136/1090 6433/1137/1091 6456/1170/1123 6455/1172/1122
f 6458/1167/1124 6457/1180/1125 6406/1142/1092 6402/1139/1092
f 6431/1201/160 6448/1182/160 6451/1204/160 6427/1202/160
f 6449/1210/160 6405/1303/160 6399/1302/160 6454/1215/160
f 6447/1174/159 6440/1173/159 6805/1173/159 6802/1174/159
f 6450/1183/1126 6449/1217/1126 6454/1227/1126 6453/1183/1126
f 6453/1177/151 6403/1149/151 6398/1148/151 6441/1176/151
f 6414/1186/31 6413/1187/31 6421/1187/31 6422/1186/31
f 6413/1188/160 6411/1189/160 6419/1189/160 6421/1188/160
f 6412/1190/132 6414/1191/132 6422/1191/132 6420/1190/132
f 6411/1192/67 6412/1195/67 6420/1194/67 6419/1193/67
f 6462/1196/151 6459/1199/151 6466/1198/151 6464/1197/151
f 6463/1196/151 6461/1197/151 6460/1198/151 6465/1199/151
f 6451/1204/1169 6448/1182/1172 6801/1182/1171 6800/1204/1170
f 6452/1174/1173 6451/1204/1169 6800/1204/1170 6799/1174/1173
s 0
f 6447/1226/1178 6452/1226/1178 6799/1226/1178 6802/1226/1178
s 1
f 6440/1173/159 6437/1171/159 6807/1171/159 6805/1173/159
f 6435/1171/151 6439/1173/151 6806/1173/151 6808/1171/151
f 6437/1171/159 6444/1172/159 6803/1172/159 6807/1171/159
f 6444/1172/1335 6803/1172/1338 6804/1169/1337 6443/1169/1336
f 6439/1173/151 6452/1174/151 6799/1174/151 6806/1173/151
f 6803/1221/1341 6798/1221/1341 6797/1223/1341 6804/1222/1342
f 6801/1224/1343 6802/1220/1343 6799/1220/1343 6800/1225/1343
s 0
f 6549/1226/1344 6813/1226/1344 6810/1226/1344 6542/1226/1344
s 1
f 6448/1182/1172 6447/1174/1346 6802/1174/1346 6801/1182/1171
f 6443/1169/1336 6804/1169/1337 6797/1170/1118 6456/1170/1115
usemtl restaurant.048
f 6545/1182/1111 6455/1174/1114 6798/1174/1113 6811/1182/1112
f 6537/1173/159 6794/1173/159 6803/1174/159 6444/1174/159
f 6434/1107/151 6525/1110/151 6489/1109/151 6376/1108/151
f 6482/1111/1127 6483/1114/1127 6472/1113/1127 6470/1112/1127
f 6484/1115/1128 6482/1118/1130 6470/1117/1130 6471/1116/1129
f 6482/1118/153 6484/1115/153 6478/1120/153 6476/1119/153
f 6483/1114/154 6482/1111/154 6476/1122/154 6477/1121/154
f 6467/1118/1131 6468/1115/1133 6481/1124/1132 6479/1123/1131
f 6469/1114/1134 6467/1111/1134 6479/1126/1134 6480/1125/1134
f 6473/1119/316 6474/1120/316 6468/1115/316 6467/1118/316
f 6475/1121/449 6473/1122/449 6467/1111/449 6469/1114/449
f 6479/1123/132 6481/1124/132 6471/1116/132 6470/1117/132
f 6480/1125/132 6479/1126/132 6470/1112/132 6472/1113/132
f 6476/1119/160 6478/1120/160 6474/1120/160 6473/1119/160
f 6477/1121/160 6476/1122/160 6473/1122/160 6475/1121/160
f 6374/1134/1135 6485/1211/1137 6487/1212/1135 6375/1133/1136
f 6376/1132/1138 6486/1205/1141 6485/1206/1140 6374/1131/1139
f 6485/1211/132 6494/1208/132 6496/1207/132 6487/1212/132
f 6486/1205/132 6495/1214/132 6494/1213/132 6485/1206/132
f 6488/1127/132 6489/1128/132 6493/1128/132 6491/1127/132
f 6490/1129/132 6488/1130/132 6491/1130/132 6492/1129/132
f 6374/1131/316 6376/1132/316 6489/1128/316 6488/1127/316
f 6375/1133/449 6374/1134/449 6488/1130/449 6490/1129/449
f 6359/1131/1142 6494/1213/1145 6495/1214/1144 6360/1132/1143
f 6361/1133/1146 6496/1207/1147 6494/1208/1146 6359/1134/1147
f 6491/1127/153 6493/1128/153 6360/1132/153 6359/1131/153
f 6492/1129/154 6491/1130/154 6359/1134/154 6361/1133/154
f 6484/1135/1128 6471/1138/1129 6531/1137/1148 6532/1136/1148
f 6503/1139/1149 6506/1142/1149 6472/1141/1150 6483/1140/1150
f 6480/1143/132 6472/1141/132 6506/1142/132 6502/1144/132
f 6475/1145/151 6469/1140/151 6504/1139/151 6497/1146/151
f 6469/1140/1151 6480/1143/1151 6502/1144/1152 6504/1139/1152
f 6477/1145/160 6475/1145/160 6497/1146/160 6498/1146/160
f 6376/1108/1138 6434/1107/1154 6530/1201/1153 6486/1200/1141
f 6361/1150/1155 6404/1149/1152 6501/1302/1152 6496/1216/1156
f 6492/1147/159 6361/1150/159 6404/1149/159 6500/1148/159
f 6402/1149/1157 6375/1150/1159 6487/1209/1158 6505/1303/1157
f 6505/1303/132 6487/1209/132 6496/1216/132 6501/1302/132
f 6492/1147/132 6500/1148/132 6499/1148/132 6490/1147/132
f 6523/1151/151 6529/1136/151 6468/1135/151 6474/1152/151
f 6499/1153/31 6500/1153/31 6498/1154/31 6497/1154/31
f 6528/1155/132 6531/1137/132 6471/1138/132 6481/1156/132
f 6526/1110/159 6430/1107/159 6360/1108/159 6493/1109/159
f 6524/1151/160 6523/1151/160 6474/1152/160 6478/1152/160
f 6486/1200/132 6530/1201/132 6527/1202/132 6495/1203/132
f 6525/1157/67 6523/1158/67 6524/1158/67 6526/1157/67
f 6430/1107/1160 6360/1108/1143 6495/1203/1144 6527/1202/1161
f 6529/1136/1162 6528/1155/1162 6481/1156/1132 6468/1135/1133
f 6532/1136/159 6524/1151/159 6478/1152/159 6484/1135/159
f 6509/1159/151 6513/1160/151 6511/1161/151 6507/1162/151
f 6510/1163/151 6508/1164/151 6512/1165/151 6514/1166/151
f 6510/1163/151 6514/1166/151 6513/1160/151 6509/1159/151
f 6517/1159/159 6515/1162/159 6519/1161/159 6521/1160/159
f 6518/1163/159 6522/1166/159 6520/1165/159 6516/1164/159
f 6518/1163/159 6517/1159/159 6521/1160/159 6522/1166/159
f 6522/1191/132 6514/1191/132 6512/1190/132 6520/1190/132
f 6519/1189/160 6511/1189/160 6513/1188/160 6521/1188/160
f 6521/1187/31 6513/1187/31 6514/1186/31 6522/1186/31
f 6543/1167/1163 6504/1139/1152 6502/1144/1152 6544/1168/1163
f 6404/1149/1152 6445/1177/1165 6548/1215/1164 6501/1302/1152
f 6541/1169/132 6550/1170/132 6531/1137/132 6528/1155/132
f 6535/1171/151 6542/1172/151 6529/1136/151 6523/1151/151
f 6537/1173/159 6444/1174/159 6430/1107/159 6526/1110/159
f 6526/1110/132 6493/1109/132 6489/1109/132 6525/1110/132
f 6483/1140/159 6477/1145/159 6498/1146/159 6503/1139/159
f 6375/1150/151 6490/1147/151 6499/1148/151 6402/1149/151
f 6542/1172/1166 6541/1169/1166 6528/1155/1162 6529/1136/1162
f 6444/1174/1167 6430/1107/1160 6527/1202/1161 6547/1204/1168
f 6533/1171/159 6537/1173/159 6526/1110/159 6524/1151/159
f 6455/1174/151 6538/1173/151 6525/1110/151 6434/1107/151
f 6549/1172/159 6533/1171/159 6524/1151/159 6532/1136/159
f 6538/1173/151 6535/1171/151 6523/1151/151 6525/1110/151
f 6536/1175/159 6552/1167/159 6503/1139/159 6498/1146/159
f 6540/1176/151 6458/1177/151 6402/1149/151 6499/1148/151
f 6543/1178/67 6552/1178/67 6536/1179/67 6534/1179/67
f 6544/1168/132 6502/1144/132 6506/1142/132 6551/1180/132
f 6497/1146/151 6504/1139/151 6543/1167/151 6534/1175/151
f 6498/1146/159 6500/1148/159 6539/1176/159 6536/1175/159
f 6499/1148/151 6497/1146/151 6534/1175/151 6540/1176/151
f 6534/1179/67 6536/1179/67 6539/1181/67 6540/1181/67
f 6811/1224/1174 6798/1220/1177 6803/1220/1176 6812/1225/1175
f 6540/1181/67 6539/1181/67 6445/1183/67 6458/1183/67
f 6544/1184/1179 6551/1185/1179 6552/1178/1179 6543/1178/1179
f 6434/1107/1154 6455/1174/1181 6545/1182/1180 6530/1201/1153
f 6458/1177/1182 6402/1149/1157 6505/1303/1157 6546/1210/1183
f 6532/1136/1148 6531/1137/1148 6550/1170/1184 6549/1172/1184
f 6552/1167/1185 6551/1180/1185 6506/1142/1149 6503/1139/1149
f 6530/1201/132 6545/1182/132 6547/1204/132 6527/1202/132
f 6546/1210/132 6505/1303/132 6501/1302/132 6548/1215/132
f 6538/1173/151 6793/1173/151 6795/1171/151 6535/1171/151
f 6458/1183/1186 6546/1217/1189 6548/1227/1188 6445/1183/1187
f 6445/1177/159 6539/1176/159 6500/1148/159 6404/1149/159
f 6555/1304/31 6556/1304/31 6554/1305/31 6553/1305/31
f 6555/1306/159 6553/1309/159 6558/1308/159 6563/1307/159
f 6562/1307/132 6563/1311/132 6564/1310/132 6561/1310/132
f 6564/1312/67 6557/1314/67 6560/1313/67 6561/1312/67
f 6554/1309/151 6556/1306/151 6562/1311/151 6559/1315/151
f 6559/1316/316 6562/1317/316 6561/1317/316 6560/1316/316
f 6563/1317/153 6558/1316/153 6557/1318/153 6564/1317/153
f 6558/1315/160 6559/1308/160 6560/1320/160 6557/1319/160
f 6556/1306/132 6555/1306/132 6563/1311/132 6562/1307/132
f 6553/1309/160 6554/1309/160 6559/1308/160 6558/1315/160
f 6575/1321/1190 6569/1322/1193 6566/1322/1192 6572/1321/1191
f 6581/1323/1194 6576/1324/1197 6571/1324/1196 6584/1323/1195
f 6602/1325/1198 6585/1325/1201 6588/1326/1200 6601/1326/1199
f 6577/1327/1202 6567/1328/1205 6568/1328/1204 6580/1327/1203
f 6582/1329/1206 6579/1332/1206 6619/1331/1206 6620/1330/1206
f 6577/1333/1202 6580/1333/1203 6585/1325/1201 6602/1325/1198
f 6592/1334/1207 6595/1334/1210 6598/1335/1209 6591/1335/1208
f 6610/1336/1211 6611/1339/1214 6594/1338/1213 6586/1337/1212
f 6612/1339/1215 6605/1336/1215 6604/1337/1217 6596/1338/1216
f 6591/1340/31 6588/1343/31 6589/1342/31 6590/1341/31
f 6599/1344/165 6597/1347/1220 6603/1346/1219 6600/1345/1218
f 6581/1348/1194 6584/1348/1195 6595/1334/1210 6592/1334/1207
f 6601/1343/31 6598/1340/31 6599/1341/31 6600/1342/31
f 6589/1345/137 6587/1346/1222 6593/1347/1221 6590/1344/137
f 6606/1349/1223 6566/1351/1192 6567/1350/1205
f 6568/1350/1204 6569/1351/1193 6608/1349/1224
f 6571/1352/1196 6572/1354/1191 6609/1353/1225
f 6607/1353/1226 6575/1354/1190 6576/1352/1197
f 6585/1355/1201 6586/1357/1212 6587/1356/1222
f 6592/1358/1207 6593/1360/1221 6594/1359/1213
f 6595/1358/1210 6596/1359/1216 6597/1360/1220
f 6602/1355/1198 6603/1356/1219 6604/1357/1217
f 6605/1361/1227 6606/1362/1223 6567/1328/1205 6577/1327/1202
f 6566/1351/1192 6569/1351/1193 6568/1350/1204 6567/1350/1205
f 6569/1351/1193 6575/1354/1190 6607/1353/1226 6608/1349/1224
f 6575/1354/1190 6572/1354/1191 6571/1352/1196 6576/1352/1197
f 6572/1354/1191 6566/1351/1192 6606/1349/1223 6609/1353/1225
f 6608/1362/1224 6610/1361/1228 6580/1327/1203 6568/1328/1204
f 6576/1324/1197 6581/1323/1194 6611/1364/1214 6607/1363/1226
f 6609/1363/1225 6612/1364/1229 6584/1323/1195 6571/1324/1196
f 6587/1356/1222 6589/1366/159 6588/1365/1200 6585/1355/1201
f 6592/1358/1207 6591/1368/1208 6590/1367/132 6593/1360/1221
f 6586/1357/1212 6594/1359/1213 6593/1360/1221 6587/1356/1222
f 6610/1369/1228 6586/1357/1212 6585/1355/1201 6580/1370/1203
f 6594/1359/1213 6611/1372/1214 6581/1371/1194 6592/1358/1207
f 6597/1360/1220 6599/1367/151 6598/1368/1209 6595/1358/1210
f 6600/1366/1218 6603/1356/1219 6602/1355/1198 6601/1365/1199
f 6596/1359/1216 6604/1357/1217 6603/1356/1219 6597/1360/1220
f 6577/1370/1202 6602/1355/1198 6604/1357/1217 6605/1369/1227
f 6595/1358/1210 6584/1371/1195 6612/1372/1229 6596/1359/1216
f 6565/1373/1230 6578/1376/1230 6613/1375/1230 6614/1374/1230
f 6578/1377/165 6565/1378/165 6606/1362/165 6605/1361/165
f 6574/1379/137 6570/1378/137 6608/1362/137 6607/1363/137
f 6565/1378/165 6573/1379/165 6609/1363/165 6606/1362/165
f 6570/1378/137 6579/1377/137 6610/1361/137 6608/1362/137
f 6582/1380/137 6574/1379/137 6607/1363/137 6611/1364/137
f 6573/1379/165 6583/1380/165 6612/1364/165 6609/1363/165
f 6583/1380/165 6578/1377/165 6605/1361/165 6612/1364/165
f 6579/1377/137 6582/1380/137 6611/1364/137 6610/1361/137
f 6616/1381/165 6615/1384/165 6614/1383/165 6613/1382/165
f 6583/1385/1231 6573/1388/1231 6615/1387/1231 6616/1386/1231
f 6578/1332/1232 6583/1329/1232 6616/1330/1232 6613/1331/1232
f 6573/1389/1233 6565/1392/1233 6614/1391/1233 6615/1390/1233
f 6619/1382/137 6618/1383/137 6617/1384/137 6620/1381/137
f 6579/1376/1234 6570/1373/1234 6618/1374/1234 6619/1375/1234
f 6570/1392/1235 6574/1389/1235 6617/1390/1235 6618/1391/1235
f 6574/1388/1236 6582/1385/1236 6620/1386/1236 6617/1387/1236
f 6601/1343/31 6588/1343/31 6591/1340/31 6598/1340/31
f 6622/1393/1237 6695/1396/159 6696/1395/1239 6624/1394/1238
f 6700/1397/1240 6699/1400/1241 6631/1399/1241 6633/1398/1240
f 6701/1401/1242 6700/1397/1240 6633/1398/1240 6635/1402/1242
f 6702/1403/1243 6701/1401/1242 6635/1402/1242 6637/1404/1243
f 6703/1405/1244 6702/1403/1243 6637/1404/1243 6639/1406/1244
f 6704/1407/1245 6703/1405/1244 6639/1406/1244 6641/1408/1245
f 6705/1405/1246 6704/1407/1245 6641/1408/1245 6643/1406/1246
f 6706/1403/1247 6705/1405/1246 6643/1406/1246 6645/1404/1247
f 6695/1401/1248 6706/1403/1247 6645/1404/1247 6623/1402/1248
f 6699/1400/1241 6698/1410/1249 6629/1409/1249 6631/1399/1241
f 6629/1411/132 6627/1414/1250 6651/1413/1250 6653/1412/132
f 6698/1410/1249 6697/1400/1251 6627/1399/1251 6629/1409/1249
f 6622/1415/1237 6624/1418/1238 6683/1417/1253 6684/1416/1252
f 6624/1418/1238 6626/1420/1255 6685/1419/1254 6683/1417/1253
f 6624/1394/1238 6696/1395/1239 6697/1422/1250 6626/1421/1255
f 6626/1420/1255 6628/1424/1257 6686/1423/1256 6685/1419/1254
f 6626/1421/1255 6697/1422/1250 6698/1426/132 6628/1425/1257
f 6628/1424/1257 6630/1420/1259 6687/1419/1258 6686/1423/1256
f 6628/1425/1257 6698/1426/132 6699/1422/1260 6630/1421/1259
f 6630/1420/1259 6632/1418/1262 6688/1417/1261 6687/1419/1258
f 6630/1421/1259 6699/1422/1260 6700/1395/1263 6632/1394/1262
f 6632/1418/1262 6634/1415/1265 6689/1416/1264 6688/1417/1261
f 6632/1394/1262 6700/1395/1263 6701/1396/151 6634/1393/1265
f 6634/1415/1265 6636/1428/1267 6690/1427/1266 6689/1416/1264
f 6634/1393/1265 6701/1396/151 6702/1430/1268 6636/1429/1267
f 6636/1428/1267 6638/1432/1270 6691/1431/1269 6690/1427/1266
f 6636/1429/1267 6702/1430/1268 6703/1434/1271 6638/1433/1270
f 6638/1432/1270 6640/1436/1273 6692/1435/1272 6691/1431/1269
f 6638/1433/1270 6703/1434/1271 6704/1438/160 6640/1437/1273
f 6640/1436/1273 6642/1432/1275 6693/1431/1274 6692/1435/1272
f 6640/1437/1273 6704/1438/160 6705/1434/1276 6642/1433/1275
f 6642/1432/1275 6644/1428/1278 6694/1427/1277 6693/1431/1274
f 6642/1433/1275 6705/1434/1276 6706/1430/1279 6644/1429/1278
f 6644/1428/1278 6622/1415/1237 6684/1416/1252 6694/1427/1277
f 6644/1429/1278 6706/1430/1279 6695/1396/159 6622/1393/1237
f 6623/1439/159 6645/1442/1279 6669/1441/1279 6646/1440/159
f 6627/1414/1250 6625/1444/1239 6649/1443/1239 6651/1413/1250
f 6637/1442/1268 6635/1439/151 6659/1440/151 6661/1441/1268
f 6645/1442/1279 6643/1446/1276 6667/1445/1276 6669/1441/1279
f 6660/1447/1280 6658/1450/1281 6677/1449/1281 6678/1448/1280
f 6635/1439/151 6633/1444/1263 6657/1443/1263 6659/1440/151
f 6643/1446/1276 6641/1452/160 6665/1451/160 6667/1445/1276
f 6633/1444/1263 6631/1414/1260 6655/1413/1260 6657/1443/1263
f 6641/1452/160 6639/1446/1271 6663/1445/1271 6665/1451/160
f 6631/1414/1260 6629/1411/132 6653/1412/132 6655/1413/1260
f 6639/1446/1271 6637/1442/1268 6661/1441/1268 6663/1445/1271
f 6648/1453/1282 6650/1456/1283 6651/1455/1283 6649/1454/1282
f 6650/1456/1283 6652/1458/1284 6653/1457/1284 6651/1455/1283
f 6652/1458/1284 6654/1456/1285 6655/1455/1285 6653/1457/1284
f 6654/1456/1285 6656/1453/1286 6657/1454/1286 6655/1455/1285
f 6656/1453/1286 6658/1460/1287 6659/1459/1287 6657/1454/1286
f 6658/1460/1287 6660/1462/1288 6661/1461/1288 6659/1459/1287
f 6660/1462/1288 6662/1464/1289 6663/1463/1289 6661/1461/1288
f 6662/1464/1289 6664/1466/1290 6665/1465/1290 6663/1463/1289
f 6664/1466/1290 6666/1464/1291 6667/1463/1291 6665/1465/1290
f 6666/1464/1291 6668/1462/1292 6669/1461/1292 6667/1463/1291
f 6668/1462/1292 6647/1460/1293 6646/1459/1293 6669/1461/1292
f 6625/1444/1239 6623/1439/159 6646/1440/159 6649/1443/1239
f 6654/1467/1294 6652/1470/1295 6674/1469/1295 6675/1468/1294
f 6668/1447/1296 6666/1472/1297 6681/1471/1297 6682/1448/1296
f 6648/1473/1298 6647/1450/1299 6671/1449/1299 6672/1474/1298
f 6662/1472/1300 6660/1447/1280 6678/1448/1280 6679/1471/1300
f 6656/1473/1301 6654/1467/1294 6675/1468/1294 6676/1474/1301
f 6647/1450/1299 6668/1447/1296 6682/1448/1296 6671/1449/1299
f 6650/1467/1302 6648/1473/1298 6672/1474/1298 6673/1468/1302
f 6664/1475/1303 6662/1472/1300 6679/1471/1300 6680/1476/1303
f 6658/1450/1281 6656/1473/1301 6676/1474/1301 6677/1449/1281
f 6652/1470/1295 6650/1467/1302 6673/1468/1302 6674/1469/1295
f 6666/1472/1297 6664/1475/1303 6680/1476/1303 6681/1471/1297
f 6647/1460/1293 6648/1453/1282 6649/1454/1282 6646/1459/1293
f 6670/1477/67 6672/1479/1305 6671/1478/1304
f 6670/1477/67 6673/1480/1306 6672/1479/1305
f 6670/1477/67 6674/1481/1307 6673/1480/1306
f 6670/1477/67 6675/1480/1308 6674/1481/1307
f 6670/1477/67 6676/1479/1309 6675/1480/1308
f 6670/1477/67 6677/1478/1310 6676/1479/1309
f 6670/1477/67 6678/1482/1311 6677/1478/1310
f 6670/1477/67 6679/1483/1312 6678/1482/1311
f 6670/1477/67 6680/1484/1313 6679/1483/1312
f 6670/1477/67 6681/1483/1314 6680/1484/1313
f 6670/1477/67 6682/1482/1315 6681/1483/1314
f 6670/1477/67 6671/1478/1304 6682/1482/1315
f 6621/1485/31 6684/1485/31 6683/1486/31
f 6621/1485/31 6683/1486/31 6685/1487/31
f 6621/1485/31 6685/1487/31 6686/1488/31
f 6621/1485/31 6686/1488/31 6687/1487/31
f 6621/1485/31 6687/1487/31 6688/1486/31
f 6621/1485/31 6688/1486/31 6689/1485/31
f 6621/1485/31 6689/1485/31 6690/1489/31
f 6621/1485/31 6690/1489/31 6691/1490/31
f 6621/1485/31 6691/1490/31 6692/1491/31
f 6621/1485/31 6692/1491/31 6693/1490/31
f 6621/1485/31 6693/1490/31 6694/1489/31
f 6621/1485/31 6694/1489/31 6684/1485/31
f 6697/1400/1251 6696/1397/1316 6625/1398/1316 6627/1399/1251
f 6695/1401/1248 6623/1402/1248 6625/1398/1316 6696/1397/1316
f 6708/1492/1237 6781/1495/159 6782/1494/1239 6710/1493/1238
f 6786/1496/1240 6785/1499/1241 6717/1498/1241 6719/1497/1240
f 6787/1500/1242 6786/1496/1240 6719/1497/1240 6721/1501/1242
f 6788/1502/1243 6787/1500/1242 6721/1501/1242 6723/1503/1243
f 6789/1504/1244 6788/1502/1243 6723/1503/1243 6725/1505/1244
f 6790/1506/1245 6789/1504/1244 6725/1505/1244 6727/1507/1245
f 6791/1504/1246 6790/1506/1245 6727/1507/1245 6729/1505/1246
f 6792/1502/1247 6791/1504/1246 6729/1505/1246 6731/1503/1247
f 6781/1500/1317 6792/1502/1247 6731/1503/1247 6709/1501/1317
f 6785/1499/1241 6784/1509/1249 6715/1508/1249 6717/1498/1241
f 6715/1510/132 6713/1513/1250 6737/1512/1250 6739/1511/132
f 6784/1509/1249 6783/1499/1251 6713/1498/1251 6715/1508/1249
f 6708/1514/1237 6710/1517/1238 6769/1516/1253 6770/1515/1252
f 6710/1517/1238 6712/1519/1255 6771/1518/1254 6769/1516/1253
f 6710/1493/1238 6782/1494/1239 6783/1521/1250 6712/1520/1255
f 6712/1519/1255 6714/1523/1257 6772/1522/1256 6771/1518/1254
f 6712/1520/1255 6783/1521/1250 6784/1525/132 6714/1524/1257
f 6714/1523/1257 6716/1519/1259 6773/1518/1258 6772/1522/1256
f 6714/1524/1257 6784/1525/132 6785/1521/1260 6716/1520/1259
f 6716/1519/1259 6718/1517/1262 6774/1516/1261 6773/1518/1258
f 6716/1520/1259 6785/1521/1260 6786/1494/1263 6718/1493/1262
f 6718/1517/1262 6720/1514/1265 6775/1515/1264 6774/1516/1261
f 6718/1493/1262 6786/1494/1263 6787/1495/151 6720/1492/1265
f 6720/1514/1265 6722/1527/1267 6776/1526/1266 6775/1515/1264
f 6720/1492/1265 6787/1495/151 6788/1529/1268 6722/1528/1267
f 6722/1527/1267 6724/1531/1270 6777/1530/1269 6776/1526/1266
f 6722/1528/1267 6788/1529/1268 6789/1533/1271 6724/1532/1270
f 6724/1531/1270 6726/1535/1273 6778/1534/1272 6777/1530/1269
f 6724/1532/1270 6789/1533/1271 6790/1537/160 6726/1536/1273
f 6726/1535/1273 6728/1531/1275 6779/1530/1274 6778/1534/1272
f 6726/1536/1273 6790/1537/160 6791/1533/1276 6728/1532/1275
f 6728/1531/1275 6730/1527/1278 6780/1526/1277 6779/1530/1274
f 6728/1532/1275 6791/1533/1276 6792/1529/1279 6730/1528/1278
f 6730/1527/1278 6708/1514/1237 6770/1515/1252 6780/1526/1277
f 6730/1528/1278 6792/1529/1279 6781/1495/159 6708/1492/1237
f 6709/1538/159 6731/1541/1279 6755/1540/1279 6732/1539/159
f 6713/1513/1250 6711/1543/1239 6735/1542/1239 6737/1512/1250
f 6723/1541/1268 6721/1538/151 6745/1539/151 6747/1540/1268
f 6731/1541/1279 6729/1545/1276 6753/1544/1276 6755/1540/1279
f 6746/1546/1280 6744/1549/1281 6763/1548/1281 6764/1547/1280
f 6721/1538/151 6719/1543/1263 6743/1542/1263 6745/1539/151
f 6729/1545/1276 6727/1551/160 6751/1550/160 6753/1544/1276
f 6719/1543/1263 6717/1513/1260 6741/1512/1260 6743/1542/1263
f 6727/1551/160 6725/1545/1271 6749/1544/1271 6751/1550/160
f 6717/1513/1260 6715/1510/132 6739/1511/132 6741/1512/1260
f 6725/1545/1271 6723/1541/1268 6747/1540/1268 6749/1544/1271
f 6734/1552/1282 6736/1555/1283 6737/1554/1283 6735/1553/1282
f 6736/1555/1283 6738/1557/1284 6739/1556/1284 6737/1554/1283
f 6738/1557/1284 6740/1555/1285 6741/1554/1285 6739/1556/1284
f 6740/1555/1285 6742/1552/1286 6743/1553/1286 6741/1554/1285
f 6742/1552/1286 6744/1559/1287 6745/1558/1287 6743/1553/1286
f 6744/1559/1287 6746/1561/1288 6747/1560/1288 6745/1558/1287
f 6746/1561/1288 6748/1563/1289 6749/1562/1289 6747/1560/1288
f 6748/1563/1289 6750/1565/1290 6751/1564/1290 6749/1562/1289
f 6750/1565/1290 6752/1563/1291 6753/1562/1291 6751/1564/1290
f 6752/1563/1291 6754/1561/1292 6755/1560/1292 6753/1562/1291
f 6754/1561/1292 6733/1559/1293 6732/1558/1293 6755/1560/1292
f 6711/1543/1239 6709/1538/159 6732/1539/159 6735/1542/1239
f 6740/1566/1318 6738/1569/1319 6760/1568/1319 6761/1567/1318
f 6754/1546/1296 6752/1571/1320 6767/1570/1320 6768/1547/1296
f 6734/1572/1298 6733/1549/1299 6757/1548/1299 6758/1573/1298
f 6748/1571/1300 6746/1546/1280 6764/1547/1280 6765/1570/1300
f 6742/1572/1301 6740/1566/1318 6761/1567/1318 6762/1573/1301
f 6733/1549/1299 6754/1546/1296 6768/1547/1296 6757/1548/1299
f 6736/1566/1321 6734/1572/1298 6758/1573/1298 6759/1567/1321
f 6750/1574/1303 6748/1571/1300 6765/1570/1300 6766/1575/1303
f 6744/1549/1281 6742/1572/1301 6762/1573/1301 6763/1548/1281
f 6738/1569/1319 6736/1566/1321 6759/1567/1321 6760/1568/1319
f 6752/1571/1320 6750/1574/1303 6766/1575/1303 6767/1570/1320
f 6733/1559/1293 6734/1552/1282 6735/1553/1282 6732/1558/1293
f 6756/1576/67 6758/1578/1322 6757/1577/1304
f 6756/1576/67 6759/1579/1323 6758/1578/1322
f 6756/1576/67 6760/1580/1324 6759/1579/1323
f 6756/1576/67 6761/1579/1325 6760/1580/1324
f 6756/1576/67 6762/1578/1309 6761/1579/1325
f 6756/1576/67 6763/1577/1310 6762/1578/1309
f 6756/1576/67 6764/1581/1311 6763/1577/1310
f 6756/1576/67 6765/1582/1312 6764/1581/1311
f 6756/1576/67 6766/1583/1326 6765/1582/1312
f 6756/1576/67 6767/1582/1327 6766/1583/1326
f 6756/1576/67 6768/1581/1328 6767/1582/1327
f 6756/1576/67 6757/1577/1304 6768/1581/1328
f 6707/1584/31 6770/1584/31 6769/1585/31
f 6707/1584/31 6769/1585/31 6771/1586/31
f 6707/1584/31 6771/1586/31 6772/1587/31
f 6707/1584/31 6772/1587/31 6773/1586/31
f 6707/1584/31 6773/1586/31 6774/1585/31
f 6707/1584/31 6774/1585/31 6775/1584/31
f 6707/1584/31 6775/1584/31 6776/1588/31
f 6707/1584/31 6776/1588/31 6777/1589/31
f 6707/1584/31 6777/1589/31 6778/1590/31
f 6707/1584/31 6778/1590/31 6779/1589/31
f 6707/1584/31 6779/1589/31 6780/1588/31
f 6707/1584/31 6780/1588/31 6770/1584/31
f 6783/1499/1251 6782/1496/1316 6711/1497/1316 6713/1498/1251
f 6781/1500/1317 6709/1501/1317 6711/1497/1316 6782/1496/1316
f 6547/1204/1329 6545/1182/1111 6811/1182/1112 6812/1204/1330
f 6541/1169/1331 6809/1169/1334 6814/1170/1333 6550/1170/1332
f 6542/1172/1339 6810/1172/1339 6809/1169/1334 6541/1169/1331
f 6550/1170/1332 6814/1170/1333 6813/1172/1340 6549/1172/1340
f 6535/1171/151 6795/1171/151 6810/1172/151 6542/1172/151
f 6810/1221/1345 6813/1221/1345 6814/1223/1345 6809/1222/1345
f 6533/1171/159 6796/1171/159 6794/1173/159 6537/1173/159
f 6444/1174/1347 6547/1204/1329 6812/1204/1330 6803/1174/1348
f 6549/1172/159 6813/1172/159 6796/1171/159 6533/1171/159
f 6455/1174/151 6798/1174/151 6793/1173/151 6538/1173/151
s 0
usemtl restaurant.014
f 6825/1226/165 7008/1226/165 7009/1226/165 6827/1226/165
f 7038/1226/1474 7085/1226/1474 7086/1226/1474 7040/1226/1474
f 7101/1226/1491 7103/1226/1491 7135/1226/1491 7134/1226/1491
s 1
usemtl restaurant.016
f 6884/1107/151 6879/1110/151 6842/1109/151 6852/1108/151
f 6815/1118/1349 6816/1115/1352 6834/1120/1351 6832/1119/1350
f 6817/1114/1353 6815/1111/1356 6832/1122/1355 6833/1121/1354
f 6829/1119/1357 6830/1120/1360 6820/1115/1359 6818/1118/1358
f 6831/1121/1361 6829/1122/1364 6818/1111/1363 6819/1114/1362
f 6832/1119/132 6834/1120/132 6830/1120/132 6829/1119/132
f 6833/1121/132 6832/1122/132 6829/1122/132 6831/1121/132
f 6850/1134/1365 6851/1133/1365 6840/1212/1365 6838/1211/1365
f 6852/1132/1366 6850/1131/1368 6838/1206/1368 6839/1205/1367
f 6838/1211/132 6840/1212/132 6849/1207/132 6847/1208/132
f 6839/1205/132 6838/1206/132 6847/1213/132 6848/1214/132
f 6841/1127/160 6842/1128/160 6846/1128/160 6844/1127/160
f 6843/1129/160 6841/1130/160 6844/1130/160 6845/1129/160
f 6850/1131/449 6852/1132/449 6842/1128/449 6841/1127/449
f 6851/1133/316 6850/1134/316 6841/1130/316 6843/1129/316
f 6835/1131/1369 6836/1132/1371 6848/1214/1370 6847/1213/1369
f 6837/1133/1372 6835/1134/1372 6847/1208/1372 6849/1207/1373
f 6844/1127/154 6846/1128/154 6836/1132/154 6835/1131/154
f 6845/1129/153 6844/1130/153 6835/1134/153 6837/1133/153
f 6831/1145/151 6819/1140/151 6821/1139/151 6853/1146/151
f 6833/1145/132 6831/1145/132 6853/1146/132 6854/1146/132
f 6852/1108/1366 6839/1200/1367 6883/1201/1375 6884/1107/1374
f 6837/1150/1376 6849/1216/1376 6857/1302/1378 6859/1149/1377
f 6845/1147/159 6837/1150/159 6859/1149/159 6856/1148/159
f 6858/1149/1379 6860/1303/1379 6840/1209/1380 6851/1150/1380
f 6860/1303/132 6857/1302/132 6849/1216/132 6840/1209/132
f 6845/1147/160 6856/1148/160 6855/1148/160 6843/1147/160
f 6877/1151/151 6824/1136/151 6820/1135/151 6830/1152/151
f 6855/1153/67 6856/1153/67 6854/1154/67 6853/1154/67
f 6880/1110/159 6882/1107/159 6836/1108/159 6846/1109/159
f 6878/1151/132 6877/1151/132 6830/1152/132 6834/1152/132
f 6839/1200/132 6848/1203/132 6881/1202/132 6883/1201/132
f 6879/1157/31 6877/1158/31 6878/1158/31 6880/1157/31
f 6882/1107/1381 6881/1202/1382 6848/1203/1370 6836/1108/1371
f 6885/1136/159 6878/1151/159 6834/1152/159 6816/1135/159
f 6863/1159/159 6861/1162/159 6865/1161/159 6867/1160/159
f 6864/1163/159 6868/1166/159 6866/1165/159 6862/1164/159
f 6864/1163/159 6863/1159/159 6867/1160/159 6868/1166/159
f 6871/1159/151 6875/1160/151 6873/1161/151 6869/1162/151
f 6872/1163/151 6870/1164/151 6874/1165/151 6876/1166/151
f 6872/1163/151 6876/1166/151 6875/1160/151 6871/1159/151
f 6876/1191/132 6874/1190/132 6866/1190/132 6868/1191/132
f 6873/1189/160 6875/1188/160 6867/1188/160 6865/1189/160
f 6875/1187/31 6876/1186/31 6868/1186/31 6867/1187/31
f 6859/1149/1377 6857/1302/1378 6901/1215/1384 6900/1177/1383
f 6888/1171/151 6825/1172/151 6824/1136/151 6877/1151/151
f 6890/1173/159 6899/1174/159 6882/1107/159 6880/1110/159
f 6880/1110/160 6846/1109/160 6842/1109/160 6879/1110/160
f 6817/1140/159 6833/1145/159 6854/1146/159 6822/1139/159
f 6851/1150/151 6843/1147/151 6855/1148/151 6858/1149/151
f 6899/1174/1385 6898/1204/1385 6881/1202/1382 6882/1107/1381
f 6886/1171/159 6890/1173/159 6880/1110/159 6878/1151/159
f 6894/1174/151 6891/1173/151 6879/1110/151 6884/1107/151
f 6827/1172/159 6886/1171/159 6878/1151/159 6885/1136/159
f 6891/1173/151 6888/1171/151 6877/1151/151 6879/1110/151
f 6889/1175/159 6828/1167/159 6822/1139/159 6854/1146/159
f 6893/1176/151 6897/1177/151 6858/1149/151 6855/1148/151
f 6894/1174/151 7014/1174/151 7013/1173/151 6891/1173/151
f 6826/1178/31 6828/1178/31 6889/1179/31 6887/1179/31
f 6853/1146/151 6821/1139/151 6826/1167/151 6887/1175/151
f 6854/1146/159 6856/1148/159 6892/1176/159 6889/1175/159
f 6855/1148/151 6853/1146/151 6887/1175/151 6893/1176/151
f 6887/1179/31 6889/1179/31 6892/1181/31 6893/1181/31
f 6827/1172/159 7009/1172/159 7010/1171/159 6886/1171/159
f 6893/1181/31 6892/1181/31 6900/1183/31 6897/1183/31
f 6884/1107/1374 6883/1201/1375 6895/1182/1390 6894/1174/1389
f 6897/1177/1391 6896/1210/1392 6860/1303/1379 6858/1149/1379
f 6883/1201/132 6881/1202/132 6898/1204/132 6895/1182/132
f 6896/1210/132 6901/1215/132 6857/1302/132 6860/1303/132
f 6897/1183/1393 6900/1183/1393 6901/1227/1393 6896/1217/1393
f 6900/1177/159 6892/1176/159 6856/1148/159 6859/1149/159
f 6904/1304/31 6902/1305/31 6903/1305/31 6905/1304/31
f 6904/1306/151 6912/1307/151 6907/1308/151 6902/1309/151
f 6911/1307/132 6910/1310/132 6913/1310/132 6912/1311/132
f 6913/1312/67 6910/1312/67 6909/1313/67 6906/1314/67
f 6903/1309/159 6908/1315/159 6911/1311/159 6905/1306/159
f 6908/1316/153 6909/1316/153 6910/1317/153 6911/1317/153
f 6912/1317/316 6913/1317/316 6906/1318/316 6907/1316/316
f 6907/1315/160 6906/1319/160 6909/1320/160 6908/1308/160
f 6905/1306/132 6911/1307/132 6912/1311/132 6904/1306/132
f 6902/1309/160 6907/1315/160 6908/1308/160 6903/1309/160
f 6890/1173/159 7012/1173/159 7017/1174/159 6899/1174/159
f 6898/1204/1435 7016/1204/1438 7015/1182/1437 6895/1182/1436
f 7013/1218/67 7012/1218/67 7010/1219/67 7011/1219/67
f 7014/1220/67 7017/1220/67 7012/1218/67 7013/1218/67
f 7011/1219/67 7010/1219/67 7009/1221/67 7008/1221/67
f 7015/1224/1447 7016/1225/1447 7017/1220/1447 7014/1220/1447
f 6888/1171/151 7011/1171/151 7008/1172/151 6825/1172/151
f 6891/1173/151 7013/1173/151 7011/1171/151 6888/1171/151
f 6899/1174/1450 7017/1174/1451 7016/1204/1438 6898/1204/1435
f 6895/1182/1436 7015/1182/1437 7014/1174/1455 6894/1174/1454
f 6886/1171/159 7010/1171/159 7012/1173/159 6890/1173/159
f 7028/1118/1458 7029/1115/1461 7047/1120/1460 7045/1119/1459
f 7030/1114/1462 7028/1111/1465 7045/1122/1464 7046/1121/1463
f 7042/1119/1466 7043/1120/1469 7033/1115/1468 7031/1118/1467
f 7044/1121/1470 7042/1122/1473 7031/1111/1472 7032/1114/1471
f 7045/1119/151 7047/1120/151 7043/1120/151 7042/1119/151
f 7046/1121/151 7045/1122/151 7042/1122/151 7044/1121/151
f 7044/1145/160 7032/1140/160 7034/1139/160 7048/1146/160
f 7046/1145/151 7044/1145/151 7048/1146/151 7049/1146/151
f 7060/1151/160 7037/1136/160 7033/1135/160 7043/1152/160
f 7050/1153/67 7051/1153/67 7049/1154/67 7048/1154/67
f 7061/1151/151 7060/1151/151 7043/1152/151 7047/1152/151
f 7062/1157/31 7060/1158/31 7061/1158/31 7063/1157/31
f 7064/1136/132 7061/1151/132 7047/1152/132 7029/1135/132
f 7053/1163/132 7055/1166/132 7054/1165/132 7052/1164/132
f 7057/1163/160 7056/1164/160 7058/1165/160 7059/1166/160
f 7059/1191/151 7058/1190/151 7054/1190/151 7055/1191/151
f 7067/1171/160 7038/1172/160 7037/1136/160 7060/1151/160
f 7030/1140/132 7046/1145/132 7049/1146/132 7035/1139/132
f 7065/1171/132 7069/1173/132 7063/1110/132 7061/1151/132
f 7040/1172/132 7065/1171/132 7061/1151/132 7064/1136/132
f 7070/1173/160 7067/1171/160 7060/1151/160 7062/1110/160
f 7068/1175/132 7041/1167/132 7035/1139/132 7049/1146/132
f 7039/1178/31 7041/1178/31 7068/1179/31 7066/1179/31
f 7048/1146/160 7034/1139/160 7039/1167/160 7066/1175/160
f 7049/1146/132 7051/1148/132 7071/1176/132 7068/1175/132
f 7050/1148/160 7048/1146/160 7066/1175/160 7072/1176/160
f 7066/1179/31 7068/1179/31 7071/1181/31 7072/1181/31
f 7040/1172/132 7086/1172/132 7087/1171/132 7065/1171/132
f 7075/1304/31 7073/1305/31 7074/1305/31 7076/1304/31
f 7075/1306/160 7083/1307/160 7078/1308/160 7073/1309/160
f 7082/1307/151 7081/1310/151 7084/1310/151 7083/1307/151
f 7084/1312/67 7081/1312/67 7080/1313/67 7077/1314/67
f 7074/1309/132 7079/1315/132 7082/1307/132 7076/1306/132
f 7079/1316/140 7080/1316/140 7081/1317/140 7082/1317/140
f 7083/1317/167 7084/1317/167 7077/1318/167 7078/1316/167
f 7078/1308/159 7077/1319/159 7080/1320/159 7079/1315/159
f 7076/1306/151 7082/1307/151 7083/1307/151 7075/1306/151
f 7073/1309/159 7078/1308/159 7079/1315/159 7074/1309/159
f 7090/1218/691 7089/1218/691 7087/1219/691 7088/1219/691
f 7088/1219/691 7087/1219/691 7086/1221/691 7085/1221/691
f 7067/1171/160 7088/1171/160 7085/1172/160 7038/1172/160
f 7070/1173/160 7090/1173/160 7088/1171/160 7067/1171/160
f 7065/1171/132 7087/1171/132 7089/1173/132 7069/1173/132
f 7091/1118/1475 7108/1119/1478 7110/1120/1477 7092/1115/1476
f 7093/1114/1479 7109/1121/1482 7108/1122/1481 7091/1111/1480
f 7105/1119/1483 7094/1118/1486 7096/1115/1485 7106/1120/1484
f 7107/1121/1487 7095/1114/1490 7094/1111/1489 7105/1122/1488
f 7108/1119/159 7105/1119/159 7106/1120/159 7110/1120/159
f 7109/1121/159 7107/1121/159 7105/1122/159 7108/1122/159
f 7107/1145/160 7111/1146/160 7097/1139/160 7095/1140/160
f 7109/1145/159 7112/1146/159 7111/1146/159 7107/1145/159
f 7121/1151/160 7106/1152/160 7096/1135/160 7100/1136/160
f 7050/1153/67 7111/1154/67 7112/1154/67 7051/1153/67
f 7122/1151/159 7110/1152/159 7106/1152/159 7121/1151/159
f 7062/1157/31 7063/1157/31 7122/1158/31 7121/1158/31
f 7123/1136/132 7092/1135/132 7110/1152/132 7122/1151/132
f 7114/1163/132 7113/1164/132 7115/1165/132 7116/1166/132
f 7118/1163/160 7120/1166/160 7119/1165/160 7117/1164/160
f 7120/1191/159 7116/1191/159 7115/1190/159 7119/1190/159
f 7126/1171/160 7121/1151/160 7100/1136/160 7101/1172/160
f 7093/1140/132 7098/1139/132 7112/1146/132 7109/1145/132
f 7124/1171/132 7122/1151/132 7063/1110/132 7069/1173/132
f 7103/1172/132 7123/1136/132 7122/1151/132 7124/1171/132
f 7070/1173/160 7062/1110/160 7121/1151/160 7126/1171/160
f 7127/1175/132 7112/1146/132 7098/1139/132 7104/1167/132
f 7102/1178/31 7125/1179/31 7127/1179/31 7104/1178/31
f 7111/1146/160 7125/1175/160 7102/1167/160 7097/1139/160
f 7112/1146/132 7127/1175/132 7071/1176/132 7051/1148/132
f 7050/1148/160 7072/1176/160 7125/1175/160 7111/1146/160
f 7125/1179/31 7072/1181/31 7071/1181/31 7127/1179/31
f 7103/1172/132 7124/1171/132 7136/1171/132 7135/1172/132
f 7075/1304/31 7076/1304/31 7129/1305/31 7128/1305/31
f 7075/1306/160 7128/1309/160 7131/1308/160 7083/1307/160
f 7084/1312/67 7130/1314/67 7133/1313/67 7081/1312/67
f 7129/1309/132 7076/1306/132 7082/1307/132 7132/1315/132
f 7132/1316/140 7082/1317/140 7081/1317/140 7133/1316/140
f 7083/1317/167 7131/1316/167 7130/1318/167 7084/1317/167
f 7131/1308/151 7132/1315/151 7133/1320/151 7130/1319/151
f 7128/1309/151 7129/1309/151 7132/1315/151 7131/1308/151
f 7090/1218/691 7137/1219/691 7136/1219/691 7089/1218/691
f 7137/1219/691 7134/1221/691 7135/1221/691 7136/1219/691
f 7126/1171/160 7101/1172/160 7134/1172/160 7137/1171/160
f 7070/1173/160 7126/1171/160 7137/1171/160 7090/1173/160
f 7124/1171/132 7069/1173/132 7089/1173/132 7136/1171/132
usemtl restaurant.017
f 6985/1173/151 7021/1173/151 7019/1171/151 6982/1171/151
f 6995/1174/1386 7026/1174/1386 7025/1204/1388 6994/1204/1387
f 6978/1107/151 6972/1110/151 6933/1109/151 6943/1108/151
f 6835/1111/1394 6837/1114/1394 6916/1113/1394 6914/1112/1394
f 6836/1115/1395 6835/1118/1397 6914/1117/1397 6915/1116/1396
f 6835/1118/154 6836/1115/154 6922/1120/154 6920/1119/154
f 6837/1114/153 6835/1111/153 6920/1122/153 6921/1121/153
f 6850/1118/1398 6852/1115/1400 6925/1124/1399 6923/1123/1398
f 6851/1114/1401 6850/1111/1401 6923/1126/1401 6924/1125/1401
f 6917/1119/449 6918/1120/449 6852/1115/449 6850/1118/449
f 6919/1121/316 6917/1122/316 6850/1111/316 6851/1114/316
f 6923/1123/160 6925/1124/160 6915/1116/160 6914/1117/160
f 6924/1125/160 6923/1126/160 6914/1112/160 6916/1113/160
f 6920/1119/132 6922/1120/132 6918/1120/132 6917/1119/132
f 6921/1121/132 6920/1122/132 6917/1122/132 6919/1121/132
f 6941/1134/1402 6942/1133/1402 6931/1212/1402 6929/1211/1402
f 6943/1132/1403 6941/1131/1405 6929/1206/1405 6930/1205/1404
f 6929/1211/1406 6931/1212/1407 6940/1207/1407 6938/1208/1406
f 6930/1205/1408 6929/1206/1406 6938/1213/1406 6939/1214/1408
f 6932/1127/160 6933/1128/160 6937/1128/160 6935/1127/160
f 6934/1129/160 6932/1130/160 6935/1130/160 6936/1129/160
f 6941/1131/449 6943/1132/449 6933/1128/449 6932/1127/449
f 6942/1133/316 6941/1134/316 6932/1130/316 6934/1129/316
f 6926/1131/1409 6927/1132/1411 6939/1214/1410 6938/1213/1409
f 6928/1133/1412 6926/1134/1412 6938/1208/1412 6940/1207/1412
f 6935/1127/1413 6937/1128/1413 6927/1132/1413 6926/1131/1413
f 6936/1129/1414 6935/1130/1414 6926/1134/1414 6928/1133/1414
f 6836/1135/1395 6915/1138/1396 6979/1137/1416 6882/1136/1415
f 6859/1139/1417 6953/1142/1417 6916/1141/1418 6837/1140/1418
f 6924/1143/160 6916/1141/160 6953/1142/160 6949/1144/160
f 6919/1145/151 6851/1140/151 6858/1139/151 6944/1146/151
f 6851/1140/1419 6924/1143/1419 6949/1144/1420 6858/1139/1420
f 6921/1145/132 6919/1145/132 6944/1146/132 6945/1146/132
f 6943/1108/1403 6930/1200/1404 6977/1201/1162 6978/1107/1162
f 6928/1150/1421 6940/1216/1421 6948/1302/1422 6951/1149/1422
f 6936/1147/159 6928/1150/159 6951/1149/159 6947/1148/159
f 6950/1149/1152 6952/1303/1152 6931/1209/1423 6942/1150/1423
f 6952/1303/132 6948/1302/132 6940/1216/1407 6931/1209/1407
f 6936/1147/160 6947/1148/160 6946/1148/160 6934/1147/160
f 6970/1151/151 6884/1136/151 6852/1135/151 6918/1152/151
f 6946/1153/67 6947/1153/67 6945/1154/67 6944/1154/67
f 6976/1155/160 6979/1137/160 6915/1138/160 6925/1156/160
f 6973/1110/159 6975/1107/159 6927/1108/159 6937/1109/159
f 6971/1151/132 6970/1151/132 6918/1152/132 6922/1152/132
f 6930/1200/1408 6939/1203/1408 6974/1202/132 6977/1201/132
f 6972/1157/31 6970/1158/31 6971/1158/31 6973/1157/31
f 6975/1107/1424 6974/1202/1424 6939/1203/1410 6927/1108/1411
f 6884/1136/1425 6976/1155/1425 6925/1156/1399 6852/1135/1400
f 6882/1136/159 6971/1151/159 6922/1152/159 6836/1135/159
f 6956/1159/159 6954/1162/159 6958/1161/159 6960/1160/159
f 6957/1163/159 6961/1166/159 6959/1165/159 6955/1164/159
f 6957/1163/159 6956/1159/159 6960/1160/159 6961/1166/159
f 6959/1165/159 6958/1161/159 6954/1162/159 6955/1164/159
f 6964/1159/151 6968/1160/151 6966/1161/151 6962/1162/151
f 6965/1163/151 6963/1164/151 6967/1165/151 6969/1166/151
f 6965/1163/151 6969/1166/151 6968/1160/151 6964/1159/151
f 6967/1165/151 6963/1164/151 6962/1162/151 6966/1161/151
f 6897/1167/1426 6858/1139/1420 6949/1144/1420 6989/1168/1427
f 6951/1149/1422 6948/1302/1422 6997/1215/1428 6996/1177/1428
f 6988/1169/160 6998/1170/160 6979/1137/160 6976/1155/160
f 6982/1171/151 6894/1172/151 6884/1136/151 6970/1151/151
f 6984/1173/159 6995/1174/159 6975/1107/159 6973/1110/159
f 6973/1110/160 6937/1109/160 6933/1109/160 6972/1110/160
f 6837/1140/159 6921/1145/159 6945/1146/159 6859/1139/159
f 6942/1150/151 6934/1147/151 6946/1148/151 6950/1149/151
f 6894/1172/1429 6988/1169/1429 6976/1155/1425 6884/1136/1425
f 6995/1174/1430 6994/1204/1430 6974/1202/1424 6975/1107/1424
f 6980/1171/159 6984/1173/159 6973/1110/159 6971/1151/159
f 6990/1174/151 6985/1173/151 6972/1110/151 6978/1107/151
f 6899/1172/159 6980/1171/159 6971/1151/159 6882/1136/159
f 6985/1173/151 6982/1171/151 6970/1151/151 6972/1110/151
f 6983/1175/159 6900/1167/159 6859/1139/159 6945/1146/159
f 6987/1176/151 6993/1177/151 6950/1149/151 6946/1148/151
f 6894/1172/1431 7014/1172/1434 7022/1169/1433 6988/1169/1432
f 6897/1178/31 6900/1178/31 6983/1179/31 6981/1179/31
f 6989/1168/160 6949/1144/160 6953/1142/160 6999/1180/160
f 6944/1146/151 6858/1139/151 6897/1167/151 6981/1175/151
f 6945/1146/159 6947/1148/159 6986/1176/159 6983/1175/159
f 6946/1148/151 6944/1146/151 6981/1175/151 6987/1176/151
f 6981/1179/31 6983/1179/31 6986/1181/31 6987/1181/31
f 6987/1181/31 6986/1181/31 6996/1183/31 6993/1183/31
f 6989/1184/1439 6999/1185/1439 6900/1178/1439 6897/1178/1439
f 6978/1107/1162 6977/1201/1162 6991/1182/1440 6990/1174/1440
f 6993/1177/1441 6992/1210/1441 6952/1303/1152 6950/1149/1152
f 6882/1136/1415 6979/1137/1416 6998/1170/1443 6899/1172/1442
f 6900/1167/1444 6999/1180/1445 6953/1142/1417 6859/1139/1417
f 6977/1201/132 6974/1202/132 6994/1204/132 6991/1182/132
f 6992/1210/132 6997/1215/132 6948/1302/132 6952/1303/132
f 6899/1172/159 7017/1172/159 7018/1171/159 6980/1171/159
f 6993/1183/1446 6996/1183/1446 6997/1227/1446 6992/1217/1446
f 6996/1177/159 6986/1176/159 6947/1148/159 6951/1149/159
f 6961/1186/31 6960/1187/31 6968/1187/31 6969/1186/31
f 6960/1188/160 6958/1189/160 6966/1189/160 6968/1188/160
f 6959/1190/132 6961/1191/132 6969/1191/132 6967/1190/132
f 6958/1192/67 6959/1195/67 6967/1194/67 6966/1193/67
f 7003/1196/159 7005/1197/159 7007/1198/159 7000/1199/159
f 7004/1196/151 7002/1197/151 7001/1198/151 7006/1199/151
f 7021/1218/67 7020/1218/67 7018/1219/67 7019/1219/67
f 7023/1220/67 7026/1220/67 7020/1218/67 7021/1218/67
f 7019/1219/67 7018/1219/67 7017/1221/67 7014/1221/67
f 7024/1224/1448 7025/1225/1448 7026/1220/1448 7023/1220/1448
f 7014/1221/1449 7017/1221/1449 7027/1223/1449 7022/1222/1449
f 6980/1171/159 7018/1171/159 7020/1173/159 6984/1173/159
f 6984/1173/159 7020/1173/159 7026/1174/159 6995/1174/159
f 6982/1171/151 7019/1171/151 7014/1172/151 6894/1172/151
f 6988/1169/1432 7022/1169/1433 7027/1170/1453 6998/1170/1452
f 6991/1182/1331 7024/1182/1334 7023/1174/1339 6990/1174/1339
f 6990/1174/151 7023/1174/151 7021/1173/151 6985/1173/151
f 6994/1204/1387 7025/1204/1388 7024/1182/1334 6991/1182/1331
f 6998/1170/1452 7027/1170/1453 7017/1172/1457 6899/1172/1456
l 4792 4878
l 4878 4853
l 4898 4984
l 4984 4959
l 6816 6823
l 6823 6827
l 7029 7036
l 7036 7040
l 7092 7099
l 7099 7103
